{"completion_time": 9794.287105736008, "mean_schedule_time": 8945.613332748997, "mean_flight_time": 8068.827037698681, "mean_swap_time": 280.0, "mean_idle_time": 596.7862950503168, "mean_delivery_time": 7003.848833737805, "mean_schedule_distance": 56481.78926389076, "mean_schedule_energy": 4.050364698982453, "mean_number_swaps": 4.666666666666667, "drone_utilization": 1.0, "execution_time": 140.5919029712677}