{"completion_time": 5371.557044966406, "mean_schedule_time": 4574.935557579841, "mean_flight_time": 4442.935557579843, "mean_swap_time": 132.0, "mean_idle_time": -1.8189894035458565e-12, "mean_delivery_time": 4184.636789196241, "mean_schedule_distance": 31100.548903058887, "mean_schedule_energy": 2.3662153911030717, "mean_number_swaps": 2.2, "drone_utilization": 1.0, "execution_time": 6.8970818519592285}