{"completion_time": 7379.662456107746, "mean_schedule_time": 6154.245683067262, "mean_flight_time": 5088.114034648918, "mean_swap_time": 172.5, "mean_idle_time": 893.6316484183435, "mean_delivery_time": 5567.997983933283, "mean_schedule_distance": 35616.79824254243, "mean_schedule_energy": 2.7673555316172207, "mean_number_swaps": 2.875, "drone_utilization": 1.0, "execution_time": 56.451298236846924}