{"completion_time": 8012.983576713982, "mean_schedule_time": 7720.065369281186, "mean_flight_time": 7289.298347044382, "mean_swap_time": 312.0, "mean_idle_time": 118.76702223680331, "mean_delivery_time": 5419.962319320259, "mean_schedule_distance": 51025.088429310716, "mean_schedule_energy": 4.301161736136844, "mean_number_swaps": 5.2, "drone_utilization": 1.0, "execution_time": 299.0870397090912}