{"completion_time": 2323.5797569046917, "mean_delivery_time": 1592.2985074464202, "total_distance": 103900.89552124943, "consumed_energy": 9.673976633451742, "execution_time": 2.3069956302642822}