{"completion_time": 9274.212672687643, "mean_schedule_time": 5108.5508580379, "mean_flight_time": 3694.7804517698514, "mean_swap_time": 124.0, "mean_idle_time": 1289.7704062680486, "mean_delivery_time": 5790.554875709919, "mean_schedule_distance": 25863.46316238895, "mean_schedule_energy": 2.1618089643738756, "mean_number_swaps": 2.066666666666667, "drone_utilization": 0.8666666666666667, "execution_time": 901.5449728965759}