{"completion_time": 21036.942834815545, "mean_schedule_time": 16692.361988890396, "mean_flight_time": 15996.361988890398, "mean_swap_time": 696.0, "mean_idle_time": -3.637978807091713e-12, "mean_delivery_time": 8449.122497660472, "mean_schedule_distance": 111974.53392223277, "mean_schedule_energy": 8.965424743910752, "mean_number_swaps": 11.6, "drone_utilization": 1.0, "execution_time": 10.681795597076416}