{"completion_time": 21259.508541154173, "mean_schedule_time": 21125.05984398051, "mean_flight_time": 20183.008673948443, "mean_swap_time": 915.0, "mean_idle_time": 27.051170032067603, "mean_delivery_time": 9543.699073280854, "mean_schedule_distance": 141281.0607176391, "mean_schedule_energy": 11.47019456405534, "mean_number_swaps": 15.25, "drone_utilization": 1.0, "execution_time": 553.8660697937012}