{"completion_time": 2376.2381008235143, "mean_delivery_time": 1687.9636517070508, "total_distance": 229369.1168125292, "consumed_energy": 17.71773003038468, "execution_time": 31.651013374328613}