{"completion_time": 8410.014103214671, "mean_schedule_time": 7753.5677888519185, "mean_flight_time": 7048.47319269177, "mean_swap_time": 312.0, "mean_idle_time": 393.0945961601483, "mean_delivery_time": 5840.582902518918, "mean_schedule_distance": 49339.31234884237, "mean_schedule_energy": 4.185335267302651, "mean_number_swaps": 5.2, "drone_utilization": 1.0, "execution_time": 17094.72256875038}