{"completion_time": 6727.86271896818, "mean_schedule_time": 6460.120145669694, "mean_flight_time": 6022.540633101629, "mean_swap_time": 252.0, "mean_idle_time": 185.57951256806427, "mean_delivery_time": 4801.5314480390125, "mean_schedule_distance": 42157.78443171139, "mean_schedule_energy": 3.6844165784665632, "mean_number_swaps": 4.2, "drone_utilization": 1.0, "execution_time": 948.4696688652039}