{"completion_time": 6205.636668847435, "mean_schedule_time": 630.6467278997328, "mean_flight_time": 613.8467278997327, "mean_swap_time": 16.8, "mean_idle_time": 1.1368683772161603e-13, "mean_delivery_time": 3941.54204937333, "mean_schedule_distance": 4296.927095298129, "mean_schedule_energy": 0.2966413348432369, "mean_number_swaps": 0.28, "drone_utilization": 0.16, "execution_time": 2.4424033164978027}