{"completion_time": 2530.7741314750256, "mean_delivery_time": 1830.89362252861, "total_distance": 507466.4852418151, "consumed_energy": 40.89392686044324, "execution_time": 626.7781436443329}