{"completion_time": 8048.471800410488, "mean_schedule_time": 3615.219868079131, "mean_flight_time": 3124.6570523628575, "mean_swap_time": 110.0, "mean_idle_time": 380.5628157162737, "mean_delivery_time": 3768.6984748469827, "mean_schedule_distance": 21872.599366540016, "mean_schedule_energy": 1.9110282849307367, "mean_number_swaps": 1.8333333333333333, "drone_utilization": 0.875, "total_number_parcel_handover": 9, "mean_number_parcel_handover": 0.36, "execution_time": 796.3224220275879}