{"completion_time": 9361.699931463789, "mean_schedule_time": 4269.277964422694, "mean_flight_time": 4105.277964422694, "mean_swap_time": 164.0, "mean_idle_time": 0.0, "mean_delivery_time": 3822.9480543657814, "mean_schedule_distance": 28736.945750958854, "mean_schedule_energy": 2.568111643972514, "mean_number_swaps": 2.7333333333333334, "drone_utilization": 1.0, "execution_time": 23.17127537727356}