{"completion_time": 7467.567910396114, "mean_schedule_time": 3505.533317271481, "mean_flight_time": 2619.897157413896, "mean_swap_time": 86.66666666666667, "mean_idle_time": 798.9694931909185, "mean_delivery_time": 3795.7229741572437, "mean_schedule_distance": 18339.28010189727, "mean_schedule_energy": 1.576808363826037, "mean_number_swaps": 1.4444444444444444, "drone_utilization": 0.8888888888888888, "execution_time": 115.99206733703613}