{"completion_time": 3763.783955198057, "mean_delivery_time": 1975.820394551825, "total_distance": 335978.4124035235, "consumed_energy": 28.971383889159362, "execution_time": 84.28847455978394}