{"completion_time": 10915.19077613207, "mean_schedule_time": 6240.2364612053325, "mean_flight_time": 5990.2364612053325, "mean_swap_time": 250.0, "mean_idle_time": 0.0, "mean_delivery_time": 4603.899909095997, "mean_schedule_distance": 41931.655228437325, "mean_schedule_energy": 3.585285077962826, "mean_number_swaps": 4.166666666666667, "drone_utilization": 1.0, "total_number_parcel_handover": 0, "mean_number_parcel_handover": 0.0, "execution_time": 3.0085341930389404}