{"completion_time": 7163.899535234791, "mean_schedule_time": 4011.508829748342, "mean_flight_time": 2809.9564425923545, "mean_swap_time": 96.0, "mean_idle_time": 1105.5523871559876, "mean_delivery_time": 4963.329416700357, "mean_schedule_distance": 19669.695098146487, "mean_schedule_energy": 1.7594798949698869, "mean_number_swaps": 1.6, "drone_utilization": 0.8, "execution_time": 86.17436838150024}