{"completion_time": 3187.641859048519, "mean_delivery_time": 1921.3394936669424, "total_distance": 284115.3810025324, "consumed_energy": 24.05017595405936, "execution_time": 103.85910511016846}