{"completion_time": 14883.015571096405, "mean_schedule_time": 11941.57564858577, "mean_flight_time": 11461.575648585767, "mean_swap_time": 480.0, "mean_idle_time": 1.8189894035458565e-12, "mean_delivery_time": 7234.168476240925, "mean_schedule_distance": 80231.02954010038, "mean_schedule_energy": 6.602232442989186, "mean_number_swaps": 8.0, "drone_utilization": 1.0, "execution_time": 3.8053536415100098}