{"completion_time": 5429.705232424876, "mean_schedule_time": 3030.3811487564412, "mean_flight_time": 2614.8070848784782, "mean_swap_time": 92.0, "mean_idle_time": 323.574063877963, "mean_delivery_time": 3409.8768512077822, "mean_schedule_distance": 18303.649594149345, "mean_schedule_energy": 1.6286389051540657, "mean_number_swaps": 1.5333333333333334, "drone_utilization": 0.8333333333333334, "execution_time": 1728.4512236118317}