{"completion_time": 4494.313945861296, "mean_delivery_time": 2731.1696413779346, "total_distance": 277533.92338410247, "consumed_energy": 23.112756077316725, "execution_time": 140.14602327346802}