{"completion_time": 6528.800824873904, "mean_schedule_time": 5749.582059921821, "mean_flight_time": 5529.582059921821, "mean_swap_time": 220.0, "mean_idle_time": 0.0, "mean_delivery_time": 4425.193880581433, "mean_schedule_distance": 38707.074419452736, "mean_schedule_energy": 3.2578246471222876, "mean_number_swaps": 3.6666666666666665, "drone_utilization": 1.0, "execution_time": 602.1189177036285}