{"completion_time": 3331.14354906046, "mean_schedule_time": 1427.8197606056526, "mean_flight_time": 1322.9470031693781, "mean_swap_time": 30.0, "mean_idle_time": 74.87275743627447, "mean_delivery_time": 2503.263053027479, "mean_schedule_distance": 9260.629022185647, "mean_schedule_energy": 0.7399970724297503, "mean_number_swaps": 0.5, "drone_utilization": 0.5909090909090909, "execution_time": 59.63472867012024}