{"completion_time": 4522.725421790004, "mean_schedule_time": 3552.35909760118, "mean_flight_time": 3344.8253948849624, "mean_swap_time": 102.0, "mean_idle_time": 105.5337027162177, "mean_delivery_time": 3019.0556598178187, "mean_schedule_distance": 23413.777764194736, "mean_schedule_energy": 1.897220821959079, "mean_number_swaps": 1.7, "drone_utilization": 1.0, "execution_time": 39.413710594177246}