{"completion_time": 6355.28036889299, "mean_delivery_time": 3486.7720524323854, "total_distance": 378352.1211138287, "consumed_energy": 30.246503084164168, "execution_time": 131.2871298789978}