{"completion_time": 12170.56073778598, "mean_schedule_time": 11721.825356006708, "mean_flight_time": 10810.060603252246, "mean_swap_time": 444.0, "mean_idle_time": 467.76475275446137, "mean_delivery_time": 6729.258390579057, "mean_schedule_distance": 75670.42422276574, "mean_schedule_energy": 6.049300616832833, "mean_number_swaps": 7.4, "drone_utilization": 1.0, "execution_time": 151.03588128089905}