{"completion_time": 6254.150127131734, "mean_schedule_time": 1753.076989977451, "mean_flight_time": 1495.9718346410077, "mean_swap_time": 49.285714285714285, "mean_idle_time": 207.81944105072898, "mean_delivery_time": 3687.1116613744416, "mean_schedule_distance": 10471.802842487055, "mean_schedule_energy": 0.9097631336118466, "mean_number_swaps": 0.8214285714285714, "drone_utilization": 0.4642857142857143, "execution_time": 967.0795624256134}