{"completion_time": 2835.6300136664768, "mean_delivery_time": 1456.833945425151, "total_distance": 230468.1028314254, "consumed_energy": 20.552472244941956, "execution_time": 11.175194501876831}