{"completion_time": 8970.297654463864, "mean_delivery_time": 3235.8373728829165, "total_distance": 753007.6466722873, "consumed_energy": 65.10453681407843, "execution_time": 33.345529317855835}