{"completion_time": 17220.595308927725, "mean_schedule_time": 11243.252095318396, "mean_flight_time": 10757.252095318398, "mean_swap_time": 486.0, "mean_idle_time": -1.8189894035458565e-12, "mean_delivery_time": 6229.674745765833, "mean_schedule_distance": 75300.76466722872, "mean_schedule_energy": 6.510453681407843, "mean_number_swaps": 8.1, "drone_utilization": 1.0, "execution_time": 39.81468677520752}