{"completion_time": 5288.6487109594, "mean_schedule_time": 3616.3912622306484, "mean_flight_time": 3060.3977385721705, "mean_swap_time": 110.4, "mean_idle_time": 445.5935236584778, "mean_delivery_time": 3767.0742314902586, "mean_schedule_distance": 21422.7841700052, "mean_schedule_energy": 1.8650056502528356, "mean_number_swaps": 1.84, "drone_utilization": 0.96, "execution_time": 400.1615414619446}