{"completion_time": 2612.0139373268976, "mean_delivery_time": 1654.286091511107, "total_distance": 128880.03168693301, "consumed_energy": 10.921657304375964, "execution_time": 1.7538559436798096}