{"completion_time": 7914.334866492661, "mean_schedule_time": 5523.554866004153, "mean_flight_time": 5044.522685949317, "mean_swap_time": 190.0, "mean_idle_time": 289.0321800548363, "mean_delivery_time": 4761.643528224869, "mean_schedule_distance": 35311.65880164521, "mean_schedule_energy": 2.909210728952743, "mean_number_swaps": 3.1666666666666665, "drone_utilization": 1.0, "execution_time": 4560.772096395493}