{"completion_time": 5234.41113672519, "mean_schedule_time": 3272.907168220315, "mean_flight_time": 2885.0935790709923, "mean_swap_time": 96.92307692307692, "mean_idle_time": 290.8905122262454, "mean_delivery_time": 3536.9257937521857, "mean_schedule_distance": 20195.65505349695, "mean_schedule_energy": 1.7108207627502559, "mean_number_swaps": 1.6153846153846154, "drone_utilization": 0.8846153846153846, "execution_time": 2037.2411937713623}