{"completion_time": 6688.7196461340345, "mean_schedule_time": 1458.41015112853, "mean_flight_time": 1408.01015112853, "mean_swap_time": 50.4, "mean_idle_time": 0.0, "mean_delivery_time": 3646.025377821325, "mean_schedule_distance": 9856.071057899708, "mean_schedule_energy": 0.9173548304348131, "mean_number_swaps": 0.84, "drone_utilization": 0.4, "execution_time": 9.688861608505249}