{"completion_time": 9981.745247316696, "mean_schedule_time": 9538.003645537858, "mean_flight_time": 9138.00364553786, "mean_swap_time": 400.0, "mean_idle_time": -1.8189894035458565e-12, "mean_delivery_time": 6129.233402345625, "mean_schedule_distance": 63966.025518765, "mean_schedule_energy": 5.26132596442226, "mean_number_swaps": 6.666666666666667, "drone_utilization": 1.0, "total_number_parcel_handover": 1, "mean_number_parcel_handover": 0.06666666666666667, "execution_time": 95.4089605808258}