{"completion_time": 8509.420516675696, "mean_schedule_time": 7919.635706565178, "mean_flight_time": 7143.783075624346, "mean_swap_time": 280.0, "mean_idle_time": 495.85263094083257, "mean_delivery_time": 5993.5482194199485, "mean_schedule_distance": 50006.48152937041, "mean_schedule_energy": 4.087211600521315, "mean_number_swaps": 4.666666666666667, "drone_utilization": 1.0, "execution_time": 6145.850667953491}