{"completion_time": 4017.772101927407, "mean_delivery_time": 2961.0699570689044, "total_distance": 586923.1409136042, "consumed_energy": 48.05962506854692, "execution_time": 2754.646785259247}