{"completion_time": 4299.739441063695, "mean_schedule_time": 1943.5960340152105, "mean_flight_time": 1687.6795980439783, "mean_swap_time": 50.4, "mean_idle_time": 205.5164359712321, "mean_delivery_time": 3254.589733997007, "mean_schedule_distance": 11813.757186307848, "mean_schedule_energy": 1.0560105388526182, "mean_number_swaps": 0.84, "drone_utilization": 0.68, "execution_time": 1045.4880318641663}