{"completion_time": 3219.6031216542187, "mean_delivery_time": 2401.2782184332104, "total_distance": 666404.3879900383, "consumed_energy": 54.9480983455097, "execution_time": 2112.214506626129}