{"completion_time": 12587.870701288877, "mean_schedule_time": 9399.113833443456, "mean_flight_time": 8515.220463925903, "mean_swap_time": 352.0, "mean_idle_time": 531.8933695175529, "mean_delivery_time": 6283.583239283611, "mean_schedule_distance": 59606.54324748128, "mean_schedule_energy": 4.8933078029105594, "mean_number_swaps": 5.866666666666666, "drone_utilization": 1.0, "execution_time": 982.1367335319519}