{"completion_time": 5242.266564016443, "mean_schedule_time": 1902.5442614518786, "mean_flight_time": 1605.4855837178222, "mean_swap_time": 40.0, "mean_idle_time": 257.05867773405635, "mean_delivery_time": 3717.88354868855, "mean_schedule_distance": 11238.399086024758, "mean_schedule_energy": 0.8555188689945039, "mean_number_swaps": 0.6666666666666666, "drone_utilization": 0.5833333333333334, "total_number_parcel_handover": 4, "mean_number_parcel_handover": 0.8, "execution_time": 21.459943056106567}