{"completion_time": 4116.177080320609, "mean_schedule_time": 718.1896563706923, "mean_flight_time": 639.9103422069682, "mean_swap_time": 13.333333333333334, "mean_idle_time": 64.9459808303908, "mean_delivery_time": 2120.6648728867012, "mean_schedule_distance": 4479.372395448777, "mean_schedule_energy": 0.3497209759427041, "mean_number_swaps": 0.2222222222222222, "drone_utilization": 0.3333333333333333, "total_number_parcel_handover": 1, "mean_number_parcel_handover": 0.2, "execution_time": 8.269145965576172}