{"completion_time": 15082.388223769549, "mean_schedule_time": 14598.184846344351, "mean_flight_time": 13966.416061818789, "mean_swap_time": 600.0, "mean_idle_time": 31.768784525562296, "mean_delivery_time": 8973.008211585331, "mean_schedule_distance": 97764.91243273155, "mean_schedule_energy": 7.883723587595372, "mean_number_swaps": 10.0, "drone_utilization": 1.0, "execution_time": 76.90449213981628}