{"completion_time": 5131.772153251459, "mean_schedule_time": 1100.3159242562017, "mean_flight_time": 943.8922584228601, "mean_swap_time": 17.142857142857142, "mean_idle_time": 139.2808086904845, "mean_delivery_time": 2122.87816908665, "mean_schedule_distance": 6607.24580896002, "mean_schedule_energy": 0.5032639365031726, "mean_number_swaps": 0.2857142857142857, "drone_utilization": 0.5, "execution_time": 22.293391466140747}