{"completion_time": 5106.236162015911, "mean_delivery_time": 2177.40033071487, "total_distance": 371220.3378948627, "consumed_energy": 32.11166314757672, "execution_time": 10.20273208618164}