{"completion_time": 4357.6457307103665, "mean_schedule_time": 2516.783135080061, "mean_flight_time": 2250.366946506292, "mean_swap_time": 56.666666666666664, "mean_idle_time": 209.74952190710246, "mean_delivery_time": 2834.514292512504, "mean_schedule_distance": 15752.56862554404, "mean_schedule_energy": 1.3019582570246306, "mean_number_swaps": 0.9444444444444444, "drone_utilization": 0.8333333333333334, "total_number_parcel_handover": 5, "mean_number_parcel_handover": 0.3333333333333333, "execution_time": 49.48119235038757}