{"completion_time": 7018.528871018871, "mean_schedule_time": 4841.629001789779, "mean_flight_time": 3181.252136271578, "mean_swap_time": 110.0, "mean_idle_time": 1550.3768655182012, "mean_delivery_time": 5169.76642758272, "mean_schedule_distance": 22268.76495390105, "mean_schedule_energy": 1.8797030582582603, "mean_number_swaps": 1.8333333333333333, "drone_utilization": 0.75, "execution_time": 620.3037343025208}