{"completion_time": 2020.5736709264447, "mean_delivery_time": 1487.5240366372082, "total_distance": 94034.81764175245, "consumed_energy": 7.657612333526635, "execution_time": 7.3460142612457275}