{"completion_time": 5029.856563801966, "mean_schedule_time": 1568.0056879006847, "mean_flight_time": 1255.7346946425478, "mean_swap_time": 30.0, "mean_idle_time": 282.27099325813697, "mean_delivery_time": 3480.222420218947, "mean_schedule_distance": 8790.142862497833, "mean_schedule_energy": 0.6823683183837839, "mean_number_swaps": 0.5, "drone_utilization": 0.5, "execution_time": 2.4933438301086426}