{"completion_time": 3395.1375094720884, "mean_schedule_time": 364.71226358065553, "mean_flight_time": 357.7891866575786, "mean_swap_time": 6.923076923076923, "mean_idle_time": 0.0, "mean_delivery_time": 1896.503770619409, "mean_schedule_distance": 2504.5243066030507, "mean_schedule_energy": 0.22039568295031925, "mean_number_swaps": 0.11538461538461539, "drone_utilization": 0.19230769230769232, "total_number_parcel_handover": 0, "mean_number_parcel_handover": 0.0, "execution_time": 3.3567955493927}