{"completion_time": 6351.823140359873, "mean_schedule_time": 3657.3226902156625, "mean_flight_time": 3190.772230070055, "mean_swap_time": 112.8, "mean_idle_time": 353.7504601456076, "mean_delivery_time": 3752.3841768853213, "mean_schedule_distance": 22335.405610490387, "mean_schedule_energy": 1.8463836318981106, "mean_number_swaps": 1.88, "drone_utilization": 0.84, "execution_time": 696.3813457489014}