{"completion_time": 2500.424193322201, "mean_delivery_time": 1676.3374071793592, "total_distance": 353440.1055535506, "consumed_energy": 31.141080414994008, "execution_time": 156.80742144584656}