{"completion_time": 4940.848386644402, "mean_schedule_time": 1849.070976245818, "mean_flight_time": 1628.0688534294293, "mean_swap_time": 54.0, "mean_idle_time": 167.0021228163887, "mean_delivery_time": 3268.674814358718, "mean_schedule_distance": 11396.481974006003, "mean_schedule_energy": 1.0149447211663924, "mean_number_swaps": 0.9, "drone_utilization": 0.5666666666666667, "execution_time": 183.0217001438141}