{"completion_time": 8720.278318155208, "mean_schedule_time": 4987.797006928441, "mean_flight_time": 3804.6713946981736, "mean_swap_time": 150.0, "mean_idle_time": 1033.1256122302675, "mean_delivery_time": 5404.324880658884, "mean_schedule_distance": 26632.699762887212, "mean_schedule_energy": 2.318586134125403, "mean_number_swaps": 2.5, "drone_utilization": 0.9, "execution_time": 138.72380781173706}