{"completion_time": 2021.3508938260106, "mean_delivery_time": 1363.7500086228492, "total_distance": 73010.00048287955, "consumed_energy": 6.015661569821677, "execution_time": 0.010092020034790039}