{"completion_time": 5371.772153251459, "mean_schedule_time": 1349.8300941732234, "mean_flight_time": 1313.401522744652, "mean_swap_time": 36.42857142857143, "mean_idle_time": 0.0, "mean_delivery_time": 2519.682842456684, "mean_schedule_distance": 9193.810659212564, "mean_schedule_energy": 0.7662928526091713, "mean_number_swaps": 0.6071428571428571, "drone_utilization": 0.5357142857142857, "execution_time": 27.267284393310547}