{"completion_time": 11742.330965574516, "mean_schedule_time": 11376.257820516365, "mean_flight_time": 10646.12876948313, "mean_swap_time": 442.5, "mean_idle_time": 287.62905103323465, "mean_delivery_time": 6819.5609078268, "mean_schedule_distance": 74522.90138638187, "mean_schedule_energy": 6.052050305077339, "mean_number_swaps": 7.375, "drone_utilization": 1.0, "total_number_parcel_handover": 7, "mean_number_parcel_handover": 0.28, "execution_time": 306.82116293907166}