{"completion_time": 10242.509758232683, "mean_schedule_time": 5828.250022134935, "mean_flight_time": 5596.250022134936, "mean_swap_time": 232.0, "mean_idle_time": -1.8189894035458565e-12, "mean_delivery_time": 3943.847670813331, "mean_schedule_distance": 39173.75015494453, "mean_schedule_energy": 3.421561452946112, "mean_number_swaps": 3.8666666666666667, "drone_utilization": 1.0, "execution_time": 37.097413539886475}