{"completion_time": 4205.964284491978, "mean_schedule_time": 2178.9360213467376, "mean_flight_time": 2034.4715931100416, "mean_swap_time": 48.0, "mean_idle_time": 96.46442823669577, "mean_delivery_time": 3350.97431588623, "mean_schedule_distance": 14241.301151770294, "mean_schedule_energy": 1.1415970063396605, "mean_number_swaps": 0.8, "drone_utilization": 0.7333333333333333, "execution_time": 56.844398975372314}