{"completion_time": 6134.380997455487, "mean_schedule_time": 5178.487678392494, "mean_flight_time": 4734.46749913934, "mean_swap_time": 171.0, "mean_idle_time": 273.0201792531534, "mean_delivery_time": 4367.529001180423, "mean_schedule_distance": 33141.2724939754, "mean_schedule_energy": 2.7025353257114944, "mean_number_swaps": 2.85, "drone_utilization": 1.0, "execution_time": 13503.949687480927}