{"completion_time": 3093.8507799058816, "mean_delivery_time": 2285.9439034580805, "total_distance": 675293.3875948011, "consumed_energy": 54.79878277714748, "execution_time": 8054.356718301773}