{"completion_time": 12878.707441753357, "mean_schedule_time": 12200.899229329723, "mean_flight_time": 11720.899229329723, "mean_swap_time": 480.0, "mean_idle_time": 0.0, "mean_delivery_time": 7738.399800294638, "mean_schedule_distance": 82046.29460530807, "mean_schedule_energy": 6.352106019949906, "mean_number_swaps": 8.0, "drone_utilization": 1.0, "execution_time": 567.7529628276825}