{"completion_time": 5981.244315760619, "mean_schedule_time": 1419.7303034287568, "mean_flight_time": 1381.7303034287568, "mean_swap_time": 38.0, "mean_idle_time": 0.0, "mean_delivery_time": 2839.4606068575135, "mean_schedule_distance": 9672.112124001293, "mean_schedule_energy": 0.8577994175544348, "mean_number_swaps": 0.6333333333333333, "drone_utilization": 0.5, "total_number_parcel_handover": 0, "mean_number_parcel_handover": 0.0, "execution_time": 28.075939178466797}