{"completion_time": 6163.651932402115, "mean_schedule_time": 1784.661021155205, "mean_flight_time": 1727.9943544885386, "mean_swap_time": 56.666666666666664, "mean_idle_time": -4.547473508864641e-13, "mean_delivery_time": 3212.389838079369, "mean_schedule_distance": 12095.96048141977, "mean_schedule_energy": 1.0921219521975556, "mean_number_swaps": 0.9444444444444444, "drone_utilization": 0.5555555555555556, "total_number_parcel_handover": 0, "mean_number_parcel_handover": 0.0, "execution_time": 9.73103928565979}