{"completion_time": 3231.8259662010573, "mean_delivery_time": 1657.1949190396845, "total_distance": 217727.28866555585, "consumed_energy": 19.658195139556, "execution_time": 8.588132381439209}