{"completion_time": 973.2194567790144, "execution_time": 4.649322986602783}