{"completion_time": 1500.733608716083, "mean_delivery_time": 1242.8617575932835, "total_distance": 40532.70572551866, "consumed_energy": 3.820847717512338, "execution_time": 0.012669086456298828}