{"completion_time": 14687.34446917537, "mean_schedule_time": 12052.02769843999, "mean_flight_time": 11584.027698439992, "mean_swap_time": 468.0, "mean_idle_time": -1.8189894035458565e-12, "mean_delivery_time": 7455.224967662122, "mean_schedule_distance": 81088.19388907994, "mean_schedule_energy": 6.455614680684074, "mean_number_swaps": 7.8, "drone_utilization": 1.0, "execution_time": 4.4635114669799805}