{"completion_time": 10525.003079675125, "mean_schedule_time": 9904.807215122048, "mean_flight_time": 9382.298647284382, "mean_swap_time": 390.0, "mean_idle_time": 132.5085678376654, "mean_delivery_time": 6814.588229793136, "mean_schedule_distance": 65676.09053099061, "mean_schedule_energy": 5.381895392756923, "mean_number_swaps": 6.5, "drone_utilization": 1.0, "execution_time": 1147.9570212364197}