{"completion_time": 8944.64969801745, "mean_schedule_time": 8217.870585628521, "mean_flight_time": 6861.009731984447, "mean_swap_time": 288.0, "mean_idle_time": 1068.8608536440743, "mean_delivery_time": 6880.25064158397, "mean_schedule_distance": 48027.068123891135, "mean_schedule_energy": 4.083577150680013, "mean_number_swaps": 4.8, "drone_utilization": 1.0, "execution_time": 115.52803754806519}