{"completion_time": 5715.235259517608, "mean_schedule_time": 1062.2885997290678, "mean_flight_time": 1030.2885997290675, "mean_swap_time": 32.0, "mean_idle_time": 2.2737367544323206e-13, "mean_delivery_time": 3271.3623743384123, "mean_schedule_distance": 7212.020198103473, "mean_schedule_energy": 0.5814690265193133, "mean_number_swaps": 0.5333333333333333, "drone_utilization": 0.3, "total_number_parcel_handover": 0, "mean_number_parcel_handover": 0.0, "execution_time": 10.165106773376465}