{"completion_time": 17421.11142750239, "mean_schedule_time": 15184.494104734378, "mean_flight_time": 14494.494104734378, "mean_swap_time": 690.0, "mean_idle_time": 0.0, "mean_delivery_time": 9061.037025332007, "mean_schedule_distance": 101461.45873314065, "mean_schedule_energy": 9.196754453515755, "mean_number_swaps": 11.5, "drone_utilization": 1.0, "total_number_parcel_handover": 0, "mean_number_parcel_handover": 0.0, "execution_time": 0.2847602367401123}