{"completion_time": 12563.847977034515, "mean_schedule_time": 9539.840211088269, "mean_flight_time": 9143.84021108827, "mean_swap_time": 396.0, "mean_idle_time": -1.8189894035458565e-12, "mean_delivery_time": 5865.237464553881, "mean_schedule_distance": 64006.88147761788, "mean_schedule_energy": 5.280024835124185, "mean_number_swaps": 6.6, "drone_utilization": 1.0, "execution_time": 32.74841570854187}