{"completion_time": 6521.923988517257, "mean_delivery_time": 3045.418732276941, "total_distance": 640068.8147761788, "consumed_energy": 52.80024835124185, "execution_time": 26.603622674942017}