{"completion_time": 18601.911874125235, "mean_schedule_time": 18327.471211708642, "mean_flight_time": 17557.47121170865, "mean_swap_time": 770.0, "mean_idle_time": -7.275957614183426e-12, "mean_delivery_time": 9729.844757666538, "mean_schedule_distance": 122902.2984819605, "mean_schedule_energy": 9.975709598748296, "mean_number_swaps": 12.833333333333334, "drone_utilization": 1.0, "execution_time": 340.77509450912476}