{"completion_time": 8379.049085411994, "mean_delivery_time": 3748.282762823028, "total_distance": 441889.2110864872, "consumed_energy": 35.41033409669304, "execution_time": 6.75604772567749}