{"completion_time": 9065.64420662852, "mean_schedule_time": 3813.03660340519, "mean_flight_time": 3111.875748740236, "mean_swap_time": 107.14285714285714, "mean_idle_time": 594.0179975220967, "mean_delivery_time": 4612.494513778527, "mean_schedule_distance": 21783.130241181643, "mean_schedule_energy": 1.8656063242088599, "mean_number_swaps": 1.7857142857142858, "drone_utilization": 0.7857142857142857, "execution_time": 4510.277159452438}