{"completion_time": 3131.193628357591, "mean_delivery_time": 1524.6935854107692, "total_distance": 281199.94274051074, "consumed_energy": 24.897995372624074, "execution_time": 14.547569751739502}