{"completion_time": 6082.387256715182, "mean_schedule_time": 2071.571019575077, "mean_flight_time": 2008.5710195750767, "mean_swap_time": 63.0, "mean_idle_time": 4.547473508864641e-13, "mean_delivery_time": 2959.3871708215383, "mean_schedule_distance": 14059.997137025537, "mean_schedule_energy": 1.2448997686312038, "mean_number_swaps": 1.05, "drone_utilization": 0.7, "execution_time": 16.4994535446167}