{"completion_time": 3823.783955198057, "mean_delivery_time": 2415.072073248487, "total_distance": 523442.60385022784, "consumed_energy": 44.08451295264502, "execution_time": 899.6791579723358}