{"completion_time": 6752.038770626605, "mean_schedule_time": 2069.057572874309, "mean_flight_time": 2001.0575728743092, "mean_swap_time": 68.0, "mean_idle_time": -4.547473508864641e-13, "mean_delivery_time": 3103.5863593114636, "mean_schedule_distance": 14007.403010120162, "mean_schedule_energy": 1.2818799762469513, "mean_number_swaps": 1.1333333333333333, "drone_utilization": 0.6666666666666666, "execution_time": 52.51532554626465}