{"completion_time": 6342.414463016365, "mean_schedule_time": 885.7507664003058, "mean_flight_time": 846.5199971695364, "mean_swap_time": 39.23076923076923, "mean_idle_time": 1.1368683772161603e-13, "mean_delivery_time": 4605.9039852815895, "mean_schedule_distance": 5925.6399801867565, "mean_schedule_energy": 0.5770192535085616, "mean_number_swaps": 0.6538461538461539, "drone_utilization": 0.19230769230769232, "total_number_parcel_handover": 0, "mean_number_parcel_handover": 0.0, "execution_time": 2.7834794521331787}