{"completion_time": 3942.2088392035466, "mean_schedule_time": 1307.180171647646, "mean_flight_time": 1185.5122687008247, "mean_swap_time": 30.0, "mean_idle_time": 91.66790294682119, "mean_delivery_time": 2816.5501243286344, "mean_schedule_distance": 8298.585880905774, "mean_schedule_energy": 0.6757341777129231, "mean_number_swaps": 0.5, "drone_utilization": 0.46153846153846156, "total_number_parcel_handover": 2, "mean_number_parcel_handover": 0.2, "execution_time": 278.9880952835083}