{"completion_time": 30455.879668050246, "mean_schedule_time": 30352.450737150517, "mean_flight_time": 29062.450737150524, "mean_swap_time": 1290.0, "mean_idle_time": -7.275957614183426e-12, "mean_delivery_time": 13658.224382756867, "mean_schedule_distance": 203437.1551600536, "mean_schedule_energy": 16.46577539480102, "mean_number_swaps": 21.5, "drone_utilization": 1.0, "execution_time": 155.21753525733948}