{"completion_time": 15887.939834025123, "mean_delivery_time": 7101.112191378434, "total_distance": 406874.3103201072, "consumed_energy": 32.93155078960204, "execution_time": 146.00722551345825}