{"completion_time": 3135.920655965822, "mean_delivery_time": 1935.7836643836276, "total_distance": 480640.20034870115, "consumed_energy": 40.857082033670004, "execution_time": 804.242249250412}