{"completion_time": 5862.794444925071, "mean_schedule_time": 925.2456662268772, "mean_flight_time": 547.8857738953793, "mean_swap_time": 12.857142857142858, "mean_idle_time": 364.502749474355, "mean_delivery_time": 3873.58421807602, "mean_schedule_distance": 3835.2004172676557, "mean_schedule_energy": 0.34954410921903595, "mean_number_swaps": 0.21428571428571427, "drone_utilization": 0.25, "execution_time": 48.280495166778564}