{"completion_time": 7426.038385937828, "mean_delivery_time": 3971.2461769873876, "total_distance": 464777.5250478932, "consumed_energy": 39.41828442356739, "execution_time": 124.18873739242554}