{"completion_time": 10126.71435790773, "mean_schedule_time": 9779.300925053501, "mean_flight_time": 8992.96143972142, "mean_swap_time": 360.0, "mean_idle_time": 426.3394853320806, "mean_delivery_time": 5726.277076949366, "mean_schedule_distance": 62950.73007804995, "mean_schedule_energy": 5.160577599788259, "mean_number_swaps": 6.0, "drone_utilization": 1.0, "execution_time": 1935.585943222046}