{"completion_time": 5588.418565200442, "mean_schedule_time": 2531.5730314264247, "mean_flight_time": 2452.3730314264244, "mean_swap_time": 79.2, "mean_idle_time": 4.547473508864641e-13, "mean_delivery_time": 2876.7875357118464, "mean_schedule_distance": 17166.611219984967, "mean_schedule_energy": 1.4607296176110929, "mean_number_swaps": 1.32, "drone_utilization": 0.88, "execution_time": 30.605594635009766}