{"completion_time": 2102.1077752905417, "execution_time": 0.12547683715820312}