{"completion_time": 10348.03343649978, "mean_schedule_time": 6127.3599537298205, "mean_flight_time": 5877.359953729819, "mean_swap_time": 250.0, "mean_idle_time": 1.8189894035458565e-12, "mean_delivery_time": 4508.2683142685255, "mean_schedule_distance": 41141.51967610875, "mean_schedule_energy": 3.5781405647649063, "mean_number_swaps": 4.166666666666667, "drone_utilization": 1.0, "execution_time": 3.343432903289795}