{"completion_time": 10217.91833747798, "mean_schedule_time": 3830.452530155685, "mean_flight_time": 3698.9140686172227, "mean_swap_time": 131.53846153846155, "mean_idle_time": 9.094947017729282e-13, "mean_delivery_time": 4069.1793589711388, "mean_schedule_distance": 25892.398480320546, "mean_schedule_energy": 2.1839420286134947, "mean_number_swaps": 2.1923076923076925, "drone_utilization": 0.9230769230769231, "total_number_parcel_handover": 0, "mean_number_parcel_handover": 0.0, "execution_time": 62.0210337638855}