{"completion_time": 5775.512918406021, "mean_schedule_time": 4505.40320266604, "mean_flight_time": 4205.6034546699775, "mean_swap_time": 156.0, "mean_idle_time": 143.79974799606225, "mean_delivery_time": 3741.281673784963, "mean_schedule_distance": 29439.224182689835, "mean_schedule_energy": 2.5198386003763433, "mean_number_swaps": 2.6, "drone_utilization": 1.0, "execution_time": 969.8028602600098}