{"completion_time": 5764.1482365251195, "mean_schedule_time": 3921.7908215289353, "mean_flight_time": 3544.4487251742657, "mean_swap_time": 116.66666666666667, "mean_idle_time": 260.6754296880031, "mean_delivery_time": 3521.1200169330973, "mean_schedule_distance": 24811.14107621986, "mean_schedule_energy": 2.0783991180538823, "mean_number_swaps": 1.9444444444444444, "drone_utilization": 1.0, "total_number_parcel_handover": 6, "mean_number_parcel_handover": 0.3, "execution_time": 1056.4311966896057}