{"completion_time": 21963.468218622078, "mean_schedule_time": 21722.357920048475, "mean_flight_time": 20452.90635660507, "mean_swap_time": 900.0, "mean_idle_time": 369.45156344340285, "mean_delivery_time": 9869.619445331444, "mean_schedule_distance": 143170.34449623546, "mean_schedule_energy": 11.705303945792346, "mean_number_swaps": 15.0, "drone_utilization": 1.0, "execution_time": 1655.0217471122742}