{"completion_time": 3629.9560311162923, "mean_delivery_time": 2593.2163255835985, "total_distance": 475308.11353661463, "consumed_energy": 41.290771053361155, "execution_time": 4632.271420478821}