{"completion_time": 7463.899535234791, "mean_schedule_time": 857.8101347635563, "mean_flight_time": 825.8101347635564, "mean_swap_time": 32.0, "mean_idle_time": -1.1368683772161603e-13, "mean_delivery_time": 3216.788005363336, "mean_schedule_distance": 5780.670943344895, "mean_schedule_energy": 0.578457539094667, "mean_number_swaps": 0.5333333333333333, "drone_utilization": 0.26666666666666666, "execution_time": 1.1005361080169678}