{"completion_time": 3570.9056735354134, "mean_schedule_time": 2105.186019922158, "mean_flight_time": 1639.889947754924, "mean_swap_time": 36.0, "mean_idle_time": 429.2960721672339, "mean_delivery_time": 2829.808831402059, "mean_schedule_distance": 11479.229634284466, "mean_schedule_energy": 0.9284946095866589, "mean_number_swaps": 0.6, "drone_utilization": 0.8, "execution_time": 0.9964644908905029}