{"completion_time": 2983.8126569136302, "mean_delivery_time": 1774.9738616320196, "total_distance": 499660.5545962845, "consumed_energy": 40.42594864831286, "execution_time": 122.48928546905518}