{"completion_time": 7702.193840879126, "mean_schedule_time": 2828.619643207658, "mean_flight_time": 2732.619643207658, "mean_swap_time": 96.0, "mean_idle_time": 0.0, "mean_delivery_time": 3535.7745540095725, "mean_schedule_distance": 19128.337502453607, "mean_schedule_energy": 1.7671972885980594, "mean_number_swaps": 1.6, "drone_utilization": 0.8, "execution_time": 2.830596446990967}