{"completion_time": 22045.103985215464, "mean_schedule_time": 21745.678003570054, "mean_flight_time": 20697.835834932954, "mean_swap_time": 975.0, "mean_idle_time": 72.84216863710026, "mean_delivery_time": 9989.950963302015, "mean_schedule_distance": 144884.85084453065, "mean_schedule_energy": 12.585797572714284, "mean_number_swaps": 16.25, "drone_utilization": 1.0, "execution_time": 1012.9195520877838}