{"completion_time": 4847.791338929941, "mean_schedule_time": 1739.8232480998404, "mean_flight_time": 1507.9187459053821, "mean_swap_time": 40.0, "mean_idle_time": 191.90450219445825, "mean_delivery_time": 3229.0823495150935, "mean_schedule_distance": 10555.431221337672, "mean_schedule_energy": 0.9116573522810694, "mean_number_swaps": 0.6666666666666666, "drone_utilization": 0.5666666666666667, "execution_time": 163.41125798225403}