{"completion_time": 17190.89188299324, "mean_schedule_time": 16881.54094962281, "mean_flight_time": 16171.540949622808, "mean_swap_time": 710.0, "mean_idle_time": 0.0, "mean_delivery_time": 9763.872392274292, "mean_schedule_distance": 113200.78664735972, "mean_schedule_energy": 8.834956280024887, "mean_number_swaps": 11.833333333333334, "drone_utilization": 1.0, "execution_time": 2275.7578852176666}