{"completion_time": 5152.608660385484, "mean_schedule_time": 2802.2806511835824, "mean_flight_time": 2303.828128721572, "mean_swap_time": 65.45454545454545, "mean_idle_time": 432.9979770074651, "mean_delivery_time": 3247.092345969433, "mean_schedule_distance": 16126.796901051002, "mean_schedule_energy": 1.3854104891315264, "mean_number_swaps": 1.0909090909090908, "drone_utilization": 0.8181818181818182, "total_number_parcel_handover": 11, "mean_number_parcel_handover": 0.7333333333333333, "execution_time": 694.5553493499756}