{"completion_time": 6491.742749641404, "mean_schedule_time": 4786.272073663058, "mean_flight_time": 4494.080192092247, "mean_swap_time": 163.33333333333334, "mean_idle_time": 128.85854823747832, "mean_delivery_time": 4255.674245463953, "mean_schedule_distance": 31458.561344645736, "mean_schedule_energy": 2.7175735337575784, "mean_number_swaps": 2.7222222222222223, "drone_utilization": 1.0, "total_number_parcel_handover": 5, "mean_number_parcel_handover": 0.2, "execution_time": 815.7637846469879}