{"completion_time": 4486.566732042604, "mean_schedule_time": 703.3539523109355, "mean_flight_time": 517.6180184682942, "mean_swap_time": 15.0, "mean_idle_time": 170.73593384264132, "mean_delivery_time": 2663.603724050123, "mean_schedule_distance": 3623.326129278059, "mean_schedule_energy": 0.34923698608170073, "mean_number_swaps": 0.25, "drone_utilization": 0.25, "total_number_parcel_handover": 5, "mean_number_parcel_handover": 1.0, "execution_time": 157.86900639533997}