{"completion_time": 6235.992181019329, "mean_schedule_time": 4173.324601979319, "mean_flight_time": 3829.4904859685344, "mean_swap_time": 144.0, "mean_idle_time": 199.83411601078433, "mean_delivery_time": 4055.9304443154138, "mean_schedule_distance": 26806.433401779726, "mean_schedule_energy": 2.291501536067388, "mean_number_swaps": 2.4, "drone_utilization": 0.92, "execution_time": 1805.8958661556244}