{"completion_time": 8596.218741217292, "mean_schedule_time": 3582.121506053051, "mean_flight_time": 3471.12150605305, "mean_swap_time": 111.0, "mean_idle_time": 9.094947017729282e-13, "mean_delivery_time": 4092.274507634059, "mean_schedule_distance": 24297.850542371354, "mean_schedule_energy": 2.069562651935444, "mean_number_swaps": 1.85, "drone_utilization": 0.85, "execution_time": 20.317077159881592}