{"completion_time": 12970.766331045952, "mean_schedule_time": 12791.874178601365, "mean_flight_time": 12234.670074543104, "mean_swap_time": 528.0, "mean_idle_time": 29.204104058260782, "mean_delivery_time": 7877.712481622296, "mean_schedule_distance": 85642.69052180173, "mean_schedule_energy": 6.889299429085511, "mean_number_swaps": 8.8, "drone_utilization": 1.0, "execution_time": 80.64733791351318}