{"completion_time": 2050.1191703257473, "mean_delivery_time": 1708.0406728045432, "total_distance": 125662.91676738331, "consumed_energy": 9.465481753740912, "execution_time": 78.5085699558258}