{"completion_time": 7853.566898351504, "mean_schedule_time": 6971.59527137074, "mean_flight_time": 6679.8644323429635, "mean_swap_time": 246.0, "mean_idle_time": 45.73083902777671, "mean_delivery_time": 4935.366958718668, "mean_schedule_distance": 46759.051026400746, "mean_schedule_energy": 3.7009092021911827, "mean_number_swaps": 4.1, "drone_utilization": 1.0, "execution_time": 784.8272287845612}