{"completion_time": 47153.57569095725, "mean_schedule_time": 40969.82585552997, "mean_flight_time": 39139.825855529976, "mean_swap_time": 1830.0, "mean_idle_time": -7.275957614183426e-12, "mean_delivery_time": 16229.06709315316, "mean_schedule_distance": 273978.78098870977, "mean_schedule_energy": 23.023473285761902, "mean_number_swaps": 30.5, "drone_utilization": 1.0, "execution_time": 4.536578893661499}