{"completion_time": 7967.9200458156365, "mean_schedule_time": 7640.51604616047, "mean_flight_time": 7126.529750841274, "mean_swap_time": 276.0, "mean_idle_time": 237.98629531919596, "mean_delivery_time": 5472.80390093318, "mean_schedule_distance": 49885.708255888916, "mean_schedule_energy": 3.9465169859710527, "mean_number_swaps": 4.6, "drone_utilization": 1.0, "execution_time": 19.41817545890808}