{"completion_time": 6540.780516828047, "mean_schedule_time": 6336.163117335913, "mean_flight_time": 5882.50557775273, "mean_swap_time": 230.0, "mean_idle_time": 223.65753958318328, "mean_delivery_time": 4840.742867852809, "mean_schedule_distance": 41177.539044269106, "mean_schedule_energy": 3.3888314008730513, "mean_number_swaps": 3.8333333333333335, "drone_utilization": 1.0, "total_number_parcel_handover": 9, "mean_number_parcel_handover": 0.45, "execution_time": 678.0439915657043}