{"completion_time": 748.7791841274013, "execution_time": 0.0003325939178466797}