{"completion_time": 8909.234404597206, "mean_schedule_time": 6860.807322129347, "mean_flight_time": 6007.437921996894, "mean_swap_time": 236.0, "mean_idle_time": 617.3694001324529, "mean_delivery_time": 5731.87225817374, "mean_schedule_distance": 42052.06545397821, "mean_schedule_energy": 3.589739436162678, "mean_number_swaps": 3.933333333333333, "drone_utilization": 1.0, "execution_time": 621.1172604560852}