{"completion_time": 6211.841311931644, "mean_schedule_time": 3687.7271309426997, "mean_flight_time": 3319.895638959201, "mean_swap_time": 112.5, "mean_idle_time": 255.33149198349884, "mean_delivery_time": 3685.8427276378225, "mean_schedule_distance": 23239.269472714408, "mean_schedule_energy": 1.9896953186646666, "mean_number_swaps": 1.875, "drone_utilization": 0.9583333333333334, "execution_time": 1298.3890810012817}