{"completion_time": 11553.311324103386, "mean_delivery_time": 5389.551360850033, "total_distance": 721208.5380400548, "consumed_energy": 62.17809585406131, "execution_time": 3167.611097574234}