{"completion_time": 4264.554196631011, "mean_schedule_time": 720.9734574074795, "mean_flight_time": 704.9734574074795, "mean_swap_time": 16.0, "mean_idle_time": 0.0, "mean_delivery_time": 2703.650465278048, "mean_schedule_distance": 4934.814201852356, "mean_schedule_energy": 0.383339156104611, "mean_number_swaps": 0.26666666666666666, "drone_utilization": 0.26666666666666666, "execution_time": 1.4880774021148682}