{"completion_time": 3482.0149021379166, "mean_delivery_time": 2154.177178041145, "total_distance": 736315.887431864, "consumed_energy": 60.2961135231235, "execution_time": 200.93365740776062}