{"completion_time": 7767.567910396114, "mean_schedule_time": 2013.6214672451376, "mean_flight_time": 1946.1214672451376, "mean_swap_time": 67.5, "mean_idle_time": 0.0, "mean_delivery_time": 3221.79434759222, "mean_schedule_distance": 13622.850270715966, "mean_schedule_energy": 1.2540231710065863, "mean_number_swaps": 1.125, "drone_utilization": 0.625, "total_number_parcel_handover": 0, "mean_number_parcel_handover": 0.0, "execution_time": 27.880404472351074}