{"completion_time": 8398.114666625246, "mean_schedule_time": 3641.640540059775, "mean_flight_time": 3518.640540059775, "mean_swap_time": 123.0, "mean_idle_time": 0.0, "mean_delivery_time": 3502.42975662978, "mean_schedule_distance": 24630.483780418414, "mean_schedule_energy": 1.9786428909342326, "mean_number_swaps": 2.05, "drone_utilization": 1.0, "execution_time": 29.597097873687744}