{"completion_time": 7963.9337117466785, "mean_delivery_time": 3794.662687341689, "total_distance": 471542.1538719338, "consumed_energy": 38.11687053211248, "execution_time": 8.380542278289795}