{"completion_time": 19901.022642605687, "mean_schedule_time": 13273.864237989934, "mean_flight_time": 12715.864237989923, "mean_swap_time": 558.0, "mean_idle_time": 1.0913936421275139e-11, "mean_delivery_time": 7697.962045787959, "mean_schedule_distance": 89011.0496659296, "mean_schedule_energy": 7.500110502260353, "mean_number_swaps": 9.3, "drone_utilization": 1.0, "execution_time": 29.4688880443573}