{"completion_time": 5485.566649791343, "mean_schedule_time": 3318.4435129541325, "mean_flight_time": 2635.0898017441696, "mean_swap_time": 88.0, "mean_idle_time": 595.353711209963, "mean_delivery_time": 3685.352978907546, "mean_schedule_distance": 18445.628612209188, "mean_schedule_energy": 1.6104445550393873, "mean_number_swaps": 1.4666666666666666, "drone_utilization": 0.8, "execution_time": 45.14149856567383}