{"completion_time": 21057.021432317353, "mean_schedule_time": 15416.863720086649, "mean_flight_time": 14746.863720086643, "mean_swap_time": 670.0, "mean_idle_time": 5.4569682106375694e-12, "mean_delivery_time": 8197.674806599909, "mean_schedule_distance": 103228.04604060655, "mean_schedule_energy": 8.655270958283259, "mean_number_swaps": 11.166666666666666, "drone_utilization": 1.0, "total_number_parcel_handover": 0, "mean_number_parcel_handover": 0.0, "execution_time": 8.910866975784302}