{"completion_time": 3848.121652291791, "execution_time": 0.17547607421875}