{"completion_time": 2142.8963288054542, "mean_delivery_time": 1605.908434537991, "total_distance": 242683.93423476705, "consumed_energy": 19.379246347060207, "execution_time": 124.84467911720276}