{"completion_time": 8666.372782426746, "mean_schedule_time": 1777.3714930999088, "mean_flight_time": 1720.7048264332416, "mean_swap_time": 56.666666666666664, "mean_idle_time": 4.547473508864641e-13, "mean_delivery_time": 3199.268687579836, "mean_schedule_distance": 12044.933785032697, "mean_schedule_energy": 1.025873541159798, "mean_number_swaps": 0.9444444444444444, "drone_utilization": 0.5555555555555556, "execution_time": 8.978590488433838}