{"completion_time": 4569.803014989252, "mean_schedule_time": 1530.4738175816433, "mean_flight_time": 1214.7823173085333, "mean_swap_time": 40.0, "mean_idle_time": 275.69150027311, "mean_delivery_time": 2692.194185043982, "mean_schedule_distance": 8503.476221159735, "mean_schedule_energy": 0.8184251133475714, "mean_number_swaps": 0.6666666666666666, "drone_utilization": 0.5666666666666667, "total_number_parcel_handover": 4, "mean_number_parcel_handover": 0.26666666666666666, "execution_time": 146.42956495285034}