{"completion_time": 18072.26468393413, "mean_schedule_time": 11708.46588418299, "mean_flight_time": 11216.465884182991, "mean_swap_time": 492.0, "mean_idle_time": -1.8189894035458565e-12, "mean_delivery_time": 6761.655339604988, "mean_schedule_distance": 78515.26118928092, "mean_schedule_energy": 6.364594930459502, "mean_number_swaps": 8.2, "drone_utilization": 1.0, "execution_time": 3.7294423580169678}