{"completion_time": 4784.946496824804, "mean_schedule_time": 3987.591740124989, "mean_flight_time": 3683.254806418304, "mean_swap_time": 126.0, "mean_idle_time": 178.33693370668516, "mean_delivery_time": 3759.313341630486, "mean_schedule_distance": 25782.78364492813, "mean_schedule_energy": 2.224758449306834, "mean_number_swaps": 2.1, "drone_utilization": 1.0, "execution_time": 2347.9595642089844}