{"completion_time": 5671.222485326789, "mean_schedule_time": 4200.458009625281, "mean_flight_time": 3770.1003804555294, "mean_swap_time": 120.0, "mean_idle_time": 310.3576291697518, "mean_delivery_time": 4140.4940123979295, "mean_schedule_distance": 26390.702663188727, "mean_schedule_energy": 2.1540394299550716, "mean_number_swaps": 2.0, "drone_utilization": 1.0, "total_number_parcel_handover": 21, "mean_number_parcel_handover": 0.84, "execution_time": 10919.513041734695}