{"completion_time": 6830.75024541345, "mean_schedule_time": 1065.8829545414305, "mean_flight_time": 1029.8829545414305, "mean_swap_time": 36.0, "mean_idle_time": 0.0, "mean_delivery_time": 3997.0610795303646, "mean_schedule_distance": 7209.180681790015, "mean_schedule_energy": 0.6289628749570323, "mean_number_swaps": 0.6, "drone_utilization": 0.26666666666666666, "execution_time": 1.4233949184417725}