{"completion_time": 4264.554196631011, "mean_schedule_time": 206.32246143879576, "mean_flight_time": 201.52246143879577, "mean_swap_time": 4.8, "mean_idle_time": -2.842170943040401e-14, "mean_delivery_time": 2579.030767984947, "mean_schedule_distance": 1410.6572300715704, "mean_schedule_energy": 0.12366505160819408, "mean_number_swaps": 0.08, "drone_utilization": 0.08, "execution_time": 0.516934871673584}