{"completion_time": 5486.8401364183765, "mean_schedule_time": 3790.9679436717583, "mean_flight_time": 3074.859126792992, "mean_swap_time": 105.0, "mean_idle_time": 611.1088168787664, "mean_delivery_time": 4279.044908104642, "mean_schedule_distance": 21524.013887550947, "mean_schedule_energy": 1.7426652582247721, "mean_number_swaps": 1.75, "drone_utilization": 0.9166666666666666, "execution_time": 107.08380889892578}