{"completion_time": 7167.3337057457775, "mean_schedule_time": 3017.772209377061, "mean_flight_time": 2921.772209377061, "mean_swap_time": 96.0, "mean_idle_time": 0.0, "mean_delivery_time": 3353.0802326411786, "mean_schedule_distance": 20452.405465639426, "mean_schedule_energy": 1.6167505679192207, "mean_number_swaps": 1.6, "drone_utilization": 0.9, "execution_time": 17.931248426437378}