{"completion_time": 4614.354174415373, "mean_schedule_time": 2631.0751890095275, "mean_flight_time": 2415.924536355057, "mean_swap_time": 68.57142857142857, "mean_idle_time": 146.57922408304194, "mean_delivery_time": 3403.5199855607634, "mean_schedule_distance": 16911.4717544854, "mean_schedule_energy": 1.315335485755048, "mean_number_swaps": 1.1428571428571428, "drone_utilization": 0.7142857142857143, "execution_time": 154.77271509170532}