{"completion_time": 6763.350883262312, "mean_schedule_time": 4570.035984889996, "mean_flight_time": 4246.049304575887, "mean_swap_time": 146.4, "mean_idle_time": 177.5866803141098, "mean_delivery_time": 4301.515810806567, "mean_schedule_distance": 29722.34513203121, "mean_schedule_energy": 2.428037809476958, "mean_number_swaps": 2.44, "drone_utilization": 1.0, "execution_time": 1416.7562611103058}