{"completion_time": 3471.675441631156, "mean_delivery_time": 2217.9212783925336, "total_distance": 743058.6283007802, "consumed_energy": 60.70094523692395, "execution_time": 1056.8877007961273}