{"completion_time": 12168.35819966631, "mean_schedule_time": 7411.520811635673, "mean_flight_time": 7117.520811635672, "mean_swap_time": 294.0, "mean_idle_time": 1.8189894035458565e-12, "mean_delivery_time": 4753.995291345825, "mean_schedule_distance": 49822.6456814497, "mean_schedule_energy": 4.0692453487065645, "mean_number_swaps": 4.9, "drone_utilization": 1.0, "execution_time": 18.923462629318237}