{"completion_time": 8778.623269413009, "mean_schedule_time": 8356.058512244768, "mean_flight_time": 7839.637497133119, "mean_swap_time": 315.0, "mean_idle_time": 201.42101511164947, "mean_delivery_time": 5997.145410514491, "mean_schedule_distance": 54877.462479931826, "mean_schedule_energy": 4.413535875425904, "mean_number_swaps": 5.25, "drone_utilization": 1.0, "total_number_parcel_handover": 8, "mean_number_parcel_handover": 0.5333333333333333, "execution_time": 1074.218881368637}