{"completion_time": 7486.602855832665, "mean_schedule_time": 5274.182626938048, "mean_flight_time": 4814.9381823486165, "mean_swap_time": 180.0, "mean_idle_time": 279.2444445894316, "mean_delivery_time": 4105.566194614118, "mean_schedule_distance": 33704.56727644032, "mean_schedule_energy": 2.85065474832886, "mean_number_swaps": 3.0, "drone_utilization": 1.0, "execution_time": 495.47746658325195}