{"completion_time": 10078.79067503546, "mean_schedule_time": 6378.588763742464, "mean_flight_time": 6128.588763742464, "mean_swap_time": 250.0, "mean_idle_time": 0.0, "mean_delivery_time": 4117.4576748084855, "mean_schedule_distance": 42900.12134619723, "mean_schedule_energy": 3.62349269116183, "mean_number_swaps": 4.166666666666667, "drone_utilization": 1.0, "execution_time": 31.010802745819092}