{"completion_time": 5595.235259517608, "mean_schedule_time": 3416.1139071329817, "mean_flight_time": 3066.761559482845, "mean_swap_time": 96.0, "mean_idle_time": 253.35234765013684, "mean_delivery_time": 3766.3661427060447, "mean_schedule_distance": 21467.33091637992, "mean_schedule_energy": 1.7582915695501402, "mean_number_swaps": 1.6, "drone_utilization": 0.85, "execution_time": 631.3363790512085}