{"completion_time": 3135.920655965822, "mean_delivery_time": 2231.567233654765, "total_distance": 648349.6515270857, "consumed_energy": 53.451538121428726, "execution_time": 4061.756934404373}