{"completion_time": 2489.471408290736, "mean_delivery_time": 1870.931128763958, "total_distance": 395444.2841819722, "consumed_energy": 32.930447851275815, "execution_time": 1948.0898597240448}