{"completion_time": 2540.442448573382, "mean_delivery_time": 1394.2500893142392, "total_distance": 209112.069637708, "consumed_energy": 17.701676883801337, "execution_time": 330.9295253753662}