{"completion_time": 5020.884897146764, "mean_schedule_time": 1420.3422823379726, "mean_flight_time": 1194.9261122154742, "mean_swap_time": 31.2, "mean_idle_time": 194.2161701224984, "mean_delivery_time": 2633.7922690399564, "mean_schedule_distance": 8364.48278550832, "mean_schedule_energy": 0.7080670753520535, "mean_number_swaps": 0.52, "drone_utilization": 0.52, "execution_time": 327.107125043869}