{"completion_time": 2261.2050662613715, "execution_time": 13.374214887619019}