{"completion_time": 7767.567910396114, "mean_schedule_time": 2391.371097553576, "mean_flight_time": 2309.7710975535756, "mean_swap_time": 81.6, "mean_idle_time": 4.547473508864641e-13, "mean_delivery_time": 3321.348746602189, "mean_schedule_distance": 16168.397682875035, "mean_schedule_energy": 1.4566683991464198, "mean_number_swaps": 1.36, "drone_utilization": 0.72, "execution_time": 34.92668128013611}