{"completion_time": 4063.783955198057, "mean_delivery_time": 1717.341039967761, "total_distance": 404209.94207187585, "consumed_energy": 36.41670997866049, "execution_time": 28.337701320648193}