{"completion_time": 4237.854776453585, "mean_delivery_time": 2349.2449718696125, "total_distance": 152687.1480308728, "consumed_energy": 12.39185158232962, "execution_time": 0.13962244987487793}