{"completion_time": 5881.221566738081, "mean_schedule_time": 4188.663219036719, "mean_flight_time": 3946.8560260962404, "mean_swap_time": 136.8, "mean_idle_time": 105.00719294047849, "mean_delivery_time": 3954.001555710948, "mean_schedule_distance": 27627.992182673686, "mean_schedule_energy": 2.2616628991396897, "mean_number_swaps": 2.28, "drone_utilization": 1.0, "execution_time": 2657.569774866104}