{"completion_time": 4508.908225827743, "mean_schedule_time": 2031.3235149542497, "mean_flight_time": 1903.7568874803007, "mean_swap_time": 60.0, "mean_idle_time": 67.56662747394898, "mean_delivery_time": 3274.027865777104, "mean_schedule_distance": 13326.298212362108, "mean_schedule_energy": 1.129851318347535, "mean_number_swaps": 1.0, "drone_utilization": 0.625, "total_number_parcel_handover": 2, "mean_number_parcel_handover": 0.2, "execution_time": 141.3390109539032}