{"completion_time": 5760.8269724138045, "mean_schedule_time": 3856.227997329924, "mean_flight_time": 3246.899785109359, "mean_swap_time": 120.0, "mean_idle_time": 489.3282122205651, "mean_delivery_time": 4059.7560079141235, "mean_schedule_distance": 22728.298495765506, "mean_schedule_energy": 2.0808204015169722, "mean_number_swaps": 2.0, "drone_utilization": 0.9333333333333333, "execution_time": 412.9617645740509}