{"completion_time": 10899.727037789991, "mean_schedule_time": 6063.0866156909515, "mean_flight_time": 5841.086615690952, "mean_swap_time": 222.0, "mean_idle_time": -9.094947017729282e-13, "mean_delivery_time": 4591.813359067852, "mean_schedule_distance": 40887.60630983666, "mean_schedule_energy": 3.209808557613639, "mean_number_swaps": 3.7, "drone_utilization": 1.0, "execution_time": 10.306929588317871}