{"completion_time": 10272.96681446441, "mean_delivery_time": 4867.496616005151, "total_distance": 637763.644392313, "consumed_energy": 54.341631622796434, "execution_time": 2613.556717157364}