{"completion_time": 5932.072671577491, "mean_schedule_time": 3830.018439072028, "mean_flight_time": 3740.0184390720283, "mean_swap_time": 90.0, "mean_idle_time": -4.547473508864641e-13, "mean_delivery_time": 3726.134997472448, "mean_schedule_distance": 26180.1290735042, "mean_schedule_energy": 1.886983790735473, "mean_number_swaps": 1.5, "drone_utilization": 1.0, "total_number_parcel_handover": 0, "mean_number_parcel_handover": 0.0, "execution_time": 0.5426821708679199}