{"completion_time": 4012.7949729525462, "mean_schedule_time": 2599.7585359050877, "mean_flight_time": 2454.4055696573378, "mean_swap_time": 67.5, "mean_idle_time": 77.85296624774992, "mean_delivery_time": 3642.525836337774, "mean_schedule_distance": 17180.838987601364, "mean_schedule_energy": 1.4647389789057843, "mean_number_swaps": 1.125, "drone_utilization": 0.75, "execution_time": 27.76012873649597}