{"completion_time": 2096.397486476273, "mean_delivery_time": 1869.262918168887, "total_distance": 137446.71190081091, "consumed_energy": 11.717911831246274, "execution_time": 22.489328622817993}