{"completion_time": 5360.353427838384, "mean_schedule_time": 1923.494632603269, "mean_flight_time": 1863.4946326032689, "mean_swap_time": 60.0, "mean_idle_time": 2.2737367544323206e-13, "mean_delivery_time": 2729.4631786409454, "mean_schedule_distance": 13044.462428222876, "mean_schedule_energy": 1.1281986928980543, "mean_number_swaps": 1.0, "drone_utilization": 0.6785714285714286, "total_number_parcel_handover": 0, "mean_number_parcel_handover": 0.0, "execution_time": 43.32985234260559}