{"completion_time": 12763.572860444376, "mean_schedule_time": 8339.983435747716, "mean_flight_time": 7997.9834357477175, "mean_swap_time": 342.0, "mean_idle_time": -1.8189894035458565e-12, "mean_delivery_time": 5280.761078326144, "mean_schedule_distance": 55985.88405023403, "mean_schedule_energy": 4.505805097238326, "mean_number_swaps": 5.7, "drone_utilization": 1.0, "execution_time": 19.184868335723877}