{"completion_time": 4445.74795061449, "mean_schedule_time": 1515.1463013283485, "mean_flight_time": 1231.5218874622406, "mean_swap_time": 38.57142857142857, "mean_idle_time": 245.05298529467927, "mean_delivery_time": 3543.5541995644953, "mean_schedule_distance": 8620.653212235682, "mean_schedule_energy": 0.7526809859795425, "mean_number_swaps": 0.6428571428571429, "drone_utilization": 0.42857142857142855, "total_number_parcel_handover": 8, "mean_number_parcel_handover": 0.8, "execution_time": 1272.819833278656}