{"completion_time": 5619.5007674613, "mean_schedule_time": 3784.9069610937004, "mean_flight_time": 3425.253724818855, "mean_swap_time": 120.0, "mean_idle_time": 239.6532362748453, "mean_delivery_time": 4541.888353312441, "mean_schedule_distance": 23976.776073731995, "mean_schedule_energy": 1.7486698797401123, "mean_number_swaps": 2.0, "drone_utilization": 0.8333333333333334, "total_number_parcel_handover": 3, "mean_number_parcel_handover": 0.6, "execution_time": 3.3367486000061035}