{"completion_time": 6252.460777171949, "mean_schedule_time": 4844.22265858309, "mean_flight_time": 4222.334204923042, "mean_swap_time": 151.2, "mean_idle_time": 470.68845366004825, "mean_delivery_time": 4634.22910228107, "mean_schedule_distance": 29556.339434461286, "mean_schedule_energy": 2.468007308579366, "mean_number_swaps": 2.52, "drone_utilization": 1.0, "execution_time": 17074.0202357769}