{"completion_time": 9351.8090157968, "mean_schedule_time": 8484.610647796979, "mean_flight_time": 7837.588788059346, "mean_swap_time": 335.0, "mean_idle_time": 312.02185973763244, "mean_delivery_time": 6134.488043015619, "mean_schedule_distance": 54863.12151641541, "mean_schedule_energy": 4.495369445247896, "mean_number_swaps": 5.583333333333333, "drone_utilization": 1.0, "total_number_parcel_handover": 13, "mean_number_parcel_handover": 0.65, "execution_time": 5786.158240556717}