{"completion_time": 4665.180726101917, "mean_schedule_time": 2821.427869902906, "mean_flight_time": 2253.5150195072515, "mean_swap_time": 72.0, "mean_idle_time": 495.91285039565446, "mean_delivery_time": 3143.0687909446333, "mean_schedule_distance": 15774.605136550756, "mean_schedule_energy": 1.4700885595457807, "mean_number_swaps": 1.2, "drone_utilization": 0.9, "execution_time": 38.2388060092926}