{"completion_time": 1701.337744529704, "execution_time": 0.9745395183563232}