{"completion_time": 4858.24618415255, "mean_schedule_time": 2487.332169431797, "mean_flight_time": 2170.609540849934, "mean_swap_time": 63.0, "mean_idle_time": 253.72262858186286, "mean_delivery_time": 2884.0648554601376, "mean_schedule_distance": 15194.266785949541, "mean_schedule_energy": 1.2939656369891896, "mean_number_swaps": 1.05, "drone_utilization": 0.85, "execution_time": 189.40340852737427}