{"completion_time": 4725.180726101917, "mean_schedule_time": 3149.687016942442, "mean_flight_time": 2658.9707036041686, "mean_swap_time": 67.5, "mean_idle_time": 423.21631333827327, "mean_delivery_time": 3881.2366486866094, "mean_schedule_distance": 18612.794925229176, "mean_schedule_energy": 1.443867763262822, "mean_number_swaps": 1.125, "drone_utilization": 1.0, "execution_time": 6.395702838897705}