{"completion_time": 21015.613290863406, "mean_schedule_time": 20662.3151821207, "mean_flight_time": 19762.3151821207, "mean_swap_time": 900.0, "mean_idle_time": 0.0, "mean_delivery_time": 10598.483419762462, "mean_schedule_distance": 138336.2062748449, "mean_schedule_energy": 11.689769276770466, "mean_number_swaps": 15.0, "drone_utilization": 1.0, "execution_time": 126.38958930969238}