{"completion_time": 12251.377381509645, "mean_schedule_time": 7837.121918732661, "mean_flight_time": 7529.621918732666, "mean_swap_time": 307.5, "mean_idle_time": -5.4569682106375694e-12, "mean_delivery_time": 5650.178636330205, "mean_schedule_distance": 52707.35343112864, "mean_schedule_energy": 4.343184455357471, "mean_number_swaps": 5.125, "drone_utilization": 1.0, "execution_time": 8.224974632263184}