{"completion_time": 7761.21110984563, "mean_schedule_time": 3181.167160642208, "mean_flight_time": 3068.3671606422063, "mean_swap_time": 112.8, "mean_idle_time": 1.3642420526593924e-12, "mean_delivery_time": 3373.1582879392586, "mean_schedule_distance": 21478.570124495447, "mean_schedule_energy": 1.896626474005077, "mean_number_swaps": 1.88, "drone_utilization": 0.88, "execution_time": 62.67606163024902}