{"completion_time": 14413.715056206836, "mean_schedule_time": 14268.2378645634, "mean_flight_time": 13658.237864563402, "mean_swap_time": 610.0, "mean_idle_time": -1.8189894035458565e-12, "mean_delivery_time": 7730.783003697364, "mean_schedule_distance": 95607.6650519438, "mean_schedule_energy": 7.789205092760047, "mean_number_swaps": 10.166666666666666, "drone_utilization": 1.0, "total_number_parcel_handover": 6, "mean_number_parcel_handover": 0.3, "execution_time": 1587.3161709308624}