{"completion_time": 6081.524795242862, "mean_schedule_time": 5706.2409979954045, "mean_flight_time": 5174.219240584616, "mean_swap_time": 180.0, "mean_idle_time": 352.02175741078827, "mean_delivery_time": 5232.6813025770825, "mean_schedule_distance": 36219.53468409231, "mean_schedule_energy": 2.906666907304312, "mean_number_swaps": 3.0, "drone_utilization": 1.0, "execution_time": 16.119742155075073}