{"completion_time": 7790.643644643709, "mean_schedule_time": 7064.3787033199405, "mean_flight_time": 6563.9420656462225, "mean_swap_time": 252.0, "mean_idle_time": 248.436637673718, "mean_delivery_time": 5608.101959665771, "mean_schedule_distance": 45947.594459523636, "mean_schedule_energy": 3.8463678753223434, "mean_number_swaps": 4.2, "drone_utilization": 1.0, "execution_time": 2314.9679567813873}