{"completion_time": 4392.65241419756, "mean_delivery_time": 2232.8644147979044, "total_distance": 665599.505225215, "consumed_energy": 55.02109070507682, "execution_time": 141.62523531913757}