{"completion_time": 7667.032769324585, "mean_schedule_time": 2294.0743106996447, "mean_flight_time": 2217.7106743360087, "mean_swap_time": 76.36363636363636, "mean_idle_time": -4.547473508864641e-13, "mean_delivery_time": 3532.4377787639705, "mean_schedule_distance": 15523.974720352056, "mean_schedule_energy": 1.364590317433465, "mean_number_swaps": 1.2727272727272727, "drone_utilization": 0.6363636363636364, "execution_time": 23.448895692825317}