{"completion_time": 4013.5163846622927, "mean_delivery_time": 1824.2188893819853, "total_distance": 341527.44384774525, "consumed_energy": 30.020986983536233, "execution_time": 19.569063663482666}