{"completion_time": 3533.897584549568, "mean_schedule_time": 1445.1170467737868, "mean_flight_time": 1339.0711191771657, "mean_swap_time": 40.0, "mean_idle_time": 66.04592759662114, "mean_delivery_time": 2192.6857334947845, "mean_schedule_distance": 9373.49783424016, "mean_schedule_energy": 0.8383757953829244, "mean_number_swaps": 0.6666666666666666, "drone_utilization": 0.625, "total_number_parcel_handover": 2, "mean_number_parcel_handover": 0.13333333333333333, "execution_time": 31.04545307159424}