{"completion_time": 7605.155242057946, "mean_schedule_time": 4247.411673429444, "mean_flight_time": 3401.6904911600327, "mean_swap_time": 117.85714285714286, "mean_idle_time": 727.8640394122685, "mean_delivery_time": 4758.532252897375, "mean_schedule_distance": 23811.833438120226, "mean_schedule_energy": 2.0029287320038454, "mean_number_swaps": 1.9642857142857142, "drone_utilization": 0.8571428571428571, "total_number_parcel_handover": 12, "mean_number_parcel_handover": 0.6, "execution_time": 5389.44398856163}