{"completion_time": 5486.975432076453, "mean_schedule_time": 1733.1560543891578, "mean_flight_time": 1445.0014089847505, "mean_swap_time": 47.142857142857146, "mean_idle_time": 241.01178826155024, "mean_delivery_time": 4245.728762346248, "mean_schedule_distance": 10115.00986289325, "mean_schedule_energy": 0.7783122143318284, "mean_number_swaps": 0.7857142857142857, "drone_utilization": 0.42857142857142855, "total_number_parcel_handover": 3, "mean_number_parcel_handover": 0.6, "execution_time": 32.98609256744385}