{"completion_time": 4393.113502504963, "mean_schedule_time": 1039.8685096985491, "mean_flight_time": 955.109917348481, "mean_swap_time": 19.09090909090909, "mean_idle_time": 65.66768325915905, "mean_delivery_time": 2759.618830557686, "mean_schedule_distance": 6685.769421439367, "mean_schedule_energy": 0.5394102025453045, "mean_number_swaps": 0.3181818181818182, "drone_utilization": 0.4090909090909091, "total_number_parcel_handover": 3, "mean_number_parcel_handover": 0.6, "execution_time": 51.32285284996033}