{"completion_time": 5821.221566738081, "mean_schedule_time": 1654.239061848512, "mean_flight_time": 1307.669236197081, "mean_swap_time": 38.4, "mean_idle_time": 308.16982565143076, "mean_delivery_time": 3395.1703776821787, "mean_schedule_distance": 9153.68465337957, "mean_schedule_energy": 0.7441681802397803, "mean_number_swaps": 0.64, "drone_utilization": 0.48, "execution_time": 241.87793445587158}