{"completion_time": 9334.212672687643, "mean_schedule_time": 5373.090507674438, "mean_flight_time": 4264.290968958075, "mean_swap_time": 144.0, "mean_idle_time": 964.7995387163637, "mean_delivery_time": 5547.45572417563, "mean_schedule_distance": 29850.036782706502, "mean_schedule_energy": 2.4240282731862237, "mean_number_swaps": 2.4, "drone_utilization": 1.0, "execution_time": 9970.411604881287}