{"completion_time": 58911.72350864606, "mean_schedule_time": 58825.226663916095, "mean_flight_time": 56305.22666391609, "mean_swap_time": 2520.0, "mean_idle_time": 7.275957614183426e-12, "mean_delivery_time": 27147.20653979454, "mean_schedule_distance": 394136.5866474123, "mean_schedule_energy": 32.00681638155161, "mean_number_swaps": 42.0, "drone_utilization": 1.0, "total_number_parcel_handover": 1, "mean_number_parcel_handover": 0.04, "execution_time": 617.5044891834259}