{"completion_time": 6042.414463016365, "mean_schedule_time": 2978.899166349336, "mean_flight_time": 2535.5550033827585, "mean_swap_time": 87.6923076923077, "mean_idle_time": 355.65185527427, "mean_delivery_time": 3619.8658877804723, "mean_schedule_distance": 17748.88502367931, "mean_schedule_energy": 1.5661384452879463, "mean_number_swaps": 1.4615384615384615, "drone_utilization": 0.8076923076923077, "total_number_parcel_handover": 7, "mean_number_parcel_handover": 0.35, "execution_time": 719.6825649738312}