{"completion_time": 6386.446772234091, "mean_schedule_time": 3589.009199697747, "mean_flight_time": 3481.009199697747, "mean_swap_time": 108.0, "mean_idle_time": 0.0, "mean_delivery_time": 3428.8084581843214, "mean_schedule_distance": 24367.064397884227, "mean_schedule_energy": 2.003482031073129, "mean_number_swaps": 1.8, "drone_utilization": 1.0, "execution_time": 42.406004428863525}