{"completion_time": 3283.2233861170457, "mean_delivery_time": 1764.8587745467062, "total_distance": 487341.28795768454, "consumed_energy": 40.069640621462575, "execution_time": 32.40442609786987}