{"completion_time": 5131.772153251459, "mean_schedule_time": 2321.2591807655554, "mean_flight_time": 2008.6109745454294, "mean_swap_time": 55.714285714285715, "mean_idle_time": 256.93392050584043, "mean_delivery_time": 2775.354076876073, "mean_schedule_distance": 14060.276821818004, "mean_schedule_energy": 1.1705628763280542, "mean_number_swaps": 0.9285714285714286, "drone_utilization": 0.8214285714285714, "execution_time": 157.14030814170837}