{"completion_time": 10005.329807028802, "mean_schedule_time": 9636.09018945989, "mean_flight_time": 9148.144842413687, "mean_swap_time": 408.0, "mean_idle_time": 79.9453470462031, "mean_delivery_time": 5931.247956780541, "mean_schedule_distance": 64037.01389689582, "mean_schedule_energy": 5.5133558805684615, "mean_number_swaps": 6.8, "drone_utilization": 1.0, "execution_time": 2309.4920704364777}