{"completion_time": 16875.62772508799, "mean_schedule_time": 16426.96855002598, "mean_flight_time": 15666.227095403103, "mean_swap_time": 670.0, "mean_idle_time": 90.74145462287743, "mean_delivery_time": 8608.791093952146, "mean_schedule_distance": 109663.58966782171, "mean_schedule_energy": 8.709045090794438, "mean_number_swaps": 11.166666666666666, "drone_utilization": 1.0, "execution_time": 2931.6850039958954}