{"completion_time": 8075.781927184064, "mean_delivery_time": 4542.089759068786, "total_distance": 492302.58023613837, "consumed_energy": 42.00044400466609, "execution_time": 188.24792194366455}