{"completion_time": 15491.563854368129, "mean_schedule_time": 15072.00114066542, "mean_flight_time": 14065.788006746807, "mean_swap_time": 624.0, "mean_idle_time": 382.2131339186126, "mean_delivery_time": 8733.45460513673, "mean_schedule_distance": 98460.51604722765, "mean_schedule_energy": 8.400088800933219, "mean_number_swaps": 10.4, "drone_utilization": 1.0, "execution_time": 270.43864917755127}