{"completion_time": 2835.6300136664768, "mean_delivery_time": 1975.3334332215677, "total_distance": 103898.6722604078, "consumed_energy": 9.007966699668012, "execution_time": 2.3973958492279053}