{"completion_time": 6707.525517323361, "mean_schedule_time": 3821.050719564889, "mean_flight_time": 3300.9869911402525, "mean_swap_time": 112.0, "mean_idle_time": 408.06372842463634, "mean_delivery_time": 4353.542732242661, "mean_schedule_distance": 23106.908937981796, "mean_schedule_energy": 1.9682600412185558, "mean_number_swaps": 1.8666666666666667, "drone_utilization": 0.8666666666666667, "execution_time": 395.5746531486511}