{"completion_time": 14978.376917370797, "mean_schedule_time": 11748.155498080374, "mean_flight_time": 10820.600413645561, "mean_swap_time": 450.0, "mean_idle_time": 477.55508443481267, "mean_delivery_time": 7484.977907992513, "mean_schedule_distance": 75744.20289551889, "mean_schedule_energy": 6.189338528329626, "mean_number_swaps": 7.5, "drone_utilization": 1.0, "execution_time": 275.37412691116333}