{"completion_time": 12067.736672177392, "mean_schedule_time": 6503.316600647187, "mean_flight_time": 6243.316600647191, "mean_swap_time": 260.0, "mean_idle_time": -3.637978807091713e-12, "mean_delivery_time": 4267.461095727371, "mean_schedule_distance": 43703.216204530305, "mean_schedule_energy": 3.7415336236894663, "mean_number_swaps": 4.333333333333333, "drone_utilization": 1.0, "execution_time": 41.301883697509766}