{"completion_time": 8988.262764986728, "mean_schedule_time": 2823.085053851849, "mean_flight_time": 1826.3483515686705, "mean_swap_time": 54.0, "mean_idle_time": 942.7367022831784, "mean_delivery_time": 4531.932769256531, "mean_schedule_distance": 12784.438460980698, "mean_schedule_energy": 1.0511734866687692, "mean_number_swaps": 0.9, "drone_utilization": 0.6, "execution_time": 160.88600063323975}