{"completion_time": 5725.011064463622, "mean_schedule_time": 5062.650297162986, "mean_flight_time": 4426.991505178889, "mean_swap_time": 160.0, "mean_idle_time": 475.65879198409675, "mean_delivery_time": 5278.184947299602, "mean_schedule_distance": 30988.94053625222, "mean_schedule_energy": 2.605798115029335, "mean_number_swaps": 2.6666666666666665, "drone_utilization": 1.0, "total_number_parcel_handover": 2, "mean_number_parcel_handover": 0.4, "execution_time": 50.89243507385254}