{"completion_time": 8150.198329442144, "mean_schedule_time": 4516.821430188485, "mean_flight_time": 4369.821430188485, "mean_swap_time": 147.0, "mean_idle_time": 0.0, "mean_delivery_time": 3946.9854746604815, "mean_schedule_distance": 30588.75001131937, "mean_schedule_energy": 2.4500688758880895, "mean_number_swaps": 2.45, "drone_utilization": 1.0, "total_number_parcel_handover": 0, "mean_number_parcel_handover": 0.0, "execution_time": 42.096041679382324}