{"completion_time": 14733.798456476818, "mean_schedule_time": 14435.651527958937, "mean_flight_time": 13811.651527958933, "mean_swap_time": 624.0, "mean_idle_time": 3.637978807091713e-12, "mean_delivery_time": 7774.91590794038, "mean_schedule_distance": 96681.56069571253, "mean_schedule_energy": 8.077580846127443, "mean_number_swaps": 10.4, "drone_utilization": 1.0, "execution_time": 1640.7436091899872}