{"completion_time": 17448.792504714016, "mean_schedule_time": 11823.436098845794, "mean_flight_time": 11337.436098845785, "mean_swap_time": 486.0, "mean_idle_time": 9.094947017729282e-12, "mean_delivery_time": 7102.128116023188, "mean_schedule_distance": 79362.05269192063, "mean_schedule_energy": 6.759278708482751, "mean_number_swaps": 8.1, "drone_utilization": 1.0, "execution_time": 20.35669231414795}