{"completion_time": 10890.808331186021, "mean_schedule_time": 8423.61275052066, "mean_flight_time": 8093.6127505206605, "mean_swap_time": 330.0, "mean_idle_time": 0.0, "mean_delivery_time": 5305.014076693451, "mean_schedule_distance": 56655.28925364461, "mean_schedule_energy": 4.711579775554965, "mean_number_swaps": 5.5, "drone_utilization": 1.0, "execution_time": 2.096496343612671}