{"completion_time": 4311.61058172224, "mean_delivery_time": 2653.4692510395744, "total_distance": 679843.9479541925, "consumed_energy": 58.23468148840791, "execution_time": 537.0179138183594}