{"completion_time": 2699.4499798166034, "mean_delivery_time": 1869.9533213151376, "total_distance": 151941.34622240064, "consumed_energy": 13.534409042566107, "execution_time": 389.7444338798523}