{"completion_time": 63284.48019955209, "mean_schedule_time": 59389.43068123642, "mean_flight_time": 56659.43068123642, "mean_swap_time": 2730.0, "mean_idle_time": 0.0, "mean_delivery_time": 23196.271311304088, "mean_schedule_distance": 396616.01476865506, "mean_schedule_energy": 33.29531648221569, "mean_number_swaps": 45.5, "drone_utilization": 1.0, "total_number_parcel_handover": 0, "mean_number_parcel_handover": 0.0, "execution_time": 4.50246000289917}