{"completion_time": 5027.928556717647, "mean_schedule_time": 1296.1142281775233, "mean_flight_time": 1253.2570853203804, "mean_swap_time": 42.857142857142854, "mean_idle_time": 0.0, "mean_delivery_time": 3629.119838897065, "mean_schedule_distance": 8772.799597242663, "mean_schedule_energy": 0.761337251477987, "mean_number_swaps": 0.7142857142857143, "drone_utilization": 0.35714285714285715, "execution_time": 1.884725570678711}