{"completion_time": 4611.533926022815, "mean_schedule_time": 2352.4015344938575, "mean_flight_time": 2049.2305525690135, "mean_swap_time": 70.0, "mean_idle_time": 233.170981924844, "mean_delivery_time": 3108.2441590466815, "mean_schedule_distance": 14344.613867983091, "mean_schedule_energy": 1.2827028982973232, "mean_number_swaps": 1.1666666666666667, "drone_utilization": 0.75, "execution_time": 1612.9729726314545}