{"completion_time": 7605.155242057946, "mean_schedule_time": 4873.840519439843, "mean_flight_time": 3728.81854743452, "mean_swap_time": 133.84615384615384, "mean_idle_time": 1011.175818159169, "mean_delivery_time": 4930.317259886877, "mean_schedule_distance": 26101.729832041627, "mean_schedule_energy": 2.204573791707506, "mean_number_swaps": 2.230769230769231, "drone_utilization": 0.9230769230769231, "execution_time": 2217.06098651886}