{"completion_time": 8988.262764986728, "mean_schedule_time": 4071.262672262583, "mean_flight_time": 2515.934820445069, "mean_swap_time": 78.75, "mean_idle_time": 1476.5778518175139, "mean_delivery_time": 4612.262109872256, "mean_schedule_distance": 17611.543743115493, "mean_schedule_energy": 1.5345708919369645, "mean_number_swaps": 1.3125, "drone_utilization": 0.875, "total_number_parcel_handover": 8, "mean_number_parcel_handover": 0.8, "execution_time": 739.9349672794342}