{"completion_time": 9848.996763410245, "mean_schedule_time": 9157.3410396395, "mean_flight_time": 8658.606764367903, "mean_swap_time": 350.0, "mean_idle_time": 148.73427527159583, "mean_delivery_time": 6724.472758110009, "mean_schedule_distance": 60610.24735057532, "mean_schedule_energy": 4.897113063408175, "mean_number_swaps": 5.833333333333333, "drone_utilization": 1.0, "total_number_parcel_handover": 14, "mean_number_parcel_handover": 0.7, "execution_time": 5383.634892702103}