{"completion_time": 3555.4455771009157, "mean_schedule_time": 1385.8255582822223, "mean_flight_time": 1298.8153138705911, "mean_swap_time": 30.0, "mean_idle_time": 57.01024441163122, "mean_delivery_time": 2528.093989049228, "mean_schedule_distance": 9091.707197094136, "mean_schedule_energy": 0.73739683970665, "mean_number_swaps": 0.5, "drone_utilization": 0.5833333333333334, "total_number_parcel_handover": 2, "mean_number_parcel_handover": 0.4, "execution_time": 4.436466932296753}