{"completion_time": 5930.4513381888055, "mean_schedule_time": 2978.684034821215, "mean_flight_time": 2888.6840348212145, "mean_swap_time": 90.0, "mean_idle_time": 4.547473508864641e-13, "mean_delivery_time": 2735.8706932141813, "mean_schedule_distance": 20220.788243748506, "mean_schedule_energy": 1.778951444407096, "mean_number_swaps": 1.5, "drone_utilization": 1.0, "execution_time": 8.320674896240234}