{"completion_time": 10663.086196062794, "mean_schedule_time": 6026.922603916895, "mean_flight_time": 5770.922603916898, "mean_swap_time": 256.0, "mean_idle_time": -2.7284841053187847e-12, "mean_delivery_time": 4459.485329724599, "mean_schedule_distance": 40396.458227418276, "mean_schedule_energy": 3.548177019476453, "mean_number_swaps": 4.266666666666667, "drone_utilization": 1.0, "execution_time": 40.173041582107544}