{"completion_time": 8001.080906298703, "mean_delivery_time": 4161.992118302281, "total_distance": 592990.3928674372, "consumed_energy": 48.885738925048656, "execution_time": 237.0263819694519}