{"completion_time": 6954.577288614209, "mean_schedule_time": 4271.072463977413, "mean_flight_time": 4133.072463977413, "mean_swap_time": 138.0, "mean_idle_time": 0.0, "mean_delivery_time": 3834.0017931359375, "mean_schedule_distance": 28931.50724784188, "mean_schedule_energy": 2.3220940609497758, "mean_number_swaps": 2.3, "drone_utilization": 1.0, "execution_time": 7.483431577682495}