{"completion_time": 9486.664612122946, "mean_schedule_time": 3697.752970262088, "mean_flight_time": 3560.610113119234, "mean_swap_time": 137.14285714285714, "mean_idle_time": -3.183231456205249e-12, "mean_delivery_time": 4380.3116998090945, "mean_schedule_distance": 24924.27079183461, "mean_schedule_energy": 2.1383337583020827, "mean_number_swaps": 2.2857142857142856, "drone_utilization": 0.75, "total_number_parcel_handover": 0, "mean_number_parcel_handover": 0.0, "execution_time": 49.72791314125061}