{"completion_time": 9065.64420662852, "mean_schedule_time": 3693.8227894131064, "mean_flight_time": 2760.8032696131004, "mean_swap_time": 100.0, "mean_idle_time": 833.019519800006, "mean_delivery_time": 5065.8233579340285, "mean_schedule_distance": 19325.622887291698, "mean_schedule_energy": 1.6999421860657171, "mean_number_swaps": 1.6666666666666667, "drone_utilization": 0.7333333333333333, "execution_time": 4825.793124914169}