{"completion_time": 9101.466530798265, "mean_schedule_time": 6510.679227411947, "mean_flight_time": 6153.60929157474, "mean_swap_time": 243.0, "mean_idle_time": 114.06993583720669, "mean_delivery_time": 5046.437471460659, "mean_schedule_distance": 43075.26504102316, "mean_schedule_energy": 3.588200344653829, "mean_number_swaps": 4.05, "drone_utilization": 1.0, "execution_time": 1051.6433069705963}