{"completion_time": 2204.7691712077803, "mean_delivery_time": 1659.0254689621815, "total_distance": 29186.76839690892, "consumed_energy": 2.1878358290551083, "execution_time": 0.0008838176727294922}