{"completion_time": 4918.942816581472, "mean_schedule_time": 3285.9994660057214, "mean_flight_time": 2582.7088816794403, "mean_swap_time": 74.4, "mean_idle_time": 628.890584326281, "mean_delivery_time": 3767.492538798193, "mean_schedule_distance": 18078.962171756084, "mean_schedule_energy": 1.4851970626036857, "mean_number_swaps": 1.24, "drone_utilization": 0.88, "execution_time": 4126.484398841858}