{"completion_time": 8476.218741217292, "mean_schedule_time": 7127.678690162354, "mean_flight_time": 6533.388054378429, "mean_swap_time": 260.0, "mean_idle_time": 334.2906357839247, "mean_delivery_time": 5408.320355589594, "mean_schedule_distance": 45733.716380649035, "mean_schedule_energy": 3.931947307198607, "mean_number_swaps": 4.333333333333333, "drone_utilization": 1.0, "execution_time": 636.5865557193756}