{"completion_time": 7681.7988069490475, "mean_schedule_time": 2465.8708793684555, "mean_flight_time": 2375.870879368456, "mean_swap_time": 90.0, "mean_idle_time": -4.547473508864641e-13, "mean_delivery_time": 4006.4076436513446, "mean_schedule_distance": 16631.09615557919, "mean_schedule_energy": 1.4695412089180608, "mean_number_swaps": 1.5, "drone_utilization": 0.5833333333333334, "execution_time": 24.71485996246338}