{"completion_time": 4272.9551742309495, "mean_delivery_time": 2627.211394732192, "total_distance": 536896.4659671483, "consumed_energy": 44.82128409406321, "execution_time": 110.55602717399597}