{"completion_time": 5939.695311041272, "mean_schedule_time": 939.9543879889746, "mean_flight_time": 913.5543879889747, "mean_swap_time": 26.4, "mean_idle_time": 0.0, "mean_delivery_time": 2937.3574624655457, "mean_schedule_distance": 6394.880715922823, "mean_schedule_energy": 0.5453846726070481, "mean_number_swaps": 0.44, "drone_utilization": 0.32, "execution_time": 6.601644992828369}