{"completion_time": 1072.4492592884355, "execution_time": 0.0022134780883789062}