{"completion_time": 7527.567910396114, "mean_schedule_time": 4835.970273704281, "mean_flight_time": 4237.968028087869, "mean_swap_time": 164.0, "mean_idle_time": 434.0022456164115, "mean_delivery_time": 4265.814175069417, "mean_schedule_distance": 29665.77619661509, "mean_schedule_energy": 2.5452102552034437, "mean_number_swaps": 2.7333333333333334, "drone_utilization": 1.0, "execution_time": 663.3266878128052}