{"completion_time": 3823.783955198057, "mean_delivery_time": 2199.5737542013753, "total_distance": 444986.64294922637, "consumed_energy": 38.178153828051656, "execution_time": 398.7256202697754}