{"completion_time": 10225.070008814164, "mean_delivery_time": 5097.005970520186, "total_distance": 606813.3663750936, "consumed_energy": 50.780919288980314, "execution_time": 318.11292600631714}