{"completion_time": 1240.7698782571865, "execution_time": 0.0030345916748046875}