{"completion_time": 6615.470858234135, "mean_schedule_time": 3653.078205721788, "mean_flight_time": 3525.878205721789, "mean_swap_time": 127.2, "mean_idle_time": -9.094947017729282e-13, "mean_delivery_time": 3318.310703138018, "mean_schedule_distance": 24681.147440052522, "mean_schedule_energy": 2.137877277952212, "mean_number_swaps": 2.12, "drone_utilization": 0.96, "execution_time": 60.15789246559143}