{"completion_time": 5613.852528302802, "mean_schedule_time": 1703.3254742458307, "mean_flight_time": 1643.3254742458307, "mean_swap_time": 60.0, "mean_idle_time": 0.0, "mean_delivery_time": 4258.313685614577, "mean_schedule_distance": 11503.278319720814, "mean_schedule_energy": 1.0125121275462337, "mean_number_swaps": 1.0, "drone_utilization": 0.4, "execution_time": 0.1645488739013672}