{"completion_time": 10014.76679640737, "mean_schedule_time": 8363.359144545917, "mean_flight_time": 7905.101349081389, "mean_swap_time": 316.0, "mean_idle_time": 142.2577954645276, "mean_delivery_time": 5882.141038953908, "mean_schedule_distance": 55335.70944356979, "mean_schedule_energy": 4.625786588830372, "mean_number_swaps": 5.266666666666667, "drone_utilization": 1.0, "execution_time": 1080.3601608276367}