{"completion_time": 4819.080027083109, "mean_schedule_time": 4562.035272275964, "mean_flight_time": 4430.035272275965, "mean_swap_time": 132.0, "mean_idle_time": -9.094947017729282e-13, "mean_delivery_time": 4105.2863583728895, "mean_schedule_distance": 31010.246905931755, "mean_schedule_energy": 2.2788185950751654, "mean_number_swaps": 2.2, "drone_utilization": 1.0, "execution_time": 15.373982191085815}