{"completion_time": 7219.54104204579, "mean_delivery_time": 3896.371218566888, "total_distance": 456836.06423022266, "consumed_energy": 38.67448145838688, "execution_time": 2089.5886771678925}