{"completion_time": 14722.282953715929, "mean_schedule_time": 14135.396065257495, "mean_flight_time": 13352.535522591163, "mean_swap_time": 600.0, "mean_idle_time": 182.86054266633255, "mean_delivery_time": 7721.429607999182, "mean_schedule_distance": 93467.74865813811, "mean_schedule_energy": 7.860928440402991, "mean_number_swaps": 10.0, "drone_utilization": 1.0, "execution_time": 3962.1891627311707}