{"completion_time": 2066.0315512693005, "execution_time": 3.349264144897461}