{"completion_time": 5819.695311041272, "mean_schedule_time": 1294.098551574944, "mean_flight_time": 1144.1464785219187, "mean_swap_time": 26.4, "mean_idle_time": 123.5520730530252, "mean_delivery_time": 2922.3574624655457, "mean_schedule_distance": 8009.02534965343, "mean_schedule_energy": 0.6422333506308847, "mean_number_swaps": 0.44, "drone_utilization": 0.44, "execution_time": 78.04400491714478}