{"completion_time": 5286.33489417477, "mean_schedule_time": 975.0787333297794, "mean_flight_time": 761.865688998377, "mean_swap_time": 19.285714285714285, "mean_idle_time": 193.9273300456881, "mean_delivery_time": 3999.993883010798, "mean_schedule_distance": 5333.059822988637, "mean_schedule_energy": 0.4531923670839266, "mean_number_swaps": 0.32142857142857145, "drone_utilization": 0.2857142857142857, "total_number_parcel_handover": 4, "mean_number_parcel_handover": 0.8, "execution_time": 17.819824934005737}