{"completion_time": 11816.429418326301, "mean_schedule_time": 6232.277181500236, "mean_flight_time": 5992.277181500236, "mean_swap_time": 240.0, "mean_idle_time": 0.0, "mean_delivery_time": 4495.200862127002, "mean_schedule_distance": 41945.94027050164, "mean_schedule_energy": 3.4802315360846974, "mean_number_swaps": 4.0, "drone_utilization": 1.0, "total_number_parcel_handover": 0, "mean_number_parcel_handover": 0.0, "execution_time": 36.69675064086914}