{"completion_time": 5683.978263082866, "mean_schedule_time": 2379.2533666066142, "mean_flight_time": 2304.2533666066147, "mean_swap_time": 75.0, "mean_idle_time": -4.547473508864641e-13, "mean_delivery_time": 3806.805386570583, "mean_schedule_distance": 16129.773566246298, "mean_schedule_energy": 1.3139320261829754, "mean_number_swaps": 1.25, "drone_utilization": 0.625, "total_number_parcel_handover": 0, "mean_number_parcel_handover": 0.0, "execution_time": 1.2125155925750732}