{"completion_time": 1567.5580994461345, "mean_delivery_time": 1447.4548053551762, "total_distance": 65455.26805171462, "consumed_energy": 4.7419033224855855, "execution_time": 0.023233413696289062}