{"completion_time": 4445.74795061449, "mean_schedule_time": 1223.7376769212535, "mean_flight_time": 1005.0421305859907, "mean_swap_time": 26.0, "mean_idle_time": 192.69554633526286, "mean_delivery_time": 2851.1279505143093, "mean_schedule_distance": 7035.2949141019335, "mean_schedule_energy": 0.6212348443535358, "mean_number_swaps": 0.43333333333333335, "drone_utilization": 0.43333333333333335, "total_number_parcel_handover": 4, "mean_number_parcel_handover": 0.4, "execution_time": 59.12707161903381}