{"completion_time": 5029.856563801966, "mean_schedule_time": 2738.138021035914, "mean_flight_time": 2537.2125061651764, "mean_swap_time": 90.0, "mean_idle_time": 110.92551487073752, "mean_delivery_time": 3835.9296923682996, "mean_schedule_distance": 17760.487543156232, "mean_schedule_energy": 1.4797084513671999, "mean_number_swaps": 1.5, "drone_utilization": 0.7, "execution_time": 51.51904916763306}