{"completion_time": 4149.3319431768, "mean_delivery_time": 2255.769270403513, "total_distance": 531493.8561416854, "consumed_energy": 45.1283965304584, "execution_time": 5.65997052192688}