{"completion_time": 14954.980725481224, "mean_schedule_time": 14651.612317871706, "mean_flight_time": 14051.612317871708, "mean_swap_time": 600.0, "mean_idle_time": -1.8189894035458565e-12, "mean_delivery_time": 8230.861746913091, "mean_schedule_distance": 98361.28622510195, "mean_schedule_energy": 7.428691587472063, "mean_number_swaps": 10.0, "drone_utilization": 1.0, "total_number_parcel_handover": 0, "mean_number_parcel_handover": 0.0, "execution_time": 200.92090320587158}