{"completion_time": 13453.549108638312, "mean_schedule_time": 12228.118549143932, "mean_flight_time": 11738.118549143932, "mean_swap_time": 490.0, "mean_idle_time": 0.0, "mean_delivery_time": 7045.16492034758, "mean_schedule_distance": 82166.82984400749, "mean_schedule_energy": 6.728469083140936, "mean_number_swaps": 8.166666666666666, "drone_utilization": 1.0, "execution_time": 67.31362223625183}