{"completion_time": 17142.274360073883, "mean_schedule_time": 16898.259696981946, "mean_flight_time": 15666.406860292573, "mean_swap_time": 660.0, "mean_idle_time": 571.8528366893734, "mean_delivery_time": 8936.601807835765, "mean_schedule_distance": 109664.84802204797, "mean_schedule_energy": 8.878610318435362, "mean_number_swaps": 11.0, "drone_utilization": 1.0, "execution_time": 4171.127218008041}