{"completion_time": 7467.045659771751, "mean_schedule_time": 6973.360994688897, "mean_flight_time": 6709.360994688897, "mean_swap_time": 264.0, "mean_idle_time": 0.0, "mean_delivery_time": 5195.900367179142, "mean_schedule_distance": 46965.52696282229, "mean_schedule_energy": 3.7469193692781575, "mean_number_swaps": 4.4, "drone_utilization": 1.0, "execution_time": 94.17465806007385}