{"completion_time": 7246.498384269667, "mean_schedule_time": 2556.971771838653, "mean_flight_time": 1901.9141711246132, "mean_swap_time": 63.0, "mean_idle_time": 592.0576007140396, "mean_delivery_time": 4069.2011373568844, "mean_schedule_distance": 13313.399197872295, "mean_schedule_energy": 1.1921077547867127, "mean_number_swaps": 1.05, "drone_utilization": 0.65, "execution_time": 219.1291744709015}