{"completion_time": 4059.4778780906963, "mean_schedule_time": 1131.2811898318694, "mean_flight_time": 867.3665868783135, "mean_swap_time": 20.0, "mean_idle_time": 243.9146029535559, "mean_delivery_time": 2863.4716553481653, "mean_schedule_distance": 6071.566108148195, "mean_schedule_energy": 0.46304911289811784, "mean_number_swaps": 0.3333333333333333, "drone_utilization": 0.4, "execution_time": 8.295998334884644}