{"completion_time": 2380.498282746818, "execution_time": 0.7115342617034912}