{"completion_time": 9718.155366310728, "mean_schedule_time": 6753.568414872714, "mean_flight_time": 5227.778323778384, "mean_swap_time": 202.5, "mean_idle_time": 1323.29009109433, "mean_delivery_time": 5725.404175149925, "mean_schedule_distance": 36594.44826644868, "mean_schedule_energy": 3.07184434675365, "mean_number_swaps": 3.375, "drone_utilization": 1.0, "execution_time": 44.65310072898865}