{"completion_time": 4047.1674332463303, "mean_delivery_time": 2357.372157342252, "total_distance": 623235.3939010471, "consumed_energy": 51.62332524943538, "execution_time": 904.3042502403259}