{"completion_time": 5647.855084465286, "mean_schedule_time": 4483.302641525739, "mean_flight_time": 4171.301762312978, "mean_swap_time": 165.0, "mean_idle_time": 147.000879212761, "mean_delivery_time": 4053.502836229267, "mean_schedule_distance": 29199.112336190836, "mean_schedule_energy": 2.49033668040618, "mean_number_swaps": 2.75, "drone_utilization": 1.0, "execution_time": 511.6087284088135}