{"completion_time": 4451.129258552601, "mean_schedule_time": 2880.2901784679775, "mean_flight_time": 2617.88142456316, "mean_swap_time": 60.0, "mean_idle_time": 202.40875390481733, "mean_delivery_time": 2873.227300210519, "mean_schedule_distance": 18325.169971942127, "mean_schedule_energy": 1.3443873469353982, "mean_number_swaps": 1.0, "drone_utilization": 1.0, "execution_time": 2.5464723110198975}