{"completion_time": 5892.530965282433, "mean_schedule_time": 3521.070266242658, "mean_flight_time": 3098.277994609063, "mean_swap_time": 102.0, "mean_idle_time": 320.79227163359474, "mean_delivery_time": 3882.4355139971153, "mean_schedule_distance": 21687.945962263446, "mean_schedule_energy": 1.8372573085461723, "mean_number_swaps": 1.7, "drone_utilization": 0.9, "execution_time": 22.437872648239136}