{"completion_time": 3567.139219316344, "mean_schedule_time": 1102.7480820448523, "mean_flight_time": 936.6462719431311, "mean_swap_time": 21.0, "mean_idle_time": 145.10181010172118, "mean_delivery_time": 2858.2355511790615, "mean_schedule_distance": 6556.523903601917, "mean_schedule_energy": 0.573968755196075, "mean_number_swaps": 0.35, "drone_utilization": 0.45, "execution_time": 17.915366172790527}