{"completion_time": 9422.792007552653, "mean_schedule_time": 9343.276126144758, "mean_flight_time": 8663.48070546749, "mean_swap_time": 300.0, "mean_idle_time": 379.79542067726834, "mean_delivery_time": 6444.447182068516, "mean_schedule_distance": 60644.36493827244, "mean_schedule_energy": 4.523274442030661, "mean_number_swaps": 5.0, "drone_utilization": 1.0, "total_number_parcel_handover": 1, "mean_number_parcel_handover": 0.2, "execution_time": 2.409912347793579}