{"completion_time": 4961.322200535827, "mean_schedule_time": 453.1362836527585, "mean_flight_time": 441.13628365275855, "mean_swap_time": 12.0, "mean_idle_time": -5.684341886080802e-14, "mean_delivery_time": 2718.817701916551, "mean_schedule_distance": 3087.9539855693097, "mean_schedule_energy": 0.25713759066707176, "mean_number_swaps": 0.2, "drone_utilization": 0.16666666666666666, "total_number_parcel_handover": 0, "mean_number_parcel_handover": 0.0, "execution_time": 4.117253065109253}