{"completion_time": 4613.345902469695, "mean_schedule_time": 1042.4580060060825, "mean_flight_time": 909.3614317611768, "mean_swap_time": 20.0, "mean_idle_time": 113.0965742449057, "mean_delivery_time": 2926.2979238886624, "mean_schedule_distance": 6365.530022328238, "mean_schedule_energy": 0.47741011025124536, "mean_number_swaps": 0.3333333333333333, "drone_utilization": 0.3888888888888889, "execution_time": 5.187578916549683}