{"completion_time": 6142.09131202545, "mean_schedule_time": 2329.168344738758, "mean_flight_time": 2241.168344738758, "mean_swap_time": 88.0, "mean_idle_time": 0.0, "mean_delivery_time": 3493.7525171081375, "mean_schedule_distance": 15688.178413171312, "mean_schedule_energy": 1.4150460790531731, "mean_number_swaps": 1.4666666666666666, "drone_utilization": 0.6666666666666666, "execution_time": 6.932239532470703}