{"completion_time": 5119.177604589886, "mean_schedule_time": 2418.658805685313, "mean_flight_time": 2129.5154841815224, "mean_swap_time": 60.0, "mean_idle_time": 229.1433215037905, "mean_delivery_time": 3652.990241789988, "mean_schedule_distance": 14906.60838927066, "mean_schedule_energy": 1.2437891193576391, "mean_number_swaps": 1.0, "drone_utilization": 0.6666666666666666, "total_number_parcel_handover": 4, "mean_number_parcel_handover": 0.4, "execution_time": 101.82431411743164}