{"completion_time": 7652.284957442287, "mean_schedule_time": 4084.619027393508, "mean_flight_time": 3433.4996936655725, "mean_swap_time": 117.6, "mean_idle_time": 533.5193337279356, "mean_delivery_time": 4609.067133959844, "mean_schedule_distance": 24034.49785565899, "mean_schedule_energy": 2.002984110035439, "mean_number_swaps": 1.96, "drone_utilization": 0.88, "execution_time": 5315.333446979523}