{"completion_time": 7722.009174748777, "mean_schedule_time": 2082.729934490419, "mean_flight_time": 1143.1298333901495, "mean_swap_time": 36.0, "mean_idle_time": 903.6001011002695, "mean_delivery_time": 7127.965411698791, "mean_schedule_distance": 8001.908833731048, "mean_schedule_energy": 0.6116384868713688, "mean_number_swaps": 0.6, "drone_utilization": 0.3, "execution_time": 1.2855942249298096}