{"completion_time": 4777.264859515193, "mean_schedule_time": 2989.6316777795314, "mean_flight_time": 2897.6316777795314, "mean_swap_time": 92.0, "mean_idle_time": 0.0, "mean_delivery_time": 2995.763441687688, "mean_schedule_distance": 20283.421744456715, "mean_schedule_energy": 1.6705060321866922, "mean_number_swaps": 1.5333333333333334, "drone_utilization": 0.9333333333333333, "execution_time": 162.8968803882599}