{"completion_time": 1136.5581766324544, "execution_time": 0.42258191108703613}