{"completion_time": 4860.3196844380645, "mean_schedule_time": 1745.637421138288, "mean_flight_time": 1695.6374211382874, "mean_swap_time": 50.0, "mean_idle_time": 4.547473508864641e-13, "mean_delivery_time": 2793.0198738212607, "mean_schedule_distance": 11869.461947968017, "mean_schedule_energy": 0.9952729815026332, "mean_number_swaps": 0.8333333333333334, "drone_utilization": 0.625, "total_number_parcel_handover": 0, "mean_number_parcel_handover": 0.0, "execution_time": 18.40575671195984}