{"completion_time": 5992.894618888648, "mean_schedule_time": 5044.1073723945165, "mean_flight_time": 4278.3381035484435, "mean_swap_time": 138.0, "mean_idle_time": 627.7692688460729, "mean_delivery_time": 4671.876597181001, "mean_schedule_distance": 29948.36672483912, "mean_schedule_energy": 2.436998711533844, "mean_number_swaps": 2.3, "drone_utilization": 1.0, "execution_time": 123.32938885688782}