{"completion_time": 6945.295216534366, "mean_delivery_time": 3274.5262962569786, "total_distance": 697531.6265923221, "consumed_energy": 59.39882969839411, "execution_time": 27.747048139572144}