{"completion_time": 2975.327626985344, "mean_delivery_time": 2063.997016915159, "total_distance": 383155.4034500161, "consumed_energy": 31.42621185129088, "execution_time": 2123.100818634033}