{"completion_time": 1627.5580994461345, "execution_time": 0.007683992385864258}