{"completion_time": 6839.084774955858, "mean_schedule_time": 2946.2211925686397, "mean_flight_time": 2858.2211925686393, "mean_swap_time": 88.0, "mean_idle_time": 4.547473508864641e-13, "mean_delivery_time": 3156.6655634663994, "mean_schedule_distance": 20007.548347980483, "mean_schedule_energy": 1.6196027888544369, "mean_number_swaps": 1.4666666666666666, "drone_utilization": 0.9333333333333333, "execution_time": 10.604675054550171}