{"completion_time": 1072.4492592884355, "execution_time": 0.0020737648010253906}