{"completion_time": 1198.471133410168, "mean_delivery_time": 830.3452206157095, "total_distance": 64133.49803902277, "consumed_energy": 6.095460493000399, "execution_time": 0.029833555221557617}