{"completion_time": 7501.089906633217, "mean_schedule_time": 4995.162912783988, "mean_flight_time": 4296.790097944447, "mean_swap_time": 147.69230769230768, "mean_idle_time": 550.6805071472336, "mean_delivery_time": 4820.38779567908, "mean_schedule_distance": 30077.530685611127, "mean_schedule_energy": 2.451437376464382, "mean_number_swaps": 2.4615384615384617, "drone_utilization": 1.0, "total_number_parcel_handover": 18, "mean_number_parcel_handover": 0.72, "execution_time": 7528.011615037918}