{"completion_time": 10573.350616460424, "mean_schedule_time": 9269.052932747025, "mean_flight_time": 8246.472402821468, "mean_swap_time": 336.0, "mean_idle_time": 686.5805299255571, "mean_delivery_time": 6431.558808521234, "mean_schedule_distance": 57725.30681975031, "mean_schedule_energy": 4.801204259708468, "mean_number_swaps": 5.6, "drone_utilization": 1.0, "execution_time": 1103.7921855449677}