{"completion_time": 2366.6729512348475, "mean_delivery_time": 1797.7106087496813, "total_distance": 290045.1380812445, "consumed_energy": 23.693563938989474, "execution_time": 188.8983917236328}