{"completion_time": 4673.345902469695, "mean_schedule_time": 3206.404443368627, "mean_flight_time": 2762.334648392805, "mean_swap_time": 80.0, "mean_idle_time": 364.06979497582233, "mean_delivery_time": 3500.4212174993627, "mean_schedule_distance": 19336.34253874963, "mean_schedule_energy": 1.579570929265965, "mean_number_swaps": 1.3333333333333333, "drone_utilization": 0.9333333333333333, "execution_time": 292.00917053222656}