{"completion_time": 8784.932003175016, "mean_schedule_time": 7985.473582407695, "mean_flight_time": 7592.3632179078095, "mean_swap_time": 306.0, "mean_idle_time": 87.11036449988569, "mean_delivery_time": 5415.396282355035, "mean_schedule_distance": 53146.54252535466, "mean_schedule_energy": 4.388465342509281, "mean_number_swaps": 5.1, "drone_utilization": 1.0, "execution_time": 590.5346117019653}