{"completion_time": 5255.646148983431, "mean_schedule_time": 2340.42206583296, "mean_flight_time": 2115.7054751425308, "mean_swap_time": 57.857142857142854, "mean_idle_time": 166.8594478332866, "mean_delivery_time": 3785.808397791331, "mean_schedule_distance": 14809.93832599771, "mean_schedule_energy": 1.213270944972512, "mean_number_swaps": 0.9642857142857143, "drone_utilization": 0.6428571428571429, "execution_time": 805.6744623184204}