{"completion_time": 7830.97721244573, "mean_schedule_time": 6248.641715320692, "mean_flight_time": 5102.375245891841, "mean_swap_time": 192.0, "mean_idle_time": 954.2664694288515, "mean_delivery_time": 5516.943176728533, "mean_schedule_distance": 35716.62672124288, "mean_schedule_energy": 2.947295603094538, "mean_number_swaps": 3.2, "drone_utilization": 1.0, "execution_time": 294.03508138656616}