{"completion_time": 38740.28930505678, "mean_schedule_time": 38618.858880173044, "mean_flight_time": 36878.85888017304, "mean_swap_time": 1740.0, "mean_idle_time": 7.275957614183426e-12, "mean_delivery_time": 17198.144041623975, "mean_schedule_distance": 258152.01216121126, "mean_schedule_energy": 20.880869605388, "mean_number_swaps": 29.0, "drone_utilization": 1.0, "total_number_parcel_handover": 1, "mean_number_parcel_handover": 0.05, "execution_time": 54.49489665031433}