{"completion_time": 13334.96358983932, "mean_schedule_time": 10769.004587084568, "mean_flight_time": 10289.004587084566, "mean_swap_time": 480.0, "mean_idle_time": 1.8189894035458565e-12, "mean_delivery_time": 6224.826130429358, "mean_schedule_distance": 72023.03210959196, "mean_schedule_energy": 5.937010710884448, "mean_number_swaps": 8.0, "drone_utilization": 1.0, "total_number_parcel_handover": 0, "mean_number_parcel_handover": 0.0, "execution_time": 0.3309056758880615}