{"completion_time": 25771.64367797948, "mean_schedule_time": 23741.17334666995, "mean_flight_time": 22661.17334666995, "mean_swap_time": 1080.0, "mean_idle_time": 0.0, "mean_delivery_time": 10734.016520131278, "mean_schedule_distance": 158628.21342668973, "mean_schedule_energy": 13.43593977567513, "mean_number_swaps": 18.0, "drone_utilization": 1.0, "total_number_parcel_handover": 0, "mean_number_parcel_handover": 0.0, "execution_time": 10.686841011047363}