{"completion_time": 8988.262764986728, "mean_schedule_time": 2111.895438726536, "mean_flight_time": 1352.5644435655174, "mean_swap_time": 40.0, "mean_idle_time": 719.3309951610188, "mean_delivery_time": 3747.683681295001, "mean_schedule_distance": 9467.951104958624, "mean_schedule_energy": 0.8234043913681872, "mean_number_swaps": 0.6666666666666666, "drone_utilization": 0.5, "execution_time": 1479.154102563858}