{"completion_time": 2064.9627158969834, "mean_delivery_time": 1408.1914755751236, "total_distance": 186226.8065805173, "consumed_energy": 15.261800900944841, "execution_time": 15.823850393295288}