{"completion_time": 2050.1191703257473, "mean_delivery_time": 1599.6798689282805, "total_distance": 143769.88731033495, "consumed_energy": 11.09729442947151, "execution_time": 50.14857268333435}