{"completion_time": 9059.93139928697, "mean_schedule_time": 8597.147180158336, "mean_flight_time": 8249.14718015834, "mean_swap_time": 348.0, "mean_idle_time": -3.637978807091713e-12, "mean_delivery_time": 5728.473175317514, "mean_schedule_distance": 57744.030261108346, "mean_schedule_energy": 4.778068291650815, "mean_number_swaps": 5.8, "drone_utilization": 1.0, "execution_time": 1501.608695268631}