{"completion_time": 3868.3043220920445, "mean_delivery_time": 2122.022921537427, "total_distance": 582748.8524476652, "consumed_energy": 51.71262990398896, "execution_time": 4272.150520563126}