{"completion_time": 13008.894272188754, "mean_schedule_time": 12869.579905942335, "mean_flight_time": 11955.05352327462, "mean_swap_time": 540.0, "mean_idle_time": 374.52638266771464, "mean_delivery_time": 7195.726136906071, "mean_schedule_distance": 83685.37466292233, "mean_schedule_energy": 6.937301846607077, "mean_number_swaps": 9.0, "drone_utilization": 1.0, "total_number_parcel_handover": 7, "mean_number_parcel_handover": 0.35, "execution_time": 1719.2710528373718}