{"completion_time": 6833.328388386348, "mean_delivery_time": 3642.968484746889, "total_distance": 490450.92604367377, "consumed_energy": 40.927104058605444, "execution_time": 610.9105668067932}