{"completion_time": 3231.8259662010573, "mean_delivery_time": 1899.958723984666, "total_distance": 123757.11067892662, "consumed_energy": 11.483057238836091, "execution_time": 1.425659418106079}