{"completion_time": 9152.036464292687, "mean_schedule_time": 8552.66487334621, "mean_flight_time": 8124.425235418384, "mean_swap_time": 320.0, "mean_idle_time": 108.23963792782524, "mean_delivery_time": 5939.515869982631, "mean_schedule_distance": 56870.976647928655, "mean_schedule_energy": 4.452682174491542, "mean_number_swaps": 5.333333333333333, "drone_utilization": 1.0, "execution_time": 1255.7083687782288}