{"completion_time": 7966.091280447773, "mean_schedule_time": 6809.959277345656, "mean_flight_time": 6314.558871886484, "mean_swap_time": 246.0, "mean_idle_time": 249.40040545917236, "mean_delivery_time": 4852.842926346293, "mean_schedule_distance": 44201.91210320538, "mean_schedule_energy": 3.481098987361219, "mean_number_swaps": 4.1, "drone_utilization": 1.0, "execution_time": 178.71983432769775}