{"completion_time": 2892.4941627698545, "mean_schedule_time": 302.44491945021355, "mean_flight_time": 296.01634802164216, "mean_swap_time": 6.428571428571429, "mean_idle_time": -5.684341886080802e-14, "mean_delivery_time": 1693.6915489211958, "mean_schedule_distance": 2072.114436151495, "mean_schedule_energy": 0.18304859409623053, "mean_number_swaps": 0.10714285714285714, "drone_utilization": 0.17857142857142858, "execution_time": 4.246998310089111}