{"completion_time": 6849.345344286206, "mean_schedule_time": 5034.63232931683, "mean_flight_time": 4849.39674254507, "mean_swap_time": 162.0, "mean_idle_time": 23.2355867717597, "mean_delivery_time": 4381.882454231311, "mean_schedule_distance": 33945.77719781546, "mean_schedule_energy": 2.6959643372367, "mean_number_swaps": 2.7, "drone_utilization": 1.0, "execution_time": 369.611234664917}