{"completion_time": 40557.079000829515, "mean_schedule_time": 38263.888135418034, "mean_flight_time": 36433.88813541803, "mean_swap_time": 1830.0, "mean_idle_time": 7.275957614183426e-12, "mean_delivery_time": 17776.388769555644, "mean_schedule_distance": 255037.21694792624, "mean_schedule_energy": 21.835988306129543, "mean_number_swaps": 30.5, "drone_utilization": 1.0, "execution_time": 3.9001104831695557}