{"completion_time": 24268.770862382942, "mean_schedule_time": 21242.648081894695, "mean_flight_time": 20366.64808189469, "mean_swap_time": 876.0, "mean_idle_time": 3.637978807091713e-12, "mean_delivery_time": 10808.849257897306, "mean_schedule_distance": 142566.53657326294, "mean_schedule_energy": 11.408433385908673, "mean_number_swaps": 14.6, "drone_utilization": 1.0, "execution_time": 8.996467113494873}