{"completion_time": 2887.7055677057806, "mean_delivery_time": 1825.7130596112827, "total_distance": 277908.0740173491, "consumed_energy": 24.15585334166384, "execution_time": 941.1739268302917}