{"completion_time": 7605.155242057946, "mean_schedule_time": 4917.417764867451, "mean_flight_time": 3891.0983893223784, "mean_swap_time": 147.5, "mean_idle_time": 878.819375545073, "mean_delivery_time": 5074.541997515159, "mean_schedule_distance": 27237.68872525662, "mean_schedule_energy": 2.303085068374395, "mean_number_swaps": 2.4583333333333335, "drone_utilization": 0.9166666666666666, "execution_time": 941.1122651100159}