{"completion_time": 11856.881910108614, "mean_schedule_time": 10782.158039250822, "mean_flight_time": 9754.30356338046, "mean_swap_time": 408.0, "mean_idle_time": 619.8544758703629, "mean_delivery_time": 6137.556088375265, "mean_schedule_distance": 68280.12494366324, "mean_schedule_energy": 5.589902264229748, "mean_number_swaps": 6.8, "drone_utilization": 1.0, "execution_time": 553.9414367675781}