{"completion_time": 7767.567910396114, "mean_schedule_time": 1110.3927446409382, "mean_flight_time": 1077.3927446409386, "mean_swap_time": 33.0, "mean_idle_time": -4.547473508864641e-13, "mean_delivery_time": 2775.9818616023454, "mean_schedule_distance": 7541.749212486569, "mean_schedule_energy": 0.6697855513069101, "mean_number_swaps": 0.55, "drone_utilization": 0.4, "execution_time": 6.868345737457275}