{"completion_time": 9334.212672687643, "mean_schedule_time": 6275.440263384382, "mean_flight_time": 5206.011800744157, "mean_swap_time": 196.8, "mean_idle_time": 872.6284626402248, "mean_delivery_time": 5651.240313189485, "mean_schedule_distance": 36442.082605209114, "mean_schedule_energy": 3.0782961679193086, "mean_number_swaps": 3.28, "drone_utilization": 1.0, "execution_time": 12042.900401830673}