{"completion_time": 14534.79394939113, "mean_schedule_time": 8867.995425647261, "mean_flight_time": 8477.995425647265, "mean_swap_time": 390.0, "mean_idle_time": -3.637978807091713e-12, "mean_delivery_time": 5477.0082946737775, "mean_schedule_distance": 59345.96797953082, "mean_schedule_energy": 5.233587449483778, "mean_number_swaps": 6.5, "drone_utilization": 1.0, "execution_time": 25.054874897003174}