{"completion_time": 6796.567824991414, "mean_schedule_time": 3143.1971063548403, "mean_flight_time": 3036.833469991204, "mean_swap_time": 106.36363636363636, "mean_idle_time": 0.0, "mean_delivery_time": 3514.59053504264, "mean_schedule_distance": 21257.83428993842, "mean_schedule_energy": 1.8290742324681692, "mean_number_swaps": 1.7727272727272727, "drone_utilization": 0.8636363636363636, "execution_time": 40.866743326187134}