{"completion_time": 8002.062699512952, "mean_schedule_time": 1245.9179411081604, "mean_flight_time": 1205.9179411081607, "mean_swap_time": 40.0, "mean_idle_time": -2.2737367544323206e-13, "mean_delivery_time": 3737.7538233244813, "mean_schedule_distance": 8441.425587757125, "mean_schedule_energy": 0.6997162527914248, "mean_number_swaps": 0.6666666666666666, "drone_utilization": 0.3333333333333333, "execution_time": 10.702445268630981}