{"completion_time": 2579.2242280184983, "mean_delivery_time": 2191.5705928390053, "total_distance": 362287.1198220229, "consumed_energy": 27.945283859911502, "execution_time": 89.48915767669678}