{"completion_time": 19991.65535317221, "mean_schedule_time": 13213.158990556529, "mean_flight_time": 12673.15899055653, "mean_swap_time": 540.0, "mean_idle_time": -1.8189894035458565e-12, "mean_delivery_time": 7702.250833210594, "mean_schedule_distance": 88712.11293389565, "mean_schedule_energy": 7.269732043400969, "mean_number_swaps": 9.0, "drone_utilization": 1.0, "execution_time": 24.23715043067932}