{"completion_time": 2986.6721138492667, "mean_delivery_time": 1988.104939645788, "total_distance": 464415.2186606144, "consumed_energy": 37.8468340264697, "execution_time": 1010.0224575996399}