{"completion_time": 5793.344227698533, "mean_schedule_time": 4400.2505384990955, "mean_flight_time": 4013.6855115435737, "mean_swap_time": 138.75, "mean_idle_time": 247.81502695552172, "mean_delivery_time": 3895.7804704018445, "mean_schedule_distance": 28095.79858080503, "mean_schedule_energy": 2.3099033606865094, "mean_number_swaps": 2.3125, "drone_utilization": 1.0, "execution_time": 1163.124481678009}