{"completion_time": 8972.951734148905, "mean_schedule_time": 4219.479730088253, "mean_flight_time": 3160.9697501213022, "mean_swap_time": 103.2, "mean_idle_time": 955.3099799669508, "mean_delivery_time": 5284.608462008563, "mean_schedule_distance": 22126.788250849117, "mean_schedule_energy": 1.7954900006250247, "mean_number_swaps": 1.72, "drone_utilization": 0.8, "execution_time": 318.457715511322}