{"completion_time": 4224.104571464138, "mean_schedule_time": 679.191444240159, "mean_flight_time": 631.5147999717467, "mean_swap_time": 16.153846153846153, "mean_idle_time": 31.522798114566058, "mean_delivery_time": 3126.961790157812, "mean_schedule_distance": 4420.603599802226, "mean_schedule_energy": 0.3873008797832255, "mean_number_swaps": 0.2692307692307692, "drone_utilization": 0.23076923076923078, "execution_time": 20.726993083953857}