{"completion_time": 9125.64420662852, "mean_schedule_time": 8320.58530383767, "mean_flight_time": 6711.069628091503, "mean_swap_time": 270.0, "mean_idle_time": 1339.5156757461673, "mean_delivery_time": 6506.602648984197, "mean_schedule_distance": 46977.48739664053, "mean_schedule_energy": 3.920426480551799, "mean_number_swaps": 4.5, "drone_utilization": 1.0, "execution_time": 18500.679055452347}