{"completion_time": 8594.439396539105, "mean_schedule_time": 3297.9810951409754, "mean_flight_time": 3183.9810951409754, "mean_swap_time": 114.0, "mean_idle_time": 0.0, "mean_delivery_time": 4122.476368926219, "mean_schedule_distance": 22287.867665986832, "mean_schedule_energy": 1.7798066977208429, "mean_number_swaps": 1.9, "drone_utilization": 0.8, "execution_time": 3.254801034927368}