{"completion_time": 5242.266564016443, "mean_schedule_time": 1263.747401391483, "mean_flight_time": 1042.4366276614624, "mean_swap_time": 30.0, "mean_idle_time": 191.31077373002063, "mean_delivery_time": 4033.010913085568, "mean_schedule_distance": 7297.056393630238, "mean_schedule_energy": 0.581432841282988, "mean_number_swaps": 0.5, "drone_utilization": 0.35, "total_number_parcel_handover": 4, "mean_number_parcel_handover": 0.8, "execution_time": 11.795158863067627}