{"completion_time": 8820.666391672168, "mean_schedule_time": 8033.06176558606, "mean_flight_time": 7702.937285998696, "mean_swap_time": 312.0, "mean_idle_time": 18.124479587363567, "mean_delivery_time": 6128.345318012815, "mean_schedule_distance": 53920.56100199088, "mean_schedule_energy": 4.365247604611545, "mean_number_swaps": 5.2, "drone_utilization": 1.0, "execution_time": 17.581072568893433}