{"1": [], "2": [{"x": 5, "y": 3, "a": 2, "tau": 947.0672721022482}], "3": [{"x": 9, "y": 15, "a": 3, "tau": 731.4138599273707}], "4": [], "5": [{"x": 1, "y": 5, "a": 4, "tau": 1298.8722981442902}], "6": [], "7": [], "8": [], "9": [{"x": 3, "y": 1, "a": 1, "tau": 1029.9136013732234}], "10": [], "11": [], "12": [], "13": [], "14": [], "15": [], "16": [], "17": [], "18": [], "19": [], "20": [], "21": [], "22": [], "23": [], "24": [], "25": []}