{"completion_time": 3673.303982713324, "mean_schedule_time": 1409.8364948724793, "mean_flight_time": 1110.9748178599032, "mean_swap_time": 25.0, "mean_idle_time": 273.86167701257614, "mean_delivery_time": 2426.2582851689303, "mean_schedule_distance": 7776.823725019322, "mean_schedule_energy": 0.7139942415662625, "mean_number_swaps": 0.4166666666666667, "drone_utilization": 0.5833333333333334, "execution_time": 12.675897121429443}