{"completion_time": 23149.365733025123, "mean_schedule_time": 22373.74696175169, "mean_flight_time": 21413.746961751694, "mean_swap_time": 960.0, "mean_idle_time": -3.637978807091713e-12, "mean_delivery_time": 10371.524205139218, "mean_schedule_distance": 149896.22873226184, "mean_schedule_energy": 11.585979364304729, "mean_number_swaps": 16.0, "drone_utilization": 1.0, "total_number_parcel_handover": 1, "mean_number_parcel_handover": 0.06666666666666667, "execution_time": 137.25279927253723}