{"completion_time": 4981.292069274667, "mean_schedule_time": 3472.504244159946, "mean_flight_time": 2784.1655312252947, "mean_swap_time": 81.81818181818181, "mean_idle_time": 606.5205311164696, "mean_delivery_time": 3999.9895633193178, "mean_schedule_distance": 19489.158718577066, "mean_schedule_energy": 1.6039687616269815, "mean_number_swaps": 1.3636363636363635, "drone_utilization": 0.8636363636363636, "execution_time": 3944.860134124756}