{"completion_time": 6568.556102654361, "mean_schedule_time": 5585.823806823889, "mean_flight_time": 4977.041483195311, "mean_swap_time": 172.5, "mean_idle_time": 436.2823236285776, "mean_delivery_time": 3962.5516638622375, "mean_schedule_distance": 34839.290382367195, "mean_schedule_energy": 2.8618629516827894, "mean_number_swaps": 2.875, "drone_utilization": 1.0, "execution_time": 137.13753390312195}