{"completion_time": 3989.27570696154, "mean_schedule_time": 424.32908470100034, "mean_flight_time": 393.3377032478975, "mean_swap_time": 8.0, "mean_idle_time": 22.99138145310286, "mean_delivery_time": 2046.5437407372387, "mean_schedule_distance": 2753.3639227352824, "mean_schedule_energy": 0.24199739517355562, "mean_number_swaps": 0.13333333333333333, "drone_utilization": 0.2, "total_number_parcel_handover": 3, "mean_number_parcel_handover": 0.6, "execution_time": 68.03038763999939}