{"completion_time": 6804.987085495268, "mean_schedule_time": 3417.220372214285, "mean_flight_time": 3300.220372214285, "mean_swap_time": 117.0, "mean_idle_time": 0.0, "mean_delivery_time": 3456.359440886711, "mean_schedule_distance": 23101.542605500006, "mean_schedule_energy": 2.02678070970818, "mean_number_swaps": 1.95, "drone_utilization": 0.95, "total_number_parcel_handover": 0, "mean_number_parcel_handover": 0.0, "execution_time": 25.257212162017822}