{"completion_time": 22300.05924240448, "mean_schedule_time": 22031.636157094967, "mean_flight_time": 21047.00410160379, "mean_swap_time": 948.0, "mean_idle_time": 36.63205549117629, "mean_delivery_time": 11283.926759443731, "mean_schedule_distance": 147329.02871122662, "mean_schedule_energy": 11.948770361074029, "mean_number_swaps": 15.8, "drone_utilization": 1.0, "execution_time": 325.9969325065613}