{"completion_time": 5642.572082514274, "mean_schedule_time": 4909.183010034948, "mean_flight_time": 4469.122614594388, "mean_swap_time": 134.4, "mean_idle_time": 305.66039544056, "mean_delivery_time": 4622.146091829287, "mean_schedule_distance": 31283.858302160705, "mean_schedule_energy": 2.3889072132915126, "mean_number_swaps": 2.24, "drone_utilization": 1.0, "execution_time": 5748.000389099121}