{"completion_time": 6582.619414593257, "mean_schedule_time": 2979.3523097373904, "mean_flight_time": 2528.3468291077884, "mean_swap_time": 80.0, "mean_idle_time": 371.00548062960206, "mean_delivery_time": 4419.241513081473, "mean_schedule_distance": 17698.427803754523, "mean_schedule_energy": 1.4815750322472299, "mean_number_swaps": 1.3333333333333333, "drone_utilization": 0.7222222222222222, "execution_time": 331.4176549911499}