{"completion_time": 7606.498384269667, "mean_schedule_time": 2100.1017474248974, "mean_flight_time": 2022.1017474248977, "mean_swap_time": 78.0, "mean_idle_time": 0.0, "mean_delivery_time": 4200.203494849795, "mean_schedule_distance": 14154.712231974287, "mean_schedule_energy": 1.2835336218021014, "mean_number_swaps": 1.3, "drone_utilization": 0.5, "execution_time": 8.458030462265015}