{"completion_time": 10329.020237760169, "mean_schedule_time": 2654.4542510752826, "mean_flight_time": 2557.531174152206, "mean_swap_time": 96.92307692307692, "mean_idle_time": -4.547473508864641e-13, "mean_delivery_time": 3653.2438640968794, "mean_schedule_distance": 17902.718219065435, "mean_schedule_energy": 1.6248016932618807, "mean_number_swaps": 1.6153846153846154, "drone_utilization": 0.6923076923076923, "execution_time": 45.110958099365234}