{"completion_time": 5404.5101188800845, "mean_delivery_time": 1891.1219320484397, "total_distance": 465470.67369570135, "consumed_energy": 42.2448440248089, "execution_time": 39.01837372779846}