{"completion_time": 8708.12284190831, "mean_schedule_time": 7496.311600005223, "mean_flight_time": 6637.2119142047495, "mean_swap_time": 262.5, "mean_idle_time": 596.5996858004737, "mean_delivery_time": 5669.02637024087, "mean_schedule_distance": 46460.48339943332, "mean_schedule_energy": 3.9568305238386587, "mean_number_swaps": 4.375, "drone_utilization": 1.0, "execution_time": 486.09773230552673}