{"completion_time": 2940.6107833690403, "mean_delivery_time": 1882.2455496023892, "total_distance": 494130.605920316, "consumed_energy": 40.15061430663628, "execution_time": 4452.831201076508}