{"completion_time": 11857.268618776046, "mean_schedule_time": 8770.999761580244, "mean_flight_time": 8434.999761580244, "mean_swap_time": 336.0, "mean_idle_time": 0.0, "mean_delivery_time": 5086.29692936827, "mean_schedule_distance": 59044.9983310617, "mean_schedule_energy": 4.764752686993995, "mean_number_swaps": 5.6, "drone_utilization": 1.0, "execution_time": 5.6441333293914795}