{"completion_time": 16290.091033517818, "mean_schedule_time": 15828.869985339732, "mean_flight_time": 15180.869985339737, "mean_swap_time": 648.0, "mean_idle_time": -5.4569682106375694e-12, "mean_delivery_time": 7848.462532509913, "mean_schedule_distance": 106266.08989737811, "mean_schedule_energy": 8.43669332019722, "mean_number_swaps": 10.8, "drone_utilization": 1.0, "execution_time": 217.5797815322876}