{"completion_time": 4597.142093231204, "mean_schedule_time": 3066.6151126456593, "mean_flight_time": 2963.757969788516, "mean_swap_time": 102.85714285714286, "mean_idle_time": 4.547473508864641e-13, "mean_delivery_time": 3123.0768591086717, "mean_schedule_distance": 20746.305788519614, "mean_schedule_energy": 1.7558281513082865, "mean_number_swaps": 1.7142857142857142, "drone_utilization": 0.9285714285714286, "execution_time": 119.20671319961548}