{"completion_time": 4998.962996527383, "mean_schedule_time": 2304.1669078087025, "mean_flight_time": 2053.0984470986996, "mean_swap_time": 72.85714285714286, "mean_idle_time": 178.21131785286025, "mean_delivery_time": 3539.211078662509, "mean_schedule_distance": 14371.689129690896, "mean_schedule_energy": 1.3103508266807407, "mean_number_swaps": 1.2142857142857142, "drone_utilization": 0.5714285714285714, "total_number_parcel_handover": 2, "mean_number_parcel_handover": 0.2, "execution_time": 74.31478571891785}