{"completion_time": 20783.54651158918, "mean_schedule_time": 20632.758030119872, "mean_flight_time": 19768.758030119883, "mean_swap_time": 864.0, "mean_idle_time": -1.0913936421275139e-11, "mean_delivery_time": 10289.800198116642, "mean_schedule_distance": 138381.3062108391, "mean_schedule_energy": 11.128593048371899, "mean_number_swaps": 14.4, "drone_utilization": 1.0, "execution_time": 202.85215210914612}