{"completion_time": 5020.884897146764, "mean_schedule_time": 1693.9336264659366, "mean_flight_time": 1395.4684593526079, "mean_swap_time": 43.2, "mean_idle_time": 255.26516711332874, "mean_delivery_time": 2927.9001567866185, "mean_schedule_distance": 9768.279215468256, "mean_schedule_energy": 0.8504208254507994, "mean_number_swaps": 0.72, "drone_utilization": 0.56, "execution_time": 80.53863883018494}