{"completion_time": 1223.9325699145559, "execution_time": 7.135570526123047}