{"completion_time": 1223.9325699145477, "execution_time": 4.236529111862183}