{"completion_time": 5655.235259517608, "mean_schedule_time": 2992.261057949527, "mean_flight_time": 2895.4904788102535, "mean_swap_time": 92.5, "mean_idle_time": 4.27057913927365, "mean_delivery_time": 3714.9046116655786, "mean_schedule_distance": 20268.433351671778, "mean_schedule_energy": 1.6727887752097033, "mean_number_swaps": 1.5416666666666667, "drone_utilization": 0.7916666666666666, "execution_time": 433.9121141433716}