{"completion_time": 24384.82174076388, "mean_schedule_time": 19463.090067942798, "mean_flight_time": 18611.090067942812, "mean_swap_time": 852.0, "mean_idle_time": -1.4551915228366852e-11, "mean_delivery_time": 9251.554053251917, "mean_schedule_distance": 130277.63047559962, "mean_schedule_energy": 10.860438260818938, "mean_number_swaps": 14.2, "drone_utilization": 1.0, "execution_time": 16.108983278274536}