{"completion_time": 12825.891018726525, "mean_schedule_time": 12132.769801920245, "mean_flight_time": 11403.556543251605, "mean_swap_time": 472.5, "mean_idle_time": 256.71325866864026, "mean_delivery_time": 7266.168920415675, "mean_schedule_distance": 79824.89580276127, "mean_schedule_energy": 6.344087182352106, "mean_number_swaps": 7.875, "drone_utilization": 1.0, "total_number_parcel_handover": 7, "mean_number_parcel_handover": 0.35, "execution_time": 5697.367357969284}