{"completion_time": 922.6872738037266, "execution_time": 0.00030350685119628906}