{"completion_time": 7830.97721244573, "mean_schedule_time": 4721.450090435565, "mean_flight_time": 3795.4869896226896, "mean_swap_time": 129.0, "mean_idle_time": 796.9631008128749, "mean_delivery_time": 4739.535167297236, "mean_schedule_distance": 26568.408927358825, "mean_schedule_energy": 2.2042877175918663, "mean_number_swaps": 2.15, "drone_utilization": 1.0, "execution_time": 1815.313779592514}