{"completion_time": 5579.693811741619, "mean_schedule_time": 4865.446125167275, "mean_flight_time": 4360.339931482893, "mean_swap_time": 150.0, "mean_idle_time": 355.10619368438165, "mean_delivery_time": 4195.096506182492, "mean_schedule_distance": 30522.379520380255, "mean_schedule_energy": 2.468702004888332, "mean_number_swaps": 2.5, "drone_utilization": 1.0, "total_number_parcel_handover": 3, "mean_number_parcel_handover": 0.3, "execution_time": 74.30794978141785}