{"completion_time": 4491.703161931449, "mean_schedule_time": 760.3866295944275, "mean_flight_time": 672.2058692808922, "mean_swap_time": 15.0, "mean_idle_time": 73.1807603135353, "mean_delivery_time": 3057.993158704063, "mean_schedule_distance": 4705.441084966246, "mean_schedule_energy": 0.389759246365165, "mean_number_swaps": 0.25, "drone_utilization": 0.25, "execution_time": 6.424641847610474}