{"completion_time": 5262.598516705744, "mean_delivery_time": 2047.9176429504641, "total_distance": 526116.4597234201, "consumed_energy": 41.71862541340944, "execution_time": 8.18609881401062}