{"completion_time": 1819.416654676339, "execution_time": 7200.110796928406}