{"completion_time": 7286.706326862419, "mean_schedule_time": 3438.6468345683866, "mean_flight_time": 3322.6468345683866, "mean_swap_time": 116.0, "mean_idle_time": 0.0, "mean_delivery_time": 3204.347976282872, "mean_schedule_distance": 23258.527841978706, "mean_schedule_energy": 2.1411332726653196, "mean_number_swaps": 1.9333333333333333, "drone_utilization": 0.9333333333333333, "execution_time": 17.948490142822266}