{"completion_time": 11684.697205717759, "mean_schedule_time": 6146.190304566675, "mean_flight_time": 5912.190304566677, "mean_swap_time": 234.0, "mean_idle_time": -1.8189894035458565e-12, "mean_delivery_time": 4569.8753311168875, "mean_schedule_distance": 41385.33213196673, "mean_schedule_energy": 3.2976943705267905, "mean_number_swaps": 3.9, "drone_utilization": 1.0, "execution_time": 11.744515419006348}