{"completion_time": 5761.5630650784115, "mean_delivery_time": 3524.7958531014237, "total_distance": 689134.8076773722, "consumed_energy": 59.497599323797175, "execution_time": 951.7684762477875}