{"completion_time": 10557.11954582827, "mean_schedule_time": 10340.160163223065, "mean_flight_time": 9876.481982597306, "mean_swap_time": 450.0, "mean_idle_time": 13.678180625758614, "mean_delivery_time": 6607.023846057653, "mean_schedule_distance": 69135.37387818117, "mean_schedule_energy": 5.962374235286155, "mean_number_swaps": 7.5, "drone_utilization": 1.0, "execution_time": 989.7547633647919}