{"completion_time": 13276.412923902311, "mean_schedule_time": 12662.92689213207, "mean_flight_time": 11951.119684097635, "mean_swap_time": 522.0, "mean_idle_time": 189.80720803443546, "mean_delivery_time": 7246.978145547894, "mean_schedule_distance": 83657.83778868342, "mean_schedule_energy": 6.925701747392658, "mean_number_swaps": 8.7, "drone_utilization": 1.0, "execution_time": 10279.131482839584}