{"completion_time": 7004.879497697551, "mean_delivery_time": 3823.4710042082606, "total_distance": 839564.54701539, "consumed_energy": 69.33434996172372, "execution_time": 4379.433081626892}