{"completion_time": 14276.60380754933, "mean_schedule_time": 6373.497196334069, "mean_flight_time": 6127.497196334069, "mean_swap_time": 246.0, "mean_idle_time": 0.0, "mean_delivery_time": 4718.803015987677, "mean_schedule_distance": 42892.480374338484, "mean_schedule_energy": 3.7210892919374423, "mean_number_swaps": 4.1, "drone_utilization": 1.0, "execution_time": 11.916052103042603}