{"completion_time": 8204.134068501555, "mean_schedule_time": 2977.1605418138165, "mean_flight_time": 2870.0176846709596, "mean_swap_time": 107.14285714285714, "mean_idle_time": -4.547473508864641e-13, "mean_delivery_time": 4168.024758539343, "mean_schedule_distance": 20090.123792696715, "mean_schedule_energy": 1.7519042763012351, "mean_number_swaps": 1.7857142857142858, "drone_utilization": 0.7142857142857143, "total_number_parcel_handover": 0, "mean_number_parcel_handover": 0.0, "execution_time": 5.512692928314209}