{"completion_time": 3947.8325750320955, "mean_schedule_time": 954.329707572864, "mean_flight_time": 912.8463156820009, "mean_swap_time": 20.0, "mean_idle_time": 21.483391890863118, "mean_delivery_time": 2996.133584355547, "mean_schedule_distance": 6389.924209774006, "mean_schedule_energy": 0.4706369611777493, "mean_number_swaps": 0.3333333333333333, "drone_utilization": 0.3333333333333333, "execution_time": 9.611764192581177}