{"completion_time": 1851.7267707746942, "mean_delivery_time": 1559.6031549969732, "total_distance": 76468.08105663848, "consumed_energy": 5.842652475507483, "execution_time": 11.199639558792114}