{"completion_time": 8983.794543211983, "mean_schedule_time": 8676.368310980466, "mean_flight_time": 8246.025890755936, "mean_swap_time": 345.0, "mean_idle_time": 85.34242022452963, "mean_delivery_time": 6198.41715553694, "mean_schedule_distance": 57722.181235291566, "mean_schedule_energy": 4.693294956329684, "mean_number_swaps": 5.75, "drone_utilization": 1.0, "execution_time": 292.62208676338196}