{"completion_time": 5242.266564016443, "mean_schedule_time": 3782.574812758361, "mean_flight_time": 3410.710691605566, "mean_swap_time": 105.0, "mean_idle_time": 266.8641211527952, "mean_delivery_time": 4006.0256735498115, "mean_schedule_distance": 23874.974841238964, "mean_schedule_energy": 1.838954396856574, "mean_number_swaps": 1.75, "drone_utilization": 0.95, "execution_time": 453.11471462249756}