{"completion_time": 10597.173144511584, "mean_schedule_time": 10311.383703550158, "mean_flight_time": 9903.38370355016, "mean_swap_time": 408.0, "mean_idle_time": -1.8189894035458565e-12, "mean_delivery_time": 6697.953800485735, "mean_schedule_distance": 69323.68592485112, "mean_schedule_energy": 5.645296624668302, "mean_number_swaps": 6.8, "drone_utilization": 1.0, "execution_time": 943.4731225967407}