{"completion_time": 6480.536112224208, "mean_schedule_time": 3022.2887614056585, "mean_flight_time": 2932.2887614056585, "mean_swap_time": 90.0, "mean_idle_time": 0.0, "mean_delivery_time": 3825.598391000551, "mean_schedule_distance": 20526.02132983961, "mean_schedule_energy": 1.6418050195532639, "mean_number_swaps": 1.5, "drone_utilization": 0.6666666666666666, "execution_time": 0.8499102592468262}