{"completion_time": 10075.772977503944, "mean_schedule_time": 8702.518789103367, "mean_flight_time": 8283.760557909047, "mean_swap_time": 330.0, "mean_idle_time": 88.75823119432062, "mean_delivery_time": 5938.0427640661665, "mean_schedule_distance": 57986.323905363366, "mean_schedule_energy": 4.827723993056708, "mean_number_swaps": 5.5, "drone_utilization": 1.0, "execution_time": 555.7420785427094}