{"completion_time": 39211.41052275222, "mean_schedule_time": 37290.28506513672, "mean_flight_time": 35640.285065136704, "mean_swap_time": 1650.0, "mean_idle_time": 1.4551915228366852e-11, "mean_delivery_time": 16385.383449229757, "mean_schedule_distance": 249481.995455957, "mean_schedule_energy": 20.52245996104106, "mean_number_swaps": 27.5, "drone_utilization": 1.0, "execution_time": 4.498521089553833}