{"completion_time": 4563.644751991586, "mean_delivery_time": 3044.3710126651517, "total_distance": 493768.53215720656, "consumed_energy": 40.24557645692961, "execution_time": 313.70740246772766}