{"completion_time": 1413.803447749854, "execution_time": 7200.030907869339}