{"completion_time": 3766.49536828512, "mean_delivery_time": 2241.7420134350377, "total_distance": 193362.4448032077, "consumed_energy": 15.38591546837578, "execution_time": 57.38467836380005}