{"completion_time": 7472.99073657024, "mean_schedule_time": 3783.1152841913427, "mean_flight_time": 2698.3909624751523, "mean_swap_time": 84.0, "mean_idle_time": 1000.7243217161904, "mean_delivery_time": 4383.4840268700755, "mean_schedule_distance": 18888.736737326068, "mean_schedule_energy": 1.5117410822578958, "mean_number_swaps": 1.4, "drone_utilization": 0.8, "execution_time": 84.807865858078}