{"completion_time": 5486.975432076453, "mean_schedule_time": 3059.3217096158373, "mean_flight_time": 2553.2126910798434, "mean_swap_time": 90.0, "mean_idle_time": 416.109018535994, "mean_delivery_time": 3881.0459007105333, "mean_schedule_distance": 17872.488837558903, "mean_schedule_energy": 1.4761984751519641, "mean_number_swaps": 1.5, "drone_utilization": 0.7857142857142857, "total_number_parcel_handover": 7, "mean_number_parcel_handover": 0.7, "execution_time": 370.16053915023804}