{"completion_time": 3231.8259662010573, "mean_delivery_time": 1571.2016170390375, "total_distance": 164214.5811083722, "consumed_energy": 16.623145665706414, "execution_time": 5.067728757858276}