{"completion_time": 14786.357392755066, "mean_schedule_time": 12460.144747165781, "mean_flight_time": 11910.144747165776, "mean_swap_time": 550.0, "mean_idle_time": 5.4569682106375694e-12, "mean_delivery_time": 6805.056742384326, "mean_schedule_distance": 83371.0132301605, "mean_schedule_energy": 7.407775485738491, "mean_number_swaps": 9.166666666666666, "drone_utilization": 1.0, "execution_time": 11.061378717422485}