{"completion_time": 12131.08728996703, "mean_delivery_time": 6365.347633602913, "total_distance": 304672.58293999045, "consumed_energy": 26.29367322959667, "execution_time": 88.86039018630981}