{"completion_time": 10972.28604199875, "mean_schedule_time": 4263.015245999932, "mean_flight_time": 4119.015245999933, "mean_swap_time": 144.0, "mean_idle_time": -9.094947017729282e-13, "mean_delivery_time": 4220.013608030355, "mean_schedule_distance": 28833.10672199951, "mean_schedule_energy": 2.4232319222055465, "mean_number_swaps": 2.4, "drone_utilization": 0.96, "execution_time": 47.780800104141235}