{"completion_time": 32421.130129437955, "mean_schedule_time": 26108.095443837527, "mean_flight_time": 24908.095443837516, "mean_swap_time": 1200.0, "mean_idle_time": 1.0913936421275139e-11, "mean_delivery_time": 12047.500399816714, "mean_schedule_distance": 174356.66810686275, "mean_schedule_energy": 14.922014509593236, "mean_number_swaps": 20.0, "drone_utilization": 1.0, "execution_time": 13.487966775894165}