{"completion_time": 11165.27539749458, "mean_delivery_time": 5283.05265343169, "total_distance": 557699.2273309833, "consumed_energy": 46.261368100017194, "execution_time": 877.6141500473022}