{"completion_time": 6311.2138185844, "mean_schedule_time": 4331.761054475619, "mean_flight_time": 3600.393640505453, "mean_swap_time": 132.0, "mean_idle_time": 599.3674139701661, "mean_delivery_time": 4049.967073761739, "mean_schedule_distance": 25202.755483538156, "mean_schedule_energy": 2.13493147719245, "mean_number_swaps": 2.2, "drone_utilization": 1.0, "execution_time": 98.09586358070374}