{"completion_time": 6997.967795139055, "mean_schedule_time": 4888.922318837172, "mean_flight_time": 4411.587664733214, "mean_swap_time": 180.0, "mean_idle_time": 297.3346541039573, "mean_delivery_time": 4189.45043875813, "mean_schedule_distance": 30881.113653132506, "mean_schedule_energy": 2.7141926028858765, "mean_number_swaps": 3.0, "drone_utilization": 1.0, "total_number_parcel_handover": 7, "mean_number_parcel_handover": 0.28, "execution_time": 271.8185143470764}