{"completion_time": 8334.898277785314, "mean_schedule_time": 7935.686446245322, "mean_flight_time": 7474.856936118404, "mean_swap_time": 288.0, "mean_idle_time": 172.82951012691865, "mean_delivery_time": 5562.27859570949, "mean_schedule_distance": 52323.99855282884, "mean_schedule_energy": 4.147425583135414, "mean_number_swaps": 4.8, "drone_utilization": 1.0, "execution_time": 2696.8078882694244}