{"completion_time": 4362.877424791825, "mean_delivery_time": 2912.833574755195, "total_distance": 779694.8255963975, "consumed_energy": 62.09568974578521, "execution_time": 1168.213846206665}