{"completion_time": 5152.608660385484, "mean_schedule_time": 2247.0464591400614, "mean_flight_time": 1734.7658148051732, "mean_swap_time": 56.0, "mean_idle_time": 456.28064433488817, "mean_delivery_time": 3248.650685009458, "mean_schedule_distance": 12143.360703636214, "mean_schedule_energy": 1.1236749081414457, "mean_number_swaps": 0.9333333333333333, "drone_utilization": 0.6666666666666666, "execution_time": 122.91923546791077}