{"completion_time": 6804.987085495268, "mean_schedule_time": 3181.2823460138643, "mean_flight_time": 3070.2823460138643, "mean_swap_time": 111.0, "mean_idle_time": 0.0, "mean_delivery_time": 3578.2460163181004, "mean_schedule_distance": 21491.97642209706, "mean_schedule_energy": 1.8970787960618218, "mean_number_swaps": 1.85, "drone_utilization": 0.85, "execution_time": 21.03672218322754}