{"completion_time": 3063.553193885299, "mean_delivery_time": 2161.6230637859226, "total_distance": 266661.1396774104, "consumed_energy": 22.937611933927606, "execution_time": 39.920636892318726}