{"completion_time": 5887.106387770598, "mean_schedule_time": 5133.6698855432305, "mean_flight_time": 4756.9046422065185, "mean_swap_time": 180.0, "mean_idle_time": 196.76524333671205, "mean_delivery_time": 4318.042655461504, "mean_schedule_distance": 33298.332495445626, "mean_schedule_energy": 2.871690337436105, "mean_number_swaps": 3.0, "drone_utilization": 1.0, "total_number_parcel_handover": 4, "mean_number_parcel_handover": 0.4, "execution_time": 54.84861445426941}