{"completion_time": 4040.5392170918744, "mean_schedule_time": 2111.4794050237533, "mean_flight_time": 1835.3096421025002, "mean_swap_time": 48.0, "mean_idle_time": 228.1697629212531, "mean_delivery_time": 3272.1073130926825, "mean_schedule_distance": 12847.167494717507, "mean_schedule_energy": 1.0603362065562942, "mean_number_swaps": 0.8, "drone_utilization": 0.7, "total_number_parcel_handover": 8, "mean_number_parcel_handover": 0.8, "execution_time": 570.2410778999329}