{"completion_time": 2080.2696085459374, "mean_delivery_time": 1678.0536565463412, "total_distance": 256943.34989435013, "consumed_energy": 21.206724131125885, "execution_time": 413.31609320640564}