{"completion_time": 4891.307939423916, "mean_schedule_time": 3163.828482064893, "mean_flight_time": 2837.5743350087846, "mean_swap_time": 90.0, "mean_idle_time": 236.2541470561082, "mean_delivery_time": 3236.191552201396, "mean_schedule_distance": 19863.020345061497, "mean_schedule_energy": 1.6541526189129867, "mean_number_swaps": 1.5, "drone_utilization": 0.9545454545454546, "execution_time": 202.7633056640625}