{"completion_time": 6211.841311931644, "mean_schedule_time": 2618.3788702444085, "mean_flight_time": 2362.2974692887155, "mean_swap_time": 83.57142857142857, "mean_idle_time": 172.50997238426453, "mean_delivery_time": 3520.3614694778503, "mean_schedule_distance": 16536.082285021, "mean_schedule_energy": 1.4629461373977748, "mean_number_swaps": 1.3928571428571428, "drone_utilization": 0.7142857142857143, "total_number_parcel_handover": 4, "mean_number_parcel_handover": 0.2, "execution_time": 303.2612771987915}