{"completion_time": 7679.513833161006, "mean_schedule_time": 4046.6861474187367, "mean_flight_time": 2751.607298945026, "mean_swap_time": 80.0, "mean_idle_time": 1215.0788484737109, "mean_delivery_time": 4303.139517269819, "mean_schedule_distance": 19261.25109261518, "mean_schedule_energy": 1.5604512123104506, "mean_number_swaps": 1.3333333333333333, "drone_utilization": 0.8666666666666667, "execution_time": 723.9610552787781}