{"completion_time": 9065.64420662852, "mean_schedule_time": 4703.025047892113, "mean_flight_time": 4088.6691602392393, "mean_swap_time": 150.0, "mean_idle_time": 464.3558876528741, "mean_delivery_time": 4616.083199203225, "mean_schedule_distance": 28620.68412167469, "mean_schedule_energy": 2.4390444502295137, "mean_number_swaps": 2.5, "drone_utilization": 0.9615384615384616, "total_number_parcel_handover": 12, "mean_number_parcel_handover": 0.48, "execution_time": 6613.171411752701}