{"completion_time": 7162.68856633494, "mean_schedule_time": 3674.681457018819, "mean_flight_time": 3118.39017590768, "mean_swap_time": 103.2, "mean_idle_time": 453.0912811111393, "mean_delivery_time": 4028.1030876921495, "mean_schedule_distance": 21828.731231353762, "mean_schedule_energy": 1.8111532728308877, "mean_number_swaps": 1.72, "drone_utilization": 0.88, "execution_time": 4096.193835020065}