{"completion_time": 8661.566034546348, "mean_schedule_time": 7137.987333363075, "mean_flight_time": 6696.135609150957, "mean_swap_time": 270.0, "mean_idle_time": 171.85172421211792, "mean_delivery_time": 5557.931056528348, "mean_schedule_distance": 46872.94926405675, "mean_schedule_energy": 3.903506591100078, "mean_number_swaps": 4.5, "drone_utilization": 1.0, "execution_time": 1619.258145570755}