{"completion_time": 5456.957175341133, "mean_schedule_time": 4261.495936838171, "mean_flight_time": 4082.223636855289, "mean_swap_time": 137.14285714285714, "mean_idle_time": 42.12944284002424, "mean_delivery_time": 4200.533735091711, "mean_schedule_distance": 28575.565457987017, "mean_schedule_energy": 2.2425528513667077, "mean_number_swaps": 2.2857142857142856, "drone_utilization": 0.9285714285714286, "execution_time": 786.3676564693451}