{"completion_time": 2805.9876152375155, "mean_delivery_time": 2205.185385741212, "total_distance": 404628.57839257945, "consumed_energy": 31.703699751791444, "execution_time": 645.7598814964294}