{"completion_time": 4371.61058172224, "mean_delivery_time": 2569.921578579992, "total_distance": 423884.54232558736, "consumed_energy": 35.20282711613244, "execution_time": 1558.983336687088}