{"completion_time": 9533.567470501028, "mean_schedule_time": 8387.594052351538, "mean_flight_time": 8051.59405235154, "mean_swap_time": 336.0, "mean_idle_time": -1.8189894035458565e-12, "mean_delivery_time": 5504.116362144386, "mean_schedule_distance": 56361.15836646074, "mean_schedule_energy": 4.566707784773432, "mean_number_swaps": 5.6, "drone_utilization": 1.0, "execution_time": 245.82449197769165}