{"completion_time": 2639.731016366589, "execution_time": 0.09778809547424316}