{"completion_time": 5311.994994681943, "mean_schedule_time": 1161.5538415102058, "mean_flight_time": 989.3192658249127, "mean_swap_time": 21.0, "mean_idle_time": 151.23457568529307, "mean_delivery_time": 3598.1687615067362, "mean_schedule_distance": 6925.234860774387, "mean_schedule_energy": 0.49126525240903485, "mean_number_swaps": 0.35, "drone_utilization": 0.35, "total_number_parcel_handover": 2, "mean_number_parcel_handover": 0.4, "execution_time": 18.603004693984985}