{"completion_time": 6371.2138185844, "mean_schedule_time": 5127.0682213611, "mean_flight_time": 4652.02481463251, "mean_swap_time": 186.0, "mean_idle_time": 289.0434067285896, "mean_delivery_time": 4693.811408256476, "mean_schedule_distance": 32564.173702427564, "mean_schedule_energy": 2.7549404398559667, "mean_number_swaps": 3.1, "drone_utilization": 1.0, "execution_time": 175.70875906944275}