{"completion_time": 7467.567910396114, "mean_schedule_time": 2840.9452231681066, "mean_flight_time": 2220.396220699432, "mean_swap_time": 69.0, "mean_idle_time": 551.5490024686746, "mean_delivery_time": 3549.062370541442, "mean_schedule_distance": 15542.773544896021, "mean_schedule_energy": 1.3202157393764897, "mean_number_swaps": 1.15, "drone_utilization": 0.75, "execution_time": 766.4935991764069}