{"completion_time": 3763.783955198057, "mean_delivery_time": 1817.0311852707207, "total_distance": 318638.30572903, "consumed_energy": 26.87128487739638, "execution_time": 546.3190107345581}