{"completion_time": 8841.29713999143, "mean_schedule_time": 7710.506502107267, "mean_flight_time": 7315.444051175156, "mean_swap_time": 270.0, "mean_idle_time": 125.06245093211055, "mean_delivery_time": 5523.436168569912, "mean_schedule_distance": 51208.10835822608, "mean_schedule_energy": 4.0643288739949215, "mean_number_swaps": 4.5, "drone_utilization": 1.0, "execution_time": 320.6257920265198}