{"completion_time": 2390.6611002679133, "mean_delivery_time": 1156.360262377277, "total_distance": 184173.67846985385, "consumed_energy": 15.60058077605813, "execution_time": 53.764803647994995}