{"completion_time": 2050.1191703257473, "mean_delivery_time": 1588.5570896880856, "total_distance": 59426.78310203762, "consumed_energy": 4.366737063238058, "execution_time": 6.977831602096558}