{"completion_time": 4100.238340651495, "mean_schedule_time": 618.8962250134612, "mean_flight_time": 424.47702215741157, "mean_swap_time": 3.0, "mean_idle_time": 191.4192028560496, "mean_delivery_time": 3177.1141793761713, "mean_schedule_distance": 2971.339155101881, "mean_schedule_energy": 0.2183368531619029, "mean_number_swaps": 0.05, "drone_utilization": 0.25, "execution_time": 6.598031997680664}