{"completion_time": 2142.8963288054542, "mean_delivery_time": 1618.989458423752, "total_distance": 235916.57932032662, "consumed_energy": 18.962492477905474, "execution_time": 78.7574532032013}