{"completion_time": 4285.7926576109085, "mean_schedule_time": 2069.0823699887496, "mean_flight_time": 1872.353804129576, "mean_swap_time": 46.666666666666664, "mean_idle_time": 150.06189919250687, "mean_delivery_time": 3165.978916847504, "mean_schedule_distance": 13106.476628907034, "mean_schedule_energy": 1.053471804328082, "mean_number_swaps": 0.7777777777777778, "drone_utilization": 0.6666666666666666, "execution_time": 96.87650632858276}