{"completion_time": 5338.899959633207, "mean_schedule_time": 2207.1894329085076, "mean_flight_time": 1860.8756092513768, "mean_swap_time": 62.30769230769231, "mean_idle_time": 284.0061313494384, "mean_delivery_time": 3400.8226688648606, "mean_schedule_distance": 13026.129264759631, "mean_schedule_energy": 1.1272536434594604, "mean_number_swaps": 1.0384615384615385, "drone_utilization": 0.6538461538461539, "total_number_parcel_handover": 6, "mean_number_parcel_handover": 0.4, "execution_time": 453.52724957466125}