{"completion_time": 5684.200363209749, "mean_delivery_time": 1959.4593815420471, "total_distance": 618440.071509204, "consumed_energy": 55.199096644629314, "execution_time": 54.19782853126526}