{"completion_time": 9792.929121086041, "mean_schedule_time": 9425.707814749427, "mean_flight_time": 7352.6810156755855, "mean_swap_time": 310.0, "mean_idle_time": 1763.0267990738412, "mean_delivery_time": 6582.151412909149, "mean_schedule_distance": 51468.767109729095, "mean_schedule_energy": 4.090213382921193, "mean_number_swaps": 5.166666666666667, "drone_utilization": 1.0, "total_number_parcel_handover": 5, "mean_number_parcel_handover": 0.5, "execution_time": 727.2473633289337}