{"completion_time": 11591.330411712908, "mean_schedule_time": 5815.5518305436435, "mean_flight_time": 5596.5518305436435, "mean_swap_time": 219.0, "mean_idle_time": 0.0, "mean_delivery_time": 5263.410681356915, "mean_schedule_distance": 39175.862813805485, "mean_schedule_energy": 3.330284434601082, "mean_number_swaps": 3.65, "drone_utilization": 1.0, "execution_time": 32.08552312850952}