{"completion_time": 15269.676967767818, "mean_schedule_time": 14904.622547160372, "mean_flight_time": 13910.184110306982, "mean_swap_time": 615.0, "mean_idle_time": 379.43843685339016, "mean_delivery_time": 8277.674985285423, "mean_schedule_distance": 97371.28877214892, "mean_schedule_energy": 8.207131504833255, "mean_number_swaps": 10.25, "drone_utilization": 1.0, "execution_time": 6012.890966892242}