{"completion_time": 7280.613027599845, "mean_schedule_time": 1744.3981686434086, "mean_flight_time": 1689.1981686434085, "mean_swap_time": 55.2, "mean_idle_time": 0.0, "mean_delivery_time": 3634.1628513404344, "mean_schedule_distance": 11824.387180503856, "mean_schedule_energy": 1.060829700876871, "mean_number_swaps": 0.92, "drone_utilization": 0.48, "execution_time": 12.481205463409424}