{"completion_time": 4406.332630742512, "mean_delivery_time": 2137.8076034061523, "total_distance": 359598.8727074046, "consumed_energy": 28.83537110073609, "execution_time": 12.922448635101318}