{"completion_time": 8512.665261485025, "mean_schedule_time": 5317.126752962921, "mean_flight_time": 5137.12675296292, "mean_swap_time": 180.0, "mean_idle_time": 9.094947017729282e-13, "mean_delivery_time": 4151.615206812305, "mean_schedule_distance": 35959.88727074046, "mean_schedule_energy": 2.883537110073609, "mean_number_swaps": 3.0, "drone_utilization": 1.0, "execution_time": 12.30515193939209}