{"completion_time": 3135.920655965822, "mean_delivery_time": 1837.3977504478873, "total_distance": 467866.10477018176, "consumed_energy": 40.03580745401166, "execution_time": 194.9468274116516}