{"completion_time": 12563.847977034515, "mean_schedule_time": 9009.934720607369, "mean_flight_time": 8625.93472060737, "mean_swap_time": 384.0, "mean_idle_time": -1.8189894035458565e-12, "mean_delivery_time": 5639.040680195189, "mean_schedule_distance": 60381.54304425158, "mean_schedule_energy": 5.058605444461255, "mean_number_swaps": 6.4, "drone_utilization": 1.0, "execution_time": 27.78277015686035}