{"completion_time": 475.92453247487674, "execution_time": 0.000640869140625}