{"completion_time": 5429.705232424876, "mean_schedule_time": 2814.940102715958, "mean_flight_time": 2522.524286115384, "mean_swap_time": 79.2, "mean_idle_time": 213.21581660057427, "mean_delivery_time": 3282.97415683869, "mean_schedule_distance": 17657.670002807685, "mean_schedule_energy": 1.520493262185579, "mean_number_swaps": 1.32, "drone_utilization": 0.84, "execution_time": 878.154613494873}