{"completion_time": 2284.308553990494, "mean_delivery_time": 1630.1896885459569, "total_distance": 62317.09392859704, "consumed_energy": 4.805526494606376, "execution_time": 4.1976587772369385}