{"completion_time": 3989.27570696154, "mean_schedule_time": 1912.382727391425, "mean_flight_time": 1657.6246007494688, "mean_swap_time": 47.142857142857146, "mean_idle_time": 207.6152694990992, "mean_delivery_time": 2750.4772043407324, "mean_schedule_distance": 11603.37220524628, "mean_schedule_energy": 1.0262048278015687, "mean_number_swaps": 0.7857142857142857, "drone_utilization": 0.6428571428571429, "total_number_parcel_handover": 3, "mean_number_parcel_handover": 0.3, "execution_time": 42.26901960372925}