{"completion_time": 5341.946540659917, "mean_schedule_time": 1798.509695920445, "mean_flight_time": 1743.5096959204448, "mean_swap_time": 55.0, "mean_idle_time": 2.2737367544323206e-13, "mean_delivery_time": 2877.615513472712, "mean_schedule_distance": 12204.567871443112, "mean_schedule_energy": 1.0242693779169587, "mean_number_swaps": 0.9166666666666666, "drone_utilization": 0.625, "total_number_parcel_handover": 0, "mean_number_parcel_handover": 0.0, "execution_time": 28.00437569618225}