{"completion_time": 5405.1778062164785, "mean_schedule_time": 3439.8176815231636, "mean_flight_time": 3084.7386496280374, "mean_swap_time": 105.0, "mean_idle_time": 250.07903189512626, "mean_delivery_time": 3871.132246584063, "mean_schedule_distance": 21593.170547396257, "mean_schedule_energy": 1.7947429652844913, "mean_number_swaps": 1.75, "drone_utilization": 0.9, "execution_time": 275.0907859802246}