{"completion_time": 10583.908439939543, "mean_schedule_time": 9821.40804885257, "mean_flight_time": 8143.269603055509, "mean_swap_time": 348.0, "mean_idle_time": 1330.1384457970616, "mean_delivery_time": 6887.12147650539, "mean_schedule_distance": 57002.88722138859, "mean_schedule_energy": 4.746753164740728, "mean_number_swaps": 5.8, "drone_utilization": 1.0, "execution_time": 8841.480467557907}