{"completion_time": 9944.315328072315, "mean_schedule_time": 9586.909032889535, "mean_flight_time": 9199.009756520802, "mean_swap_time": 372.0, "mean_idle_time": 15.899276368732899, "mean_delivery_time": 6422.370612537942, "mean_schedule_distance": 64393.0682956456, "mean_schedule_energy": 5.036196872217061, "mean_number_swaps": 6.2, "drone_utilization": 1.0, "execution_time": 192.00751447677612}