{"completion_time": 3899.517073661902, "mean_schedule_time": 1145.7883185559645, "mean_flight_time": 992.2930295418254, "mean_swap_time": 24.0, "mean_idle_time": 129.49528901413908, "mean_delivery_time": 3276.098676943095, "mean_schedule_distance": 6946.051206792778, "mean_schedule_energy": 0.5136109787183369, "mean_number_swaps": 0.4, "drone_utilization": 0.4, "execution_time": 6.455595254898071}