{"completion_time": 9508.563426676923, "mean_schedule_time": 1498.557138591676, "mean_flight_time": 1444.557138591676, "mean_swap_time": 54.0, "mean_idle_time": 0.0, "mean_delivery_time": 3746.39284647919, "mean_schedule_distance": 10111.899970141734, "mean_schedule_energy": 0.9060889607522474, "mean_number_swaps": 0.9, "drone_utilization": 0.4, "execution_time": 6.721729516983032}