{"completion_time": 10158.187578396068, "mean_schedule_time": 5055.86708793791, "mean_flight_time": 4870.867087937911, "mean_swap_time": 185.0, "mean_idle_time": -9.094947017729282e-13, "mean_delivery_time": 4497.1252838020755, "mean_schedule_distance": 34096.069615565386, "mean_schedule_energy": 2.863914227315998, "mean_number_swaps": 3.0833333333333335, "drone_utilization": 1.0, "total_number_parcel_handover": 0, "mean_number_parcel_handover": 0.0, "execution_time": 13.219358444213867}