{"completion_time": 25399.924849372863, "mean_schedule_time": 24642.551702730343, "mean_flight_time": 23358.659425772195, "mean_swap_time": 1092.0, "mean_idle_time": 191.8922769581477, "mean_delivery_time": 11509.278649842936, "mean_schedule_distance": 163510.6159804055, "mean_schedule_energy": 13.873196888577727, "mean_number_swaps": 18.2, "drone_utilization": 1.0, "execution_time": 1357.4503548145294}