{"completion_time": 8917.66350189812, "mean_schedule_time": 5761.128155190163, "mean_flight_time": 5563.128155190161, "mean_swap_time": 198.0, "mean_idle_time": 1.8189894035458565e-12, "mean_delivery_time": 4389.447467332396, "mean_schedule_distance": 38941.89708633114, "mean_schedule_energy": 3.098177027171945, "mean_number_swaps": 3.3, "drone_utilization": 1.0, "execution_time": 13.118598222732544}