{"completion_time": 4668.831750949059, "mean_delivery_time": 2262.223733666198, "total_distance": 389418.97086331144, "consumed_energy": 30.981770271719448, "execution_time": 13.617432355880737}