{"completion_time": 5542.769698206328, "mean_schedule_time": 908.5897922556239, "mean_flight_time": 638.747223990892, "mean_swap_time": 12.0, "mean_idle_time": 257.8425682647319, "mean_delivery_time": 3684.5631393372823, "mean_schedule_distance": 4471.2305679362435, "mean_schedule_energy": 0.31225275909087263, "mean_number_swaps": 0.2, "drone_utilization": 0.24, "execution_time": 67.70150113105774}