{"completion_time": 3010.0872816352958, "mean_schedule_time": 453.8115791797325, "mean_flight_time": 318.9706505992013, "mean_swap_time": 5.454545454545454, "mean_idle_time": 129.3863831259858, "mean_delivery_time": 1996.7709483908232, "mean_schedule_distance": 2232.794554194409, "mean_schedule_energy": 0.20452719079664627, "mean_number_swaps": 0.09090909090909091, "drone_utilization": 0.22727272727272727, "total_number_parcel_handover": 2, "mean_number_parcel_handover": 0.4, "execution_time": 4.815634250640869}