{"completion_time": 11604.698873988902, "mean_schedule_time": 5650.373078617309, "mean_flight_time": 5447.873078617309, "mean_swap_time": 202.5, "mean_idle_time": 0.0, "mean_delivery_time": 5243.432351079294, "mean_schedule_distance": 38135.11155032117, "mean_schedule_energy": 3.1725055389957344, "mean_number_swaps": 3.375, "drone_utilization": 1.0, "total_number_parcel_handover": 0, "mean_number_parcel_handover": 0.0, "execution_time": 3.909890651702881}