{"completion_time": 7887.3262399012865, "mean_schedule_time": 4055.6938558951288, "mean_flight_time": 3911.6938558951297, "mean_swap_time": 144.0, "mean_idle_time": -9.094947017729282e-13, "mean_delivery_time": 3516.0559142767434, "mean_schedule_distance": 27381.856991265908, "mean_schedule_energy": 2.3966600003636183, "mean_number_swaps": 2.4, "drone_utilization": 1.0, "execution_time": 45.67178440093994}