{"completion_time": 5595.235259517608, "mean_schedule_time": 4085.046811647774, "mean_flight_time": 3625.876741153002, "mean_swap_time": 116.25, "mean_idle_time": 342.92007049477206, "mean_delivery_time": 4100.455798231161, "mean_schedule_distance": 25381.137188071, "mean_schedule_energy": 2.029370767933591, "mean_number_swaps": 1.9375, "drone_utilization": 0.9375, "execution_time": 1131.042739391327}