{"completion_time": 15049.09641936724, "mean_schedule_time": 10825.910364115583, "mean_flight_time": 10375.910364115589, "mean_swap_time": 450.0, "mean_idle_time": -5.4569682106375694e-12, "mean_delivery_time": 6552.911645376532, "mean_schedule_distance": 72631.37254880907, "mean_schedule_energy": 6.1489507729099016, "mean_number_swaps": 7.5, "drone_utilization": 1.0, "total_number_parcel_handover": 0, "mean_number_parcel_handover": 0.0, "execution_time": 20.002962112426758}