{"completion_time": 1401.8604404343519, "mean_delivery_time": 1389.5096458163553, "total_distance": 49178.27437962263, "consumed_energy": 4.30816620627326, "execution_time": 7.014344215393066}