{"completion_time": 12385.578394829023, "mean_schedule_time": 11356.936173009342, "mean_flight_time": 10692.479751655485, "mean_swap_time": 450.0, "mean_idle_time": 214.45642135385788, "mean_delivery_time": 7201.676846954087, "mean_schedule_distance": 74847.35826158834, "mean_schedule_energy": 6.022969797378988, "mean_number_swaps": 7.5, "drone_utilization": 1.0, "execution_time": 5684.826924800873}