{"completion_time": 4385.970175302137, "mean_schedule_time": 2152.2410097432744, "mean_flight_time": 1818.1975068118984, "mean_swap_time": 53.333333333333336, "mean_idle_time": 280.71016959804274, "mean_delivery_time": 3525.7678600851204, "mean_schedule_distance": 12727.382547683292, "mean_schedule_energy": 1.0332151496490467, "mean_number_swaps": 0.8888888888888888, "drone_utilization": 0.6111111111111112, "total_number_parcel_handover": 5, "mean_number_parcel_handover": 0.5, "execution_time": 30.574035167694092}