{"completion_time": 7379.662456107746, "mean_schedule_time": 7047.027712674612, "mean_flight_time": 6603.482383428927, "mean_swap_time": 264.0, "mean_idle_time": 179.54532924568502, "mean_delivery_time": 5618.843606716166, "mean_schedule_distance": 46224.37668400249, "mean_schedule_energy": 3.8354090537898706, "mean_number_swaps": 4.4, "drone_utilization": 1.0, "execution_time": 1370.4063322544098}