{"completion_time": 5056.883908924236, "mean_delivery_time": 2363.2512591676473, "total_distance": 225811.51908740672, "consumed_energy": 19.210403859843776, "execution_time": 3.832742691040039}