{"completion_time": 8605.30482839512, "mean_schedule_time": 7142.141121753492, "mean_flight_time": 6849.047872783923, "mean_swap_time": 268.0, "mean_idle_time": 25.093248969569686, "mean_delivery_time": 5113.508241292106, "mean_schedule_distance": 47943.33510948742, "mean_schedule_energy": 3.814334245932107, "mean_number_swaps": 4.466666666666667, "drone_utilization": 1.0, "execution_time": 523.3713603019714}