{"completion_time": 3446.1111707101904, "mean_delivery_time": 2554.433209692886, "total_distance": 502434.45849077264, "consumed_energy": 43.41225781670748, "execution_time": 483.4695038795471}