{"completion_time": 7043.3900663373615, "mean_schedule_time": 5212.804049176305, "mean_flight_time": 4562.979578748147, "mean_swap_time": 176.0, "mean_idle_time": 473.82447042815784, "mean_delivery_time": 4665.808895907658, "mean_schedule_distance": 31940.85705123702, "mean_schedule_energy": 2.7708927720836476, "mean_number_swaps": 2.933333333333333, "drone_utilization": 1.0, "execution_time": 409.7342629432678}