{"completion_time": 5485.566649791343, "mean_schedule_time": 4307.239293719431, "mean_flight_time": 4017.8512279816205, "mean_swap_time": 160.0, "mean_idle_time": 129.3880657378104, "mean_delivery_time": 3876.4741682992712, "mean_schedule_distance": 28124.95859587136, "mean_schedule_energy": 2.545880529719742, "mean_number_swaps": 2.6666666666666665, "drone_utilization": 0.9166666666666666, "execution_time": 291.8677258491516}