{"completion_time": 8579.195197870114, "mean_schedule_time": 7663.561540825363, "mean_flight_time": 7053.750988849677, "mean_swap_time": 282.85714285714283, "mean_idle_time": 326.9534091185433, "mean_delivery_time": 6107.872779303187, "mean_schedule_distance": 49376.256921947686, "mean_schedule_energy": 3.9706306194597185, "mean_number_swaps": 4.714285714285714, "drone_utilization": 1.0, "total_number_parcel_handover": 6, "mean_number_parcel_handover": 0.3, "execution_time": 1451.1787402629852}