{"completion_time": 7679.513833161006, "mean_schedule_time": 5219.983157208418, "mean_flight_time": 4288.500747675082, "mean_swap_time": 153.0, "mean_idle_time": 778.4824095333361, "mean_delivery_time": 4552.711181819314, "mean_schedule_distance": 30019.505233725562, "mean_schedule_energy": 2.575006849484154, "mean_number_swaps": 2.55, "drone_utilization": 1.0, "execution_time": 798.5501472949982}