{"completion_time": 7163.899535234791, "mean_schedule_time": 5013.723169958889, "mean_flight_time": 3708.281500153997, "mean_swap_time": 128.0, "mean_idle_time": 1177.4416698048922, "mean_delivery_time": 4611.757770448718, "mean_schedule_distance": 25957.97050107798, "mean_schedule_energy": 2.2493534013951475, "mean_number_swaps": 2.1333333333333333, "drone_utilization": 1.0, "execution_time": 475.97031021118164}