{"completion_time": 4608.052208762035, "mean_delivery_time": 2952.6170248292037, "total_distance": 561335.0962484711, "consumed_energy": 44.772751639255745, "execution_time": 1510.4785649776459}