{"completion_time": 4568.908225827743, "mean_schedule_time": 3076.401664462118, "mean_flight_time": 2910.683725933455, "mean_swap_time": 84.0, "mean_idle_time": 81.71793852866267, "mean_delivery_time": 3302.812739871259, "mean_schedule_distance": 20374.78608153419, "mean_schedule_energy": 1.625982086141735, "mean_number_swaps": 1.4, "drone_utilization": 0.9333333333333333, "execution_time": 266.4090459346771}