{"completion_time": 10126.02750261909, "mean_schedule_time": 5223.335149150772, "mean_flight_time": 5027.335149150772, "mean_swap_time": 196.0, "mean_idle_time": 0.0, "mean_delivery_time": 3676.8970686846924, "mean_schedule_distance": 35191.3460440554, "mean_schedule_energy": 3.0613077760925353, "mean_number_swaps": 3.2666666666666666, "drone_utilization": 1.0, "execution_time": 35.5682692527771}