{"completion_time": 7402.716341751464, "mean_schedule_time": 2412.6497869866275, "mean_flight_time": 2326.3997869866266, "mean_swap_time": 86.25, "mean_idle_time": 9.094947017729282e-13, "mean_delivery_time": 4043.281533601044, "mean_schedule_distance": 16284.798508906397, "mean_schedule_energy": 1.4078144635740097, "mean_number_swaps": 1.4375, "drone_utilization": 0.5, "execution_time": 6.594213247299194}