{"completion_time": 1903.5670187516594, "execution_time": 0.24291086196899414}