{"completion_time": 7388.145701952782, "mean_schedule_time": 6071.982081016725, "mean_flight_time": 5303.288553096527, "mean_swap_time": 202.5, "mean_idle_time": 566.193527920198, "mean_delivery_time": 5395.861416535363, "mean_schedule_distance": 37123.019871675686, "mean_schedule_energy": 2.952626760453113, "mean_number_swaps": 3.375, "drone_utilization": 1.0, "execution_time": 557.1191494464874}