{"completion_time": 3533.897584549568, "mean_schedule_time": 611.9687892860032, "mean_flight_time": 499.11115615174634, "mean_swap_time": 10.0, "mean_idle_time": 102.8576331342569, "mean_delivery_time": 2211.875575113741, "mean_schedule_distance": 3493.7780930622243, "mean_schedule_energy": 0.32138938811131185, "mean_number_swaps": 0.16666666666666666, "drone_utilization": 0.2916666666666667, "execution_time": 15.121692657470703}