{"completion_time": 6815.321579041133, "mean_schedule_time": 3432.2626307659907, "mean_flight_time": 3324.2626307659907, "mean_swap_time": 108.0, "mean_idle_time": 0.0, "mean_delivery_time": 2889.1482212544684, "mean_schedule_distance": 23269.838415361937, "mean_schedule_energy": 2.0084781226211117, "mean_number_swaps": 1.8, "drone_utilization": 1.0, "execution_time": 10.539923429489136}