{"completion_time": 3849.053980148801, "mean_schedule_time": 1487.4961151270668, "mean_flight_time": 1451.4961151270668, "mean_swap_time": 36.0, "mean_idle_time": 0.0, "mean_delivery_time": 2124.994450181524, "mean_schedule_distance": 10160.472805889469, "mean_schedule_energy": 0.8448709292384595, "mean_number_swaps": 0.6, "drone_utilization": 0.7, "execution_time": 20.60635280609131}