{"completion_time": 10353.395643064116, "mean_schedule_time": 6879.080593627719, "mean_flight_time": 6633.08059362772, "mean_swap_time": 246.0, "mean_idle_time": -9.094947017729282e-13, "mean_delivery_time": 5241.502973428792, "mean_schedule_distance": 46431.56415539405, "mean_schedule_energy": 3.647620695060872, "mean_number_swaps": 4.1, "drone_utilization": 1.0, "execution_time": 10.114507675170898}