{"completion_time": 7681.7988069490475, "mean_schedule_time": 3560.2879220419454, "mean_flight_time": 3435.4879220419452, "mean_swap_time": 124.8, "mean_idle_time": 0.0, "mean_delivery_time": 4045.7817295931195, "mean_schedule_distance": 24048.415454293616, "mean_schedule_energy": 2.0509643313240393, "mean_number_swaps": 2.08, "drone_utilization": 0.88, "execution_time": 43.22112488746643}