{"completion_time": 3531.675441631156, "mean_delivery_time": 1939.3394936669424, "total_distance": 253027.529113372, "consumed_energy": 22.18490484070974, "execution_time": 7.183074951171875}