{"completion_time": 17861.616285758042, "mean_schedule_time": 13825.99958191053, "mean_flight_time": 13225.999581910524, "mean_swap_time": 600.0, "mean_idle_time": 5.4569682106375694e-12, "mean_delivery_time": 7519.148917176663, "mean_schedule_distance": 92581.99707337368, "mean_schedule_energy": 7.831607028787113, "mean_number_swaps": 10.0, "drone_utilization": 1.0, "execution_time": 7.212618112564087}