{"completion_time": 5123.167285216794, "mean_schedule_time": 4023.865928064517, "mean_flight_time": 3565.596970874883, "mean_swap_time": 120.0, "mean_idle_time": 338.26895718963397, "mean_delivery_time": 3423.1060597479386, "mean_schedule_distance": 24959.178796124168, "mean_schedule_energy": 2.049434081472664, "mean_number_swaps": 2.0, "drone_utilization": 1.0, "total_number_parcel_handover": 5, "mean_number_parcel_handover": 0.3333333333333333, "execution_time": 212.59281873703003}