{"completion_time": 2641.4103396736828, "mean_schedule_time": 248.95007839298918, "mean_flight_time": 242.95007839298918, "mean_swap_time": 6.0, "mean_idle_time": 0.0, "mean_delivery_time": 2489.500783929892, "mean_schedule_distance": 1700.6505487509246, "mean_schedule_energy": 0.1270468047110103, "mean_number_swaps": 0.1, "drone_utilization": 0.1, "execution_time": 0.6414444446563721}