{"completion_time": 11958.325290447525, "mean_schedule_time": 11793.45035369953, "mean_flight_time": 11114.617052741334, "mean_swap_time": 510.0, "mean_idle_time": 168.83330095819656, "mean_delivery_time": 6557.093863763459, "mean_schedule_distance": 77802.31936918931, "mean_schedule_energy": 6.543915839368171, "mean_number_swaps": 8.5, "drone_utilization": 1.0, "total_number_parcel_handover": 5, "mean_number_parcel_handover": 0.2, "execution_time": 564.0032737255096}