{"completion_time": 3653.897584549568, "mean_schedule_time": 319.85956321516824, "mean_flight_time": 311.8595632151683, "mean_swap_time": 8.0, "mean_idle_time": -5.684341886080802e-14, "mean_delivery_time": 1919.1573792910094, "mean_schedule_distance": 2183.0169425061777, "mean_schedule_energy": 0.2071951398310808, "mean_number_swaps": 0.13333333333333333, "drone_utilization": 0.16666666666666666, "total_number_parcel_handover": 0, "mean_number_parcel_handover": 0.0, "execution_time": 4.7873694896698}