{"completion_time": 3888.9614458801298, "mean_delivery_time": 1918.2401026807738, "total_distance": 610605.4453501805, "consumed_energy": 51.13496062668652, "execution_time": 47.86862087249756}