{"completion_time": 7417.9228917602595, "mean_schedule_time": 3470.3595898361577, "mean_flight_time": 3354.9749744515407, "mean_swap_time": 115.38461538461539, "mean_idle_time": 1.8189894035458565e-12, "mean_delivery_time": 3714.0802053615475, "mean_schedule_distance": 23484.82482116079, "mean_schedule_energy": 1.9667292548725586, "mean_number_swaps": 1.9230769230769231, "drone_utilization": 0.9230769230769231, "execution_time": 62.420081615448}