{"completion_time": 8861.835645163892, "mean_schedule_time": 2953.759245114451, "mean_flight_time": 2845.7592451144506, "mean_swap_time": 108.0, "mean_idle_time": 4.547473508864641e-13, "mean_delivery_time": 3692.199056393064, "mean_schedule_distance": 19920.314715801156, "mean_schedule_energy": 1.731199433758435, "mean_number_swaps": 1.8, "drone_utilization": 0.8, "execution_time": 3.5408337116241455}