{"completion_time": 4109.27570696154, "mean_schedule_time": 907.7379712983196, "mean_flight_time": 884.6610482213969, "mean_swap_time": 23.076923076923077, "mean_idle_time": -3.410605131648481e-13, "mean_delivery_time": 2360.118725375631, "mean_schedule_distance": 6192.627337549775, "mean_schedule_energy": 0.5043210478175062, "mean_number_swaps": 0.38461538461538464, "drone_utilization": 0.38461538461538464, "total_number_parcel_handover": 0, "mean_number_parcel_handover": 0.0, "execution_time": 13.999102354049683}