{"completion_time": 6084.6059894202035, "mean_schedule_time": 694.7100142302995, "mean_flight_time": 670.7100142302995, "mean_swap_time": 24.0, "mean_idle_time": 0.0, "mean_delivery_time": 3473.5500711514974, "mean_schedule_distance": 4694.970099612097, "mean_schedule_energy": 0.447977637719276, "mean_number_swaps": 0.4, "drone_utilization": 0.2, "execution_time": 2.1787843704223633}