{"completion_time": 5056.615132800728, "mean_delivery_time": 2591.4378285813305, "total_distance": 475597.5590129042, "consumed_energy": 40.661438553791015, "execution_time": 17.238627195358276}