{"completion_time": 7524.9874942426695, "mean_schedule_time": 5713.617773254967, "mean_flight_time": 5398.231639312408, "mean_swap_time": 216.0, "mean_idle_time": 99.38613394255844, "mean_delivery_time": 5268.628711045208, "mean_schedule_distance": 37787.62147518686, "mean_schedule_energy": 3.1797745879876365, "mean_number_swaps": 3.6, "drone_utilization": 0.9, "execution_time": 1862.110821723938}