{"completion_time": 4731.207618629096, "mean_schedule_time": 3849.331607626514, "mean_flight_time": 3646.4654793012483, "mean_swap_time": 139.0909090909091, "mean_idle_time": 63.77521923435688, "mean_delivery_time": 3621.889011791063, "mean_schedule_distance": 25525.25835510874, "mean_schedule_energy": 2.2928273314503667, "mean_number_swaps": 2.3181818181818183, "drone_utilization": 0.9545454545454546, "execution_time": 875.0028712749481}