{"completion_time": 9295.253160686454, "mean_schedule_time": 8575.398941976458, "mean_flight_time": 8233.067369526496, "mean_swap_time": 312.0, "mean_idle_time": 30.33157244996255, "mean_delivery_time": 7046.748761851852, "mean_schedule_distance": 57631.471586685475, "mean_schedule_energy": 4.530829366708145, "mean_number_swaps": 5.2, "drone_utilization": 1.0, "execution_time": 112.29571676254272}