{"completion_time": 12494.431249727044, "mean_delivery_time": 6289.028514919152, "total_distance": 304672.5829399904, "consumed_energy": 26.293673229596674, "execution_time": 0.5421469211578369}