{"completion_time": 2777.8287415775853, "mean_schedule_time": 291.96365117133877, "mean_flight_time": 278.08454629960727, "mean_swap_time": 4.8, "mean_idle_time": 9.079104871731488, "mean_delivery_time": 2151.6476244649243, "mean_schedule_distance": 1946.5918240972505, "mean_schedule_energy": 0.1754556101971742, "mean_number_swaps": 0.08, "drone_utilization": 0.16, "execution_time": 3.474675416946411}