{"completion_time": 2421.6184937498015, "mean_delivery_time": 1712.6244511619086, "total_distance": 60733.72577359179, "consumed_energy": 5.4938493716769266, "execution_time": 2101.294728040695}