{"completion_time": 5770.926472517765, "mean_schedule_time": 3523.8452023859, "mean_flight_time": 3089.2310422646806, "mean_swap_time": 105.0, "mean_idle_time": 329.61416012121936, "mean_delivery_time": 3754.5009932230055, "mean_schedule_distance": 21624.617295852757, "mean_schedule_energy": 1.828238145769927, "mean_number_swaps": 1.75, "drone_utilization": 0.9, "execution_time": 1935.1949141025543}