{"completion_time": 9288.262764986728, "mean_schedule_time": 9012.027622111978, "mean_flight_time": 8529.683744948023, "mean_swap_time": 352.5, "mean_idle_time": 129.84387716395577, "mean_delivery_time": 6308.948758235641, "mean_schedule_distance": 59707.786214636166, "mean_schedule_energy": 5.021325954391252, "mean_number_swaps": 5.875, "drone_utilization": 1.0, "total_number_parcel_handover": 4, "mean_number_parcel_handover": 0.26666666666666666, "execution_time": 766.2727336883545}