{"completion_time": 5949.681720923662, "mean_schedule_time": 3239.744264387659, "mean_flight_time": 2979.751990190057, "mean_swap_time": 109.28571428571429, "mean_idle_time": 150.70655991188778, "mean_delivery_time": 3792.2075795522787, "mean_schedule_distance": 20858.26393133039, "mean_schedule_energy": 1.8209500902972446, "mean_number_swaps": 1.8214285714285714, "drone_utilization": 0.7857142857142857, "total_number_parcel_handover": 5, "mean_number_parcel_handover": 0.2, "execution_time": 578.1958038806915}