{"completion_time": 2284.308553990494, "mean_delivery_time": 1099.0691649909172, "total_distance": 120823.50250280168, "consumed_energy": 10.216800403524546, "execution_time": 46.47702407836914}