{"completion_time": 22070.09526793432, "mean_schedule_time": 21295.241857034274, "mean_flight_time": 20251.042632889163, "mean_swap_time": 984.0, "mean_idle_time": 60.19922414511166, "mean_delivery_time": 10550.74907327374, "mean_schedule_distance": 141757.298430224, "mean_schedule_energy": 11.823726541495096, "mean_number_swaps": 16.4, "drone_utilization": 1.0, "execution_time": 3573.846251487732}