{"completion_time": 10722.825750018917, "mean_schedule_time": 9638.315723848124, "mean_flight_time": 8665.942764171183, "mean_swap_time": 360.0, "mean_idle_time": 612.3729596769408, "mean_delivery_time": 6092.883345249396, "mean_schedule_distance": 60661.599349198266, "mean_schedule_energy": 4.886039182320629, "mean_number_swaps": 6.0, "drone_utilization": 1.0, "execution_time": 320.55163311958313}