{"completion_time": 9531.73808681531, "mean_schedule_time": 9177.397906695422, "mean_flight_time": 8428.352339520265, "mean_swap_time": 340.0, "mean_idle_time": 409.045567175157, "mean_delivery_time": 6782.511402044003, "mean_schedule_distance": 58998.46637664181, "mean_schedule_energy": 4.971784343005794, "mean_number_swaps": 5.666666666666667, "drone_utilization": 1.0, "execution_time": 4843.202018976212}