{"completion_time": 4354.320837166964, "mean_schedule_time": 1759.3211889290699, "mean_flight_time": 1336.4508749020845, "mean_swap_time": 25.0, "mean_idle_time": 397.8703140269854, "mean_delivery_time": 3125.770384224065, "mean_schedule_distance": 9355.156124314593, "mean_schedule_energy": 0.7455320589279627, "mean_number_swaps": 0.4166666666666667, "drone_utilization": 0.5833333333333334, "execution_time": 15.038695096969604}