{"completion_time": 2390.6611002679133, "mean_delivery_time": 1506.227559259883, "total_distance": 144005.9583835897, "consumed_energy": 10.796168049002775, "execution_time": 13.974822998046875}