{"completion_time": 4179.477878090696, "mean_schedule_time": 630.1335604991513, "mean_flight_time": 612.1335604991511, "mean_swap_time": 18.0, "mean_idle_time": 1.1368683772161603e-13, "mean_delivery_time": 2520.534241996605, "mean_schedule_distance": 4284.934923494058, "mean_schedule_energy": 0.36636256235521814, "mean_number_swaps": 0.3, "drone_utilization": 0.25, "execution_time": 2.534904956817627}