{"completion_time": 16555.494898582117, "mean_schedule_time": 16216.67302744544, "mean_flight_time": 15460.673027445437, "mean_swap_time": 756.0, "mean_idle_time": 3.637978807091713e-12, "mean_delivery_time": 8123.030439386376, "mean_schedule_distance": 108224.71119211808, "mean_schedule_energy": 9.317944409150064, "mean_number_swaps": 12.6, "drone_utilization": 1.0, "execution_time": 147.53466057777405}