{"completion_time": 28869.1848815863, "mean_schedule_time": 28345.20369035487, "mean_flight_time": 27091.238103074236, "mean_swap_time": 1245.0, "mean_idle_time": 8.965587280632462, "mean_delivery_time": 13431.059791092663, "mean_schedule_distance": 189638.6667215196, "mean_schedule_energy": 15.343668906661613, "mean_number_swaps": 20.75, "drone_utilization": 1.0, "execution_time": 947.3796648979187}