{"completion_time": 13607.745687902272, "mean_schedule_time": 13280.363292333568, "mean_flight_time": 12710.363292333566, "mean_swap_time": 570.0, "mean_idle_time": 1.8189894035458565e-12, "mean_delivery_time": 7189.719714239499, "mean_schedule_distance": 88972.54304633499, "mean_schedule_energy": 7.623032064033487, "mean_number_swaps": 9.5, "drone_utilization": 1.0, "total_number_parcel_handover": 5, "mean_number_parcel_handover": 0.25, "execution_time": 3315.3439602851868}