{"completion_time": 6943.257064615793, "mean_delivery_time": 3617.6481394429584, "total_distance": 522102.79241315776, "consumed_energy": 44.94146249579464, "execution_time": 1861.45600771904}