{"completion_time": 15675.311251137486, "mean_schedule_time": 12639.731836856643, "mean_flight_time": 12087.731836856643, "mean_swap_time": 552.0, "mean_idle_time": 0.0, "mean_delivery_time": 6943.365808721034, "mean_schedule_distance": 84614.12285799647, "mean_schedule_energy": 7.332079445211837, "mean_number_swaps": 9.2, "drone_utilization": 1.0, "execution_time": 7.8535778522491455}