{"completion_time": 8197.655625568743, "mean_delivery_time": 3618.3495710271836, "total_distance": 423070.6142899823, "consumed_energy": 36.66039722605919, "execution_time": 6.6751861572265625}