{"completion_time": 4408.836739348851, "mean_delivery_time": 2891.9730189771126, "total_distance": 560550.4205635063, "consumed_energy": 44.221457918510424, "execution_time": 873.3803081512451}