{"completion_time": 8702.717915091787, "mean_schedule_time": 8111.80461467033, "mean_flight_time": 7805.80461467033, "mean_swap_time": 306.0, "mean_idle_time": 0.0, "mean_delivery_time": 5428.911736561614, "mean_schedule_distance": 54640.6323026923, "mean_schedule_energy": 4.321725125547398, "mean_number_swaps": 5.1, "drone_utilization": 1.0, "execution_time": 432.494003534317}