{"completion_time": 8062.538222385862, "mean_schedule_time": 6061.799062284969, "mean_flight_time": 5606.160336715933, "mean_swap_time": 220.0, "mean_idle_time": 235.63872556903607, "mean_delivery_time": 5251.716073016012, "mean_schedule_distance": 39243.12235701156, "mean_schedule_energy": 3.2362793532971614, "mean_number_swaps": 3.6666666666666665, "drone_utilization": 1.0, "total_number_parcel_handover": 11, "mean_number_parcel_handover": 0.44, "execution_time": 1599.3269443511963}