{"completion_time": 6009.681720923662, "mean_schedule_time": 3486.9846633710226, "mean_flight_time": 3171.9666727523145, "mean_swap_time": 115.71428571428571, "mean_idle_time": 199.30370490442237, "mean_delivery_time": 3975.59650038827, "mean_schedule_distance": 22203.766709266227, "mean_schedule_energy": 1.9220079978376041, "mean_number_swaps": 1.9285714285714286, "drone_utilization": 0.8214285714285714, "execution_time": 2367.778874874115}