{"completion_time": 1029.9136013732234, "mean_schedule_time": 79.07923493901886, "mean_flight_time": 79.07923493901886, "mean_swap_time": 0.0, "mean_idle_time": 0.0, "mean_delivery_time": 988.4904367377358, "mean_schedule_distance": 553.5546445731321, "mean_schedule_energy": 0.04791133479678699, "mean_number_swaps": 0.0, "drone_utilization": 0.08, "execution_time": 0.7662248611450195}