{"1": [], "2": [{"x": 5, "y": 3, "a": 2, "tau": 947.0672721022482}], "3": [], "4": [], "5": [], "6": [], "7": [], "8": [], "9": [{"x": 3, "y": 1, "a": 1, "tau": 1029.9136013732234}], "10": [], "11": [], "12": [], "13": [], "14": [], "15": [], "16": [], "17": [], "18": [], "19": [], "20": [], "21": [], "22": [], "23": [], "24": [], "25": []}