{"completion_time": 14860.711587379747, "mean_schedule_time": 8466.070549093092, "mean_flight_time": 8118.070549093086, "mean_swap_time": 348.0, "mean_idle_time": 7.275957614183426e-12, "mean_delivery_time": 5593.133135412026, "mean_schedule_distance": 56826.49384365165, "mean_schedule_energy": 4.816271174496188, "mean_number_swaps": 5.8, "drone_utilization": 1.0, "execution_time": 34.00238299369812}