{"completion_time": 1903.5670187516594, "execution_time": 0.31797337532043457}