{"completion_time": 5470.690607088874, "mean_schedule_time": 2262.672328561947, "mean_flight_time": 1287.0701172652066, "mean_swap_time": 36.0, "mean_idle_time": 939.6022112967403, "mean_delivery_time": 4565.789878760522, "mean_schedule_distance": 9009.490820856447, "mean_schedule_energy": 0.7935493095568955, "mean_number_swaps": 0.6, "drone_utilization": 0.6, "execution_time": 26.95064091682434}