{"completion_time": 8470.827429431214, "mean_schedule_time": 7932.244566204444, "mean_flight_time": 7566.628262877223, "mean_swap_time": 300.0, "mean_idle_time": 65.61630332722052, "mean_delivery_time": 6085.442493406956, "mean_schedule_distance": 52966.39784014056, "mean_schedule_energy": 4.181106541008934, "mean_number_swaps": 5.0, "drone_utilization": 1.0, "total_number_parcel_handover": 4, "mean_number_parcel_handover": 0.4, "execution_time": 226.57960104942322}