{"completion_time": 11367.025732846398, "mean_schedule_time": 9735.368342493917, "mean_flight_time": 9315.368342493917, "mean_swap_time": 420.0, "mean_idle_time": 0.0, "mean_delivery_time": 5695.522343687065, "mean_schedule_distance": 65207.57839745744, "mean_schedule_energy": 5.772871308638317, "mean_number_swaps": 7.0, "drone_utilization": 1.0, "total_number_parcel_handover": 1, "mean_number_parcel_handover": 0.1, "execution_time": 12.567262411117554}