{"completion_time": 7508.407137677339, "mean_schedule_time": 5838.979991560052, "mean_flight_time": 5455.838238140833, "mean_swap_time": 196.8, "mean_idle_time": 186.34175341921946, "mean_delivery_time": 5312.01158203875, "mean_schedule_distance": 38190.8676669859, "mean_schedule_energy": 3.1009739556088936, "mean_number_swaps": 3.28, "drone_utilization": 1.0, "execution_time": 2790.0172748565674}