{"completion_time": 1598.330619983461, "mean_delivery_time": 988.2248793937915, "total_distance": 52820.593246052325, "consumed_energy": 4.772108335759042, "execution_time": 0.06371951103210449}