{"completion_time": 2153.6667016876027, "execution_time": 0.024600744247436523}