{"completion_time": 2474.847936056206, "mean_schedule_time": 1252.7690238322298, "mean_flight_time": 1113.3969167127912, "mean_swap_time": 24.0, "mean_idle_time": 115.37210711943862, "mean_delivery_time": 2353.9954416672244, "mean_schedule_distance": 7793.778416989537, "mean_schedule_energy": 0.660067833589053, "mean_number_swaps": 0.4, "drone_utilization": 0.6, "execution_time": 0.2636375427246094}