{"completion_time": 7222.68856633494, "mean_schedule_time": 5721.316557869708, "mean_flight_time": 5259.0866152162935, "mean_swap_time": 196.0, "mean_idle_time": 266.2299426534146, "mean_delivery_time": 5181.614263592068, "mean_schedule_distance": 36813.606306514055, "mean_schedule_energy": 3.0772889402664765, "mean_number_swaps": 3.2666666666666666, "drone_utilization": 1.0, "execution_time": 334.8634853363037}