{"completion_time": 4966.841437599105, "mean_schedule_time": 3828.194678381419, "mean_flight_time": 3696.194678381419, "mean_swap_time": 132.0, "mean_idle_time": 0.0, "mean_delivery_time": 3909.357616379509, "mean_schedule_distance": 25873.36274866994, "mean_schedule_energy": 2.174448134207802, "mean_number_swaps": 2.2, "drone_utilization": 0.9, "total_number_parcel_handover": 1, "mean_number_parcel_handover": 0.1, "execution_time": 121.84121537208557}