{"completion_time": 6767.525517323361, "mean_schedule_time": 4539.571023033949, "mean_flight_time": 3854.6302841938646, "mean_swap_time": 128.57142857142858, "mean_idle_time": 556.3693102686561, "mean_delivery_time": 4710.446000833726, "mean_schedule_distance": 26982.41198935708, "mean_schedule_energy": 2.2615867455241547, "mean_number_swaps": 2.142857142857143, "drone_utilization": 0.9285714285714286, "execution_time": 9891.223292827606}