{"completion_time": 20583.519024052584, "mean_schedule_time": 17686.208587518, "mean_flight_time": 16906.20858751801, "mean_swap_time": 780.0, "mean_idle_time": -1.0913936421275139e-11, "mean_delivery_time": 9050.945624854216, "mean_schedule_distance": 118343.46011262602, "mean_schedule_energy": 9.701217247606682, "mean_number_swaps": 13.0, "drone_utilization": 1.0, "total_number_parcel_handover": 0, "mean_number_parcel_handover": 0.0, "execution_time": 8.047591209411621}