{"completion_time": 24543.168444312767, "mean_schedule_time": 24008.750219959627, "mean_flight_time": 22906.3912306744, "mean_swap_time": 1056.0, "mean_idle_time": 46.358989285228745, "mean_delivery_time": 11279.645931468294, "mean_schedule_distance": 160344.738614721, "mean_schedule_energy": 13.46950367700482, "mean_number_swaps": 17.6, "drone_utilization": 1.0, "execution_time": 1190.8576827049255}