{"completion_time": 15688.487194207168, "mean_schedule_time": 10553.85041868347, "mean_flight_time": 10079.85041868347, "mean_swap_time": 474.0, "mean_idle_time": 0.0, "mean_delivery_time": 6006.475104353604, "mean_schedule_distance": 70558.95293078429, "mean_schedule_energy": 6.072190143017684, "mean_number_swaps": 7.9, "drone_utilization": 1.0, "execution_time": 27.002804279327393}