{"completion_time": 3926.075232740598, "mean_schedule_time": 618.3499414744258, "mean_flight_time": 600.3499414744259, "mean_swap_time": 18.0, "mean_idle_time": -1.1368683772161603e-13, "mean_delivery_time": 3091.7497073721293, "mean_schedule_distance": 4202.449590320981, "mean_schedule_energy": 0.400953401634678, "mean_number_swaps": 0.3, "drone_utilization": 0.2, "execution_time": 2.078462839126587}