{"completion_time": 6306.0901137333485, "mean_schedule_time": 5658.5701345743355, "mean_flight_time": 5322.201476912042, "mean_swap_time": 192.0, "mean_idle_time": 144.36865766229312, "mean_delivery_time": 4213.890441317945, "mean_schedule_distance": 37255.410338384296, "mean_schedule_energy": 2.9833492597444433, "mean_number_swaps": 3.2, "drone_utilization": 1.0, "execution_time": 787.4344575405121}