{"completion_time": 12232.57419675366, "mean_schedule_time": 9041.302516930195, "mean_flight_time": 7865.983926717667, "mean_swap_time": 320.0, "mean_idle_time": 855.3185902125279, "mean_delivery_time": 6398.7434251632285, "mean_schedule_distance": 55061.887487023625, "mean_schedule_energy": 4.477280620825995, "mean_number_swaps": 5.333333333333333, "drone_utilization": 1.0, "execution_time": 445.33933186531067}