{"completion_time": 7561.089906633217, "mean_schedule_time": 4558.493652345939, "mean_flight_time": 4194.0205058339625, "mean_swap_time": 157.5, "mean_idle_time": 206.97314651197667, "mean_delivery_time": 4412.76244824919, "mean_schedule_distance": 29358.14354083774, "mean_schedule_energy": 2.5091571676231728, "mean_number_swaps": 2.625, "drone_utilization": 1.0, "execution_time": 4847.495349645615}