{"completion_time": 5338.899959633207, "mean_schedule_time": 1332.4694817537668, "mean_flight_time": 973.3921141292695, "mean_swap_time": 30.0, "mean_idle_time": 329.07736762449724, "mean_delivery_time": 3872.335442120298, "mean_schedule_distance": 6813.744798904888, "mean_schedule_energy": 0.6083088734565241, "mean_number_swaps": 0.5, "drone_utilization": 0.375, "total_number_parcel_handover": 4, "mean_number_parcel_handover": 0.8, "execution_time": 424.47642850875854}