{"completion_time": 9274.212672687643, "mean_schedule_time": 4410.292085961703, "mean_flight_time": 3160.4179249275116, "mean_swap_time": 108.0, "mean_idle_time": 1141.8741610341917, "mean_delivery_time": 5493.608218453524, "mean_schedule_distance": 22122.925474492575, "mean_schedule_energy": 1.8613651711559989, "mean_number_swaps": 1.8, "drone_utilization": 0.7666666666666667, "execution_time": 2029.8810453414917}