{"completion_time": 10440.919364401281, "mean_schedule_time": 4808.626411574815, "mean_flight_time": 4621.126411574817, "mean_swap_time": 187.5, "mean_idle_time": -1.8189894035458565e-12, "mean_delivery_time": 4653.731032568483, "mean_schedule_distance": 32347.884881023718, "mean_schedule_energy": 2.713351152849818, "mean_number_swaps": 3.125, "drone_utilization": 0.875, "total_number_parcel_handover": 0, "mean_number_parcel_handover": 0.0, "execution_time": 3.6524970531463623}