{"completion_time": 1575.9348993966978, "execution_time": 0.0005450248718261719}