{"completion_time": 2219.124297752232, "execution_time": 0.0004925727844238281}