{"completion_time": 48356.04363659272, "mean_schedule_time": 46986.57999932894, "mean_flight_time": 44976.57999932893, "mean_swap_time": 2010.0, "mean_idle_time": 7.275957614183426e-12, "mean_delivery_time": 20126.80985657946, "mean_schedule_distance": 314836.05999530276, "mean_schedule_energy": 25.227749647134097, "mean_number_swaps": 33.5, "drone_utilization": 1.0, "total_number_parcel_handover": 0, "mean_number_parcel_handover": 0.0, "execution_time": 5.033364772796631}