{"completion_time": 6211.567949954981, "mean_schedule_time": 1835.9371488388401, "mean_flight_time": 1781.391694293385, "mean_swap_time": 54.54545454545455, "mean_idle_time": 6.821210263296962e-13, "mean_delivery_time": 2743.323512818072, "mean_schedule_distance": 12469.741860053698, "mean_schedule_energy": 1.137121771726379, "mean_number_swaps": 0.9090909090909091, "drone_utilization": 0.6363636363636364, "total_number_parcel_handover": 0, "mean_number_parcel_handover": 0.0, "execution_time": 19.69925546646118}