{"completion_time": 9113.578878568698, "mean_schedule_time": 8410.715392049484, "mean_flight_time": 8086.715392049482, "mean_swap_time": 324.0, "mean_idle_time": 1.8189894035458565e-12, "mean_delivery_time": 6048.657670478182, "mean_schedule_distance": 56607.007744346396, "mean_schedule_energy": 4.762212878272913, "mean_number_swaps": 5.4, "drone_utilization": 1.0, "total_number_parcel_handover": 0, "mean_number_parcel_handover": 0.0, "execution_time": 1476.2870345115662}