{"completion_time": 14344.0859295261, "mean_schedule_time": 10629.794313507711, "mean_flight_time": 10173.794313507706, "mean_swap_time": 456.0, "mean_idle_time": 5.4569682106375694e-12, "mean_delivery_time": 6487.137861473421, "mean_schedule_distance": 71216.56019455395, "mean_schedule_energy": 6.144701714477731, "mean_number_swaps": 7.6, "drone_utilization": 1.0, "execution_time": 4.81684947013855}