{"completion_time": 6452.651508651414, "mean_schedule_time": 3496.2657446544504, "mean_flight_time": 3167.4052001244418, "mean_swap_time": 115.0, "mean_idle_time": 213.8605445300086, "mean_delivery_time": 3423.2953819437084, "mean_schedule_distance": 22171.83640087108, "mean_schedule_energy": 1.9886348382804495, "mean_number_swaps": 1.9166666666666667, "drone_utilization": 0.9166666666666666, "execution_time": 502.4170186519623}