{"completion_time": 3451.14354906046, "mean_schedule_time": 756.3605316587024, "mean_flight_time": 734.7605316587022, "mean_swap_time": 21.6, "mean_idle_time": 1.1368683772161603e-13, "mean_delivery_time": 2363.626661433445, "mean_schedule_distance": 5143.323721610917, "mean_schedule_energy": 0.4440553170166016, "mean_number_swaps": 0.36, "drone_utilization": 0.32, "execution_time": 8.18280291557312}