{"1": [{"x": 2, "y": 4, "a": 0, "tau": 486.6097283895072}, {"x": 4, "y": 2, "a": 1, "tau": 973.2194567790133}], "2": [{"x": 1, "y": 2, "a": 2, "tau": 557.2257429815876}], "3": [{"x": 2, "y": 6, "a": 3, "tau": 575.3203266210837}], "4": [], "5": []}