{"completion_time": 8228.815487888001, "mean_schedule_time": 3481.591497082356, "mean_flight_time": 3372.841497082355, "mean_swap_time": 108.75, "mean_idle_time": 9.094947017729282e-13, "mean_delivery_time": 3713.6975968878464, "mean_schedule_distance": 23609.890479576487, "mean_schedule_energy": 1.8748910957184248, "mean_number_swaps": 1.8125, "drone_utilization": 0.9375, "total_number_parcel_handover": 0, "mean_number_parcel_handover": 0.0, "execution_time": 14.117073774337769}