{"completion_time": 25956.900090241168, "mean_schedule_time": 25708.0526387007, "mean_flight_time": 24454.451543313808, "mean_swap_time": 1068.0, "mean_idle_time": 185.60109538689358, "mean_delivery_time": 11911.965310543266, "mean_schedule_distance": 171181.16080319643, "mean_schedule_energy": 13.991445771919985, "mean_number_swaps": 17.8, "drone_utilization": 1.0, "execution_time": 2545.9811594486237}