{"completion_time": 1303.016405124294, "execution_time": 0.005882740020751953}