{"completion_time": 11225.118761969943, "mean_schedule_time": 11061.034760874061, "mean_flight_time": 10485.58862338455, "mean_swap_time": 432.0, "mean_idle_time": 143.44613748951087, "mean_delivery_time": 6673.3674463172565, "mean_schedule_distance": 73399.12036369184, "mean_schedule_energy": 5.998902961958767, "mean_number_swaps": 7.2, "drone_utilization": 1.0, "execution_time": 4260.294334888458}