{"completion_time": 3016.477029221378, "mean_delivery_time": 1636.8383671417034, "total_distance": 323576.0570997578, "consumed_energy": 27.114085969463616, "execution_time": 26.077876567840576}