{"completion_time": 9065.64420662852, "mean_schedule_time": 7726.906087048616, "mean_flight_time": 6432.888003731592, "mean_swap_time": 258.0, "mean_idle_time": 1036.0180833170243, "mean_delivery_time": 6033.789746011521, "mean_schedule_distance": 45030.21602612113, "mean_schedule_energy": 3.745632363118972, "mean_number_swaps": 4.3, "drone_utilization": 1.0, "execution_time": 1657.8152661323547}