{"completion_time": 18663.558381521292, "mean_schedule_time": 18574.274824388835, "mean_flight_time": 17759.72884984861, "mean_swap_time": 765.0, "mean_idle_time": 49.54597454022587, "mean_delivery_time": 10160.714847313222, "mean_schedule_distance": 124318.10194894025, "mean_schedule_energy": 9.816305316296448, "mean_number_swaps": 12.75, "drone_utilization": 1.0, "execution_time": 329.5088942050934}