{"completion_time": 18919.700896794675, "mean_schedule_time": 18460.399076273417, "mean_flight_time": 17590.399076273417, "mean_swap_time": 870.0, "mean_idle_time": 0.0, "mean_delivery_time": 9505.69952398387, "mean_schedule_distance": 123132.79353391392, "mean_schedule_energy": 10.753224267192081, "mean_number_swaps": 14.5, "drone_utilization": 1.0, "execution_time": 1792.779121875763}