{"completion_time": 5821.221566738081, "mean_schedule_time": 2377.0227213123517, "mean_flight_time": 1911.449234600534, "mean_swap_time": 60.0, "mean_idle_time": 405.5734867118176, "mean_delivery_time": 3490.911033016072, "mean_schedule_distance": 13380.14464220374, "mean_schedule_energy": 1.1204063414150318, "mean_number_swaps": 1.0, "drone_utilization": 0.68, "execution_time": 2257.1796543598175}