{"completion_time": 6085.636668847435, "mean_schedule_time": 1074.4078623016355, "mean_flight_time": 911.308498274711, "mean_swap_time": 19.2, "mean_idle_time": 143.89936402692445, "mean_delivery_time": 3411.142739928262, "mean_schedule_distance": 6379.159487922978, "mean_schedule_energy": 0.469824875241202, "mean_number_swaps": 0.32, "drone_utilization": 0.32, "execution_time": 73.0259301662445}