{"completion_time": 5949.018120043466, "mean_schedule_time": 1466.7965879453768, "mean_flight_time": 1061.6656806145877, "mean_swap_time": 23.333333333333332, "mean_idle_time": 381.79757399745586, "mean_delivery_time": 3289.690573726561, "mean_schedule_distance": 7431.659764302112, "mean_schedule_energy": 0.5659029514660667, "mean_number_swaps": 0.3888888888888889, "drone_utilization": 0.4444444444444444, "total_number_parcel_handover": 3, "mean_number_parcel_handover": 0.6, "execution_time": 43.4396607875824}