{"completion_time": 19263.101256184247, "mean_schedule_time": 18700.14987219834, "mean_flight_time": 17890.149872198337, "mean_swap_time": 810.0, "mean_idle_time": 3.637978807091713e-12, "mean_delivery_time": 9217.762993372224, "mean_schedule_distance": 125231.04910538832, "mean_schedule_energy": 10.696194445740106, "mean_number_swaps": 13.5, "drone_utilization": 1.0, "total_number_parcel_handover": 1, "mean_number_parcel_handover": 0.05, "execution_time": 155.96557664871216}