{"completion_time": 7561.443965950537, "mean_schedule_time": 6008.957190128351, "mean_flight_time": 5791.457190128352, "mean_swap_time": 217.5, "mean_idle_time": -9.094947017729282e-13, "mean_delivery_time": 5350.412782292568, "mean_schedule_distance": 40540.20033089846, "mean_schedule_energy": 3.3117690276132548, "mean_number_swaps": 3.625, "drone_utilization": 1.0, "total_number_parcel_handover": 1, "mean_number_parcel_handover": 0.1, "execution_time": 254.4071388244629}