{"completion_time": 6061.221566738081, "mean_schedule_time": 940.2748162752166, "mean_flight_time": 909.0748162752166, "mean_swap_time": 31.2, "mean_idle_time": 0.0, "mean_delivery_time": 2938.358800860052, "mean_schedule_distance": 6363.523713926517, "mean_schedule_energy": 0.5342722768442745, "mean_number_swaps": 0.52, "drone_utilization": 0.32, "execution_time": 9.659158945083618}