{"completion_time": 10322.577109060852, "mean_schedule_time": 9656.246755635553, "mean_flight_time": 9112.896729029628, "mean_swap_time": 370.0, "mean_idle_time": 173.35002660592545, "mean_delivery_time": 6245.917597473607, "mean_schedule_distance": 63790.27710320748, "mean_schedule_energy": 5.299287729975833, "mean_number_swaps": 6.166666666666667, "drone_utilization": 1.0, "total_number_parcel_handover": 12, "mean_number_parcel_handover": 0.48, "execution_time": 3236.678192138672}