{"completion_time": 4997.512725587009, "mean_delivery_time": 2765.4960645547935, "total_distance": 287453.5211061096, "consumed_energy": 24.04296520511383, "execution_time": 97.72724866867065}