{"completion_time": 3763.783955198057, "mean_delivery_time": 1936.3441350118082, "total_distance": 317556.3189100641, "consumed_energy": 27.39475045786112, "execution_time": 94.55761098861694}