{"completion_time": 9065.64420662852, "mean_schedule_time": 5888.448068703778, "mean_flight_time": 4839.15939943812, "mean_swap_time": 189.6, "mean_idle_time": 859.6886692656572, "mean_delivery_time": 5447.366521597895, "mean_schedule_distance": 33874.11579606685, "mean_schedule_energy": 2.9320359451979208, "mean_number_swaps": 3.16, "drone_utilization": 1.0, "execution_time": 2225.7999880313873}