{"completion_time": 1509.3445791279755, "execution_time": 0.01659250259399414}