{"completion_time": 5834.655235149343, "mean_schedule_time": 5149.8857752568265, "mean_flight_time": 4787.297861936658, "mean_swap_time": 162.0, "mean_idle_time": 200.5879133201688, "mean_delivery_time": 4571.99999395246, "mean_schedule_distance": 33511.085033556614, "mean_schedule_energy": 2.6896447312492824, "mean_number_swaps": 2.7, "drone_utilization": 1.0, "execution_time": 11746.553052425385}