{"completion_time": 14684.653814522038, "mean_schedule_time": 14450.150294288513, "mean_flight_time": 13826.150294288502, "mean_swap_time": 624.0, "mean_idle_time": 1.0913936421275139e-11, "mean_delivery_time": 7742.621025923823, "mean_schedule_distance": 96783.05206001956, "mean_schedule_energy": 8.169329726336578, "mean_number_swaps": 10.4, "drone_utilization": 1.0, "execution_time": 670.5326416492462}