{"completion_time": 15493.644021112183, "mean_schedule_time": 14561.199674476502, "mean_flight_time": 13973.19967447651, "mean_swap_time": 588.0, "mean_idle_time": -7.275957614183426e-12, "mean_delivery_time": 8685.811086799176, "mean_schedule_distance": 97812.3977213355, "mean_schedule_energy": 7.815157530320656, "mean_number_swaps": 9.8, "drone_utilization": 1.0, "execution_time": 109.24929738044739}