{"completion_time": 7762.228029330059, "mean_schedule_time": 4440.555626690029, "mean_flight_time": 3663.012865561251, "mean_swap_time": 132.0, "mean_idle_time": 645.5427611287782, "mean_delivery_time": 4478.7788015348015, "mean_schedule_distance": 25641.090058928778, "mean_schedule_energy": 2.165548788094385, "mean_number_swaps": 2.2, "drone_utilization": 0.9666666666666667, "total_number_parcel_handover": 12, "mean_number_parcel_handover": 0.48, "execution_time": 13318.76359963417}