{"completion_time": 4264.554196631011, "mean_schedule_time": 1354.226974902376, "mean_flight_time": 1309.2269749023758, "mean_swap_time": 45.0, "mean_idle_time": 2.2737367544323206e-13, "mean_delivery_time": 3250.144739765702, "mean_schedule_distance": 9164.588824316628, "mean_schedule_energy": 0.8194910538543813, "mean_number_swaps": 0.75, "drone_utilization": 0.4166666666666667, "execution_time": 1.694411039352417}