{"completion_time": 2202.63936865221, "mean_delivery_time": 1679.072369882851, "total_distance": 109975.06589179955, "consumed_energy": 9.833892646252576, "execution_time": 1.8808093070983887}