{"1": [], "2": [{"x": 3, "y": 1, "a": 1, "tau": 452.75976535358933}], "3": [{"x": 1, "y": 5, "a": 0, "tau": 385.5864023417301}, {"x": 5, "y": 1, "a": 2, "tau": 771.1728046834602}, {"x": 1, "y": 1, "a": -1, "tau": 831.1728046834602}, {"x": 1, "y": 3, "a": 2, "tau": 1283.9325700370496}], "4": [{"x": 5, "y": 2, "a": 3, "tau": 593.2860109041048}]}