{"completion_time": 8623.966915002466, "mean_schedule_time": 7972.467550522185, "mean_flight_time": 7522.067601767631, "mean_swap_time": 282.0, "mean_idle_time": 168.39994875455432, "mean_delivery_time": 6325.570750515106, "mean_schedule_distance": 52654.47321237342, "mean_schedule_energy": 4.082455843403241, "mean_number_swaps": 4.7, "drone_utilization": 1.0, "execution_time": 328.8482565879822}