{"completion_time": 8888.12284190831, "mean_schedule_time": 4298.6544287484685, "mean_flight_time": 4158.6544287484685, "mean_swap_time": 140.0, "mean_idle_time": 0.0, "mean_delivery_time": 4166.940759940064, "mean_schedule_distance": 29110.581001239272, "mean_schedule_energy": 2.4192239448363093, "mean_number_swaps": 2.3333333333333335, "drone_utilization": 0.8666666666666667, "execution_time": 16.847298622131348}