{"completion_time": 5501.136033977646, "mean_schedule_time": 1420.5060761011741, "mean_flight_time": 1364.7917903868886, "mean_swap_time": 55.714285714285715, "mean_idle_time": -2.2737367544323206e-13, "mean_delivery_time": 3977.4170130832877, "mean_schedule_distance": 9553.54253270822, "mean_schedule_energy": 0.8821442190403878, "mean_number_swaps": 0.9285714285714286, "drone_utilization": 0.35714285714285715, "execution_time": 2.2472684383392334}