{"completion_time": 2608.879903597102, "mean_schedule_time": 515.1613193920788, "mean_flight_time": 388.2387189080078, "mean_swap_time": 4.0, "mean_idle_time": 122.92260048407098, "mean_delivery_time": 2508.706779826238, "mean_schedule_distance": 2717.671032356054, "mean_schedule_energy": 0.20642847651106067, "mean_number_swaps": 0.06666666666666667, "drone_utilization": 0.26666666666666666, "execution_time": 1.5070843696594238}