{"completion_time": 7162.68856633494, "mean_schedule_time": 3225.8010093295966, "mean_flight_time": 2556.3845574921747, "mean_swap_time": 87.5, "mean_idle_time": 581.9164518374218, "mean_delivery_time": 4313.955997843784, "mean_schedule_distance": 17894.691902445218, "mean_schedule_energy": 1.545356953730023, "mean_number_swaps": 1.4583333333333333, "drone_utilization": 0.7083333333333334, "execution_time": 3658.5937707424164}