{"completion_time": 10421.319923363084, "mean_schedule_time": 8138.763432450514, "mean_flight_time": 7813.0491467362235, "mean_swap_time": 325.7142857142857, "mean_idle_time": 5.4569682106375694e-12, "mean_delivery_time": 5968.067590343025, "mean_schedule_distance": 54691.34402715363, "mean_schedule_energy": 4.677175792432431, "mean_number_swaps": 5.428571428571429, "drone_utilization": 1.0, "total_number_parcel_handover": 0, "mean_number_parcel_handover": 0.0, "execution_time": 327.50808787345886}