{"completion_time": 1240.7698782571865, "execution_time": 0.0013332366943359375}