{"completion_time": 7485.66487401534, "mean_schedule_time": 6924.132253192724, "mean_flight_time": 6514.0151794221265, "mean_swap_time": 264.0, "mean_idle_time": 146.11707377059793, "mean_delivery_time": 5585.890664751015, "mean_schedule_distance": 45598.1062559549, "mean_schedule_energy": 3.887145029084948, "mean_number_swaps": 4.4, "drone_utilization": 1.0, "total_number_parcel_handover": 5, "mean_number_parcel_handover": 0.3333333333333333, "execution_time": 380.5373435020447}