{"completion_time": 8608.575214638375, "mean_schedule_time": 7263.01400164273, "mean_flight_time": 6952.208236749462, "mean_swap_time": 277.5, "mean_idle_time": 33.30576489326813, "mean_delivery_time": 5159.245767898699, "mean_schedule_distance": 48665.45765724624, "mean_schedule_energy": 4.073295380888895, "mean_number_swaps": 4.625, "drone_utilization": 1.0, "total_number_parcel_handover": 2, "mean_number_parcel_handover": 0.13333333333333333, "execution_time": 24.871777772903442}