{"completion_time": 7739.513833161006, "mean_schedule_time": 6052.766667314695, "mean_flight_time": 5330.803685091283, "mean_swap_time": 210.0, "mean_idle_time": 511.9629822234119, "mean_delivery_time": 4741.986474609701, "mean_schedule_distance": 37315.625795638996, "mean_schedule_energy": 3.1555037354413464, "mean_number_swaps": 3.5, "drone_utilization": 1.0, "execution_time": 814.3989071846008}