{"completion_time": 8228.815487888001, "mean_schedule_time": 2898.2569612086677, "mean_flight_time": 2796.2569612086672, "mean_swap_time": 102.0, "mean_idle_time": 4.547473508864641e-13, "mean_delivery_time": 3864.3426149448906, "mean_schedule_distance": 19573.798728460664, "mean_schedule_energy": 1.6370933415217628, "mean_number_swaps": 1.7, "drone_utilization": 0.75, "execution_time": 16.114253282546997}