{"completion_time": 12801.2857972039, "mean_schedule_time": 12618.991865641687, "mean_flight_time": 12013.89315675325, "mean_swap_time": 490.0, "mean_idle_time": 115.0987088884358, "mean_delivery_time": 8273.741634722017, "mean_schedule_distance": 84097.2520972727, "mean_schedule_energy": 6.596709260692148, "mean_number_swaps": 8.166666666666666, "drone_utilization": 1.0, "execution_time": 1883.9303505420685}