{"completion_time": 7214.543132530936, "mean_schedule_time": 4193.5371495998825, "mean_flight_time": 4073.537149599882, "mean_swap_time": 120.0, "mean_idle_time": 0.0, "mean_delivery_time": 3798.204589476154, "mean_schedule_distance": 28514.760047199183, "mean_schedule_energy": 2.129089383551211, "mean_number_swaps": 2.0, "drone_utilization": 1.0, "execution_time": 1.1075618267059326}