{"completion_time": 1086.0118188792228, "execution_time": 0.0024306774139404297}