{"completion_time": 4860.3196844380645, "mean_schedule_time": 1449.5120336503915, "mean_flight_time": 1406.3120336503912, "mean_swap_time": 43.2, "mean_idle_time": 2.2737367544323206e-13, "mean_delivery_time": 2588.4143458042704, "mean_schedule_distance": 9844.18423555274, "mean_schedule_energy": 0.8499895570402201, "mean_number_swaps": 0.72, "drone_utilization": 0.56, "execution_time": 15.441488981246948}