{"completion_time": 8988.262764986728, "mean_schedule_time": 5028.874101444468, "mean_flight_time": 3680.4886772631107, "mean_swap_time": 126.0, "mean_idle_time": 1222.385424181357, "mean_delivery_time": 4772.664550890539, "mean_schedule_distance": 25763.42074084179, "mean_schedule_energy": 2.174714064437295, "mean_number_swaps": 2.1, "drone_utilization": 1.0, "execution_time": 2616.625197172165}