{"completion_time": 7163.899535234791, "mean_schedule_time": 4455.7232440944845, "mean_flight_time": 3234.1708569384964, "mean_swap_time": 116.0, "mean_idle_time": 1105.552387155988, "mean_delivery_time": 4777.000246469055, "mean_schedule_distance": 22639.19599856948, "mean_schedule_energy": 2.020466476315369, "mean_number_swaps": 1.9333333333333333, "drone_utilization": 0.8666666666666667, "execution_time": 105.52510261535645}