{"completion_time": 2505.3178664196425, "mean_delivery_time": 1900.480479721154, "total_distance": 442459.7783377974, "consumed_energy": 36.425905981401, "execution_time": 365.42235231399536}