{"completion_time": 8657.69465881442, "mean_schedule_time": 5027.252922483112, "mean_flight_time": 4843.252922483111, "mean_swap_time": 184.0, "mean_idle_time": 9.094947017729282e-13, "mean_delivery_time": 3587.6768703954945, "mean_schedule_distance": 33902.77045738179, "mean_schedule_energy": 2.8198816301248892, "mean_number_swaps": 3.066666666666667, "drone_utilization": 1.0, "execution_time": 41.786734104156494}