{"completion_time": 25711.575041029835, "mean_schedule_time": 21072.612271956237, "mean_flight_time": 20112.612271956237, "mean_swap_time": 960.0, "mean_idle_time": 0.0, "mean_delivery_time": 9946.223865689977, "mean_schedule_distance": 140788.2859036936, "mean_schedule_energy": 12.18412547570847, "mean_number_swaps": 16.0, "drone_utilization": 1.0, "execution_time": 16.910746335983276}