{"completion_time": 13485.787520514918, "mean_delivery_time": 5186.573471306527, "total_distance": 703941.4295184681, "consumed_energy": 60.92062737854235, "execution_time": 13.738213062286377}