{"completion_time": 4891.307939423916, "mean_schedule_time": 2995.7701759673046, "mean_flight_time": 2489.5772472418394, "mean_swap_time": 81.0, "mean_idle_time": 425.1929287254652, "mean_delivery_time": 3179.8349650928, "mean_schedule_distance": 17427.040730692876, "mean_schedule_energy": 1.4990064379235792, "mean_number_swaps": 1.35, "drone_utilization": 0.95, "execution_time": 784.2097609043121}