{"completion_time": 8798.829465392151, "mean_schedule_time": 8043.139327905013, "mean_flight_time": 7138.507063600128, "mean_swap_time": 280.0, "mean_idle_time": 624.6322643048843, "mean_delivery_time": 6119.108673186292, "mean_schedule_distance": 49969.54944520091, "mean_schedule_energy": 3.7889481875174407, "mean_number_swaps": 4.666666666666667, "drone_utilization": 1.0, "execution_time": 140.99474906921387}