{"completion_time": 11119.07442619672, "mean_schedule_time": 5517.770509356903, "mean_flight_time": 5310.770509356903, "mean_swap_time": 207.0, "mean_idle_time": 0.0, "mean_delivery_time": 4339.477705105884, "mean_schedule_distance": 37175.39356549831, "mean_schedule_energy": 3.0789093908898417, "mean_number_swaps": 3.45, "drone_utilization": 1.0, "execution_time": 69.50586342811584}