{"completion_time": 9702.097968093349, "mean_schedule_time": 8488.222828276692, "mean_flight_time": 7148.6514649754445, "mean_swap_time": 292.5, "mean_idle_time": 1047.0713633012474, "mean_delivery_time": 5766.7727902694405, "mean_schedule_distance": 50040.560254828095, "mean_schedule_energy": 4.014915213738459, "mean_number_swaps": 4.875, "drone_utilization": 1.0, "total_number_parcel_handover": 10, "mean_number_parcel_handover": 0.6666666666666666, "execution_time": 445.4008722305298}