{"completion_time": 2112.052285732069, "mean_delivery_time": 1801.0355664206159, "total_distance": 239538.2449874453, "consumed_energy": 20.841614706057037, "execution_time": 135.37293219566345}