{"completion_time": 5324.568387421068, "mean_schedule_time": 1430.6401246445027, "mean_flight_time": 1389.840124644503, "mean_swap_time": 40.8, "mean_idle_time": -2.2737367544323206e-13, "mean_delivery_time": 2606.958355431424, "mean_schedule_distance": 9728.880872511516, "mean_schedule_energy": 0.8269153756517171, "mean_number_swaps": 0.68, "drone_utilization": 0.52, "execution_time": 21.98145866394043}