{"completion_time": 8331.376824577474, "mean_schedule_time": 5089.674883290987, "mean_flight_time": 4921.674883290986, "mean_swap_time": 168.0, "mean_idle_time": 9.094947017729282e-13, "mean_delivery_time": 4567.520958508049, "mean_schedule_distance": 34451.72418303691, "mean_schedule_energy": 2.569131045851126, "mean_number_swaps": 2.8, "drone_utilization": 1.0, "execution_time": 1.0940654277801514}