{"completion_time": 3331.14354906046, "mean_schedule_time": 694.7822680102885, "mean_flight_time": 584.1783287630047, "mean_swap_time": 15.0, "mean_idle_time": 95.60393924728373, "mean_delivery_time": 2614.899860247703, "mean_schedule_distance": 4089.248301341034, "mean_schedule_energy": 0.3340487667433284, "mean_number_swaps": 0.25, "drone_utilization": 0.2857142857142857, "total_number_parcel_handover": 4, "mean_number_parcel_handover": 0.8, "execution_time": 39.73703122138977}