{"completion_time": 1940.8356965042328, "execution_time": 1.13016939163208}