{"completion_time": 9831.226953600386, "mean_schedule_time": 9524.561430776888, "mean_flight_time": 8990.947936778724, "mean_swap_time": 375.0, "mean_idle_time": 158.6134939981639, "mean_delivery_time": 5773.883091725448, "mean_schedule_distance": 62936.63555745105, "mean_schedule_energy": 5.158234580316074, "mean_number_swaps": 6.25, "drone_utilization": 1.0, "execution_time": 591.428694486618}