{"completion_time": 14482.840120236591, "mean_schedule_time": 14289.812773448006, "mean_flight_time": 13502.07620156915, "mean_swap_time": 570.0, "mean_idle_time": 217.7365718788551, "mean_delivery_time": 8328.26275513039, "mean_schedule_distance": 94514.53341098402, "mean_schedule_energy": 7.214509204312374, "mean_number_swaps": 9.5, "drone_utilization": 1.0, "total_number_parcel_handover": 2, "mean_number_parcel_handover": 0.1, "execution_time": 743.8375442028046}