{"completion_time": 4122.875051271273, "mean_delivery_time": 2188.16200481667, "total_distance": 172045.6084046003, "consumed_energy": 14.859872548293282, "execution_time": 1.747380018234253}