{"completion_time": 11249.192260280714, "mean_schedule_time": 9744.990798146151, "mean_flight_time": 8928.92081090878, "mean_swap_time": 375.0, "mean_idle_time": 441.0699872373716, "mean_delivery_time": 6629.6095304170785, "mean_schedule_distance": 62502.445676361494, "mean_schedule_energy": 5.149447406976273, "mean_number_swaps": 6.25, "drone_utilization": 1.0, "total_number_parcel_handover": 10, "mean_number_parcel_handover": 0.4, "execution_time": 1433.0631783008575}