{"completion_time": 14276.60380754933, "mean_schedule_time": 5934.139614107722, "mean_flight_time": 5700.139614107722, "mean_swap_time": 234.0, "mean_idle_time": 0.0, "mean_delivery_time": 4694.03574259254, "mean_schedule_distance": 39900.97729875406, "mean_schedule_energy": 3.5397464217880215, "mean_number_swaps": 3.9, "drone_utilization": 1.0, "execution_time": 11.198283672332764}