{"completion_time": 6311.2138185844, "mean_schedule_time": 1515.4285758769256, "mean_flight_time": 1204.656016778256, "mean_swap_time": 38.0, "mean_idle_time": 272.7725590986697, "mean_delivery_time": 4017.484575830252, "mean_schedule_distance": 8432.592117447793, "mean_schedule_energy": 0.7159939693956966, "mean_number_swaps": 0.6333333333333333, "drone_utilization": 0.36666666666666664, "total_number_parcel_handover": 7, "mean_number_parcel_handover": 0.7, "execution_time": 339.9015188217163}