{"completion_time": 9590.731739111428, "mean_schedule_time": 8427.375158913626, "mean_flight_time": 6870.145313881959, "mean_swap_time": 268.0, "mean_idle_time": 1289.2298450316675, "mean_delivery_time": 6215.7992511057355, "mean_schedule_distance": 48091.017197173736, "mean_schedule_energy": 4.025132048056459, "mean_number_swaps": 4.466666666666667, "drone_utilization": 1.0, "execution_time": 3643.421790599823}