{"completion_time": 6020.598418513843, "mean_schedule_time": 4417.563734271673, "mean_flight_time": 4171.225413121633, "mean_swap_time": 150.0, "mean_idle_time": 96.33832115003952, "mean_delivery_time": 4130.83261429072, "mean_schedule_distance": 29198.577891851433, "mean_schedule_energy": 2.3160199973189153, "mean_number_swaps": 2.5, "drone_utilization": 1.0, "execution_time": 275.16534948349}