{"completion_time": 10237.190820018832, "mean_schedule_time": 4476.888618083566, "mean_flight_time": 4314.888618083566, "mean_swap_time": 162.0, "mean_idle_time": 0.0, "mean_delivery_time": 4069.295023600454, "mean_schedule_distance": 30204.220326584957, "mean_schedule_energy": 2.5414812800164426, "mean_number_swaps": 2.7, "drone_utilization": 1.0, "execution_time": 51.97325301170349}