{"completion_time": 5328.595410009416, "mean_delivery_time": 2105.897511800227, "total_distance": 604084.4065316991, "consumed_energy": 50.82962560032885, "execution_time": 44.355294942855835}