{"completion_time": 11576.01600620515, "mean_schedule_time": 10911.15827341131, "mean_flight_time": 10018.556051666483, "mean_swap_time": 426.0, "mean_idle_time": 466.60222174482806, "mean_delivery_time": 6816.628213175608, "mean_schedule_distance": 70129.89236166536, "mean_schedule_energy": 5.635768779297669, "mean_number_swaps": 7.1, "drone_utilization": 1.0, "execution_time": 3098.403865337372}