{"completion_time": 6087.6253138272605, "mean_schedule_time": 3264.449499496973, "mean_flight_time": 3166.049499496973, "mean_swap_time": 98.4, "mean_idle_time": 0.0, "mean_delivery_time": 3400.46822864268, "mean_schedule_distance": 22162.346496478804, "mean_schedule_energy": 1.7975785449313517, "mean_number_swaps": 1.64, "drone_utilization": 0.96, "execution_time": 66.6697518825531}