{"completion_time": 1242.4144006101756, "execution_time": 948.5745360851288}