{"completion_time": 4385.970175302137, "mean_schedule_time": 3097.755512168583, "mean_flight_time": 2827.524441633574, "mean_swap_time": 84.54545454545455, "mean_idle_time": 185.68561598955466, "mean_delivery_time": 3131.831335756827, "mean_schedule_distance": 19792.67109143502, "mean_schedule_energy": 1.5999802421991414, "mean_number_swaps": 1.4090909090909092, "drone_utilization": 0.9545454545454546, "execution_time": 160.14714884757996}