{"completion_time": 17475.456218952237, "mean_delivery_time": 7384.152543041924, "total_distance": 439142.74119195004, "consumed_energy": 36.03448475168523, "execution_time": 44.58148717880249}