{"completion_time": 6210.666464557436, "mean_delivery_time": 2110.82782313792, "total_distance": 576541.6590175928, "consumed_energy": 51.45029985614384, "execution_time": 29.029492378234863}