{"completion_time": 8602.676173125019, "mean_schedule_time": 5822.6592216523995, "mean_flight_time": 4991.313535726775, "mean_swap_time": 198.75, "mean_idle_time": 632.5956859256248, "mean_delivery_time": 4597.746784389967, "mean_schedule_distance": 34939.19475008742, "mean_schedule_energy": 2.9676562775714945, "mean_number_swaps": 3.3125, "drone_utilization": 1.0, "total_number_parcel_handover": 8, "mean_number_parcel_handover": 0.32, "execution_time": 248.70111918449402}