{"completion_time": 12039.517016518785, "mean_schedule_time": 11592.951513416792, "mean_flight_time": 10882.03480610248, "mean_swap_time": 457.5, "mean_idle_time": 253.4167073143126, "mean_delivery_time": 6619.582941319542, "mean_schedule_distance": 76174.24364271732, "mean_schedule_energy": 6.185225484764915, "mean_number_swaps": 7.625, "drone_utilization": 1.0, "execution_time": 1482.1378962993622}