{"completion_time": 6140.58534744994, "mean_delivery_time": 3440.2405364916235, "total_distance": 617858.2239021775, "consumed_energy": 50.16743306416137, "execution_time": 858.7342877388}