{"completion_time": 12422.736487460186, "mean_schedule_time": 10015.446310378247, "mean_flight_time": 9572.94631037825, "mean_swap_time": 442.5, "mean_idle_time": -1.8189894035458565e-12, "mean_delivery_time": 5971.677571916185, "mean_schedule_distance": 67010.62417264773, "mean_schedule_energy": 5.832832477678086, "mean_number_swaps": 7.375, "drone_utilization": 1.0, "total_number_parcel_handover": 0, "mean_number_parcel_handover": 0.0, "execution_time": 21.621805667877197}