{"completion_time": 2931.8259662010573, "mean_delivery_time": 1777.3009236935577, "total_distance": 214157.46880769148, "consumed_energy": 19.619718927665573, "execution_time": 203.9887809753418}