{"completion_time": 6724.0185805498695, "mean_schedule_time": 5225.349817815311, "mean_flight_time": 4777.862612861112, "mean_swap_time": 156.0, "mean_idle_time": 291.4872049541991, "mean_delivery_time": 4254.574960708454, "mean_schedule_distance": 33445.0382900278, "mean_schedule_energy": 2.629043379000736, "mean_number_swaps": 2.6, "drone_utilization": 1.0, "execution_time": 80.57958221435547}