{"completion_time": 6009.681720923662, "mean_schedule_time": 4397.469218366311, "mean_flight_time": 4214.555883102189, "mean_swap_time": 160.8, "mean_idle_time": 22.113335264121815, "mean_delivery_time": 3855.2938221643335, "mean_schedule_distance": 29501.891181715328, "mean_schedule_energy": 2.4996340522590446, "mean_number_swaps": 2.68, "drone_utilization": 1.0, "execution_time": 378.83295488357544}