{"completion_time": 9158.063248557353, "mean_schedule_time": 7743.190198708714, "mean_flight_time": 7354.0713226279495, "mean_swap_time": 294.0, "mean_idle_time": 95.1188760807645, "mean_delivery_time": 5521.019110851369, "mean_schedule_distance": 51478.49925839562, "mean_schedule_energy": 4.144700425034658, "mean_number_swaps": 4.9, "drone_utilization": 1.0, "execution_time": 207.70466208457947}