{"completion_time": 15834.981059904854, "mean_schedule_time": 15721.027885069045, "mean_flight_time": 15091.027885069045, "mean_swap_time": 630.0, "mean_idle_time": 0.0, "mean_delivery_time": 10265.892499850172, "mean_schedule_distance": 105637.19519548332, "mean_schedule_energy": 8.179914610043353, "mean_number_swaps": 10.5, "drone_utilization": 1.0, "execution_time": 8.381868600845337}