{"completion_time": 5371.25182799272, "mean_schedule_time": 4319.710708516542, "mean_flight_time": 3532.698420270378, "mean_swap_time": 133.84615384615384, "mean_idle_time": 653.1661344000099, "mean_delivery_time": 4567.658578707762, "mean_schedule_distance": 24728.88894189268, "mean_schedule_energy": 2.1033255380031064, "mean_number_swaps": 2.230769230769231, "drone_utilization": 0.9230769230769231, "total_number_parcel_handover": 30, "mean_number_parcel_handover": 1.2, "execution_time": 2775.6770243644714}