{"completion_time": 7463.899535234791, "mean_schedule_time": 2621.257906342885, "mean_flight_time": 2529.2579063428843, "mean_swap_time": 92.0, "mean_idle_time": 4.547473508864641e-13, "mean_delivery_time": 3931.886859514327, "mean_schedule_distance": 17704.805344400193, "mean_schedule_energy": 1.6413932969364078, "mean_number_swaps": 1.5333333333333334, "drone_utilization": 0.6666666666666666, "execution_time": 5.604643106460571}