{"completion_time": 6815.321579041133, "mean_schedule_time": 4543.006830099296, "mean_flight_time": 4381.006830099296, "mean_swap_time": 162.0, "mean_idle_time": 0.0, "mean_delivery_time": 3252.7708120579896, "mean_schedule_distance": 30667.047810695076, "mean_schedule_energy": 2.6540473112542644, "mean_number_swaps": 2.7, "drone_utilization": 1.0, "execution_time": 16.901052236557007}