{"completion_time": 13196.708427402633, "mean_schedule_time": 12893.342178418223, "mean_flight_time": 12350.229165734898, "mean_swap_time": 540.0, "mean_idle_time": 3.113012683324996, "mean_delivery_time": 7589.807659298317, "mean_schedule_distance": 86451.60416014434, "mean_schedule_energy": 7.073487155542284, "mean_number_swaps": 9.0, "drone_utilization": 1.0, "execution_time": 2970.2621533870697}