{"completion_time": 3680.831266606444, "mean_delivery_time": 2617.429209931411, "total_distance": 421378.3608968252, "consumed_energy": 35.01333216976064, "execution_time": 372.36114168167114}