{"completion_time": 6175.572991838996, "mean_schedule_time": 4398.03812594257, "mean_flight_time": 4171.408535593209, "mean_swap_time": 148.8, "mean_idle_time": 77.82959034936084, "mean_delivery_time": 4042.576158459162, "mean_schedule_distance": 29199.85974915247, "mean_schedule_energy": 2.3972830105028167, "mean_number_swaps": 2.48, "drone_utilization": 1.0, "execution_time": 4167.771998643875}