{"completion_time": 3006.7425975996257, "mean_delivery_time": 2199.3508683093196, "total_distance": 764191.8049978969, "consumed_energy": 62.48005894146844, "execution_time": 4234.135528326035}