{"completion_time": 7765.51236278778, "mean_delivery_time": 3897.009037928899, "total_distance": 485770.71362455015, "consumed_energy": 39.251881363827664, "execution_time": 147.4556441307068}