{"completion_time": 3240.268056112104, "mean_delivery_time": 1942.7991955002756, "total_distance": 144501.11105223253, "consumed_energy": 11.131529101711276, "execution_time": 3.342635154724121}