{"completion_time": 5986.830468417065, "mean_delivery_time": 3295.1383144275887, "total_distance": 711885.3109160044, "consumed_energy": 57.69094267829818, "execution_time": 617.1915276050568}