{"completion_time": 11613.66093683413, "mean_schedule_time": 10726.622504296938, "mean_flight_time": 10169.79015594292, "mean_swap_time": 426.0, "mean_idle_time": 130.8323483540189, "mean_delivery_time": 6362.660865546749, "mean_schedule_distance": 71188.53109160045, "mean_schedule_energy": 5.769094267829818, "mean_number_swaps": 7.1, "drone_utilization": 1.0, "execution_time": 717.0363097190857}