{"completion_time": 14317.696268590566, "mean_schedule_time": 14060.928535983452, "mean_flight_time": 13436.289567205658, "mean_swap_time": 624.0, "mean_idle_time": 0.638968777793707, "mean_delivery_time": 7634.669775434815, "mean_schedule_distance": 94054.02697043962, "mean_schedule_energy": 8.052197581609569, "mean_number_swaps": 10.4, "drone_utilization": 1.0, "execution_time": 1904.6812899112701}