{"completion_time": 7328.321771335705, "mean_delivery_time": 3926.1769259131665, "total_distance": 464412.62655573036, "consumed_energy": 39.62839485923669, "execution_time": 1183.748791217804}