{"completion_time": 9942.444440930956, "mean_schedule_time": 5226.965863163314, "mean_flight_time": 5022.965863163314, "mean_swap_time": 204.0, "mean_idle_time": 0.0, "mean_delivery_time": 4163.027820229282, "mean_schedule_distance": 35160.761042143204, "mean_schedule_energy": 3.080523965261582, "mean_number_swaps": 3.4, "drone_utilization": 1.0, "execution_time": 42.069817304611206}