{"completion_time": 8747.35482508381, "mean_schedule_time": 7814.866968609712, "mean_flight_time": 7016.682635926005, "mean_swap_time": 284.0, "mean_idle_time": 514.184332683707, "mean_delivery_time": 5252.715220333279, "mean_schedule_distance": 49116.77845148208, "mean_schedule_energy": 4.049615263524912, "mean_number_swaps": 4.733333333333333, "drone_utilization": 1.0, "execution_time": 5312.478538990021}