{"completion_time": 10134.76679640737, "mean_schedule_time": 4732.94184210461, "mean_flight_time": 4572.941842104611, "mean_swap_time": 160.0, "mean_idle_time": -9.094947017729282e-13, "mean_delivery_time": 4342.377036159349, "mean_schedule_distance": 32010.592894732265, "mean_schedule_energy": 2.6528933622186845, "mean_number_swaps": 2.6666666666666665, "drone_utilization": 0.8666666666666667, "execution_time": 19.765686988830566}