{"completion_time": 4299.739441063695, "mean_schedule_time": 890.2591253343268, "mean_flight_time": 802.399288774126, "mean_swap_time": 24.0, "mean_idle_time": 63.85983656020073, "mean_delivery_time": 2797.867857726891, "mean_schedule_distance": 5616.795021418885, "mean_schedule_energy": 0.5258029595836569, "mean_number_swaps": 0.4, "drone_utilization": 0.32, "execution_time": 102.62520575523376}