{"completion_time": 4214.572922600078, "mean_schedule_time": 1609.1088657431646, "mean_flight_time": 1455.8934162507023, "mean_swap_time": 32.0, "mean_idle_time": 121.21544949246231, "mean_delivery_time": 3177.104811907501, "mean_schedule_distance": 10191.253913754916, "mean_schedule_energy": 0.7674102060482305, "mean_number_swaps": 0.5333333333333333, "drone_utilization": 0.5333333333333333, "execution_time": 26.130523681640625}