{"completion_time": 7462.791311978234, "mean_schedule_time": 5666.619526823554, "mean_flight_time": 4738.275745419777, "mean_swap_time": 196.0, "mean_idle_time": 732.343781403777, "mean_delivery_time": 5052.41358251284, "mean_schedule_distance": 33167.93021793846, "mean_schedule_energy": 2.9372822682243167, "mean_number_swaps": 3.2666666666666666, "drone_utilization": 1.0, "execution_time": 3303.3189902305603}