{"completion_time": 10750.23232022638, "mean_schedule_time": 5971.2318435028865, "mean_flight_time": 5715.2318435028865, "mean_swap_time": 256.0, "mean_idle_time": 0.0, "mean_delivery_time": 4344.365368542462, "mean_schedule_distance": 40006.62290452021, "mean_schedule_energy": 3.6015741861867263, "mean_number_swaps": 4.266666666666667, "drone_utilization": 1.0, "execution_time": 35.10802936553955}