{"completion_time": 15788.173508699489, "mean_schedule_time": 15073.29463007939, "mean_flight_time": 14318.09327015334, "mean_swap_time": 675.0, "mean_idle_time": 80.20135992604992, "mean_delivery_time": 7990.699305409304, "mean_schedule_distance": 100226.65289107343, "mean_schedule_energy": 8.986517672827349, "mean_number_swaps": 11.25, "drone_utilization": 1.0, "total_number_parcel_handover": 4, "mean_number_parcel_handover": 0.26666666666666666, "execution_time": 235.73836541175842}