{"completion_time": 4630.224468378528, "mean_schedule_time": 971.5608526210752, "mean_flight_time": 725.3542117201612, "mean_swap_time": 20.0, "mean_idle_time": 226.20664090091407, "mean_delivery_time": 4295.215010915519, "mean_schedule_distance": 5077.479482041129, "mean_schedule_energy": 0.470439878118522, "mean_number_swaps": 0.3333333333333333, "drone_utilization": 0.26666666666666666, "execution_time": 2.0800538063049316}