{"completion_time": 9194.747356249098, "mean_schedule_time": 8268.004984191295, "mean_flight_time": 6997.840819895419, "mean_swap_time": 282.85714285714283, "mean_idle_time": 987.3070214387326, "mean_delivery_time": 6505.784229890402, "mean_schedule_distance": 48984.88573926794, "mean_schedule_energy": 4.104757534898065, "mean_number_swaps": 4.714285714285714, "drone_utilization": 1.0, "total_number_parcel_handover": 17, "mean_number_parcel_handover": 0.85, "execution_time": 4671.465172290802}