{"completion_time": 5621.25665858146, "mean_schedule_time": 1210.0898699013296, "mean_flight_time": 843.3301348021523, "mean_swap_time": 25.0, "mean_idle_time": 341.7597350991773, "mean_delivery_time": 3992.6639620887167, "mean_schedule_distance": 5903.310943615065, "mean_schedule_energy": 0.5001089468842025, "mean_number_swaps": 0.4166666666666667, "drone_utilization": 0.3333333333333333, "execution_time": 194.97915530204773}