{"completion_time": 9048.262764986728, "mean_schedule_time": 4207.0564323788985, "mean_flight_time": 3057.779354695109, "mean_swap_time": 99.0, "mean_idle_time": 1050.2770776837897, "mean_delivery_time": 3765.1594887513797, "mean_schedule_distance": 21404.455482865767, "mean_schedule_energy": 1.8650172882454819, "mean_number_swaps": 1.65, "drone_utilization": 1.0, "execution_time": 1222.387832403183}