{"completion_time": 4630.190306870217, "mean_schedule_time": 3470.11124460677, "mean_flight_time": 2931.5617329923925, "mean_swap_time": 84.0, "mean_idle_time": 454.5495116143775, "mean_delivery_time": 3506.574098072366, "mean_schedule_distance": 20520.932130946738, "mean_schedule_energy": 1.701683217083702, "mean_number_swaps": 1.4, "drone_utilization": 1.0, "execution_time": 1939.8879334926605}