{"completion_time": 9457.51548650161, "mean_schedule_time": 4395.011399843549, "mean_flight_time": 4257.011399843549, "mean_swap_time": 138.0, "mean_idle_time": 0.0, "mean_delivery_time": 4614.475077877111, "mean_schedule_distance": 29799.07979890484, "mean_schedule_energy": 2.3243593402094973, "mean_number_swaps": 2.3, "drone_utilization": 0.9, "execution_time": 5.209178447723389}