{"completion_time": 3703.4535415493883, "mean_schedule_time": 944.4497129091103, "mean_flight_time": 708.5037929140077, "mean_swap_time": 16.0, "mean_idle_time": 219.9459199951026, "mean_delivery_time": 2543.47224340382, "mean_schedule_distance": 4959.5265503980545, "mean_schedule_energy": 0.4338144461178887, "mean_number_swaps": 0.26666666666666666, "drone_utilization": 0.4, "execution_time": 4.075721263885498}