{"completion_time": 1472.33271668805, "execution_time": 7200.017638921738}