{"completion_time": 4828.036412597488, "mean_delivery_time": 2916.475512050057, "total_distance": 578605.9153762154, "consumed_energy": 50.32847680199168, "execution_time": 4031.612641811371}