{"completion_time": 5801.244315760619, "mean_schedule_time": 3308.3179416548446, "mean_flight_time": 2603.829329491134, "mean_swap_time": 87.0, "mean_idle_time": 617.4886121637105, "mean_delivery_time": 4154.475114656078, "mean_schedule_distance": 18226.805306437946, "mean_schedule_energy": 1.5430718325306094, "mean_number_swaps": 1.45, "drone_utilization": 0.75, "total_number_parcel_handover": 9, "mean_number_parcel_handover": 0.6, "execution_time": 141.17721819877625}