{"completion_time": 8661.049828749618, "mean_schedule_time": 4502.436805101043, "mean_flight_time": 4339.579662243898, "mean_swap_time": 162.85714285714286, "mean_idle_time": 1.8189894035458565e-12, "mean_delivery_time": 3620.26310059085, "mean_schedule_distance": 30377.057635707293, "mean_schedule_energy": 2.620214447038136, "mean_number_swaps": 2.7142857142857144, "drone_utilization": 1.0, "execution_time": 22.90677237510681}