{"completion_time": 8592.480901829033, "mean_schedule_time": 8120.756668980073, "mean_flight_time": 7411.683503715877, "mean_swap_time": 296.0, "mean_idle_time": 413.0731652641962, "mean_delivery_time": 5861.206923008534, "mean_schedule_distance": 51881.784526011106, "mean_schedule_energy": 4.258642861827631, "mean_number_swaps": 4.933333333333334, "drone_utilization": 1.0, "execution_time": 3619.7409269809723}