{"completion_time": 1519.8876220689472, "execution_time": 0.0035729408264160156}