{"completion_time": 8503.22116344448, "mean_schedule_time": 5937.044973079946, "mean_flight_time": 4885.228971490965, "mean_swap_time": 174.0, "mean_idle_time": 877.8160015889816, "mean_delivery_time": 5278.514207405805, "mean_schedule_distance": 34196.60280043676, "mean_schedule_energy": 2.8388774312735165, "mean_number_swaps": 2.9, "drone_utilization": 1.0, "execution_time": 86.47063612937927}