{"completion_time": 4676.010098909572, "mean_schedule_time": 3553.4790560856623, "mean_flight_time": 3269.355891346292, "mean_swap_time": 111.0, "mean_idle_time": 173.12316473937017, "mean_delivery_time": 3551.580146719278, "mean_schedule_distance": 22885.49123942404, "mean_schedule_energy": 1.9418822166970702, "mean_number_swaps": 1.85, "drone_utilization": 0.95, "total_number_parcel_handover": 5, "mean_number_parcel_handover": 0.25, "execution_time": 281.2235701084137}