{"completion_time": 13515.296306318807, "mean_schedule_time": 13037.874804658994, "mean_flight_time": 12151.58080610069, "mean_swap_time": 528.0, "mean_idle_time": 358.29399855830343, "mean_delivery_time": 7505.489552992654, "mean_schedule_distance": 85061.06564270491, "mean_schedule_energy": 7.182002481482582, "mean_number_swaps": 8.8, "drone_utilization": 1.0, "execution_time": 983.5009458065033}