{"completion_time": 8086.731167886321, "mean_schedule_time": 5313.122273458563, "mean_flight_time": 4908.618098221737, "mean_swap_time": 192.0, "mean_idle_time": 212.5041752368261, "mean_delivery_time": 4407.567437860879, "mean_schedule_distance": 34360.326687552115, "mean_schedule_energy": 2.9969752584614646, "mean_number_swaps": 3.2, "drone_utilization": 1.0, "execution_time": 9767.474714279175}