{"completion_time": 2409.9430185989854, "execution_time": 16.893389463424683}