{"completion_time": 9125.64420662852, "mean_schedule_time": 7322.8781838278765, "mean_flight_time": 6029.297545606994, "mean_swap_time": 246.0, "mean_idle_time": 1047.580638220882, "mean_delivery_time": 5745.198386568133, "mean_schedule_distance": 42205.082819248986, "mean_schedule_energy": 3.5701948124155316, "mean_number_swaps": 4.1, "drone_utilization": 1.0, "execution_time": 2719.8812685012817}