{"completion_time": 9531.174054587418, "mean_schedule_time": 3699.7370485344068, "mean_flight_time": 3572.237048534407, "mean_swap_time": 127.5, "mean_idle_time": -4.547473508864641e-13, "mean_delivery_time": 3946.386185103367, "mean_schedule_distance": 25005.659339740847, "mean_schedule_energy": 2.2151483247902863, "mean_number_swaps": 2.125, "drone_utilization": 0.9375, "execution_time": 17.25838804244995}