{"completion_time": 3464.5483815664397, "mean_delivery_time": 2266.0814316561164, "total_distance": 596626.1277272903, "consumed_energy": 48.94419086777866, "execution_time": 36.067452907562256}