{"completion_time": 3734.105007118579, "mean_schedule_time": 996.3689175488839, "mean_flight_time": 868.1171362335176, "mean_swap_time": 23.333333333333332, "mean_idle_time": 104.91844798203294, "mean_delivery_time": 2616.33761867876, "mean_schedule_distance": 6076.819953634622, "mean_schedule_energy": 0.51724387666899, "mean_number_swaps": 0.3888888888888889, "drone_utilization": 0.3888888888888889, "execution_time": 13.764819622039795}