{"completion_time": 4116.177080320609, "mean_schedule_time": 1387.1399266984515, "mean_flight_time": 1231.357179462954, "mean_swap_time": 26.666666666666668, "mean_idle_time": 129.11608056883074, "mean_delivery_time": 2264.442923033317, "mean_schedule_distance": 8619.500256240679, "mean_schedule_energy": 0.7064159463504501, "mean_number_swaps": 0.4444444444444444, "drone_utilization": 0.6111111111111112, "total_number_parcel_handover": 1, "mean_number_parcel_handover": 0.1, "execution_time": 28.415663480758667}