{"completion_time": 4562.664247313218, "mean_schedule_time": 853.9440103099571, "mean_flight_time": 832.5154388813859, "mean_swap_time": 21.428571428571427, "mean_idle_time": -2.2737367544323206e-13, "mean_delivery_time": 2391.04322886788, "mean_schedule_distance": 5827.6080721697, "mean_schedule_energy": 0.5438656676235623, "mean_number_swaps": 0.35714285714285715, "drone_utilization": 0.35714285714285715, "total_number_parcel_handover": 0, "mean_number_parcel_handover": 0.0, "execution_time": 1.531984806060791}