{"completion_time": 15705.221646249263, "mean_schedule_time": 14410.720387211835, "mean_flight_time": 12999.806131829107, "mean_swap_time": 570.0, "mean_idle_time": 840.9142553827278, "mean_delivery_time": 8528.943612355659, "mean_schedule_distance": 90998.64292280376, "mean_schedule_energy": 7.565947572251055, "mean_number_swaps": 9.5, "drone_utilization": 1.0, "execution_time": 1134.5074350833893}