{"completion_time": 13964.464314859531, "mean_schedule_time": 10629.075198092905, "mean_flight_time": 10197.075198092905, "mean_swap_time": 432.0, "mean_idle_time": 0.0, "mean_delivery_time": 6579.178420416647, "mean_schedule_distance": 71379.52638665035, "mean_schedule_energy": 5.743517310087103, "mean_number_swaps": 7.2, "drone_utilization": 1.0, "execution_time": 21.14139699935913}