{"completion_time": 4467.1595138093835, "mean_schedule_time": 722.6441582140528, "mean_flight_time": 698.6441582140528, "mean_swap_time": 24.0, "mean_idle_time": 0.0, "mean_delivery_time": 3613.220791070264, "mean_schedule_distance": 4890.509107498369, "mean_schedule_energy": 0.45938371237495945, "mean_number_swaps": 0.4, "drone_utilization": 0.2, "execution_time": 0.3779919147491455}