{"completion_time": 2323.5797569046917, "mean_delivery_time": 1866.610395535132, "total_distance": 48905.09107498369, "consumed_energy": 4.593837123749594, "execution_time": 0.19528555870056152}