{"completion_time": 3942.2088392035466, "mean_schedule_time": 635.9930515376805, "mean_flight_time": 606.1936102219651, "mean_swap_time": 11.538461538461538, "mean_idle_time": 18.26097977725385, "mean_delivery_time": 2763.1225548139637, "mean_schedule_distance": 4243.355271553755, "mean_schedule_energy": 0.3259862796198981, "mean_number_swaps": 0.19230769230769232, "drone_utilization": 0.23076923076923078, "total_number_parcel_handover": 1, "mean_number_parcel_handover": 0.2, "execution_time": 25.72055697441101}