{"completion_time": 4984.027874653795, "mean_schedule_time": 1649.7115395736569, "mean_flight_time": 1589.7115395736569, "mean_swap_time": 60.0, "mean_idle_time": 0.0, "mean_delivery_time": 3299.4230791473137, "mean_schedule_distance": 11127.980777015599, "mean_schedule_energy": 0.9156550074925904, "mean_number_swaps": 1.0, "drone_utilization": 0.5, "execution_time": 1.6497869491577148}