{"completion_time": 5377.7091723125695, "mean_schedule_time": 4180.679674107739, "mean_flight_time": 4030.679674107738, "mean_swap_time": 150.0, "mean_idle_time": 9.094947017729282e-13, "mean_delivery_time": 3358.984267752402, "mean_schedule_distance": 28214.757718754165, "mean_schedule_energy": 2.390782966567411, "mean_number_swaps": 2.5, "drone_utilization": 1.0, "execution_time": 59.100446462631226}