{"completion_time": 4431.412097951314, "mean_delivery_time": 2591.573176527281, "total_distance": 268361.56452127104, "consumed_energy": 22.51800845681578, "execution_time": 34.74176335334778}