{"completion_time": 8313.401962387858, "mean_schedule_time": 1353.083364375329, "mean_flight_time": 1303.0833643753292, "mean_swap_time": 50.0, "mean_idle_time": -2.2737367544323206e-13, "mean_delivery_time": 4059.250093125987, "mean_schedule_distance": 9121.583550627303, "mean_schedule_energy": 0.8247556788139557, "mean_number_swaps": 0.8333333333333334, "drone_utilization": 0.3333333333333333, "total_number_parcel_handover": 0, "mean_number_parcel_handover": 0.0, "execution_time": 14.279374361038208}