{"completion_time": 4385.970175302137, "mean_schedule_time": 1184.7939835178224, "mean_flight_time": 965.8468662211235, "mean_swap_time": 23.333333333333332, "mean_idle_time": 195.61378396336556, "mean_delivery_time": 3254.243042985643, "mean_schedule_distance": 6760.928063547867, "mean_schedule_energy": 0.5272975280628531, "mean_number_swaps": 0.3888888888888889, "drone_utilization": 0.3888888888888889, "execution_time": 20.276517391204834}