{"completion_time": 7266.494016081486, "mean_schedule_time": 6855.807310674883, "mean_flight_time": 6544.309308832715, "mean_swap_time": 264.0, "mean_idle_time": 47.49800184216838, "mean_delivery_time": 5754.271777092016, "mean_schedule_distance": 45810.165161829005, "mean_schedule_energy": 3.904266592897905, "mean_number_swaps": 4.4, "drone_utilization": 1.0, "execution_time": 654.8197226524353}