{"completion_time": 5425.566649791343, "mean_schedule_time": 2541.0757231668026, "mean_flight_time": 2233.3160235924697, "mean_swap_time": 76.66666666666667, "mean_idle_time": 231.09303290766638, "mean_delivery_time": 4114.117405631588, "mean_schedule_distance": 15633.212165147286, "mean_schedule_energy": 1.344575577338277, "mean_number_swaps": 1.2777777777777777, "drone_utilization": 0.6111111111111112, "execution_time": 173.42906641960144}