{"completion_time": 5591.445585904626, "mean_schedule_time": 2099.5628126252436, "mean_flight_time": 2024.5628126252436, "mean_swap_time": 75.0, "mean_idle_time": 0.0, "mean_delivery_time": 3359.3005002003897, "mean_schedule_distance": 14171.939688376708, "mean_schedule_energy": 1.2845659584867954, "mean_number_swaps": 1.25, "drone_utilization": 0.625, "execution_time": 1.0649104118347168}