{"completion_time": 8665.30482839512, "mean_schedule_time": 7674.028498966987, "mean_flight_time": 7378.028498966987, "mean_swap_time": 296.0, "mean_idle_time": 0.0, "mean_delivery_time": 5374.6921742344375, "mean_schedule_distance": 51646.19949276889, "mean_schedule_energy": 4.197031052872422, "mean_number_swaps": 4.933333333333334, "drone_utilization": 1.0, "execution_time": 1338.2789266109467}