{"completion_time": 1174.4514859631752, "execution_time": 0.0013613700866699219}