{"completion_time": 8056.956400218796, "mean_schedule_time": 4401.563236107608, "mean_flight_time": 4230.563236107609, "mean_swap_time": 171.0, "mean_idle_time": -9.094947017729282e-13, "mean_delivery_time": 3801.9631725744775, "mean_schedule_distance": 29613.94265275327, "mean_schedule_energy": 2.638162342863122, "mean_number_swaps": 2.85, "drone_utilization": 1.0, "total_number_parcel_handover": 0, "mean_number_parcel_handover": 0.0, "execution_time": 40.89078760147095}