{"completion_time": 5431.2600273329535, "mean_schedule_time": 743.3460797079128, "mean_flight_time": 721.5278978897311, "mean_swap_time": 21.818181818181817, "mean_idle_time": -1.1368683772161603e-13, "mean_delivery_time": 3270.7227507148164, "mean_schedule_distance": 5050.6952852281165, "mean_schedule_energy": 0.4345250725720835, "mean_number_swaps": 0.36363636363636365, "drone_utilization": 0.22727272727272727, "execution_time": 3.0748791694641113}