{"completion_time": 12809.840428696683, "mean_schedule_time": 11316.321990537797, "mean_flight_time": 10698.913941599867, "mean_swap_time": 468.0, "mean_idle_time": 149.4080489379303, "mean_delivery_time": 7035.160505401315, "mean_schedule_distance": 74892.39759119909, "mean_schedule_energy": 6.365251958276438, "mean_number_swaps": 7.8, "drone_utilization": 1.0, "execution_time": 49.14191436767578}