{"completion_time": 12007.4105757394, "mean_schedule_time": 6461.98678209414, "mean_flight_time": 6206.98678209414, "mean_swap_time": 255.0, "mean_idle_time": 0.0, "mean_delivery_time": 5723.036013924316, "mean_schedule_distance": 43448.90747465899, "mean_schedule_energy": 3.546807906197595, "mean_number_swaps": 4.25, "drone_utilization": 1.0, "execution_time": 0.5033588409423828}