{"completion_time": 6273.7052878696995, "mean_delivery_time": 2975.518006962158, "total_distance": 173795.62989863596, "consumed_energy": 14.18723162479038, "execution_time": 0.6082916259765625}