{"completion_time": 19674.091455384736, "mean_schedule_time": 19219.17736860991, "mean_flight_time": 18427.17736860991, "mean_swap_time": 792.0, "mean_idle_time": 0.0, "mean_delivery_time": 10084.87367699443, "mean_schedule_distance": 128990.24158026944, "mean_schedule_energy": 10.24166681697473, "mean_number_swaps": 13.2, "drone_utilization": 1.0, "execution_time": 1017.913253068924}