{"completion_time": 5799.53721309836, "mean_delivery_time": 2165.867136777264, "total_distance": 787546.8741305814, "consumed_energy": 63.73084346488252, "execution_time": 64.78434157371521}