{"completion_time": 11119.07442619672, "mean_schedule_time": 4661.067852174751, "mean_flight_time": 4500.267852174752, "mean_swap_time": 160.8, "mean_idle_time": -9.094947017729282e-13, "mean_delivery_time": 4193.734273554529, "mean_schedule_distance": 31501.874965223255, "mean_schedule_energy": 2.5492337385953006, "mean_number_swaps": 2.68, "drone_utilization": 1.0, "execution_time": 74.17211556434631}