{"completion_time": 4059.4778780906963, "mean_schedule_time": 1363.569490559318, "mean_flight_time": 1076.440434834861, "mean_swap_time": 25.714285714285715, "mean_idle_time": 261.4147700101712, "mean_delivery_time": 2714.928328349015, "mean_schedule_distance": 7535.083043844026, "mean_schedule_energy": 0.6610088802798286, "mean_number_swaps": 0.42857142857142855, "drone_utilization": 0.5, "total_number_parcel_handover": 2, "mean_number_parcel_handover": 0.4, "execution_time": 7.405306100845337}