{"completion_time": 4500.008319131489, "mean_schedule_time": 2010.5027660424646, "mean_flight_time": 1919.1107023854127, "mean_swap_time": 48.0, "mean_idle_time": 43.39206365705195, "mean_delivery_time": 3423.999931096213, "mean_schedule_distance": 13433.774916697892, "mean_schedule_energy": 1.0377487924077864, "mean_number_swaps": 0.8, "drone_utilization": 0.6, "execution_time": 46.51074695587158}