{"completion_time": 7860.0146783684495, "mean_schedule_time": 7427.774412367445, "mean_flight_time": 7109.310590453337, "mean_swap_time": 315.0, "mean_idle_time": 3.463821914107939, "mean_delivery_time": 5091.381463747868, "mean_schedule_distance": 49765.17413317337, "mean_schedule_energy": 4.2201122052562825, "mean_number_swaps": 5.25, "drone_utilization": 1.0, "total_number_parcel_handover": 4, "mean_number_parcel_handover": 0.16, "execution_time": 607.569925069809}