{"completion_time": 3945.4649080952695, "mean_delivery_time": 2961.2110543308722, "total_distance": 583802.4937555909, "consumed_energy": 52.37578395495879, "execution_time": 893.0855796337128}