{"completion_time": 4063.783955198057, "mean_delivery_time": 1946.8730676607363, "total_distance": 100624.89178900124, "consumed_energy": 9.5624318455904, "execution_time": 1.9412484169006348}