{"completion_time": 2369.9232261067964, "execution_time": 1.7200686931610107}