{"completion_time": 5977.589306410375, "mean_schedule_time": 1644.2908588732323, "mean_flight_time": 1079.609176921668, "mean_swap_time": 39.0, "mean_idle_time": 525.6816819515643, "mean_delivery_time": 3762.8000733789363, "mean_schedule_distance": 7557.264238451676, "mean_schedule_energy": 0.6974402590633797, "mean_number_swaps": 0.65, "drone_utilization": 0.45, "execution_time": 323.61261343955994}