{"completion_time": 8787.90818043972, "mean_schedule_time": 6816.7740313574195, "mean_flight_time": 6576.77403135742, "mean_swap_time": 240.0, "mean_idle_time": -9.094947017729282e-13, "mean_delivery_time": 6006.643902547605, "mean_schedule_distance": 46037.41821950195, "mean_schedule_energy": 3.2752831860936995, "mean_number_swaps": 4.0, "drone_utilization": 1.0, "execution_time": 0.6690943241119385}