{"completion_time": 14535.353298471431, "mean_schedule_time": 14063.69155523549, "mean_flight_time": 13463.691555235477, "mean_swap_time": 600.0, "mean_idle_time": 1.2732925824820995e-11, "mean_delivery_time": 8320.77135580271, "mean_schedule_distance": 94245.84088664845, "mean_schedule_energy": 8.021243195219599, "mean_number_swaps": 10.0, "drone_utilization": 1.0, "execution_time": 1060.0088169574738}