{"completion_time": 9909.110552970049, "mean_schedule_time": 9692.346604653383, "mean_flight_time": 8983.245758384273, "mean_swap_time": 378.0, "mean_idle_time": 331.10084626910975, "mean_delivery_time": 5718.491649441611, "mean_schedule_distance": 62882.720308689866, "mean_schedule_energy": 5.090118905302804, "mean_number_swaps": 6.3, "drone_utilization": 1.0, "execution_time": 7854.443028926849}