{"completion_time": 17431.47023761545, "mean_schedule_time": 17021.770256773954, "mean_flight_time": 16235.15307045133, "mean_swap_time": 760.0, "mean_idle_time": 26.617186322626367, "mean_delivery_time": 9187.385793121313, "mean_schedule_distance": 113646.07149315924, "mean_schedule_energy": 9.706441469821662, "mean_number_swaps": 12.666666666666666, "drone_utilization": 1.0, "execution_time": 704.2104249000549}