{"completion_time": 12380.302118250753, "mean_schedule_time": 12072.577928355851, "mean_flight_time": 11468.926054871623, "mean_swap_time": 465.0, "mean_idle_time": 138.65187348422842, "mean_delivery_time": 6908.392915804384, "mean_schedule_distance": 80282.48238410133, "mean_schedule_energy": 6.465235221182646, "mean_number_swaps": 7.75, "drone_utilization": 1.0, "execution_time": 375.8655593395233}