{"completion_time": 4109.27570696154, "mean_schedule_time": 453.3463563578425, "mean_flight_time": 441.80789481938103, "mean_swap_time": 11.538461538461538, "mean_idle_time": -5.684341886080802e-14, "mean_delivery_time": 2357.401053060781, "mean_schedule_distance": 3092.655263735667, "mean_schedule_energy": 0.26479727859688634, "mean_number_swaps": 0.19230769230769232, "drone_utilization": 0.19230769230769232, "execution_time": 3.9011096954345703}