{"completion_time": 48438.35566791966, "mean_schedule_time": 46250.320492340456, "mean_flight_time": 44240.32049234045, "mean_swap_time": 2010.0, "mean_idle_time": 7.275957614183426e-12, "mean_delivery_time": 21413.047650878038, "mean_schedule_distance": 309682.24344638345, "mean_schedule_energy": 25.94672872807401, "mean_number_swaps": 33.5, "drone_utilization": 1.0, "total_number_parcel_handover": 0, "mean_number_parcel_handover": 0.0, "execution_time": 6.677720785140991}