{"completion_time": 25269.17783395983, "mean_delivery_time": 11157.72382543902, "total_distance": 619364.4868927669, "consumed_energy": 51.89345745614802, "execution_time": 7.489441394805908}