{"completion_time": 12263.804523307195, "mean_schedule_time": 3517.90023377022, "mean_flight_time": 3397.9002337702204, "mean_swap_time": 120.0, "mean_idle_time": -4.547473508864641e-13, "mean_delivery_time": 3997.613902011614, "mean_schedule_distance": 23785.301636391552, "mean_schedule_energy": 1.9991943676887047, "mean_number_swaps": 2.0, "drone_utilization": 0.88, "execution_time": 40.36440992355347}