{"completion_time": 13265.580114238266, "mean_schedule_time": 12883.832835240422, "mean_flight_time": 12179.478784011455, "mean_swap_time": 546.0, "mean_idle_time": 158.35405122896736, "mean_delivery_time": 7528.466157087567, "mean_schedule_distance": 85256.35148808027, "mean_schedule_energy": 6.986909588440328, "mean_number_swaps": 9.1, "drone_utilization": 1.0, "execution_time": 1089.1288454532623}