{"completion_time": 6252.460777171949, "mean_schedule_time": 5081.427751805941, "mean_flight_time": 4808.935364510847, "mean_swap_time": 174.0, "mean_idle_time": 98.49238729509398, "mean_delivery_time": 4626.143629918506, "mean_schedule_distance": 33662.54755157592, "mean_schedule_energy": 2.766495135704878, "mean_number_swaps": 2.9, "drone_utilization": 1.0, "execution_time": 4081.5299668312073}