{"completion_time": 7939.5822188679895, "mean_schedule_time": 7211.007160782879, "mean_flight_time": 6762.263261347733, "mean_swap_time": 268.0, "mean_idle_time": 180.74389943514598, "mean_delivery_time": 5330.533958713539, "mean_schedule_distance": 47335.84282943409, "mean_schedule_energy": 4.076293549779297, "mean_number_swaps": 4.466666666666667, "drone_utilization": 1.0, "execution_time": 7808.250172376633}