{"completion_time": 7605.155242057946, "mean_schedule_time": 4443.867544978389, "mean_flight_time": 3240.9723212517797, "mean_swap_time": 115.2, "mean_idle_time": 1087.6952237266091, "mean_delivery_time": 5502.898344298914, "mean_schedule_distance": 22686.806248762445, "mean_schedule_energy": 1.9026405592746642, "mean_number_swaps": 1.92, "drone_utilization": 0.8, "execution_time": 1915.5345854759216}