{"completion_time": 5146.352905334717, "mean_delivery_time": 3134.2203057526945, "total_distance": 624318.4847390733, "consumed_energy": 49.890681242802025, "execution_time": 4368.018203020096}