{"completion_time": 6093.582888339302, "mean_delivery_time": 2068.273546706234, "total_distance": 570334.8530864426, "consumed_energy": 46.640902886643595, "execution_time": 33.96672582626343}