{"completion_time": 11707.165776678605, "mean_schedule_time": 4689.800421320974, "mean_flight_time": 4526.467087987643, "mean_swap_time": 163.33333333333334, "mean_idle_time": -1.8189894035458565e-12, "mean_delivery_time": 4004.5470934124683, "mean_schedule_distance": 31685.269615913476, "mean_schedule_energy": 2.5911612714801997, "mean_number_swaps": 2.7222222222222223, "drone_utilization": 1.0, "total_number_parcel_handover": 0, "mean_number_parcel_handover": 0.0, "execution_time": 43.71331477165222}