{"completion_time": 11113.915677697525, "mean_schedule_time": 4948.887814279194, "mean_flight_time": 4773.687814279194, "mean_swap_time": 175.2, "mean_idle_time": 0.0, "mean_delivery_time": 4403.839098973404, "mean_schedule_distance": 33415.81469995435, "mean_schedule_energy": 2.8172617167532485, "mean_number_swaps": 2.92, "drone_utilization": 1.0, "execution_time": 68.01733422279358}