{"completion_time": 5949.681720923662, "mean_schedule_time": 3930.058187766497, "mean_flight_time": 3628.3256614719826, "mean_swap_time": 136.8, "mean_idle_time": 164.93252629451445, "mean_delivery_time": 3936.3001838505743, "mean_schedule_distance": 25398.27963030387, "mean_schedule_energy": 2.207380212240703, "mean_number_swaps": 2.28, "drone_utilization": 0.92, "execution_time": 889.0932161808014}