{"completion_time": 9216.832904700397, "mean_schedule_time": 4140.639304503338, "mean_flight_time": 2268.1793411445237, "mean_swap_time": 65.0, "mean_idle_time": 1807.4599633588145, "mean_delivery_time": 6272.793844333604, "mean_schedule_distance": 15877.255388011661, "mean_schedule_energy": 1.2863817870447583, "mean_number_swaps": 1.0833333333333333, "drone_utilization": 0.6666666666666666, "total_number_parcel_handover": 7, "mean_number_parcel_handover": 1.4, "execution_time": 18.905965328216553}