{"completion_time": 5567.969353513525, "mean_schedule_time": 4203.368734830189, "mean_flight_time": 3957.99237047761, "mean_swap_time": 124.0, "mean_idle_time": 121.376364352579, "mean_delivery_time": 4337.201500008405, "mean_schedule_distance": 27705.946593343277, "mean_schedule_energy": 2.196146490882969, "mean_number_swaps": 2.066666666666667, "drone_utilization": 0.8666666666666667, "execution_time": 491.80383944511414}