{"completion_time": 1811.7618657682772, "execution_time": 0.002691030502319336}