{"completion_time": 7945.750102542546, "mean_schedule_time": 2320.647820640521, "mean_flight_time": 2253.147820640521, "mean_swap_time": 67.5, "mean_idle_time": 0.0, "mean_delivery_time": 3713.0365130248333, "mean_schedule_distance": 15772.034744483644, "mean_schedule_energy": 1.3315711587454497, "mean_number_swaps": 1.125, "drone_utilization": 0.625, "total_number_parcel_handover": 0, "mean_number_parcel_handover": 0.0, "execution_time": 0.8466684818267822}