{"completion_time": 15587.908072712456, "mean_schedule_time": 9911.922234722284, "mean_flight_time": 9503.922234722284, "mean_swap_time": 408.0, "mean_idle_time": 0.0, "mean_delivery_time": 5906.502960624424, "mean_schedule_distance": 66527.455643056, "mean_schedule_energy": 5.150347263948912, "mean_number_swaps": 6.8, "drone_utilization": 1.0, "execution_time": 3.678685188293457}