{"completion_time": 7767.567910396114, "mean_schedule_time": 3664.5868782305542, "mean_flight_time": 3527.920211563887, "mean_swap_time": 136.66666666666666, "mean_idle_time": 9.094947017729282e-13, "mean_delivery_time": 3550.624428078046, "mean_schedule_distance": 24695.4414809472, "mean_schedule_energy": 2.166065945432586, "mean_number_swaps": 2.2777777777777777, "drone_utilization": 0.8888888888888888, "execution_time": 28.732099533081055}