{"completion_time": 2489.471408290736, "mean_delivery_time": 1782.6912649173205, "total_distance": 388140.51864866086, "consumed_energy": 32.740830725888735, "execution_time": 168.99045610427856}