{"completion_time": 3451.9943348798693, "execution_time": 0.007622718811035156}