{"completion_time": 3653.897584549568, "mean_schedule_time": 692.9522380116821, "mean_flight_time": 674.9522380116819, "mean_swap_time": 18.0, "mean_idle_time": 2.2737367544323206e-13, "mean_delivery_time": 2309.8407933722738, "mean_schedule_distance": 4724.665666081773, "mean_schedule_energy": 0.4083776757627501, "mean_number_swaps": 0.3, "drone_utilization": 0.3, "execution_time": 4.4472551345825195}