{"completion_time": 7142.040418697494, "mean_schedule_time": 6864.105621397133, "mean_flight_time": 6344.135065873953, "mean_swap_time": 268.0, "mean_idle_time": 251.97055552318034, "mean_delivery_time": 5058.6556971010705, "mean_schedule_distance": 44408.94546111766, "mean_schedule_energy": 3.774906384062666, "mean_number_swaps": 4.466666666666667, "drone_utilization": 1.0, "execution_time": 1549.2175796031952}