{"completion_time": 1626.8617039516494, "mean_delivery_time": 1275.0005437835748, "total_distance": 84889.45449743579, "consumed_energy": 6.5465793405178605, "execution_time": 11.127185583114624}