{"completion_time": 20975.01464788092, "mean_schedule_time": 20560.47444269525, "mean_flight_time": 19675.47444269525, "mean_swap_time": 885.0, "mean_idle_time": 0.0, "mean_delivery_time": 10414.921947781102, "mean_schedule_distance": 137728.32109886679, "mean_schedule_energy": 11.580531559073531, "mean_number_swaps": 14.75, "drone_utilization": 1.0, "execution_time": 380.16767835617065}