{"completion_time": 6311.2138185844, "mean_schedule_time": 1872.6090077431363, "mean_flight_time": 1475.2140631514076, "mean_swap_time": 45.0, "mean_idle_time": 352.39494459172874, "mean_delivery_time": 3639.045297325824, "mean_schedule_distance": 10326.498442059854, "mean_schedule_energy": 0.8672717793200332, "mean_number_swaps": 0.75, "drone_utilization": 0.5, "total_number_parcel_handover": 6, "mean_number_parcel_handover": 0.6, "execution_time": 373.73442554473877}