{"completion_time": 8878.776118510606, "mean_schedule_time": 8455.724358968553, "mean_flight_time": 8089.724358968555, "mean_swap_time": 366.0, "mean_idle_time": -1.8189894035458565e-12, "mean_delivery_time": 5140.806017077064, "mean_schedule_distance": 56628.07051277987, "mean_schedule_energy": 5.047812178391596, "mean_number_swaps": 6.1, "drone_utilization": 1.0, "execution_time": 1021.2863965034485}