{"completion_time": 7744.978123532705, "mean_schedule_time": 6344.29613672279, "mean_flight_time": 6099.665453082062, "mean_swap_time": 244.0, "mean_idle_time": 0.6306836407275114, "mean_delivery_time": 4508.481941214677, "mean_schedule_distance": 42697.6581715744, "mean_schedule_energy": 3.559630165410157, "mean_number_swaps": 4.066666666666666, "drone_utilization": 1.0, "execution_time": 1003.5214402675629}