{"completion_time": 5715.235259517608, "mean_schedule_time": 592.5922470367784, "mean_flight_time": 576.4384008829322, "mean_swap_time": 16.153846153846153, "mean_idle_time": 0.0, "mean_delivery_time": 3081.4796845912474, "mean_schedule_distance": 4035.068806180525, "mean_schedule_energy": 0.2969123461978627, "mean_number_swaps": 0.2692307692307692, "drone_utilization": 0.19230769230769232, "execution_time": 2.8608288764953613}