{"completion_time": 2306.6729512348475, "mean_delivery_time": 1593.9278147545501, "total_distance": 315638.1095053699, "consumed_energy": 26.07861839384056, "execution_time": 350.88971185684204}