{"completion_time": 5722.769698206328, "mean_schedule_time": 1206.5341598681614, "mean_flight_time": 1169.8674932014947, "mean_swap_time": 36.666666666666664, "mean_idle_time": 0.0, "mean_delivery_time": 4343.52297552538, "mean_schedule_distance": 8189.0724524104635, "mean_schedule_energy": 0.6163662445082738, "mean_number_swaps": 0.6111111111111112, "drone_utilization": 0.2777777777777778, "total_number_parcel_handover": 0, "mean_number_parcel_handover": 0.0, "execution_time": 1.9379222393035889}