{"completion_time": 5389.911239693806, "mean_schedule_time": 3850.932416038952, "mean_flight_time": 3378.9196722815855, "mean_swap_time": 103.2, "mean_idle_time": 368.81274375736666, "mean_delivery_time": 4103.603874782419, "mean_schedule_distance": 23652.43770597109, "mean_schedule_energy": 1.8802355667495179, "mean_number_swaps": 1.72, "drone_utilization": 0.92, "execution_time": 5014.348555088043}