{"completion_time": 1652.20291054981, "execution_time": 0.011800527572631836}