{"completion_time": 7499.877534463302, "mean_schedule_time": 6770.282732121408, "mean_flight_time": 6442.924542894851, "mean_swap_time": 270.0, "mean_idle_time": 57.35818922655744, "mean_delivery_time": 4902.699378929345, "mean_schedule_distance": 45100.47180026397, "mean_schedule_energy": 3.9171277999384304, "mean_number_swaps": 4.5, "drone_utilization": 1.0, "total_number_parcel_handover": 5, "mean_number_parcel_handover": 0.2, "execution_time": 474.12660336494446}