{"completion_time": 5616.995430826576, "mean_delivery_time": 3199.2367942785195, "total_distance": 404055.72657775873, "consumed_energy": 35.408028949929744, "execution_time": 383.6277651786804}