{"completion_time": 5396.494289213095, "mean_schedule_time": 3911.787302439232, "mean_flight_time": 3253.1969462336547, "mean_swap_time": 106.36363636363636, "mean_idle_time": 552.2267198419408, "mean_delivery_time": 3456.620003023626, "mean_schedule_distance": 22772.37862363558, "mean_schedule_energy": 1.9509861204111645, "mean_number_swaps": 1.7727272727272727, "drone_utilization": 1.0, "execution_time": 355.7406716346741}