{"completion_time": 1415.5012950073244, "mean_delivery_time": 1413.5912752588479, "total_distance": 54112.36749234932, "consumed_energy": 4.0962716180335255, "execution_time": 0.8123831748962402}