{"completion_time": 4491.703161931449, "mean_schedule_time": 592.1173961079642, "mean_flight_time": 445.8740108784349, "mean_swap_time": 9.0, "mean_idle_time": 137.24338522952928, "mean_delivery_time": 3500.787948704162, "mean_schedule_distance": 3121.118076149044, "mean_schedule_energy": 0.26090244602171453, "mean_number_swaps": 0.15, "drone_utilization": 0.2, "execution_time": 7.696700572967529}