{"completion_time": 7183.188952566631, "mean_schedule_time": 5628.385811748793, "mean_flight_time": 5376.323888568233, "mean_swap_time": 200.0, "mean_idle_time": 52.06192318055946, "mean_delivery_time": 4230.5253627188495, "mean_schedule_distance": 37634.26721997761, "mean_schedule_energy": 3.1364300800462477, "mean_number_swaps": 3.3333333333333335, "drone_utilization": 1.0, "execution_time": 208.72186160087585}