{"completion_time": 4119.72802380329, "mean_delivery_time": 1897.1921291366257, "total_distance": 123563.44903956383, "consumed_energy": 10.588647659982163, "execution_time": 1.5311059951782227}