{"completion_time": 17175.79296292213, "mean_schedule_time": 16696.241423843217, "mean_flight_time": 14439.190392214508, "mean_swap_time": 624.0, "mean_idle_time": 1633.051031628709, "mean_delivery_time": 8827.95155992385, "mean_schedule_distance": 101074.33274550158, "mean_schedule_energy": 8.471683665825875, "mean_number_swaps": 10.4, "drone_utilization": 1.0, "execution_time": 3257.975930452347}