{"completion_time": 8390.637020274411, "mean_schedule_time": 8075.891633874965, "mean_flight_time": 7543.643802766278, "mean_swap_time": 300.0, "mean_idle_time": 232.24783110868702, "mean_delivery_time": 5968.447141917585, "mean_schedule_distance": 52805.50661936399, "mean_schedule_energy": 4.408104417650813, "mean_number_swaps": 5.0, "drone_utilization": 1.0, "execution_time": 988.9319369792938}