{"completion_time": 4214.572922600078, "mean_schedule_time": 1277.8980247339089, "mean_flight_time": 1145.7045014334556, "mean_swap_time": 20.0, "mean_idle_time": 112.19352330045331, "mean_delivery_time": 3191.514073243082, "mean_schedule_distance": 8019.931510034189, "mean_schedule_energy": 0.602847603893334, "mean_number_swaps": 0.3333333333333333, "drone_utilization": 0.4666666666666667, "execution_time": 10.180176258087158}