{"completion_time": 7019.0809077363665, "mean_schedule_time": 6556.945441842747, "mean_flight_time": 6033.46350180114, "mean_swap_time": 228.0, "mean_idle_time": 295.4819400416063, "mean_delivery_time": 5045.812059732525, "mean_schedule_distance": 42234.244512608006, "mean_schedule_energy": 3.5458932871014746, "mean_number_swaps": 3.8, "drone_utilization": 1.0, "execution_time": 134.40996885299683}