{"completion_time": 11564.992770229292, "mean_schedule_time": 7134.366689638974, "mean_flight_time": 6894.366689638973, "mean_swap_time": 240.0, "mean_idle_time": 9.094947017729282e-13, "mean_delivery_time": 6748.438693853733, "mean_schedule_distance": 48260.566827472816, "mean_schedule_energy": 3.372747898115917, "mean_number_swaps": 4.0, "drone_utilization": 1.0, "total_number_parcel_handover": 0, "mean_number_parcel_handover": 0.0, "execution_time": 0.46039605140686035}