{"completion_time": 2417.540005614375, "mean_delivery_time": 1370.0644024828844, "total_distance": 182569.01634760384, "consumed_energy": 14.905401821075174, "execution_time": 7.46752405166626}