{"completion_time": 4715.08001122875, "mean_schedule_time": 1485.6271138698714, "mean_flight_time": 1448.960447203205, "mean_swap_time": 36.666666666666664, "mean_idle_time": -2.2737367544323206e-13, "mean_delivery_time": 2674.1288049657687, "mean_schedule_distance": 10142.723130422435, "mean_schedule_energy": 0.8280778789486207, "mean_number_swaps": 0.6111111111111112, "drone_utilization": 0.5555555555555556, "execution_time": 7.9998979568481445}