{"completion_time": 2472.167247100494, "mean_delivery_time": 1601.5904375131843, "total_distance": 103711.3306259229, "consumed_energy": 10.866156362779158, "execution_time": 1.5041499137878418}