{"completion_time": 3763.783955198057, "mean_delivery_time": 2140.9137880155563, "total_distance": 199097.1755195501, "consumed_energy": 17.64250241139998, "execution_time": 42.33144021034241}