{"completion_time": 5391.965648831649, "mean_schedule_time": 3339.6549677666217, "mean_flight_time": 3249.6549677666217, "mean_swap_time": 90.0, "mean_idle_time": 0.0, "mean_delivery_time": 4174.568709708277, "mean_schedule_distance": 22747.58477436635, "mean_schedule_energy": 1.7807062444022759, "mean_number_swaps": 1.5, "drone_utilization": 0.8, "execution_time": 23.161245584487915}