{"completion_time": 2889.0687171163277, "mean_delivery_time": 2070.3861464960983, "total_distance": 218443.24840756302, "consumed_energy": 17.265106483856723, "execution_time": 14.194937944412231}