{"completion_time": 26794.987272365845, "mean_schedule_time": 23753.059484127753, "mean_flight_time": 22748.059484127753, "mean_swap_time": 1005.0, "mean_idle_time": 0.0, "mean_delivery_time": 12180.703718803417, "mean_schedule_distance": 159236.41638889431, "mean_schedule_energy": 12.673673725391899, "mean_number_swaps": 16.75, "drone_utilization": 1.0, "execution_time": 13.868789434432983}