{"completion_time": 6587.602418758785, "mean_delivery_time": 3692.383375679773, "total_distance": 633443.3444351571, "consumed_energy": 54.03885694251019, "execution_time": 708.6570122241974}