{"completion_time": 11155.24042790714, "mean_schedule_time": 8346.597530587418, "mean_flight_time": 7992.597530587416, "mean_swap_time": 354.0, "mean_idle_time": 1.8189894035458565e-12, "mean_delivery_time": 5127.945026488625, "mean_schedule_distance": 55948.18271411194, "mean_schedule_energy": 4.8630355625277, "mean_number_swaps": 5.9, "drone_utilization": 1.0, "execution_time": 25.127085208892822}