{"completion_time": 7609.539281224026, "mean_schedule_time": 1727.7356331713652, "mean_flight_time": 1230.3943281265438, "mean_swap_time": 31.2, "mean_idle_time": 466.14130504482137, "mean_delivery_time": 3701.1251108939614, "mean_schedule_distance": 8612.760296885805, "mean_schedule_energy": 0.6761463326226554, "mean_number_swaps": 0.52, "drone_utilization": 0.44, "execution_time": 430.9062554836273}