{"completion_time": 5425.566649791343, "mean_schedule_time": 3014.787386843748, "mean_flight_time": 2617.570346726177, "mean_swap_time": 87.27272727272727, "mean_idle_time": 309.9443128448438, "mean_delivery_time": 3690.666750557976, "mean_schedule_distance": 18322.99242708324, "mean_schedule_energy": 1.566865691593091, "mean_number_swaps": 1.4545454545454546, "drone_utilization": 0.7727272727272727, "execution_time": 188.18210649490356}