{"completion_time": 3528.800629304935, "mean_delivery_time": 2288.257080519953, "total_distance": 119742.39650911737, "consumed_energy": 10.16237493859447, "execution_time": 0.5489678382873535}