{"completion_time": 5526.292097448377, "mean_schedule_time": 1677.3136680735881, "mean_flight_time": 1623.742239502159, "mean_swap_time": 53.57142857142857, "mean_idle_time": 4.547473508864641e-13, "mean_delivery_time": 3130.9855137373647, "mean_schedule_distance": 11366.195676515117, "mean_schedule_energy": 0.9919130721533339, "mean_number_swaps": 0.8928571428571429, "drone_utilization": 0.5357142857142857, "total_number_parcel_handover": 0, "mean_number_parcel_handover": 0.0, "execution_time": 25.785619020462036}