{"completion_time": 6697.60125860987, "mean_schedule_time": 3951.042219765111, "mean_flight_time": 3609.1720800305093, "mean_swap_time": 108.0, "mean_idle_time": 233.8701397346017, "mean_delivery_time": 4411.514161039906, "mean_schedule_distance": 25264.20456021357, "mean_schedule_energy": 2.1114185032223, "mean_number_swaps": 1.8, "drone_utilization": 1.0, "execution_time": 3.1630349159240723}