{"completion_time": 9533.567470501028, "mean_schedule_time": 8706.306418261296, "mean_flight_time": 8370.306418261296, "mean_swap_time": 336.0, "mean_idle_time": 0.0, "mean_delivery_time": 5744.881649383161, "mean_schedule_distance": 58592.144927829024, "mean_schedule_energy": 4.700566978455531, "mean_number_swaps": 5.6, "drone_utilization": 1.0, "execution_time": 147.716552734375}