{"completion_time": 7171.111868992841, "mean_schedule_time": 6246.304083926171, "mean_flight_time": 5795.34711716031, "mean_swap_time": 232.5, "mean_idle_time": 218.45696676586158, "mean_delivery_time": 4410.147146746811, "mean_schedule_distance": 40567.42982012218, "mean_schedule_energy": 3.5084940558652553, "mean_number_swaps": 3.875, "drone_utilization": 1.0, "execution_time": 62.01128268241882}