{"completion_time": 9168.262764986728, "mean_schedule_time": 7762.56517082351, "mean_flight_time": 7171.501957822259, "mean_swap_time": 280.0, "mean_idle_time": 311.0632130012509, "mean_delivery_time": 5883.1814490433935, "mean_schedule_distance": 50200.51370475585, "mean_schedule_energy": 4.116782554817583, "mean_number_swaps": 4.666666666666667, "drone_utilization": 1.0, "execution_time": 1306.8197889328003}