{"completion_time": 6943.346002203649, "mean_schedule_time": 6528.139821684921, "mean_flight_time": 6095.898056470665, "mean_swap_time": 231.42857142857142, "mean_idle_time": 200.81319378568423, "mean_delivery_time": 4659.289793981847, "mean_schedule_distance": 42671.28639529465, "mean_schedule_energy": 3.50378688882322, "mean_number_swaps": 3.857142857142857, "drone_utilization": 1.0, "total_number_parcel_handover": 5, "mean_number_parcel_handover": 0.2, "execution_time": 541.2326130867004}