{"completion_time": 5821.221566738081, "mean_schedule_time": 949.5820622950548, "mean_flight_time": 544.4131260213418, "mean_swap_time": 14.4, "mean_idle_time": 390.76893627371305, "mean_delivery_time": 4480.122165387647, "mean_schedule_distance": 3810.891882149392, "mean_schedule_energy": 0.2974877332681351, "mean_number_swaps": 0.24, "drone_utilization": 0.24, "execution_time": 34.10451579093933}