{"completion_time": 10363.863505918185, "mean_schedule_time": 9699.489212420385, "mean_flight_time": 9151.953186987254, "mean_swap_time": 420.0, "mean_idle_time": 127.53602543313173, "mean_delivery_time": 6497.167623337747, "mean_schedule_distance": 64063.672308910776, "mean_schedule_energy": 5.572963822663979, "mean_number_swaps": 7.0, "drone_utilization": 1.0, "execution_time": 1047.1480424404144}