{"completion_time": 7462.883702624979, "mean_schedule_time": 2550.3807824284386, "mean_flight_time": 2468.562600610258, "mean_swap_time": 81.81818181818181, "mean_idle_time": -1.3642420526593924e-12, "mean_delivery_time": 3740.5584808950434, "mean_schedule_distance": 17279.9382042718, "mean_schedule_energy": 1.4395085562578762, "mean_number_swaps": 1.3636363636363635, "drone_utilization": 0.6818181818181818, "execution_time": 17.53692936897278}