{"completion_time": 14282.224636290508, "mean_schedule_time": 11661.803885501096, "mean_flight_time": 11141.803885501096, "mean_swap_time": 520.0, "mean_idle_time": 0.0, "mean_delivery_time": 6581.52094909506, "mean_schedule_distance": 77992.62719850767, "mean_schedule_energy": 6.717825188151789, "mean_number_swaps": 8.666666666666666, "drone_utilization": 1.0, "execution_time": 10.467644214630127}