{"completion_time": 9985.101532820641, "mean_schedule_time": 3642.3158314428774, "mean_flight_time": 3519.9158314428782, "mean_swap_time": 122.4, "mean_idle_time": -9.094947017729282e-13, "mean_delivery_time": 4552.894789303597, "mean_schedule_distance": 24639.41082010014, "mean_schedule_energy": 2.0560371664983834, "mean_number_swaps": 2.04, "drone_utilization": 0.8, "execution_time": 28.997150897979736}