{"completion_time": 6457.091060617488, "mean_schedule_time": 3829.9373063331486, "mean_flight_time": 3151.5185274434425, "mean_swap_time": 98.18181818181819, "mean_idle_time": 580.2369607078881, "mean_delivery_time": 3923.7074270632197, "mean_schedule_distance": 22060.62969210408, "mean_schedule_energy": 1.8471159466744373, "mean_number_swaps": 1.6363636363636365, "drone_utilization": 0.9545454545454546, "execution_time": 3486.9648690223694}