{"completion_time": 7114.118143084217, "mean_schedule_time": 5481.661119862329, "mean_flight_time": 4975.155735828627, "mean_swap_time": 175.0, "mean_idle_time": 331.5053840337014, "mean_delivery_time": 4761.850797931646, "mean_schedule_distance": 34826.090150800395, "mean_schedule_energy": 2.8145015344176785, "mean_number_swaps": 2.9166666666666665, "drone_utilization": 0.9166666666666666, "execution_time": 298.81725025177}