{"completion_time": 4357.6457307103665, "mean_schedule_time": 2684.744379659565, "mean_flight_time": 2431.6150539981486, "mean_swap_time": 69.23076923076923, "mean_idle_time": 183.8985564306472, "mean_delivery_time": 2965.612807893294, "mean_schedule_distance": 17021.305377987035, "mean_schedule_energy": 1.3968296060251102, "mean_number_swaps": 1.1538461538461537, "drone_utilization": 0.8846153846153846, "total_number_parcel_handover": 11, "mean_number_parcel_handover": 0.55, "execution_time": 803.9018681049347}