{"completion_time": 10589.908618076468, "mean_schedule_time": 9202.089237738566, "mean_flight_time": 8842.089237738566, "mean_swap_time": 360.0, "mean_idle_time": 0.0, "mean_delivery_time": 5812.032648333736, "mean_schedule_distance": 61894.624664169976, "mean_schedule_energy": 4.602007116645383, "mean_number_swaps": 6.0, "drone_utilization": 1.0, "execution_time": 0.32984232902526855}