{"completion_time": 3763.783955198057, "mean_delivery_time": 2001.1466181877004, "total_distance": 221306.6178328137, "consumed_energy": 19.295284369624767, "execution_time": 104.17824029922485}