{"completion_time": 797.3639553603944, "execution_time": 0.0015261173248291016}