{"completion_time": 9108.262764986728, "mean_schedule_time": 6448.6905397386345, "mean_flight_time": 5863.075899204565, "mean_swap_time": 234.0, "mean_idle_time": 351.6146405340696, "mean_delivery_time": 5383.3969938704895, "mean_schedule_distance": 41041.53129443199, "mean_schedule_energy": 3.4230518329411637, "mean_number_swaps": 3.9, "drone_utilization": 1.0, "execution_time": 2434.0349745750427}