{"completion_time": 11424.120801412651, "mean_schedule_time": 8644.171958213881, "mean_flight_time": 7974.3503375863565, "mean_swap_time": 320.0, "mean_idle_time": 349.8216206275247, "mean_delivery_time": 6086.2434173978845, "mean_schedule_distance": 55820.452363104465, "mean_schedule_energy": 4.531992896326297, "mean_number_swaps": 5.333333333333333, "drone_utilization": 1.0, "execution_time": 1320.4780249595642}