{"completion_time": 5107.11785801973, "mean_schedule_time": 3755.4089170190687, "mean_flight_time": 3627.6248837246508, "mean_swap_time": 108.0, "mean_idle_time": 19.784033294417895, "mean_delivery_time": 3626.3187024227186, "mean_schedule_distance": 25393.37418607255, "mean_schedule_energy": 2.0912606535388005, "mean_number_swaps": 1.8, "drone_utilization": 1.0, "execution_time": 444.63764786720276}