{"completion_time": 14932.810099401802, "mean_schedule_time": 10862.857440981152, "mean_flight_time": 10422.857440981154, "mean_swap_time": 440.0, "mean_idle_time": -1.8189894035458565e-12, "mean_delivery_time": 7164.834921050369, "mean_schedule_distance": 72960.00208686803, "mean_schedule_energy": 6.2445593868488105, "mean_number_swaps": 7.333333333333333, "drone_utilization": 1.0, "execution_time": 6.152223348617554}