{"completion_time": 7402.193840879126, "mean_schedule_time": 3101.2568852780823, "mean_flight_time": 1670.322999377704, "mean_swap_time": 54.0, "mean_idle_time": 1376.9338859003783, "mean_delivery_time": 6886.80748267444, "mean_schedule_distance": 11692.260995643928, "mean_schedule_energy": 1.0887404840893462, "mean_number_swaps": 0.9, "drone_utilization": 0.6, "execution_time": 5.30157470703125}