{"completion_time": 6551.2138185844, "mean_schedule_time": 824.7125482923046, "mean_flight_time": 794.7125482923047, "mean_swap_time": 30.0, "mean_idle_time": -1.1368683772161603e-13, "mean_delivery_time": 2968.9651738522966, "mean_schedule_distance": 5562.987838046132, "mean_schedule_energy": 0.4944255916441756, "mean_number_swaps": 0.5, "drone_utilization": 0.2777777777777778, "total_number_parcel_handover": 0, "mean_number_parcel_handover": 0.0, "execution_time": 1.4183752536773682}