{"completion_time": 6217.372676605271, "mean_schedule_time": 4978.3075177458095, "mean_flight_time": 4684.958305767821, "mean_swap_time": 160.0, "mean_idle_time": 133.3492119779885, "mean_delivery_time": 4164.65744104863, "mean_schedule_distance": 32794.70814037476, "mean_schedule_energy": 2.6064099057995587, "mean_number_swaps": 2.6666666666666665, "drone_utilization": 1.0, "execution_time": 6487.5208694934845}