{"completion_time": 3442.6460068921174, "mean_delivery_time": 2229.3979839984113, "total_distance": 612641.7167135706, "consumed_energy": 48.23192266550528, "execution_time": 3526.8920950889587}