{"completion_time": 4890.635732839285, "mean_schedule_time": 4161.605405050172, "mean_flight_time": 4018.7626280659747, "mean_swap_time": 142.5, "mean_idle_time": 0.34277698419646185, "mean_delivery_time": 3807.2982994426993, "mean_schedule_distance": 28131.338396461815, "mean_schedule_energy": 2.406582830958855, "mean_number_swaps": 2.375, "drone_utilization": 1.0, "execution_time": 302.2039873600006}