{"completion_time": 14916.538446050348, "mean_schedule_time": 11589.890194590178, "mean_flight_time": 11117.390194590178, "mean_swap_time": 472.5, "mean_idle_time": 0.0, "mean_delivery_time": 7340.119862250467, "mean_schedule_distance": 77821.73136213124, "mean_schedule_energy": 6.308809902395424, "mean_number_swaps": 7.875, "drone_utilization": 1.0, "total_number_parcel_handover": 0, "mean_number_parcel_handover": 0.0, "execution_time": 11.29927110671997}