{"completion_time": 10028.732021553278, "mean_schedule_time": 4695.075328457369, "mean_flight_time": 4515.075328457368, "mean_swap_time": 180.0, "mean_idle_time": 9.094947017729282e-13, "mean_delivery_time": 4011.468493729322, "mean_schedule_distance": 31605.527299201593, "mean_schedule_energy": 2.775662745409092, "mean_number_swaps": 3.0, "drone_utilization": 1.0, "total_number_parcel_handover": 0, "mean_number_parcel_handover": 0.0, "execution_time": 4.068631172180176}