{"completion_time": 21829.377927155583, "mean_schedule_time": 21471.334603253177, "mean_flight_time": 20484.808370160135, "mean_swap_time": 924.0, "mean_idle_time": 62.52623309304181, "mean_delivery_time": 10877.829084104229, "mean_schedule_distance": 143393.658591121, "mean_schedule_energy": 11.660100534714106, "mean_number_swaps": 15.4, "drone_utilization": 1.0, "execution_time": 2161.848906517029}