{"completion_time": 11625.204489706595, "mean_schedule_time": 5795.925883221698, "mean_flight_time": 5600.925883221698, "mean_swap_time": 195.0, "mean_idle_time": 0.0, "mean_delivery_time": 5906.738473092368, "mean_schedule_distance": 39206.48118255188, "mean_schedule_energy": 3.073071105473745, "mean_number_swaps": 3.25, "drone_utilization": 1.0, "total_number_parcel_handover": 0, "mean_number_parcel_handover": 0.0, "execution_time": 0.6705775260925293}