{"completion_time": 9755.229356217804, "mean_schedule_time": 5204.385755490513, "mean_flight_time": 5014.3857554905135, "mean_swap_time": 190.0, "mean_idle_time": -9.094947017729282e-13, "mean_delivery_time": 4782.863276547477, "mean_schedule_distance": 35100.700288433574, "mean_schedule_energy": 2.9253527604688676, "mean_number_swaps": 3.1666666666666665, "drone_utilization": 1.0, "total_number_parcel_handover": 0, "mean_number_parcel_handover": 0.0, "execution_time": 21.290111541748047}