{"completion_time": 7162.68856633494, "mean_schedule_time": 3857.3581946064687, "mean_flight_time": 3330.669550757238, "mean_swap_time": 122.14285714285714, "mean_idle_time": 404.5457867063733, "mean_delivery_time": 3904.650733091235, "mean_schedule_distance": 23314.686855300668, "mean_schedule_energy": 2.0289695158956715, "mean_number_swaps": 2.0357142857142856, "drone_utilization": 0.9285714285714286, "total_number_parcel_handover": 9, "mean_number_parcel_handover": 0.36, "execution_time": 2980.223946094513}