{"completion_time": 10126.02750261909, "mean_schedule_time": 4945.472865420389, "mean_flight_time": 4769.472865420388, "mean_swap_time": 176.0, "mean_idle_time": 9.094947017729282e-13, "mean_delivery_time": 3621.8901394505106, "mean_schedule_distance": 33386.31005794271, "mean_schedule_energy": 2.8753534433772647, "mean_number_swaps": 2.933333333333333, "drone_utilization": 1.0, "execution_time": 33.50207209587097}