{"completion_time": 7219.969440442239, "mean_schedule_time": 6611.036471694453, "mean_flight_time": 6159.979228732841, "mean_swap_time": 244.28571428571428, "mean_idle_time": 206.77152867589757, "mean_delivery_time": 4716.821064015455, "mean_schedule_distance": 43119.8546011299, "mean_schedule_energy": 3.633005466459822, "mean_number_swaps": 4.071428571428571, "drone_utilization": 1.0, "total_number_parcel_handover": 8, "mean_number_parcel_handover": 0.32, "execution_time": 312.92723298072815}