{"completion_time": 7767.567910396114, "mean_schedule_time": 2824.136415095115, "mean_flight_time": 2725.136415095115, "mean_swap_time": 99.0, "mean_idle_time": 0.0, "mean_delivery_time": 3230.0913694822484, "mean_schedule_distance": 19075.954905665807, "mean_schedule_energy": 1.7298795374958627, "mean_number_swaps": 1.65, "drone_utilization": 0.85, "execution_time": 28.293137311935425}