{"completion_time": 4357.6457307103665, "mean_schedule_time": 1062.2073017867604, "mean_flight_time": 948.1446897387294, "mean_swap_time": 20.0, "mean_idle_time": 94.06261204803093, "mean_delivery_time": 2430.6762183201417, "mean_schedule_distance": 6637.012828171106, "mean_schedule_energy": 0.536120463954981, "mean_number_swaps": 0.3333333333333333, "drone_utilization": 0.43333333333333335, "total_number_parcel_handover": 3, "mean_number_parcel_handover": 0.3, "execution_time": 263.4541802406311}