{"completion_time": 11192.463996515531, "mean_schedule_time": 7436.688035166568, "mean_flight_time": 7156.688035166567, "mean_swap_time": 280.0, "mean_idle_time": 9.094947017729282e-13, "mean_delivery_time": 4488.705616506842, "mean_schedule_distance": 50096.81624616596, "mean_schedule_energy": 3.920869626779622, "mean_number_swaps": 4.666666666666667, "drone_utilization": 1.0, "total_number_parcel_handover": 0, "mean_number_parcel_handover": 0.0, "execution_time": 7.000487565994263}