{"completion_time": 2860.276835128129, "mean_delivery_time": 1694.9228022028417, "total_distance": 312577.3699214739, "consumed_energy": 27.16315114684312, "execution_time": 18.3077974319458}