{"completion_time": 7700.532834830276, "mean_schedule_time": 3452.5835487362187, "mean_flight_time": 3329.583548736219, "mean_swap_time": 123.0, "mean_idle_time": -4.547473508864641e-13, "mean_delivery_time": 4315.729435920273, "mean_schedule_distance": 23307.08484115352, "mean_schedule_energy": 2.0290225536389572, "mean_number_swaps": 2.05, "drone_utilization": 0.8, "execution_time": 18.639852285385132}