{"completion_time": 5833.86214436169, "mean_schedule_time": 5261.755720899163, "mean_flight_time": 5009.418623352727, "mean_swap_time": 180.0, "mean_idle_time": 72.33709754643587, "mean_delivery_time": 4759.141608513174, "mean_schedule_distance": 35065.930363469066, "mean_schedule_energy": 2.87744841091847, "mean_number_swaps": 3.0, "drone_utilization": 1.0, "execution_time": 494.2582850456238}