{"completion_time": 3823.783955198057, "mean_delivery_time": 2641.9637030588265, "total_distance": 484303.0130055448, "consumed_energy": 38.80355842528977, "execution_time": 1076.8809068202972}