{"completion_time": 7587.567910396114, "mean_schedule_time": 4354.516024778878, "mean_flight_time": 3486.366689501885, "mean_swap_time": 112.5, "mean_idle_time": 755.649335276993, "mean_delivery_time": 3885.730920983236, "mean_schedule_distance": 24404.566826513186, "mean_schedule_energy": 1.9979409809633186, "mean_number_swaps": 1.875, "drone_utilization": 1.0, "total_number_parcel_handover": 7, "mean_number_parcel_handover": 0.4666666666666667, "execution_time": 1542.056381225586}