{"completion_time": 4057.088850314812, "mean_delivery_time": 1635.6881399507868, "total_distance": 520012.3260603036, "consumed_energy": 45.59425642712483, "execution_time": 71.79058337211609}