{"completion_time": 8760.541011071873, "mean_schedule_time": 3581.0502669629127, "mean_flight_time": 3453.8502669629124, "mean_swap_time": 127.2, "mean_idle_time": 4.547473508864641e-13, "mean_delivery_time": 3369.1304829346022, "mean_schedule_distance": 24176.95186874038, "mean_schedule_energy": 2.0641749478029037, "mean_number_swaps": 2.12, "drone_utilization": 0.96, "execution_time": 47.8844792842865}