{"completion_time": 8348.098517238403, "mean_schedule_time": 7499.711453287531, "mean_flight_time": 6923.74873281475, "mean_swap_time": 273.75, "mean_idle_time": 302.21272047278126, "mean_delivery_time": 5675.765069298916, "mean_schedule_distance": 48466.241129703216, "mean_schedule_energy": 3.953109915637864, "mean_number_swaps": 4.5625, "drone_utilization": 1.0, "total_number_parcel_handover": 16, "mean_number_parcel_handover": 0.64, "execution_time": 3839.8679118156433}