{"completion_time": 7467.567910396114, "mean_schedule_time": 3738.438580346062, "mean_flight_time": 2896.785098448219, "mean_swap_time": 105.0, "mean_idle_time": 736.653481897843, "mean_delivery_time": 3903.551825398411, "mean_schedule_distance": 20277.49568913754, "mean_schedule_energy": 1.8261372232244166, "mean_number_swaps": 1.75, "drone_utilization": 0.9, "execution_time": 180.58732056617737}