{"completion_time": 7855.091142219972, "mean_schedule_time": 7006.748159757722, "mean_flight_time": 6661.741443490282, "mean_swap_time": 270.0, "mean_idle_time": 75.00671626743951, "mean_delivery_time": 4949.777354320913, "mean_schedule_distance": 46632.190104432, "mean_schedule_energy": 3.8632613297936094, "mean_number_swaps": 4.5, "drone_utilization": 1.0, "total_number_parcel_handover": 4, "mean_number_parcel_handover": 0.4, "execution_time": 134.45734882354736}