{"completion_time": 58130.51171103047, "mean_schedule_time": 54637.75294279711, "mean_flight_time": 52207.75294279709, "mean_swap_time": 2430.0, "mean_idle_time": 2.1827872842550278e-11, "mean_delivery_time": 22711.78552523026, "mean_schedule_distance": 365454.27059957996, "mean_schedule_energy": 28.812622381775995, "mean_number_swaps": 40.5, "drone_utilization": 1.0, "total_number_parcel_handover": 0, "mean_number_parcel_handover": 0.0, "execution_time": 5.9901816844940186}