{"completion_time": 6417.560611912521, "mean_delivery_time": 3949.455720337041, "total_distance": 360433.9188833287, "consumed_energy": 29.63165043715536, "execution_time": 424.28372502326965}