{"completion_time": 12356.774902206138, "mean_schedule_time": 11101.996933351187, "mean_flight_time": 10298.111968095105, "mean_swap_time": 456.0, "mean_idle_time": 347.88496525608207, "mean_delivery_time": 7517.949121362726, "mean_schedule_distance": 72086.78377666573, "mean_schedule_energy": 5.926330087431072, "mean_number_swaps": 7.6, "drone_utilization": 1.0, "execution_time": 649.9006066322327}