{"completion_time": 6419.790172960004, "mean_schedule_time": 1727.1921681235513, "mean_flight_time": 1335.7607360848897, "mean_swap_time": 33.0, "mean_idle_time": 358.43143203866157, "mean_delivery_time": 3724.0136457328426, "mean_schedule_distance": 9350.32515259423, "mean_schedule_energy": 0.7107511170070633, "mean_number_swaps": 0.55, "drone_utilization": 0.45, "execution_time": 70.26782083511353}