{"completion_time": 6128.112546629164, "mean_schedule_time": 2027.0983718193067, "mean_flight_time": 1970.0983718193067, "mean_swap_time": 57.0, "mean_idle_time": 0.0, "mean_delivery_time": 3378.497286365511, "mean_schedule_distance": 13790.688602735147, "mean_schedule_energy": 1.102885695087173, "mean_number_swaps": 0.95, "drone_utilization": 0.6, "execution_time": 11.351593494415283}