{"completion_time": 7404.86352318465, "mean_schedule_time": 660.6813971779845, "mean_flight_time": 638.6813971779845, "mean_swap_time": 22.0, "mean_idle_time": 0.0, "mean_delivery_time": 3964.088383067907, "mean_schedule_distance": 4470.7697802458915, "mean_schedule_energy": 0.3944854989700676, "mean_number_swaps": 0.36666666666666664, "drone_utilization": 0.16666666666666666, "execution_time": 4.348419189453125}