{"completion_time": 8981.77780900953, "mean_schedule_time": 8463.939961523918, "mean_flight_time": 7661.504971989084, "mean_swap_time": 318.0, "mean_idle_time": 484.43498953483413, "mean_delivery_time": 5510.377367553414, "mean_schedule_distance": 53630.53480392359, "mean_schedule_energy": 4.473502711717513, "mean_number_swaps": 5.3, "drone_utilization": 1.0, "execution_time": 222.25875782966614}