{"completion_time": 20553.987964553406, "mean_schedule_time": 17289.82457327024, "mean_flight_time": 16569.824573270245, "mean_swap_time": 720.0, "mean_idle_time": -3.637978807091713e-12, "mean_delivery_time": 8207.184160865207, "mean_schedule_distance": 115988.77201289163, "mean_schedule_energy": 9.425400763004838, "mean_number_swaps": 12.0, "drone_utilization": 1.0, "execution_time": 15.495160341262817}