{"completion_time": 17613.221349144987, "mean_schedule_time": 14074.982442998493, "mean_flight_time": 13474.982442998496, "mean_swap_time": 600.0, "mean_idle_time": -3.637978807091713e-12, "mean_delivery_time": 7694.959125939863, "mean_schedule_distance": 94324.87710098946, "mean_schedule_energy": 7.598408658198302, "mean_number_swaps": 10.0, "drone_utilization": 1.0, "execution_time": 6.822328805923462}