{"completion_time": 3849.571358597156, "mean_schedule_time": 654.4923243655458, "mean_flight_time": 585.7743130560481, "mean_swap_time": 12.0, "mean_idle_time": 56.71801130949768, "mean_delivery_time": 2525.386497637329, "mean_schedule_distance": 4100.420191392336, "mean_schedule_energy": 0.3460227164274379, "mean_number_swaps": 0.2, "drone_utilization": 0.28, "execution_time": 6.792632818222046}