{"completion_time": 5579.92783165589, "mean_schedule_time": 1130.3278221330131, "mean_flight_time": 1091.7563935615842, "mean_swap_time": 38.57142857142857, "mean_idle_time": 2.2737367544323206e-13, "mean_delivery_time": 3164.917901972437, "mean_schedule_distance": 7642.29475493109, "mean_schedule_energy": 0.7190638620879622, "mean_number_swaps": 0.6428571428571429, "drone_utilization": 0.35714285714285715, "total_number_parcel_handover": 0, "mean_number_parcel_handover": 0.0, "execution_time": 11.10564637184143}