{"completion_time": 7830.97721244573, "mean_schedule_time": 4000.312298164353, "mean_flight_time": 2884.200495427304, "mean_swap_time": 81.0, "mean_idle_time": 1035.111802737049, "mean_delivery_time": 4053.9882473704743, "mean_schedule_distance": 20189.40346799112, "mean_schedule_energy": 1.5818660147517414, "mean_number_swaps": 1.35, "drone_utilization": 0.95, "execution_time": 1480.5721471309662}