{"completion_time": 8590.807461392194, "mean_delivery_time": 4339.68353373803, "total_distance": 540080.6888356903, "consumed_energy": 45.70638154950447, "execution_time": 599.9634053707123}