{"completion_time": 6106.376642652394, "mean_delivery_time": 3336.4314566723183, "total_distance": 724534.3372135119, "consumed_energy": 58.83012755850065, "execution_time": 4441.816524028778}