{"completion_time": 8988.262764986728, "mean_schedule_time": 3609.502594231664, "mean_flight_time": 2682.3344194334204, "mean_swap_time": 98.0, "mean_idle_time": 829.1681747982434, "mean_delivery_time": 4680.777885704514, "mean_schedule_distance": 18776.34093603396, "mean_schedule_energy": 1.5881470294429272, "mean_number_swaps": 1.6333333333333333, "drone_utilization": 0.7333333333333333, "total_number_parcel_handover": 9, "mean_number_parcel_handover": 0.45, "execution_time": 1138.7122778892517}