{"completion_time": 3331.14354906046, "mean_schedule_time": 1041.6570389152143, "mean_flight_time": 912.9806269582565, "mean_swap_time": 21.6, "mean_idle_time": 107.07641195695783, "mean_delivery_time": 2457.7527212288496, "mean_schedule_distance": 6390.864388707797, "mean_schedule_energy": 0.5189077570424144, "mean_number_swaps": 0.36, "drone_utilization": 0.44, "execution_time": 51.34329319000244}