{"completion_time": 4059.4778780906963, "mean_schedule_time": 1018.7754383839114, "mean_flight_time": 860.2580064207302, "mean_swap_time": 18.0, "mean_idle_time": 140.51743196318114, "mean_delivery_time": 2476.696256932141, "mean_schedule_distance": 6021.806044945111, "mean_schedule_energy": 0.48417975997916274, "mean_number_swaps": 0.3, "drone_utilization": 0.4, "execution_time": 16.761995792388916}