{"completion_time": 9048.262764986728, "mean_schedule_time": 5545.050479164786, "mean_flight_time": 4664.405103943565, "mean_swap_time": 182.4, "mean_idle_time": 698.2453752212214, "mean_delivery_time": 5004.02577581812, "mean_schedule_distance": 32650.835727604965, "mean_schedule_energy": 2.756069833365301, "mean_number_swaps": 3.04, "drone_utilization": 1.0, "execution_time": 681.9411072731018}