{"completion_time": 23631.896867232073, "mean_schedule_time": 23567.865792984063, "mean_flight_time": 22547.865792984077, "mean_swap_time": 1020.0, "mean_idle_time": -1.4551915228366852e-11, "mean_delivery_time": 11170.541530495686, "mean_schedule_distance": 157835.06055088848, "mean_schedule_energy": 12.934480561466035, "mean_number_swaps": 17.0, "drone_utilization": 1.0, "execution_time": 511.2169132232666}