{"completion_time": 3454.1732877296495, "execution_time": 0.008751630783081055}