{"completion_time": 5020.884897146764, "mean_schedule_time": 2289.1240148020943, "mean_flight_time": 1937.0858381745236, "mean_swap_time": 57.6, "mean_idle_time": 294.4381766275708, "mean_delivery_time": 3125.91009936521, "mean_schedule_distance": 13559.60086722167, "mean_schedule_energy": 1.1354854522245075, "mean_number_swaps": 0.96, "drone_utilization": 0.72, "execution_time": 417.877849817276}