{"completion_time": 2189.5734402505573, "execution_time": 3.224013090133667}