{"completion_time": 5760.8269724138045, "mean_schedule_time": 3342.6562662113333, "mean_flight_time": 3007.247234865455, "mean_swap_time": 93.0, "mean_idle_time": 242.40903134587825, "mean_delivery_time": 3677.0017014599985, "mean_schedule_distance": 21050.73064405819, "mean_schedule_energy": 1.7502208561369978, "mean_number_swaps": 1.55, "drone_utilization": 0.85, "execution_time": 377.3054382801056}