{"completion_time": 17466.09469067984, "mean_schedule_time": 8793.08812375751, "mean_flight_time": 8428.088123757509, "mean_swap_time": 365.0, "mean_idle_time": 1.8189894035458565e-12, "mean_delivery_time": 5648.090562375071, "mean_schedule_distance": 58996.61686630255, "mean_schedule_energy": 4.922869060445038, "mean_number_swaps": 6.083333333333333, "drone_utilization": 1.0, "execution_time": 29.496015071868896}