{"completion_time": 7607.018866171652, "mean_schedule_time": 4904.073493584698, "mean_flight_time": 4369.069958825616, "mean_swap_time": 159.0, "mean_idle_time": 376.00353475908196, "mean_delivery_time": 4138.264288500554, "mean_schedule_distance": 30583.489711779297, "mean_schedule_energy": 2.5524727459103276, "mean_number_swaps": 2.65, "drone_utilization": 1.0, "execution_time": 333.66443610191345}