{"completion_time": 3763.783955198057, "mean_delivery_time": 1833.9392206292582, "total_distance": 294445.63715205586, "consumed_energy": 25.490934338659788, "execution_time": 574.5037312507629}