{"completion_time": 6300.536112224208, "mean_schedule_time": 5428.877828793392, "mean_flight_time": 4531.723981823145, "mean_swap_time": 156.0, "mean_idle_time": 741.1538469702473, "mean_delivery_time": 5283.301213273817, "mean_schedule_distance": 31722.067872762018, "mean_schedule_energy": 2.488801990806095, "mean_number_swaps": 2.6, "drone_utilization": 1.0, "execution_time": 1219.138972043991}