{"completion_time": 7550.915464861418, "mean_schedule_time": 605.9650203290673, "mean_flight_time": 585.1957895598364, "mean_swap_time": 20.76923076923077, "mean_idle_time": 2.2737367544323206e-13, "mean_delivery_time": 3151.01810571115, "mean_schedule_distance": 4096.370526918856, "mean_schedule_energy": 0.373686350303807, "mean_number_swaps": 0.34615384615384615, "drone_utilization": 0.19230769230769232, "total_number_parcel_handover": 0, "mean_number_parcel_handover": 0.0, "execution_time": 3.824981689453125}