{"completion_time": 3533.897584549568, "mean_schedule_time": 549.6075960785524, "mean_flight_time": 485.6493430569058, "mean_swap_time": 9.23076923076923, "mean_idle_time": 54.727483790877386, "mean_delivery_time": 2132.3848861493984, "mean_schedule_distance": 3399.545401398341, "mean_schedule_energy": 0.29745756670615614, "mean_number_swaps": 0.15384615384615385, "drone_utilization": 0.2692307692307692, "total_number_parcel_handover": 2, "mean_number_parcel_handover": 0.4, "execution_time": 17.38773012161255}