{"completion_time": 7467.567910396114, "mean_schedule_time": 2642.491145294473, "mean_flight_time": 1769.4027564744295, "mean_swap_time": 60.0, "mean_idle_time": 813.0883888200435, "mean_delivery_time": 3887.599644650674, "mean_schedule_distance": 12385.819295321007, "mean_schedule_energy": 1.0658107383569846, "mean_number_swaps": 1.0, "drone_utilization": 0.6666666666666666, "execution_time": 333.25892519950867}