{"completion_time": 3763.783955198057, "mean_delivery_time": 1993.799822325337, "total_distance": 185787.2894298151, "consumed_energy": 15.987161075354768, "execution_time": 227.1904513835907}