{"completion_time": 2931.8259662010573, "mean_delivery_time": 1791.1455057618527, "total_distance": 257192.17112702306, "consumed_energy": 23.300808203993206, "execution_time": 283.03433179855347}