{"completion_time": 15941.23288051326, "mean_schedule_time": 15688.598748020162, "mean_flight_time": 15004.598748020164, "mean_swap_time": 684.0, "mean_idle_time": -1.8189894035458565e-12, "mean_delivery_time": 7950.82444571289, "mean_schedule_distance": 105032.19123614111, "mean_schedule_energy": 8.52405349988954, "mean_number_swaps": 11.4, "drone_utilization": 1.0, "execution_time": 853.8767793178558}