{"completion_time": 9465.012423973792, "mean_delivery_time": 4992.477142504395, "total_distance": 599914.5395234539, "consumed_energy": 50.36698967788193, "execution_time": 1064.8260962963104}