{"completion_time": 9589.148507946966, "mean_schedule_time": 4967.818632632896, "mean_flight_time": 4785.418632632898, "mean_swap_time": 182.4, "mean_idle_time": -1.8189894035458565e-12, "mean_delivery_time": 4413.91667784356, "mean_schedule_distance": 33497.93042843027, "mean_schedule_energy": 2.8282307219859812, "mean_number_swaps": 3.04, "drone_utilization": 0.96, "execution_time": 54.33822774887085}