{"completion_time": 6786.661718894303, "mean_schedule_time": 2453.6300059959763, "mean_flight_time": 2372.030005995977, "mean_swap_time": 81.6, "mean_idle_time": -4.547473508864641e-13, "mean_delivery_time": 3407.8194527721894, "mean_schedule_distance": 16604.210041971837, "mean_schedule_energy": 1.370294847365438, "mean_number_swaps": 1.36, "drone_utilization": 0.72, "execution_time": 40.47804069519043}