{"completion_time": 13157.93691422107, "mean_schedule_time": 12931.678448161647, "mean_flight_time": 12333.054924247072, "mean_swap_time": 534.0, "mean_idle_time": 64.62352391457534, "mean_delivery_time": 7736.876093973049, "mean_schedule_distance": 86331.38446972964, "mean_schedule_energy": 7.279540514762862, "mean_number_swaps": 8.9, "drone_utilization": 1.0, "execution_time": 772.18749833107}