{"completion_time": 2489.471408290736, "mean_delivery_time": 1755.433221373482, "total_distance": 262305.44977146393, "consumed_energy": 21.461179978693753, "execution_time": 359.9295845031738}