{"completion_time": 2799.2276945470835, "mean_schedule_time": 739.7769768710323, "mean_flight_time": 672.3314402377172, "mean_swap_time": 10.0, "mean_idle_time": 57.4455366333151, "mean_delivery_time": 1912.1019395095998, "mean_schedule_distance": 4706.32008166402, "mean_schedule_energy": 0.3801617241436406, "mean_number_swaps": 0.16666666666666666, "drone_utilization": 0.3888888888888889, "total_number_parcel_handover": 2, "mean_number_parcel_handover": 0.4, "execution_time": 10.757527828216553}