{"completion_time": 15503.642703606234, "mean_schedule_time": 15033.762044948677, "mean_flight_time": 14137.77479640647, "mean_swap_time": 590.0, "mean_idle_time": 305.98724854220745, "mean_delivery_time": 8678.83282026112, "mean_schedule_distance": 98964.42357484536, "mean_schedule_energy": 8.051370413423522, "mean_number_swaps": 9.833333333333334, "drone_utilization": 1.0, "total_number_parcel_handover": 4, "mean_number_parcel_handover": 0.2, "execution_time": 188.94821667671204}