{"completion_time": 6061.221566738081, "mean_schedule_time": 1493.727065396366, "mean_flight_time": 1443.3270653963662, "mean_swap_time": 50.4, "mean_idle_time": -2.2737367544323206e-13, "mean_delivery_time": 3111.931386242429, "mean_schedule_distance": 10103.289457774565, "mean_schedule_energy": 0.8486865129193368, "mean_number_swaps": 0.84, "drone_utilization": 0.48, "execution_time": 20.430799961090088}