{"completion_time": 9136.855774212947, "mean_schedule_time": 8671.966214317032, "mean_flight_time": 8113.479295605999, "mean_swap_time": 318.0, "mean_idle_time": 240.48691871103256, "mean_delivery_time": 5934.713471801012, "mean_schedule_distance": 56794.35506924199, "mean_schedule_energy": 4.675544063508742, "mean_number_swaps": 5.3, "drone_utilization": 1.0, "execution_time": 904.7506377696991}