{"completion_time": 7273.468486814817, "mean_schedule_time": 5952.022700449104, "mean_flight_time": 5443.336179719964, "mean_swap_time": 210.0, "mean_idle_time": 298.6865207291403, "mean_delivery_time": 5118.024956941417, "mean_schedule_distance": 38103.35325803973, "mean_schedule_energy": 3.14896858825915, "mean_number_swaps": 3.5, "drone_utilization": 1.0, "execution_time": 821.2287809848785}