{"completion_time": 10945.025127226781, "mean_schedule_time": 4770.683302629396, "mean_flight_time": 4590.683302629394, "mean_swap_time": 180.0, "mean_idle_time": 1.8189894035458565e-12, "mean_delivery_time": 3831.0485442744994, "mean_schedule_distance": 32134.783118405776, "mean_schedule_energy": 2.725600126454412, "mean_number_swaps": 3.0, "drone_utilization": 1.0, "execution_time": 30.75179123878479}