{"completion_time": 8778.977087093357, "mean_schedule_time": 3651.5346489762287, "mean_flight_time": 3528.2013156428957, "mean_swap_time": 123.33333333333333, "mean_idle_time": -4.547473508864641e-13, "mean_delivery_time": 4381.841578771475, "mean_schedule_distance": 24697.40920950026, "mean_schedule_energy": 1.9945134191430098, "mean_number_swaps": 2.0555555555555554, "drone_utilization": 0.8333333333333334, "execution_time": 15.169078350067139}