{"completion_time": 4013.5163846622927, "mean_delivery_time": 1623.89186557878, "total_distance": 408091.19943958666, "consumed_energy": 37.38645402695537, "execution_time": 43.92466378211975}