{"completion_time": 973.2194567790144, "execution_time": 0.0035507678985595703}