{"completion_time": 16582.32530992481, "mean_schedule_time": 15854.308440383777, "mean_flight_time": 14828.979477151861, "mean_swap_time": 648.0, "mean_idle_time": 377.3289632319156, "mean_delivery_time": 7941.565279970498, "mean_schedule_distance": 103802.85634006301, "mean_schedule_energy": 8.2573295453696, "mean_number_swaps": 10.8, "drone_utilization": 1.0, "execution_time": 3155.7667107582092}