{"completion_time": 10462.91908192414, "mean_schedule_time": 9763.756703827274, "mean_flight_time": 9315.70117783678, "mean_swap_time": 375.0, "mean_idle_time": 73.05552599049406, "mean_delivery_time": 6538.096253633434, "mean_schedule_distance": 65209.90824485754, "mean_schedule_energy": 5.349563407347955, "mean_number_swaps": 6.25, "drone_utilization": 1.0, "total_number_parcel_handover": 4, "mean_number_parcel_handover": 0.16, "execution_time": 413.8408510684967}