{"completion_time": 3690.9056735354134, "mean_schedule_time": 1155.9235325608236, "mean_flight_time": 1107.9235325608236, "mean_swap_time": 48.0, "mean_idle_time": 0.0, "mean_delivery_time": 2889.808831402059, "mean_schedule_distance": 7755.464727925762, "mean_schedule_energy": 0.7050687152051367, "mean_number_swaps": 0.8, "drone_utilization": 0.4, "execution_time": 0.1645650863647461}