{"completion_time": 1804.9988017276062, "mean_delivery_time": 1233.3414942190477, "total_distance": 55481.897866315965, "consumed_energy": 5.117371987354575, "execution_time": 0.0386509895324707}