{"completion_time": 1804.9988017276062, "execution_time": 0.04006004333496094}