{"completion_time": 14553.536215376045, "mean_schedule_time": 10112.340811620563, "mean_flight_time": 9716.340811620563, "mean_swap_time": 396.0, "mean_idle_time": 0.0, "mean_delivery_time": 5517.464609770042, "mean_schedule_distance": 68014.38568134393, "mean_schedule_energy": 5.284440629048854, "mean_number_swaps": 6.6, "drone_utilization": 1.0, "execution_time": 6.521653652191162}