{"completion_time": 6494.150127131732, "mean_schedule_time": 2754.037180595894, "mean_flight_time": 2664.0371805958944, "mean_swap_time": 90.0, "mean_idle_time": -4.547473508864641e-13, "mean_delivery_time": 3672.0495741278582, "mean_schedule_distance": 18648.26026417126, "mean_schedule_energy": 1.6383980255952817, "mean_number_swaps": 1.5, "drone_utilization": 0.75, "total_number_parcel_handover": 0, "mean_number_parcel_handover": 0.0, "execution_time": 20.189015865325928}