{"completion_time": 22108.349070764536, "mean_schedule_time": 21464.924464502605, "mean_flight_time": 20007.4043213542, "mean_swap_time": 888.0, "mean_idle_time": 569.5201431484056, "mean_delivery_time": 11009.934739936763, "mean_schedule_distance": 140051.83024947933, "mean_schedule_energy": 11.424789105604585, "mean_number_swaps": 14.8, "drone_utilization": 1.0, "execution_time": 847.7179114818573}