{"completion_time": 8737.30146116792, "mean_delivery_time": 4418.632183220443, "total_distance": 167505.5789638638, "consumed_energy": 13.6253718477664, "execution_time": 0.38391876220703125}