{"completion_time": 5710.730941588783, "mean_schedule_time": 4191.660302308632, "mean_flight_time": 3975.655570902732, "mean_swap_time": 142.5, "mean_idle_time": 73.50473140589929, "mean_delivery_time": 3708.930824116766, "mean_schedule_distance": 27829.58899631912, "mean_schedule_energy": 2.3178677352545525, "mean_number_swaps": 2.375, "drone_utilization": 1.0, "execution_time": 261.6931662559509}