{"completion_time": 2915.4632362588827, "mean_delivery_time": 1913.7365813954566, "total_distance": 408157.5868316498, "consumed_energy": 33.968628491403, "execution_time": 896.4537827968597}