{"completion_time": 15176.450020630777, "mean_schedule_time": 12099.039081384939, "mean_flight_time": 11619.039081384943, "mean_swap_time": 480.0, "mean_idle_time": -3.637978807091713e-12, "mean_delivery_time": 6505.700841479852, "mean_schedule_distance": 81333.27356969459, "mean_schedule_energy": 6.436527146649584, "mean_number_swaps": 8.0, "drone_utilization": 1.0, "execution_time": 11.262650489807129}