{"completion_time": 3766.49536828512, "mean_delivery_time": 2700.675459598488, "total_distance": 158886.9647641599, "consumed_energy": 12.589471147416752, "execution_time": 24.82313895225525}