{"completion_time": 7472.99073657024, "mean_schedule_time": 3259.5652357480876, "mean_flight_time": 2269.8137823451416, "mean_swap_time": 72.0, "mean_idle_time": 917.751453402946, "mean_delivery_time": 5266.350919196976, "mean_schedule_distance": 15888.69647641599, "mean_schedule_energy": 1.2589471147416753, "mean_number_swaps": 1.2, "drone_utilization": 0.6, "execution_time": 27.667416095733643}