{"completion_time": 5212.608660385484, "mean_schedule_time": 1475.4863818616473, "mean_flight_time": 1136.6204843778112, "mean_swap_time": 26.4, "mean_idle_time": 312.465897483836, "mean_delivery_time": 3898.4131395387, "mean_schedule_distance": 7956.343390644682, "mean_schedule_energy": 0.6563549665344965, "mean_number_swaps": 0.44, "drone_utilization": 0.44, "execution_time": 392.782915353775}