{"completion_time": 5967.6253138272605, "mean_schedule_time": 3616.8052843862315, "mean_flight_time": 3423.031088820328, "mean_swap_time": 115.38461538461539, "mean_idle_time": 78.38958018128824, "mean_delivery_time": 3906.6550286580405, "mean_schedule_distance": 23961.217621742315, "mean_schedule_energy": 1.989302658419, "mean_number_swaps": 1.9230769230769231, "drone_utilization": 0.8846153846153846, "execution_time": 478.2891025543213}