{"completion_time": 3988.0647921357004, "mean_schedule_time": 638.4156688778259, "mean_flight_time": 490.83717340032865, "mean_swap_time": 8.0, "mean_idle_time": 139.5784954774972, "mean_delivery_time": 3741.2788005024654, "mean_schedule_distance": 3435.8602138023007, "mean_schedule_energy": 0.2656824694433844, "mean_number_swaps": 0.13333333333333333, "drone_utilization": 0.2, "execution_time": 1.1376149654388428}