{"completion_time": 2957.8883957281782, "mean_delivery_time": 1943.7564595181573, "total_distance": 243295.0576953674, "consumed_energy": 18.54110153351682, "execution_time": 14.158415079116821}