{"completion_time": 8780.973530996709, "mean_schedule_time": 4211.632029476352, "mean_flight_time": 4065.38202947635, "mean_swap_time": 146.25, "mean_idle_time": 1.8189894035458565e-12, "mean_delivery_time": 3993.3992751894452, "mean_schedule_distance": 28457.674206334457, "mean_schedule_energy": 2.271646284042153, "mean_number_swaps": 2.4375, "drone_utilization": 0.9375, "execution_time": 16.74935817718506}