{"completion_time": 11816.429418326301, "mean_schedule_time": 7393.094657236299, "mean_flight_time": 7100.594657236296, "mean_swap_time": 292.5, "mean_idle_time": 2.7284841053187847e-12, "mean_delivery_time": 4905.63777566331, "mean_schedule_distance": 49704.162600654076, "mean_schedule_energy": 4.127998970723006, "mean_number_swaps": 4.875, "drone_utilization": 1.0, "total_number_parcel_handover": 0, "mean_number_parcel_handover": 0.0, "execution_time": 9.331123352050781}