{"completion_time": 6118.2147091631505, "mean_delivery_time": 2542.818887831655, "total_distance": 397633.3008052326, "consumed_energy": 33.02399176578405, "execution_time": 7.733988046646118}