{"completion_time": 6606.429544305357, "mean_schedule_time": 6001.724760972801, "mean_flight_time": 5630.453515742933, "mean_swap_time": 222.0, "mean_idle_time": 149.27124522986833, "mean_delivery_time": 4412.310334139987, "mean_schedule_distance": 39413.17461020052, "mean_schedule_energy": 3.230981954924046, "mean_number_swaps": 3.7, "drone_utilization": 1.0, "execution_time": 138.18063759803772}