{"completion_time": 7609.539281224026, "mean_schedule_time": 3205.794947595945, "mean_flight_time": 2704.9045924071493, "mean_swap_time": 95.0, "mean_idle_time": 405.89035518879564, "mean_delivery_time": 4808.836896606725, "mean_schedule_distance": 18934.332146850047, "mean_schedule_energy": 1.6476640181232167, "mean_number_swaps": 1.5833333333333333, "drone_utilization": 0.6666666666666666, "execution_time": 686.6910374164581}