{"completion_time": 4107.16743324633, "mean_delivery_time": 2597.589578460644, "total_distance": 640757.1940732127, "consumed_energy": 52.90843977390198, "execution_time": 1679.3321678638458}