{"completion_time": 8441.821926202385, "mean_schedule_time": 6239.523908245803, "mean_flight_time": 5757.360475917508, "mean_swap_time": 228.0, "mean_idle_time": 254.16343232829513, "mean_delivery_time": 5132.43330669444, "mean_schedule_distance": 40301.52333142257, "mean_schedule_energy": 3.3822919418526363, "mean_number_swaps": 3.8, "drone_utilization": 1.0, "execution_time": 1829.2388422489166}