{"completion_time": 14480.000727832527, "mean_schedule_time": 5909.783177242108, "mean_flight_time": 5674.068891527821, "mean_swap_time": 235.71428571428572, "mean_idle_time": 1.8189894035458565e-12, "mean_delivery_time": 4721.838877639216, "mean_schedule_distance": 39718.482240694764, "mean_schedule_energy": 3.445915118558335, "mean_number_swaps": 3.9285714285714284, "drone_utilization": 1.0, "total_number_parcel_handover": 0, "mean_number_parcel_handover": 0.0, "execution_time": 24.302414178848267}