{"completion_time": 3422.0149021379166, "mean_delivery_time": 2184.477677280738, "total_distance": 736315.8874318639, "consumed_energy": 60.2961135231235, "execution_time": 832.888561964035}