{"completion_time": 3763.783955198057, "mean_delivery_time": 2107.390921697476, "total_distance": 143562.38690130378, "consumed_energy": 12.789544551843074, "execution_time": 17.709841012954712}