{"completion_time": 1410.4692715215551, "mean_delivery_time": 962.9712077111626, "total_distance": 40485.92508452949, "consumed_energy": 3.3148224897468443, "execution_time": 0.9805395603179932}