{"completion_time": 3806.075232740598, "mean_schedule_time": 838.530424688847, "mean_flight_time": 702.7139706214327, "mean_swap_time": 15.0, "mean_idle_time": 120.81645406741427, "mean_delivery_time": 3061.7497073721297, "mean_schedule_distance": 4918.997794350029, "mean_schedule_energy": 0.4439462938764209, "mean_number_swaps": 0.25, "drone_utilization": 0.3, "execution_time": 45.37610745429993}