{"completion_time": 19669.14792198312, "mean_schedule_time": 16842.808749492164, "mean_flight_time": 16152.808749492164, "mean_swap_time": 690.0, "mean_idle_time": 0.0, "mean_delivery_time": 9118.909037006246, "mean_schedule_distance": 113069.6612464451, "mean_schedule_energy": 8.73930112263272, "mean_number_swaps": 11.5, "drone_utilization": 1.0, "execution_time": 12.72203540802002}