{"completion_time": 6415.485279881888, "mean_delivery_time": 2569.354604257712, "total_distance": 261814.5990286382, "consumed_energy": 23.767898098728956, "execution_time": 3.4499948024749756}