{"completion_time": 12230.970559763777, "mean_schedule_time": 6523.680929253289, "mean_flight_time": 6233.680929253292, "mean_swap_time": 290.0, "mean_idle_time": -2.7284841053187847e-12, "mean_delivery_time": 4934.709208515423, "mean_schedule_distance": 43635.76650477303, "mean_schedule_energy": 3.9613163497881594, "mean_number_swaps": 4.833333333333333, "drone_utilization": 1.0, "total_number_parcel_handover": 0, "mean_number_parcel_handover": 0.0, "execution_time": 3.5702452659606934}