{"completion_time": 9516.313364036349, "mean_schedule_time": 4758.781705279353, "mean_flight_time": 4598.781705279355, "mean_swap_time": 160.0, "mean_idle_time": -1.8189894035458565e-12, "mean_delivery_time": 4061.4652898595023, "mean_schedule_distance": 32191.47193695547, "mean_schedule_energy": 2.689332982898067, "mean_number_swaps": 2.6666666666666665, "drone_utilization": 1.0, "execution_time": 26.586175203323364}