{"completion_time": 4968.156682018174, "mean_delivery_time": 2095.232644929751, "total_distance": 482872.07905433205, "consumed_energy": 40.33999474347101, "execution_time": 25.178894758224487}