{"completion_time": 9348.262764986728, "mean_schedule_time": 1539.3531412250913, "mean_flight_time": 1481.8531412250913, "mean_swap_time": 57.5, "mean_idle_time": 0.0, "mean_delivery_time": 3694.447538940219, "mean_schedule_distance": 10372.971988575642, "mean_schedule_energy": 0.9792083496711056, "mean_number_swaps": 0.9583333333333334, "drone_utilization": 0.4166666666666667, "total_number_parcel_handover": 0, "mean_number_parcel_handover": 0.0, "execution_time": 11.395719766616821}