{"completion_time": 8269.378787792723, "mean_schedule_time": 7704.427021699108, "mean_flight_time": 6584.6928079784175, "mean_swap_time": 276.0, "mean_idle_time": 843.7342137206906, "mean_delivery_time": 6748.831662552543, "mean_schedule_distance": 46092.849655848935, "mean_schedule_energy": 3.8079357911056313, "mean_number_swaps": 4.6, "drone_utilization": 1.0, "execution_time": 226.52817940711975}