{"completion_time": 5820.8269724138045, "mean_schedule_time": 4116.285294925687, "mean_flight_time": 3141.291591594274, "mean_swap_time": 112.0, "mean_idle_time": 862.9937033314127, "mean_delivery_time": 3984.9453494612435, "mean_schedule_distance": 21989.041141159913, "mean_schedule_energy": 2.025075318968837, "mean_number_swaps": 1.8666666666666667, "drone_utilization": 1.0, "execution_time": 94.88065266609192}