{"completion_time": 5655.235259517608, "mean_schedule_time": 3339.3717308522882, "mean_flight_time": 3073.7356856197434, "mean_swap_time": 92.5, "mean_idle_time": 173.1360452325448, "mean_delivery_time": 3945.219038995445, "mean_schedule_distance": 21516.149799338204, "mean_schedule_energy": 1.7626440181620422, "mean_number_swaps": 1.5416666666666667, "drone_utilization": 0.8333333333333334, "total_number_parcel_handover": 9, "mean_number_parcel_handover": 0.45, "execution_time": 256.0639989376068}