{"completion_time": 5144.4247932991075, "mean_schedule_time": 3937.32660717757, "mean_flight_time": 3729.182813298246, "mean_swap_time": 138.0, "mean_idle_time": 70.14379387932422, "mean_delivery_time": 3888.432037365409, "mean_schedule_distance": 26104.279693087723, "mean_schedule_energy": 2.2364281713822054, "mean_number_swaps": 2.3, "drone_utilization": 1.0, "execution_time": 3100.5605449676514}