{"completion_time": 9065.64420662852, "mean_schedule_time": 4382.350725189294, "mean_flight_time": 3257.142699612906, "mean_swap_time": 120.0, "mean_idle_time": 1005.2080255763881, "mean_delivery_time": 5558.955234726217, "mean_schedule_distance": 22799.99889729035, "mean_schedule_energy": 1.9620321188589978, "mean_number_swaps": 2.0, "drone_utilization": 0.7692307692307693, "execution_time": 422.81018328666687}