{"completion_time": 3984.1662774985016, "mean_delivery_time": 3036.2470998698245, "total_distance": 695636.6627860756, "consumed_energy": 58.10375144291234, "execution_time": 2260.3338162899017}