{"completion_time": 9108.262764986728, "mean_schedule_time": 6110.084109330056, "mean_flight_time": 5313.068848283571, "mean_swap_time": 201.0, "mean_idle_time": 596.0152610464847, "mean_delivery_time": 5442.329953316756, "mean_schedule_distance": 37191.48193798503, "mean_schedule_energy": 3.068051575663296, "mean_number_swaps": 3.35, "drone_utilization": 1.0, "execution_time": 1640.6767196655273}