{"completion_time": 6665.90136312237, "mean_schedule_time": 4343.091143600105, "mean_flight_time": 4122.6997124733525, "mean_swap_time": 153.0, "mean_idle_time": 67.39143112675265, "mean_delivery_time": 3943.6882335195355, "mean_schedule_distance": 28858.897987313474, "mean_schedule_energy": 2.4616356997803215, "mean_number_swaps": 2.55, "drone_utilization": 1.0, "execution_time": 1110.646226644516}