{"completion_time": 4613.345902469695, "mean_schedule_time": 1584.5574822793417, "mean_flight_time": 1459.9279488230093, "mean_swap_time": 43.2, "mean_idle_time": 81.42953345633236, "mean_delivery_time": 2956.765214026447, "mean_schedule_distance": 10219.495641761063, "mean_schedule_energy": 0.8987830114463984, "mean_number_swaps": 0.72, "drone_utilization": 0.56, "execution_time": 55.68144083023071}