{"completion_time": 9387.017908142421, "mean_schedule_time": 9081.262965972304, "mean_flight_time": 8678.407331801589, "mean_swap_time": 340.0, "mean_idle_time": 62.85563417071535, "mean_delivery_time": 7213.98142718647, "mean_schedule_distance": 60748.85132261113, "mean_schedule_energy": 4.715048808856971, "mean_number_swaps": 5.666666666666667, "drone_utilization": 1.0, "execution_time": 316.55750012397766}