{"completion_time": 5727.380738201791, "mean_delivery_time": 3394.9636626474176, "total_distance": 555418.1851219191, "consumed_energy": 45.53739193564276, "execution_time": 1278.5854790210724}