{"completion_time": 7486.602855832665, "mean_schedule_time": 5203.672111262411, "mean_flight_time": 4953.266697120012, "mean_swap_time": 180.0, "mean_idle_time": 70.40541414239851, "mean_delivery_time": 4200.984226417182, "mean_schedule_distance": 34672.86687984007, "mean_schedule_energy": 2.8985583899672216, "mean_number_swaps": 3.0, "drone_utilization": 1.0, "total_number_parcel_handover": 3, "mean_number_parcel_handover": 0.12, "execution_time": 125.97157311439514}