{"completion_time": 1509.3445791279755, "execution_time": 0.010439634323120117}