{"completion_time": 20706.268778311798, "mean_schedule_time": 17703.30541260294, "mean_flight_time": 16893.30541260293, "mean_swap_time": 810.0, "mean_idle_time": 7.275957614183426e-12, "mean_delivery_time": 8701.551147681334, "mean_schedule_distance": 118253.13788822058, "mean_schedule_energy": 10.710137261484004, "mean_number_swaps": 13.5, "drone_utilization": 1.0, "execution_time": 7.2321624755859375}