{"completion_time": 4357.6457307103665, "mean_schedule_time": 2278.622648867436, "mean_flight_time": 2024.0064490393934, "mean_swap_time": 60.0, "mean_idle_time": 194.61619982804268, "mean_delivery_time": 3010.065787662909, "mean_schedule_distance": 14168.045143275753, "mean_schedule_energy": 1.2067768357669175, "mean_number_swaps": 1.0, "drone_utilization": 0.72, "execution_time": 503.45323061943054}