{"completion_time": 6495.222934160992, "mean_schedule_time": 3231.290407906658, "mean_flight_time": 3130.381316997568, "mean_swap_time": 100.9090909090909, "mean_idle_time": -9.094947017729282e-13, "mean_delivery_time": 3038.5891535052046, "mean_schedule_distance": 21912.669218982966, "mean_schedule_energy": 1.8960051704256733, "mean_number_swaps": 1.6818181818181819, "drone_utilization": 0.9545454545454546, "total_number_parcel_handover": 0, "mean_number_parcel_handover": 0.0, "execution_time": 42.91300058364868}