{"completion_time": 4508.908225827743, "mean_schedule_time": 1581.107563029029, "mean_flight_time": 1482.05426104987, "mean_swap_time": 45.0, "mean_idle_time": 54.05330197915896, "mean_delivery_time": 2879.716412787512, "mean_schedule_distance": 10374.379827349094, "mean_schedule_energy": 0.8758025079432545, "mean_number_swaps": 0.75, "drone_utilization": 0.55, "execution_time": 34.336251974105835}