{"completion_time": 2284.4541129138715, "mean_delivery_time": 1481.858206393756, "total_distance": 207487.59654698186, "consumed_energy": 17.51605015886509, "execution_time": 38.626216888427734}