{"completion_time": 8966.617859268526, "mean_schedule_time": 8465.775003244287, "mean_flight_time": 7436.491176025326, "mean_swap_time": 300.0, "mean_idle_time": 729.283827218961, "mean_delivery_time": 5743.353913033311, "mean_schedule_distance": 52055.43823217729, "mean_schedule_energy": 4.318092026260364, "mean_number_swaps": 5.0, "drone_utilization": 1.0, "total_number_parcel_handover": 7, "mean_number_parcel_handover": 0.4666666666666667, "execution_time": 801.4260413646698}