{"completion_time": 23861.495697703376, "mean_schedule_time": 23555.65329508437, "mean_flight_time": 22511.653295084365, "mean_swap_time": 1044.0, "mean_idle_time": 3.637978807091713e-12, "mean_delivery_time": 11706.26076306073, "mean_schedule_distance": 157581.57306559064, "mean_schedule_energy": 12.912391966522534, "mean_number_swaps": 17.4, "drone_utilization": 1.0, "execution_time": 1450.2916238307953}