{"completion_time": 15381.348566333989, "mean_schedule_time": 13845.572793947364, "mean_flight_time": 11955.689445571603, "mean_swap_time": 558.0, "mean_idle_time": 1331.8833483757608, "mean_delivery_time": 7863.352056920917, "mean_schedule_distance": 83689.82611900126, "mean_schedule_energy": 7.0728854067445495, "mean_number_swaps": 9.3, "drone_utilization": 1.0, "execution_time": 984.1182718276978}