{"completion_time": 6777.78254529106, "mean_schedule_time": 3844.1998400779107, "mean_flight_time": 3345.0830411645093, "mean_swap_time": 124.8, "mean_idle_time": 374.31679891340127, "mean_delivery_time": 3597.8758920145683, "mean_schedule_distance": 23415.58128815158, "mean_schedule_energy": 2.1892164981167963, "mean_number_swaps": 2.08, "drone_utilization": 0.96, "execution_time": 1345.4546308517456}