{"completion_time": 4371.61058172224, "mean_delivery_time": 2928.7916953995336, "total_distance": 343274.13516080927, "consumed_energy": 28.23141334474544, "execution_time": 886.1075959205627}