{"completion_time": 3662.979424004502, "mean_schedule_time": 536.9631917472487, "mean_flight_time": 404.96077166777127, "mean_swap_time": 4.8, "mean_idle_time": 127.20242007947746, "mean_delivery_time": 3088.099530905467, "mean_schedule_distance": 2834.725401674399, "mean_schedule_energy": 0.2267867860352319, "mean_number_swaps": 0.08, "drone_utilization": 0.24, "execution_time": 22.772961378097534}