{"completion_time": 7767.567910396114, "mean_schedule_time": 1529.546027393438, "mean_flight_time": 1479.546027393438, "mean_swap_time": 50.0, "mean_idle_time": 0.0, "mean_delivery_time": 2753.1828493081885, "mean_schedule_distance": 10356.822191754065, "mean_schedule_energy": 0.9244914160784471, "mean_number_swaps": 0.8333333333333334, "drone_utilization": 0.5555555555555556, "total_number_parcel_handover": 0, "mean_number_parcel_handover": 0.0, "execution_time": 10.567880392074585}