{"completion_time": 4144.554196631011, "mean_schedule_time": 2144.6652904818043, "mean_flight_time": 1849.31267193593, "mean_swap_time": 40.0, "mean_idle_time": 255.3526185458743, "mean_delivery_time": 3202.144739765702, "mean_schedule_distance": 12945.188703551516, "mean_schedule_energy": 1.046327046608474, "mean_number_swaps": 0.6666666666666666, "drone_utilization": 0.75, "total_number_parcel_handover": 4, "mean_number_parcel_handover": 0.8, "execution_time": 7.192597389221191}