{"completion_time": 2277.9228920362325, "mean_delivery_time": 1559.2834097479665, "total_distance": 127168.70272298733, "consumed_energy": 10.266266255348071, "execution_time": 3.5160324573516846}