{"completion_time": 7678.284318495245, "mean_schedule_time": 7255.731226565532, "mean_flight_time": 6955.533163319333, "mean_swap_time": 276.0, "mean_idle_time": 24.198063246199126, "mean_delivery_time": 5137.554852143958, "mean_schedule_distance": 48688.73214323532, "mean_schedule_energy": 4.021895988587837, "mean_number_swaps": 4.6, "drone_utilization": 1.0, "execution_time": 1969.7064781188965}