{"completion_time": 6666.416119497748, "mean_delivery_time": 3039.9374409047364, "total_distance": 312881.8253017494, "consumed_energy": 24.635973390496574, "execution_time": 2.147859573364258}