{"completion_time": 7264.813329800504, "mean_schedule_time": 3109.7421423218548, "mean_flight_time": 3013.742142321855, "mean_swap_time": 96.0, "mean_idle_time": -4.547473508864641e-13, "mean_delivery_time": 2839.5645711160378, "mean_schedule_distance": 21096.194996252983, "mean_schedule_energy": 1.7325084094451522, "mean_number_swaps": 1.6, "drone_utilization": 0.9, "execution_time": 7.563081979751587}