{"completion_time": 6008.112546629164, "mean_schedule_time": 1544.3757218639416, "mean_flight_time": 1152.1437853994453, "mean_swap_time": 27.0, "mean_idle_time": 365.23193646449636, "mean_delivery_time": 3682.240003518873, "mean_schedule_distance": 8065.006497796118, "mean_schedule_energy": 0.6254000790339679, "mean_number_swaps": 0.45, "drone_utilization": 0.4, "execution_time": 9.492012023925781}