{"completion_time": 1519.8876220689472, "execution_time": 0.007684230804443359}