{"completion_time": 1509.3445791279755, "execution_time": 0.007628440856933594}