{"completion_time": 4743.012059148226, "mean_delivery_time": 2027.9502364620434, "total_distance": 461135.1451215056, "consumed_energy": 39.87533700089814, "execution_time": 24.746328353881836}