{"completion_time": 3677.6399298416954, "mean_delivery_time": 2566.3956895904753, "total_distance": 224022.98568672402, "consumed_energy": 18.306931527911708, "execution_time": 13.372870922088623}