{"completion_time": 7062.842763946117, "mean_schedule_time": 6697.099050461581, "mean_flight_time": 6445.099050461583, "mean_swap_time": 252.0, "mean_idle_time": -1.8189894035458565e-12, "mean_delivery_time": 5010.567827027939, "mean_schedule_distance": 45115.69335323107, "mean_schedule_energy": 3.6800520785355184, "mean_number_swaps": 4.2, "drone_utilization": 1.0, "execution_time": 20.80860185623169}