{"completion_time": 8271.452880299996, "mean_schedule_time": 3805.4214631306504, "mean_flight_time": 3664.421463130651, "mean_swap_time": 141.0, "mean_idle_time": -4.547473508864641e-13, "mean_delivery_time": 3488.6018542333604, "mean_schedule_distance": 25650.950241914557, "mean_schedule_energy": 2.242890643250283, "mean_number_swaps": 2.35, "drone_utilization": 1.0, "execution_time": 41.29727578163147}