{"completion_time": 31064.412803187035, "mean_schedule_time": 30426.894199069327, "mean_flight_time": 29106.89419906934, "mean_swap_time": 1320.0, "mean_idle_time": -1.0913936421275139e-11, "mean_delivery_time": 13541.95470670955, "mean_schedule_distance": 203748.25939348526, "mean_schedule_energy": 16.484441648806914, "mean_number_swaps": 22.0, "drone_utilization": 1.0, "execution_time": 43.888283252716064}