{"completion_time": 4299.739441063695, "mean_schedule_time": 1365.2129165944884, "mean_flight_time": 1238.7816873460124, "mean_swap_time": 36.0, "mean_idle_time": 90.43122924847603, "mean_delivery_time": 3293.484474046926, "mean_schedule_distance": 8671.471811422087, "mean_schedule_energy": 0.7883670683102197, "mean_number_swaps": 0.6, "drone_utilization": 0.48, "execution_time": 388.01858854293823}