{"completion_time": 6594.913891565592, "mean_schedule_time": 4585.981106010848, "mean_flight_time": 4325.687881338383, "mean_swap_time": 156.0, "mean_idle_time": 104.29322467246493, "mean_delivery_time": 4112.671186833521, "mean_schedule_distance": 30279.815169368678, "mean_schedule_energy": 2.3588459108951603, "mean_number_swaps": 2.6, "drone_utilization": 1.0, "execution_time": 99.12235021591187}