{"completion_time": 9228.262764986728, "mean_schedule_time": 8682.875464659575, "mean_flight_time": 7707.458601445314, "mean_swap_time": 324.0, "mean_idle_time": 651.416863214261, "mean_delivery_time": 5977.975907338576, "mean_schedule_distance": 53952.21021011724, "mean_schedule_energy": 4.658320671616876, "mean_number_swaps": 5.4, "drone_utilization": 1.0, "execution_time": 2797.485957622528}