{"completion_time": 6101.973156447025, "mean_schedule_time": 4942.691588430461, "mean_flight_time": 4495.98212831535, "mean_swap_time": 180.0, "mean_idle_time": 266.70946011511114, "mean_delivery_time": 4033.0852937262875, "mean_schedule_distance": 31471.874898207472, "mean_schedule_energy": 2.8224226406962782, "mean_number_swaps": 3.0, "drone_utilization": 1.0, "execution_time": 130.39011812210083}