{"completion_time": 4007.8325750320955, "mean_schedule_time": 561.4295349887905, "mean_flight_time": 548.9295349887905, "mean_swap_time": 12.5, "mean_idle_time": 0.0, "mean_delivery_time": 2694.861767946194, "mean_schedule_distance": 3842.506744921533, "mean_schedule_energy": 0.3002663889744773, "mean_number_swaps": 0.20833333333333334, "drone_utilization": 0.20833333333333334, "execution_time": 3.194955825805664}