{"completion_time": 4862.346467868763, "mean_schedule_time": 3637.1590640025993, "mean_flight_time": 3450.0955437876923, "mean_swap_time": 132.0, "mean_idle_time": 55.06352021490693, "mean_delivery_time": 4546.448830003249, "mean_schedule_distance": 24150.668806513855, "mean_schedule_energy": 2.0233624152385, "mean_number_swaps": 2.2, "drone_utilization": 0.8, "execution_time": 12.559359073638916}