{"completion_time": 5605.566649791343, "mean_schedule_time": 2188.7036355375517, "mean_flight_time": 2124.417921251838, "mean_swap_time": 64.28571428571429, "mean_idle_time": -4.547473508864641e-13, "mean_delivery_time": 3064.185089752572, "mean_schedule_distance": 14870.925448762864, "mean_schedule_energy": 1.3712796564181366, "mean_number_swaps": 1.0714285714285714, "drone_utilization": 0.7142857142857143, "total_number_parcel_handover": 0, "mean_number_parcel_handover": 0.0, "execution_time": 5.366802215576172}