{"completion_time": 8988.262764986728, "mean_schedule_time": 3911.7253025387763, "mean_flight_time": 2675.63442621897, "mean_swap_time": 92.72727272727273, "mean_idle_time": 1143.3636035925338, "mean_delivery_time": 4535.013825317564, "mean_schedule_distance": 18729.440983532797, "mean_schedule_energy": 1.7044165840780474, "mean_number_swaps": 1.5454545454545454, "drone_utilization": 0.8181818181818182, "execution_time": 3022.5386543273926}