{"completion_time": 1943.9162875160478, "mean_delivery_time": 1550.2915564787413, "total_distance": 97430.96556792138, "consumed_energy": 7.562707667921143, "execution_time": 8.16478180885315}