{"completion_time": 5242.919781845207, "mean_schedule_time": 3539.390329294158, "mean_flight_time": 3246.0017810335994, "mean_swap_time": 110.0, "mean_idle_time": 183.38854826055876, "mean_delivery_time": 3892.899660243054, "mean_schedule_distance": 22722.012467235196, "mean_schedule_energy": 1.7758758305518068, "mean_number_swaps": 1.8333333333333333, "drone_utilization": 0.9166666666666666, "total_number_parcel_handover": 5, "mean_number_parcel_handover": 0.5, "execution_time": 37.798187494277954}