{"completion_time": 7830.97721244573, "mean_schedule_time": 4960.327557096401, "mean_flight_time": 3750.6258596421717, "mean_swap_time": 132.0, "mean_idle_time": 1077.701697454229, "mean_delivery_time": 5456.588634557406, "mean_schedule_distance": 26254.38101749519, "mean_schedule_energy": 2.0298277077898033, "mean_number_swaps": 2.2, "drone_utilization": 0.8666666666666667, "execution_time": 159.53000807762146}