{"completion_time": 4885.300717986126, "mean_schedule_time": 1465.38110397902, "mean_flight_time": 1427.1992857972018, "mean_swap_time": 38.18181818181818, "mean_idle_time": 0.0, "mean_delivery_time": 3223.8384287538443, "mean_schedule_distance": 9990.395000580409, "mean_schedule_energy": 0.7829174064112819, "mean_number_swaps": 0.6363636363636364, "drone_utilization": 0.45454545454545453, "total_number_parcel_handover": 0, "mean_number_parcel_handover": 0.0, "execution_time": 9.773511171340942}