{"completion_time": 10238.008197336438, "mean_schedule_time": 4681.720037903838, "mean_flight_time": 4513.720037903837, "mean_swap_time": 168.0, "mean_idle_time": 9.094947017729282e-13, "mean_delivery_time": 4378.268685380909, "mean_schedule_distance": 31596.04026532685, "mean_schedule_energy": 2.675955401638947, "mean_number_swaps": 2.8, "drone_utilization": 1.0, "execution_time": 63.74665832519531}