{"completion_time": 4573.113502504963, "mean_schedule_time": 635.3679160358378, "mean_flight_time": 616.2770069449288, "mean_swap_time": 19.09090909090909, "mean_idle_time": -1.1368683772161603e-13, "mean_delivery_time": 2795.618830557686, "mean_schedule_distance": 4313.939048614501, "mean_schedule_energy": 0.3971003801758126, "mean_number_swaps": 0.3181818181818182, "drone_utilization": 0.22727272727272727, "total_number_parcel_handover": 0, "mean_number_parcel_handover": 0.0, "execution_time": 2.8917930126190186}