{"completion_time": 5017.184500054923, "mean_schedule_time": 3022.5463689644243, "mean_flight_time": 2667.542348050133, "mean_swap_time": 90.0, "mean_idle_time": 265.00402091429123, "mean_delivery_time": 4156.697988050259, "mean_schedule_distance": 18672.79643635093, "mean_schedule_energy": 1.4573313430241592, "mean_number_swaps": 1.5, "drone_utilization": 0.75, "execution_time": 40.94236493110657}