{"completion_time": 28551.412809578003, "mean_schedule_time": 25482.20745228885, "mean_flight_time": 24342.207452288843, "mean_swap_time": 1140.0, "mean_idle_time": 7.275957614183426e-12, "mean_delivery_time": 13109.318589947903, "mean_schedule_distance": 170395.45216602192, "mean_schedule_energy": 14.234879641312272, "mean_number_swaps": 19.0, "drone_utilization": 1.0, "total_number_parcel_handover": 0, "mean_number_parcel_handover": 0.0, "execution_time": 0.9882972240447998}