{"completion_time": 6587.571437435081, "mean_delivery_time": 3934.353591281522, "total_distance": 827898.9236450223, "consumed_energy": 69.67172139393938, "execution_time": 1153.5377111434937}