{"completion_time": 5821.221566738081, "mean_schedule_time": 2956.5616962380864, "mean_flight_time": 2601.271726977257, "mean_swap_time": 84.0, "mean_idle_time": 271.28996926082937, "mean_delivery_time": 3594.5596854617115, "mean_schedule_distance": 18208.902088840794, "mean_schedule_energy": 1.467346543892754, "mean_number_swaps": 1.4, "drone_utilization": 0.8, "execution_time": 1109.6219942569733}