{"completion_time": 12266.206196616093, "mean_schedule_time": 11986.801908390804, "mean_flight_time": 11446.225401962318, "mean_swap_time": 516.0, "mean_idle_time": 24.576506428486027, "mean_delivery_time": 7384.262993349362, "mean_schedule_distance": 80123.57781373626, "mean_schedule_energy": 6.6194054895324586, "mean_number_swaps": 8.6, "drone_utilization": 1.0, "execution_time": 885.0585308074951}