{"completion_time": 7679.513833161006, "mean_schedule_time": 4816.34884907547, "mean_flight_time": 3555.2599905585735, "mean_swap_time": 116.0, "mean_idle_time": 1145.0888585168964, "mean_delivery_time": 4605.133235132082, "mean_schedule_distance": 24886.819933910003, "mean_schedule_energy": 2.011440104233755, "mean_number_swaps": 1.9333333333333333, "drone_utilization": 1.0, "execution_time": 1322.1829209327698}