{"completion_time": 14120.248873635355, "mean_schedule_time": 9246.788216831997, "mean_flight_time": 8891.788216831994, "mean_swap_time": 355.0, "mean_idle_time": 3.637978807091713e-12, "mean_delivery_time": 5964.2905487508715, "mean_schedule_distance": 62242.51751782404, "mean_schedule_energy": 5.1715199637259435, "mean_number_swaps": 5.916666666666667, "drone_utilization": 1.0, "total_number_parcel_handover": 0, "mean_number_parcel_handover": 0.0, "execution_time": 23.002245664596558}