{"completion_time": 13704.2992682661, "mean_schedule_time": 12127.170904321485, "mean_flight_time": 11635.170904321492, "mean_swap_time": 492.0, "mean_idle_time": -7.275957614183426e-12, "mean_delivery_time": 7160.416402302215, "mean_schedule_distance": 81446.19633025039, "mean_schedule_energy": 6.330746395093164, "mean_number_swaps": 8.2, "drone_utilization": 1.0, "execution_time": 4.4069836139678955}