{"completion_time": 5715.411135411561, "mean_schedule_time": 2085.579144606128, "mean_flight_time": 1558.7253061680613, "mean_swap_time": 48.0, "mean_idle_time": 478.85383843806676, "mean_delivery_time": 3688.325085259621, "mean_schedule_distance": 10911.077143176433, "mean_schedule_energy": 0.9892294691707655, "mean_number_swaps": 0.8, "drone_utilization": 0.55, "execution_time": 151.08507657051086}