{"completion_time": 14097.700993100525, "mean_schedule_time": 10213.785220249194, "mean_flight_time": 9817.785220249198, "mean_swap_time": 396.0, "mean_idle_time": -3.637978807091713e-12, "mean_delivery_time": 6548.684642753669, "mean_schedule_distance": 68724.49654174436, "mean_schedule_energy": 5.408255960181038, "mean_number_swaps": 6.6, "drone_utilization": 1.0, "execution_time": 19.7205810546875}