{"completion_time": 4665.180726101917, "mean_schedule_time": 2203.125082744569, "mean_flight_time": 1672.9636764452323, "mean_swap_time": 45.0, "mean_idle_time": 485.16140629933693, "mean_delivery_time": 3765.963329238345, "mean_schedule_distance": 11710.745735116629, "mean_schedule_energy": 0.947755955911303, "mean_number_swaps": 0.75, "drone_utilization": 0.6666666666666666, "total_number_parcel_handover": 4, "mean_number_parcel_handover": 0.8, "execution_time": 9.633155345916748}