{"completion_time": 7317.957133584923, "mean_delivery_time": 3250.1412548583553, "total_distance": 409638.63881423266, "consumed_energy": 34.95248562072054, "execution_time": 7.3757243156433105}