{"completion_time": 4665.180726101917, "mean_schedule_time": 2117.3668030266554, "mean_flight_time": 1579.5338154512451, "mean_swap_time": 48.0, "mean_idle_time": 489.83298757541024, "mean_delivery_time": 3112.209396401971, "mean_schedule_distance": 11056.736708158714, "mean_schedule_energy": 0.9341676411100479, "mean_number_swaps": 0.8, "drone_utilization": 0.7, "execution_time": 31.099058866500854}