{"completion_time": 8995.14905135789, "mean_schedule_time": 4156.026456144231, "mean_flight_time": 4008.5264561442305, "mean_swap_time": 147.5, "mean_idle_time": 0.0, "mean_delivery_time": 4026.393939895551, "mean_schedule_distance": 28059.685193009616, "mean_schedule_energy": 2.421399365417776, "mean_number_swaps": 2.4583333333333335, "drone_utilization": 1.0, "execution_time": 52.55132007598877}