{"completion_time": 10437.925720576432, "mean_schedule_time": 7854.988663844149, "mean_flight_time": 6849.403194032676, "mean_swap_time": 277.5, "mean_idle_time": 728.0854698114736, "mean_delivery_time": 5729.4661077264245, "mean_schedule_distance": 47945.822358228776, "mean_schedule_energy": 4.089530995276662, "mean_number_swaps": 4.625, "drone_utilization": 1.0, "execution_time": 6115.1740481853485}