{"completion_time": 21556.40986733338, "mean_schedule_time": 21152.686298274733, "mean_flight_time": 20312.68629827473, "mean_swap_time": 840.0, "mean_idle_time": 3.637978807091713e-12, "mean_delivery_time": 10751.657170229335, "mean_schedule_distance": 142188.80408792305, "mean_schedule_energy": 11.014895570353858, "mean_number_swaps": 14.0, "drone_utilization": 1.0, "total_number_parcel_handover": 0, "mean_number_parcel_handover": 0.0, "execution_time": 240.8413336277008}