{"completion_time": 1602.7354711413745, "execution_time": 0.0005731582641601562}