{"1": [{"x": 4, "y": 2, "a": 0, "tau": 610.9861748927057}, {"x": 2, "y": 2, "a": -1, "tau": 670.9861748927057}, {"x": 2, "y": 5, "a": 1, "tau": 1602.7354711413745}], "2": [], "3": [{"x": 2, "y": 1, "a": 2, "tau": 401.4630843957299}]}