{"completion_time": 2732.5889031082393, "mean_delivery_time": 1930.8413303708464, "total_distance": 464934.10068135674, "consumed_energy": 38.67301045534129, "execution_time": 818.4102349281311}