{"completion_time": 9233.78133564095, "mean_delivery_time": 4770.7686835990635, "total_distance": 686716.0614395912, "consumed_energy": 56.470361961771715, "execution_time": 463.7273619174957}