{"completion_time": 12645.482453352555, "mean_schedule_time": 11447.611186891447, "mean_flight_time": 10679.36900845696, "mean_swap_time": 432.0, "mean_idle_time": 336.24217843448605, "mean_delivery_time": 7602.0993142920515, "mean_schedule_distance": 74755.58305919872, "mean_schedule_energy": 5.893659345478757, "mean_number_swaps": 7.2, "drone_utilization": 1.0, "execution_time": 74.90932083129883}