{"completion_time": 9473.567470501028, "mean_schedule_time": 8592.404142540148, "mean_flight_time": 8109.181815581037, "mean_swap_time": 330.0, "mean_idle_time": 153.22232695911225, "mean_delivery_time": 5742.898965374787, "mean_schedule_distance": 56764.272709067234, "mean_schedule_energy": 4.518708598220118, "mean_number_swaps": 5.5, "drone_utilization": 1.0, "total_number_parcel_handover": 5, "mean_number_parcel_handover": 0.2, "execution_time": 720.6074433326721}