{"completion_time": 5470.690607088874, "mean_schedule_time": 2997.410523393047, "mean_flight_time": 2141.9657368647117, "mean_swap_time": 72.0, "mean_idle_time": 783.444786528335, "mean_delivery_time": 4875.320603028042, "mean_schedule_distance": 14993.760158052983, "mean_schedule_energy": 1.272449696178718, "mean_number_swaps": 1.2, "drone_utilization": 0.7, "execution_time": 80.01184010505676}