{"completion_time": 9536.072825194975, "mean_schedule_time": 7886.36373971897, "mean_flight_time": 7433.8247424605, "mean_swap_time": 336.0, "mean_idle_time": 116.53899725846986, "mean_delivery_time": 5291.013337774085, "mean_schedule_distance": 52036.773197223476, "mean_schedule_energy": 4.5331210482732365, "mean_number_swaps": 5.6, "drone_utilization": 1.0, "execution_time": 290.6756703853607}