{"completion_time": 10342.749678083392, "mean_schedule_time": 5360.52149879677, "mean_flight_time": 5168.521498796772, "mean_swap_time": 192.0, "mean_idle_time": -1.8189894035458565e-12, "mean_delivery_time": 4097.567439043648, "mean_schedule_distance": 36179.6504915774, "mean_schedule_energy": 2.800135833243132, "mean_number_swaps": 3.2, "drone_utilization": 1.0, "execution_time": 1.7352838516235352}