{"completion_time": 5923.820024770435, "mean_schedule_time": 4907.974696147225, "mean_flight_time": 4689.110967226018, "mean_swap_time": 176.66666666666666, "mean_idle_time": 42.19706225453956, "mean_delivery_time": 4110.298303399384, "mean_schedule_distance": 32823.77677058212, "mean_schedule_energy": 2.7100311013150113, "mean_number_swaps": 2.9444444444444446, "drone_utilization": 1.0, "total_number_parcel_handover": 6, "mean_number_parcel_handover": 0.24, "execution_time": 268.2199685573578}