{"completion_time": 4254.120752004098, "mean_schedule_time": 885.9365279400645, "mean_flight_time": 711.5637169284778, "mean_swap_time": 19.09090909090909, "mean_idle_time": 155.28190192067757, "mean_delivery_time": 3049.250363721675, "mean_schedule_distance": 4980.946018499343, "mean_schedule_energy": 0.401775646132988, "mean_number_swaps": 0.3181818181818182, "drone_utilization": 0.3181818181818182, "execution_time": 10.32224702835083}