{"completion_time": 5844.6059894202035, "mean_schedule_time": 1186.4762947897125, "mean_flight_time": 708.2253992840714, "mean_swap_time": 15.0, "mean_idle_time": 463.2508955056411, "mean_delivery_time": 4687.146853134964, "mean_schedule_distance": 4957.5777949885, "mean_schedule_energy": 0.4326615476188936, "mean_number_swaps": 0.25, "drone_utilization": 0.3, "execution_time": 113.19485020637512}