{"completion_time": 2799.2276945470835, "mean_schedule_time": 850.2759839113413, "mean_flight_time": 702.2062968262828, "mean_swap_time": 12.0, "mean_idle_time": 136.0696870850585, "mean_delivery_time": 2249.6659681348847, "mean_schedule_distance": 4915.44407778398, "mean_schedule_energy": 0.38300692220733434, "mean_number_swaps": 0.2, "drone_utilization": 0.4, "execution_time": 7.6332688331604}