{"completion_time": 7644.9874942426695, "mean_schedule_time": 6872.141910595618, "mean_flight_time": 6626.141910595621, "mean_swap_time": 246.0, "mean_idle_time": -2.7284841053187847e-12, "mean_delivery_time": 5457.811844579668, "mean_schedule_distance": 46382.99337416933, "mean_schedule_energy": 3.7384654198897502, "mean_number_swaps": 4.1, "drone_utilization": 1.0, "total_number_parcel_handover": 3, "mean_number_parcel_handover": 0.2, "execution_time": 188.54487562179565}