{"completion_time": 6103.490739026833, "mean_schedule_time": 1400.9331440838316, "mean_flight_time": 1350.9331440838316, "mean_swap_time": 50.0, "mean_idle_time": 0.0, "mean_delivery_time": 3362.239545801196, "mean_schedule_distance": 9456.532008586822, "mean_schedule_energy": 0.88197493603288, "mean_number_swaps": 0.8333333333333334, "drone_utilization": 0.4166666666666667, "execution_time": 11.93498945236206}