{"completion_time": 3201.7453695134163, "mean_delivery_time": 1741.119772900598, "total_distance": 226956.76820608374, "consumed_energy": 21.16739846478912, "execution_time": 9.981443881988525}