{"completion_time": 7950.383576554634, "mean_schedule_time": 6080.514247660756, "mean_flight_time": 5016.622004014667, "mean_swap_time": 189.0, "mean_idle_time": 874.8922436460889, "mean_delivery_time": 5868.14335121643, "mean_schedule_distance": 35116.35402810265, "mean_schedule_energy": 2.8717818215312505, "mean_number_swaps": 3.15, "drone_utilization": 0.95, "total_number_parcel_handover": 20, "mean_number_parcel_handover": 1.0, "execution_time": 8846.182826519012}