{"completion_time": 8213.593904236419, "mean_schedule_time": 7980.476536679805, "mean_flight_time": 7536.54834547403, "mean_swap_time": 318.0, "mean_idle_time": 125.92819120577497, "mean_delivery_time": 4812.3373794861645, "mean_schedule_distance": 52755.83841831825, "mean_schedule_energy": 4.412275849251925, "mean_number_swaps": 5.3, "drone_utilization": 1.0, "execution_time": 924.1428580284119}