{"completion_time": 9611.817389867027, "mean_schedule_time": 8085.923930966049, "mean_flight_time": 7154.220358867572, "mean_swap_time": 332.0, "mean_idle_time": 599.7035720984768, "mean_delivery_time": 5363.789315293826, "mean_schedule_distance": 50079.542512073014, "mean_schedule_energy": 4.496178081458581, "mean_number_swaps": 5.533333333333333, "drone_utilization": 1.0, "execution_time": 1072.923105955124}