{"completion_time": 1756.7714563605691, "mean_delivery_time": 1296.4402699738375, "total_distance": 78245.3066955124, "consumed_energy": 5.7780911827368655, "execution_time": 0.14008808135986328}