{"completion_time": 9996.940066113235, "mean_schedule_time": 9541.485418597158, "mean_flight_time": 8645.603345100883, "mean_swap_time": 340.0, "mean_idle_time": 555.8820734962756, "mean_delivery_time": 7281.970616890314, "mean_schedule_distance": 60519.22341570617, "mean_schedule_energy": 4.746334814478805, "mean_number_swaps": 5.666666666666667, "drone_utilization": 1.0, "execution_time": 572.5849838256836}