{"completion_time": 4891.307939423916, "mean_schedule_time": 2348.241551168314, "mean_flight_time": 2095.282056193356, "mean_swap_time": 77.14285714285714, "mean_idle_time": 175.8166378321007, "mean_delivery_time": 3082.3258034624077, "mean_schedule_distance": 14666.974393353497, "mean_schedule_energy": 1.2850264443691264, "mean_number_swaps": 1.2857142857142858, "drone_utilization": 0.75, "execution_time": 436.78857159614563}