{"completion_time": 4127.749748429198, "mean_delivery_time": 1906.6996657525488, "total_distance": 377834.2501596886, "consumed_energy": 31.07298261184915, "execution_time": 17.804118156433105}