{"completion_time": 7895.499496858395, "mean_schedule_time": 3718.4214300922727, "mean_flight_time": 3598.421430092274, "mean_swap_time": 120.0, "mean_idle_time": -1.3642420526593924e-12, "mean_delivery_time": 3697.1493315050975, "mean_schedule_distance": 25188.950010645905, "mean_schedule_energy": 2.0715321741232766, "mean_number_swaps": 2.0, "drone_utilization": 0.9333333333333333, "execution_time": 17.777350664138794}