{"completion_time": 10126.02750261909, "mean_schedule_time": 4817.0501731474005, "mean_flight_time": 4649.0501731474005, "mean_swap_time": 168.0, "mean_idle_time": 0.0, "mean_delivery_time": 3912.558940091543, "mean_schedule_distance": 32543.351212031812, "mean_schedule_energy": 2.692791827039635, "mean_number_swaps": 2.8, "drone_utilization": 1.0, "execution_time": 47.98906993865967}