{"completion_time": 1322.7882745656573, "execution_time": 0.003448963165283203}