{"completion_time": 4385.970175302137, "mean_schedule_time": 970.909665399628, "mean_flight_time": 771.781438507566, "mean_swap_time": 16.8, "mean_idle_time": 182.32822689206205, "mean_delivery_time": 2759.9272418938344, "mean_schedule_distance": 5402.470069552963, "mean_schedule_energy": 0.4458946156956764, "mean_number_swaps": 0.28, "drone_utilization": 0.36, "execution_time": 85.3905553817749}