{"completion_time": 2487.3387298244843, "mean_delivery_time": 1599.8132169483474, "total_distance": 174297.5698841352, "consumed_energy": 13.695814424956426, "execution_time": 1.438951015472412}