{"completion_time": 5420.3959138213495, "mean_schedule_time": 1795.946844889279, "mean_flight_time": 1268.3084057380217, "mean_swap_time": 30.0, "mean_idle_time": 497.6384391512572, "mean_delivery_time": 3959.0257384663432, "mean_schedule_distance": 8878.15884016615, "mean_schedule_energy": 0.6871395298067947, "mean_number_swaps": 0.5, "drone_utilization": 0.5555555555555556, "total_number_parcel_handover": 7, "mean_number_parcel_handover": 1.4, "execution_time": 203.23704862594604}