{"completion_time": 5601.412875009459, "mean_delivery_time": 3350.8469495779304, "total_distance": 655357.0559062213, "consumed_energy": 53.310605233366424, "execution_time": 683.1758222579956}