{"completion_time": 9671.300801203672, "mean_schedule_time": 8898.39534297212, "mean_flight_time": 8312.77638954592, "mean_swap_time": 285.0, "mean_idle_time": 300.6189534262012, "mean_delivery_time": 8662.908880609422, "mean_schedule_distance": 58189.43472682145, "mean_schedule_energy": 4.000400267789254, "mean_number_swaps": 4.75, "drone_utilization": 1.0, "execution_time": 42.62455081939697}