{"completion_time": 38324.21730327861, "mean_schedule_time": 38263.888135418034, "mean_flight_time": 36433.88813541802, "mean_swap_time": 1830.0, "mean_idle_time": 1.4551915228366852e-11, "mean_delivery_time": 17894.064771219248, "mean_schedule_distance": 255037.21694792615, "mean_schedule_energy": 21.835988306129547, "mean_number_swaps": 30.5, "drone_utilization": 1.0, "execution_time": 230.72839522361755}