{"completion_time": 4878.157931520413, "mean_delivery_time": 4340.865659641395, "total_distance": 198124.45027750946, "consumed_energy": 15.133446380461717, "execution_time": 8.349240064620972}