{"completion_time": 4651.289822839792, "mean_delivery_time": 1840.6199734688375, "total_distance": 609076.1637900663, "consumed_energy": 49.69355496367118, "execution_time": 79.81680989265442}