{"completion_time": 9920.891047287803, "mean_schedule_time": 6985.120001868086, "mean_flight_time": 6629.080915810622, "mean_swap_time": 270.0, "mean_idle_time": 86.03908605746346, "mean_delivery_time": 5383.518540929373, "mean_schedule_distance": 46403.56641067436, "mean_schedule_energy": 3.9188588552099786, "mean_number_swaps": 4.5, "drone_utilization": 1.0, "execution_time": 830.9726359844208}