{"completion_time": 4264.554196631011, "mean_schedule_time": 767.6989142468271, "mean_flight_time": 741.4489142468271, "mean_swap_time": 26.25, "mean_idle_time": 0.0, "mean_delivery_time": 2635.3379934576233, "mean_schedule_distance": 5190.14239972779, "mean_schedule_energy": 0.48861114362309066, "mean_number_swaps": 0.4375, "drone_utilization": 0.25, "execution_time": 2.030571937561035}