{"completion_time": 10919.186383565559, "mean_schedule_time": 10341.61489144449, "mean_flight_time": 9831.129227694371, "mean_swap_time": 396.0, "mean_idle_time": 114.48566375011796, "mean_delivery_time": 6664.038867229852, "mean_schedule_distance": 68817.9045938606, "mean_schedule_energy": 5.49429088503286, "mean_number_swaps": 6.6, "drone_utilization": 1.0, "execution_time": 783.8686108589172}