{"completion_time": 1331.896364316888, "execution_time": 0.052384138107299805}