{"completion_time": 8988.262764986728, "mean_schedule_time": 5706.759395264714, "mean_flight_time": 4314.481035324479, "mean_swap_time": 158.4, "mean_idle_time": 1233.878359940235, "mean_delivery_time": 5620.198088291262, "mean_schedule_distance": 30201.367247271348, "mean_schedule_energy": 2.460151359053196, "mean_number_swaps": 2.64, "drone_utilization": 1.0, "execution_time": 14807.40759396553}