{"completion_time": 9573.230265601456, "mean_schedule_time": 7419.504595712732, "mean_flight_time": 7029.27448543059, "mean_swap_time": 306.0, "mean_idle_time": 84.23011028214205, "mean_delivery_time": 5307.466352303035, "mean_schedule_distance": 49204.9213980141, "mean_schedule_energy": 4.188490529348507, "mean_number_swaps": 5.1, "drone_utilization": 1.0, "total_number_parcel_handover": 5, "mean_number_parcel_handover": 0.25, "execution_time": 205.89621424674988}