{"completion_time": 3231.8259662010573, "mean_delivery_time": 1805.309833022572, "total_distance": 346764.7444074158, "consumed_energy": 30.496669969745778, "execution_time": 24.970389366149902}