{"completion_time": 6163.651932402115, "mean_schedule_time": 1972.223870370417, "mean_flight_time": 1905.3007934473403, "mean_swap_time": 66.92307692307692, "mean_idle_time": -2.2737367544323206e-13, "mean_delivery_time": 3494.619666045144, "mean_schedule_distance": 13337.105554131376, "mean_schedule_energy": 1.1729488449902221, "mean_number_swaps": 1.1153846153846154, "drone_utilization": 0.5384615384615384, "execution_time": 30.80518937110901}