{"completion_time": 4613.345902469695, "mean_schedule_time": 1363.6139727724633, "mean_flight_time": 1142.9282359654933, "mean_swap_time": 20.0, "mean_idle_time": 200.68573680697, "mean_delivery_time": 2720.242517153462, "mean_schedule_distance": 8000.497651758454, "mean_schedule_energy": 0.610025336261178, "mean_number_swaps": 0.3333333333333333, "drone_utilization": 0.5333333333333333, "execution_time": 11.868919849395752}