{"completion_time": 5321.136033977646, "mean_schedule_time": 2109.4092511502704, "mean_flight_time": 1693.3569478824652, "mean_swap_time": 55.714285714285715, "mean_idle_time": 360.3380175535194, "mean_delivery_time": 3941.4170130832877, "mean_schedule_distance": 11853.498635177257, "mean_schedule_energy": 1.02014158518853, "mean_number_swaps": 0.9285714285714286, "drone_utilization": 0.5714285714285714, "total_number_parcel_handover": 3, "mean_number_parcel_handover": 0.6, "execution_time": 38.30523204803467}