{"completion_time": 4770.30088679935, "mean_schedule_time": 3814.9420028886298, "mean_flight_time": 3646.6273062387554, "mean_swap_time": 123.0, "mean_idle_time": 45.31469664987435, "mean_delivery_time": 3615.2285494587127, "mean_schedule_distance": 25526.391143671288, "mean_schedule_energy": 2.193692539976807, "mean_number_swaps": 2.05, "drone_utilization": 1.0, "execution_time": 604.9391615390778}