{"completion_time": 6204.972781083416, "mean_schedule_time": 4395.944026579889, "mean_flight_time": 3775.584470172288, "mean_swap_time": 114.0, "mean_idle_time": 506.3595564076013, "mean_delivery_time": 4127.321463873131, "mean_schedule_distance": 26429.091291205998, "mean_schedule_energy": 2.0758116756337, "mean_number_swaps": 1.9, "drone_utilization": 1.0, "execution_time": 684.9992010593414}