{"completion_time": 6314.857417802351, "mean_schedule_time": 1140.0983957646727, "mean_flight_time": 1101.5269671932444, "mean_swap_time": 38.57142857142857, "mean_idle_time": -4.547473508864641e-13, "mean_delivery_time": 3192.2755081410833, "mean_schedule_distance": 7710.688770352708, "mean_schedule_energy": 0.7129933980722172, "mean_number_swaps": 0.6428571428571429, "drone_utilization": 0.35714285714285715, "execution_time": 14.856542110443115}