{"completion_time": 9048.262764986728, "mean_schedule_time": 4058.427198414973, "mean_flight_time": 2757.8822255648265, "mean_swap_time": 88.0, "mean_idle_time": 1212.5449728501467, "mean_delivery_time": 3697.783114866869, "mean_schedule_distance": 19305.1755789538, "mean_schedule_energy": 1.6597796055491476, "mean_number_swaps": 1.4666666666666666, "drone_utilization": 0.9333333333333333, "execution_time": 635.9841465950012}