{"completion_time": 6953.981155353512, "mean_delivery_time": 4857.015269245185, "total_distance": 177713.72685703187, "consumed_energy": 14.238926046812592, "execution_time": 55.03423309326172}