{"completion_time": 7892.284957442287, "mean_schedule_time": 3191.0054993894314, "mean_flight_time": 3078.2054993894335, "mean_swap_time": 112.8, "mean_idle_time": -2.2737367544323206e-12, "mean_delivery_time": 4431.952082485321, "mean_schedule_distance": 21547.43849572601, "mean_schedule_energy": 1.8294644712758026, "mean_number_swaps": 1.88, "drone_utilization": 0.72, "execution_time": 26.573569536209106}