{"completion_time": 4116.177080320609, "mean_schedule_time": 1387.1399266984513, "mean_flight_time": 1292.1939458680604, "mean_swap_time": 30.0, "mean_idle_time": 64.94598083039091, "mean_delivery_time": 2264.4429230333167, "mean_schedule_distance": 9045.357621076424, "mean_schedule_energy": 0.7319673882405948, "mean_number_swaps": 0.5, "drone_utilization": 0.6111111111111112, "total_number_parcel_handover": 1, "mean_number_parcel_handover": 0.1, "execution_time": 79.71217083930969}