{"completion_time": 9765.527176977399, "mean_schedule_time": 5551.835731453636, "mean_flight_time": 5353.835731453637, "mean_swap_time": 198.0, "mean_idle_time": -9.094947017729282e-13, "mean_delivery_time": 4470.284414688108, "mean_schedule_distance": 37476.85012017544, "mean_schedule_energy": 3.1400944731340172, "mean_number_swaps": 3.3, "drone_utilization": 1.0, "execution_time": 7.079755544662476}