{"completion_time": 9343.215430368686, "mean_schedule_time": 7276.455859186276, "mean_flight_time": 6506.712130915135, "mean_swap_time": 267.0, "mean_idle_time": 502.74372827114075, "mean_delivery_time": 5607.979417426871, "mean_schedule_distance": 45546.98491640597, "mean_schedule_energy": 3.867463965553872, "mean_number_swaps": 4.45, "drone_utilization": 1.0, "execution_time": 2005.9518647193909}