{"completion_time": 2684.7430976616547, "mean_schedule_time": 348.696230902112, "mean_flight_time": 342.696230902112, "mean_swap_time": 6.0, "mean_idle_time": 0.0, "mean_delivery_time": 1743.48115451056, "mean_schedule_distance": 2398.8736163147837, "mean_schedule_energy": 0.17523980116860696, "mean_number_swaps": 0.1, "drone_utilization": 0.2, "execution_time": 0.2856724262237549}