{"completion_time": 8130.502193855739, "mean_schedule_time": 3459.5470518315915, "mean_flight_time": 3336.5470518315915, "mean_swap_time": 123.0, "mean_idle_time": 0.0, "mean_delivery_time": 3316.3076671383824, "mean_schedule_distance": 23355.829362821147, "mean_schedule_energy": 2.049641432081313, "mean_number_swaps": 2.05, "drone_utilization": 1.0, "execution_time": 38.97782635688782}