{"completion_time": 19763.134297754943, "mean_schedule_time": 15814.981687935917, "mean_flight_time": 15118.981687935917, "mean_swap_time": 696.0, "mean_idle_time": 0.0, "mean_delivery_time": 8106.896063552237, "mean_schedule_distance": 105832.87181555139, "mean_schedule_energy": 8.985189333914516, "mean_number_swaps": 11.6, "drone_utilization": 1.0, "execution_time": 12.988321542739868}