{"completion_time": 10301.567148877471, "mean_delivery_time": 4225.948031776118, "total_distance": 529164.359077757, "consumed_energy": 44.92594666957258, "execution_time": 11.13510537147522}