{"completion_time": 7581.500560044783, "mean_schedule_time": 6108.929293375686, "mean_flight_time": 5687.247723355916, "mean_swap_time": 213.6, "mean_idle_time": 208.08157001976997, "mean_delivery_time": 5530.413776957402, "mean_schedule_distance": 39810.73406349148, "mean_schedule_energy": 3.231303168181009, "mean_number_swaps": 3.56, "drone_utilization": 1.0, "execution_time": 1951.691858291626}