{"completion_time": 8816.051341558197, "mean_schedule_time": 7909.560147314159, "mean_flight_time": 7264.942329118633, "mean_swap_time": 310.0, "mean_idle_time": 334.6178181955256, "mean_delivery_time": 5362.502463014804, "mean_schedule_distance": 50854.596303830425, "mean_schedule_energy": 4.269476173453017, "mean_number_swaps": 5.166666666666667, "drone_utilization": 1.0, "execution_time": 1003.7050876617432}