{"completion_time": 6101.973156447025, "mean_schedule_time": 5410.528431045068, "mean_flight_time": 4532.410464170847, "mean_swap_time": 186.0, "mean_idle_time": 692.1179668742207, "mean_delivery_time": 4367.254467022435, "mean_schedule_distance": 31726.87324919594, "mean_schedule_energy": 2.8416808631802697, "mean_number_swaps": 3.1, "drone_utilization": 1.0, "execution_time": 268.252893447876}