{"completion_time": 2588.474193608317, "mean_delivery_time": 1507.7556416368072, "total_distance": 99662.89491457651, "consumed_energy": 8.41457340259054, "execution_time": 0.9129691123962402}