{"completion_time": 4936.948387216634, "mean_schedule_time": 1465.7556416368072, "mean_flight_time": 1423.7556416368072, "mean_swap_time": 42.0, "mean_idle_time": 0.0, "mean_delivery_time": 2931.5112832736145, "mean_schedule_distance": 9966.28949145765, "mean_schedule_energy": 0.8414573402590539, "mean_number_swaps": 0.7, "drone_utilization": 0.5, "execution_time": 1.1793510913848877}