{"completion_time": 1478.330619983461, "mean_delivery_time": 1041.6747152087369, "total_distance": 73343.24737937999, "consumed_energy": 6.370737227554029, "execution_time": 0.13555002212524414}