{"completion_time": 11591.330411712908, "mean_schedule_time": 4641.865041052823, "mean_flight_time": 4473.865041052823, "mean_swap_time": 168.0, "mean_idle_time": 0.0, "mean_delivery_time": 4899.694034659808, "mean_schedule_distance": 31317.055287369738, "mean_schedule_energy": 2.695377174610522, "mean_number_swaps": 2.8, "drone_utilization": 0.9, "execution_time": 26.25184416770935}