{"completion_time": 7805.3427255327715, "mean_schedule_time": 6065.778602019411, "mean_flight_time": 5828.080642672356, "mean_swap_time": 232.5, "mean_idle_time": 5.197959347055075, "mean_delivery_time": 4569.453910520116, "mean_schedule_distance": 40796.56449870647, "mean_schedule_energy": 3.501406389615406, "mean_number_swaps": 3.875, "drone_utilization": 1.0, "total_number_parcel_handover": 5, "mean_number_parcel_handover": 0.2, "execution_time": 1343.6435387134552}