{"completion_time": 6522.619414593257, "mean_schedule_time": 3022.7253387174164, "mean_flight_time": 2141.141461227254, "mean_swap_time": 63.0, "mean_idle_time": 818.5838774901626, "mean_delivery_time": 4645.836131523059, "mean_schedule_distance": 14987.990228590783, "mean_schedule_energy": 1.2244049671269992, "mean_number_swaps": 1.05, "drone_utilization": 0.65, "execution_time": 701.596657037735}