{"completion_time": 3790.7884903106647, "mean_schedule_time": 610.0529055051519, "mean_flight_time": 524.9331518082331, "mean_swap_time": 12.0, "mean_idle_time": 73.11975369691879, "mean_delivery_time": 3051.5896822287486, "mean_schedule_distance": 3674.5320626576317, "mean_schedule_energy": 0.2806674885834475, "mean_number_swaps": 0.2, "drone_utilization": 0.2, "execution_time": 1.6628596782684326}