{"completion_time": 3176.1150737443745, "mean_schedule_time": 554.1283527423401, "mean_flight_time": 501.9725937196214, "mean_swap_time": 12.0, "mean_idle_time": 40.15575902271871, "mean_delivery_time": 2656.143723991998, "mean_schedule_distance": 3513.80815603735, "mean_schedule_energy": 0.29625475814554686, "mean_number_swaps": 0.2, "drone_utilization": 0.23333333333333334, "execution_time": 26.820510864257812}