{"completion_time": 1588.0575368721873, "mean_delivery_time": 1352.071861995999, "total_distance": 102306.21529385509, "consumed_energy": 8.701160981130482, "execution_time": 21.52744436264038}