{"completion_time": 13086.04665406708, "mean_schedule_time": 9296.520184892233, "mean_flight_time": 8394.533129431158, "mean_swap_time": 344.0, "mean_idle_time": 557.9870554610752, "mean_delivery_time": 6029.700247043912, "mean_schedule_distance": 58761.73190601808, "mean_schedule_energy": 4.8298758593844715, "mean_number_swaps": 5.733333333333333, "drone_utilization": 1.0, "execution_time": 495.33390522003174}