{"completion_time": 2641.4103396736828, "mean_schedule_time": 436.70022042329276, "mean_flight_time": 424.70022042329276, "mean_swap_time": 12.0, "mean_idle_time": 0.0, "mean_delivery_time": 2183.5011021164637, "mean_schedule_distance": 2972.901542963049, "mean_schedule_energy": 0.25865317963801926, "mean_number_swaps": 0.2, "drone_utilization": 0.2, "execution_time": 1.4577391147613525}