{"completion_time": 4809.803014989252, "mean_schedule_time": 430.57771316707306, "mean_flight_time": 412.577713167073, "mean_swap_time": 18.0, "mean_idle_time": 5.684341886080802e-14, "mean_delivery_time": 2758.6237571204756, "mean_schedule_distance": 2888.0439921695115, "mean_schedule_energy": 0.3098039805039614, "mean_number_swaps": 0.3, "drone_utilization": 0.13333333333333333, "total_number_parcel_handover": 0, "mean_number_parcel_handover": 0.0, "execution_time": 4.108367443084717}