{"completion_time": 20001.52318493595, "mean_schedule_time": 16472.252428115826, "mean_flight_time": 15782.252428115831, "mean_swap_time": 690.0, "mean_idle_time": -7.275957614183426e-12, "mean_delivery_time": 8192.074247363154, "mean_schedule_distance": 110475.76699681075, "mean_schedule_energy": 8.866024008621991, "mean_number_swaps": 11.5, "drone_utilization": 1.0, "total_number_parcel_handover": 0, "mean_number_parcel_handover": 0.0, "execution_time": 17.783384799957275}