{"completion_time": 10262.720856647056, "mean_schedule_time": 9608.65325966605, "mean_flight_time": 9233.653259666053, "mean_swap_time": 375.0, "mean_idle_time": -1.8189894035458565e-12, "mean_delivery_time": 6249.82565401044, "mean_schedule_distance": 64635.57281766237, "mean_schedule_energy": 4.860718777461097, "mean_number_swaps": 6.25, "drone_utilization": 1.0, "execution_time": 10.241151332855225}