{"completion_time": 15609.41118393621, "mean_schedule_time": 15442.550215690531, "mean_flight_time": 14709.561117436338, "mean_swap_time": 660.0, "mean_idle_time": 72.98909825419287, "mean_delivery_time": 8002.111265556367, "mean_schedule_distance": 102966.92782205436, "mean_schedule_energy": 8.29472700149844, "mean_number_swaps": 11.0, "drone_utilization": 1.0, "execution_time": 429.0107593536377}