{"completion_time": 9143.51654572084, "mean_schedule_time": 4598.489257597826, "mean_flight_time": 4438.489257597825, "mean_swap_time": 160.0, "mean_idle_time": 9.094947017729282e-13, "mean_delivery_time": 4398.284112398801, "mean_schedule_distance": 31069.42480318478, "mean_schedule_energy": 2.5861922646528965, "mean_number_swaps": 2.6666666666666665, "drone_utilization": 0.8333333333333334, "total_number_parcel_handover": 0, "mean_number_parcel_handover": 0.0, "execution_time": 10.707068681716919}