{"completion_time": 18381.37825763516, "mean_schedule_time": 18109.218498879723, "mean_flight_time": 17353.21849887972, "mean_swap_time": 756.0, "mean_idle_time": 3.637978807091713e-12, "mean_delivery_time": 9847.757825773997, "mean_schedule_distance": 121472.52949215805, "mean_schedule_energy": 9.850462393661566, "mean_number_swaps": 12.6, "drone_utilization": 1.0, "execution_time": 761.3170721530914}