{"completion_time": 11752.588865892185, "mean_schedule_time": 10279.455915425187, "mean_flight_time": 9859.45591542519, "mean_swap_time": 420.0, "mean_idle_time": -1.8189894035458565e-12, "mean_delivery_time": 6670.858307751502, "mean_schedule_distance": 69016.19140797634, "mean_schedule_energy": 5.828941023139219, "mean_number_swaps": 7.0, "drone_utilization": 1.0, "execution_time": 67.51103639602661}