{"completion_time": 4891.307939423916, "mean_schedule_time": 2461.911803997324, "mean_flight_time": 2209.2347800989837, "mean_swap_time": 67.2, "mean_idle_time": 185.47702389834058, "mean_delivery_time": 2970.801218455698, "mean_schedule_distance": 15464.643460692889, "mean_schedule_energy": 1.2677485623883078, "mean_number_swaps": 1.12, "drone_utilization": 0.84, "execution_time": 457.10648465156555}