{"completion_time": 5325.881327443499, "mean_schedule_time": 3158.195903697339, "mean_flight_time": 2825.3236159294834, "mean_swap_time": 92.5, "mean_idle_time": 240.3722877678556, "mean_delivery_time": 3665.3941979541996, "mean_schedule_distance": 19777.265311506377, "mean_schedule_energy": 1.6063746904945966, "mean_number_swaps": 1.5416666666666667, "drone_utilization": 0.875, "execution_time": 1143.0126159191132}