{"completion_time": 4525.2950941053305, "mean_schedule_time": 698.458660299845, "mean_flight_time": 565.1852018512832, "mean_swap_time": 14.4, "mean_idle_time": 118.87345844856179, "mean_delivery_time": 2910.2444179160207, "mean_schedule_distance": 3956.2964129589823, "mean_schedule_energy": 0.3403017241957755, "mean_number_swaps": 0.24, "drone_utilization": 0.24, "execution_time": 8.45887303352356}