{"completion_time": 9082.843549768382, "mean_schedule_time": 7137.770656160505, "mean_flight_time": 6857.7706561605055, "mean_swap_time": 280.0, "mean_idle_time": -9.094947017729282e-13, "mean_delivery_time": 5201.045838263374, "mean_schedule_distance": 48004.39459312353, "mean_schedule_energy": 3.945593599115103, "mean_number_swaps": 4.666666666666667, "drone_utilization": 1.0, "execution_time": 22.723416090011597}