{"completion_time": 4357.6457307103665, "mean_schedule_time": 1370.302295609271, "mean_flight_time": 1128.5257058989525, "mean_swap_time": 19.2, "mean_idle_time": 222.57658971031833, "mean_delivery_time": 2224.8417099858643, "mean_schedule_distance": 7899.679941292664, "mean_schedule_energy": 0.661152481872708, "mean_number_swaps": 0.32, "drone_utilization": 0.6, "execution_time": 164.78759908676147}