{"completion_time": 7306.498384269667, "mean_schedule_time": 3519.0937495951885, "mean_flight_time": 3023.800096770409, "mean_swap_time": 114.0, "mean_idle_time": 381.29365282477966, "mean_delivery_time": 4349.970362256171, "mean_schedule_distance": 21166.600677392846, "mean_schedule_energy": 1.8754379660410117, "mean_number_swaps": 1.9, "drone_utilization": 0.8, "execution_time": 488.3704068660736}