{"completion_time": 4374.120752004098, "mean_schedule_time": 698.4659917549262, "mean_flight_time": 676.6478099367445, "mean_swap_time": 21.818181818181817, "mean_idle_time": -1.1368683772161603e-13, "mean_delivery_time": 3073.250363721675, "mean_schedule_distance": 4736.53466955721, "mean_schedule_energy": 0.38711096519646, "mean_number_swaps": 0.36363636363636365, "drone_utilization": 0.22727272727272727, "total_number_parcel_handover": 0, "mean_number_parcel_handover": 0.0, "execution_time": 2.8106942176818848}