{"completion_time": 2247.060376002049, "mean_delivery_time": 1584.6251818608375, "total_distance": 104203.76273025862, "consumed_energy": 8.51644123432212, "execution_time": 3.2497546672821045}