{"completion_time": 23771.760530674113, "mean_schedule_time": 23618.658379799, "mean_flight_time": 22550.65837979901, "mean_swap_time": 1068.0, "mean_idle_time": -1.0913936421275139e-11, "mean_delivery_time": 10661.454384049193, "mean_schedule_distance": 157854.60865859294, "mean_schedule_energy": 13.679572061054651, "mean_number_swaps": 17.8, "drone_utilization": 1.0, "execution_time": 1920.921816110611}