{"completion_time": 4082.946611779765, "mean_delivery_time": 1756.7696590546202, "total_distance": 613253.3799808855, "consumed_energy": 50.17338652389256, "execution_time": 60.62423348426819}