{"completion_time": 2020.0063258119326, "execution_time": 0.9286417961120605}