{"completion_time": 4063.783955198057, "mean_delivery_time": 1637.4258209785878, "total_distance": 106219.80746850115, "consumed_energy": 10.25439656127413, "execution_time": 3.3663151264190674}