{"completion_time": 8202.867946480252, "mean_schedule_time": 4994.105868781125, "mean_flight_time": 4804.105868781125, "mean_swap_time": 190.0, "mean_idle_time": 0.0, "mean_delivery_time": 4248.920573809208, "mean_schedule_distance": 33628.74108146787, "mean_schedule_energy": 2.963846248749379, "mean_number_swaps": 3.1666666666666665, "drone_utilization": 1.0, "execution_time": 13.364341974258423}