{"completion_time": 2931.8259662010573, "mean_delivery_time": 2010.1872122736902, "total_distance": 269616.21411990846, "consumed_energy": 24.28261822522617, "execution_time": 51.54235243797302}