{"completion_time": 5863.651932402115, "mean_schedule_time": 3099.099616704298, "mean_flight_time": 2286.0985537051115, "mean_swap_time": 68.0, "mean_idle_time": 745.0010629991866, "mean_delivery_time": 3639.92991522845, "mean_schedule_distance": 16002.689875935785, "mean_schedule_energy": 1.4847799216476016, "mean_number_swaps": 1.1333333333333333, "drone_utilization": 0.8666666666666667, "execution_time": 55.04069232940674}