{"completion_time": 6076.2667790552405, "mean_delivery_time": 3493.621782480643, "total_distance": 717937.0374548574, "consumed_energy": 60.10893480719284, "execution_time": 666.0647923946381}