{"completion_time": 10230.153173667382, "mean_schedule_time": 9822.793079356246, "mean_flight_time": 9087.357019906507, "mean_swap_time": 408.0, "mean_idle_time": 327.43605944973933, "mean_delivery_time": 5963.851629988832, "mean_schedule_distance": 63611.49913934554, "mean_schedule_energy": 5.488662397899148, "mean_number_swaps": 6.8, "drone_utilization": 1.0, "execution_time": 460.249306678772}