{"completion_time": 32683.17524707159, "mean_schedule_time": 30711.777961597647, "mean_flight_time": 29331.777961597654, "mean_swap_time": 1380.0, "mean_idle_time": -7.275957614183426e-12, "mean_delivery_time": 13355.383666566497, "mean_schedule_distance": 205322.44573118357, "mean_schedule_energy": 16.581056260271552, "mean_number_swaps": 23.0, "drone_utilization": 1.0, "execution_time": 2.6226489543914795}