{"completion_time": 50540.727640736855, "mean_schedule_time": 47560.63531849485, "mean_flight_time": 45580.635318494875, "mean_swap_time": 1980.0, "mean_idle_time": -2.1827872842550278e-11, "mean_delivery_time": 18931.921223939888, "mean_schedule_distance": 319064.44722946396, "mean_schedule_energy": 24.997601478314348, "mean_number_swaps": 33.0, "drone_utilization": 1.0, "total_number_parcel_handover": 0, "mean_number_parcel_handover": 0.0, "execution_time": 2.9673569202423096}