{"completion_time": 5431.2600273329535, "mean_schedule_time": 1198.8851943743591, "mean_flight_time": 1162.8851943743593, "mean_swap_time": 36.0, "mean_idle_time": -2.2737367544323206e-13, "mean_delivery_time": 2997.212985935898, "mean_schedule_distance": 8140.196360620515, "mean_schedule_energy": 0.7219605452524851, "mean_number_swaps": 0.6, "drone_utilization": 0.4, "execution_time": 11.959694862365723}