{"completion_time": 7679.513833161006, "mean_schedule_time": 3084.376401470091, "mean_flight_time": 2125.7021231798526, "mean_swap_time": 66.0, "mean_idle_time": 892.6742782902384, "mean_delivery_time": 4672.078286893377, "mean_schedule_distance": 14879.914862258966, "mean_schedule_energy": 1.2331276748759428, "mean_number_swaps": 1.1, "drone_utilization": 0.65, "execution_time": 71.9986891746521}