{"completion_time": 5595.235259517608, "mean_schedule_time": 3302.181478829423, "mean_flight_time": 3048.0340788559183, "mean_swap_time": 94.0, "mean_idle_time": 160.1473999735049, "mean_delivery_time": 3808.461294079428, "mean_schedule_distance": 21336.238551991413, "mean_schedule_energy": 1.696915647012383, "mean_number_swaps": 1.5666666666666667, "drone_utilization": 0.8333333333333334, "total_number_parcel_handover": 3, "mean_number_parcel_handover": 0.12, "execution_time": 343.60347056388855}