{"completion_time": 7739.513833161006, "mean_schedule_time": 3238.9383825501486, "mean_flight_time": 2447.341373545514, "mean_swap_time": 75.0, "mean_idle_time": 716.5970090046344, "mean_delivery_time": 3554.782069741343, "mean_schedule_distance": 17131.389614818603, "mean_schedule_energy": 1.3933159040698322, "mean_number_swaps": 1.25, "drone_utilization": 0.875, "total_number_parcel_handover": 6, "mean_number_parcel_handover": 0.6, "execution_time": 60.98024320602417}