{"completion_time": 9454.212672687643, "mean_schedule_time": 4723.325715696225, "mean_flight_time": 3682.97501364037, "mean_swap_time": 124.8, "mean_idle_time": 915.5507020558553, "mean_delivery_time": 5378.592128112015, "mean_schedule_distance": 25780.825095482585, "mean_schedule_energy": 2.141676297243726, "mean_number_swaps": 2.08, "drone_utilization": 0.88, "execution_time": 4768.267029762268}