{"completion_time": 5336.494289213095, "mean_schedule_time": 3395.540427534931, "mean_flight_time": 3155.217348751429, "mean_swap_time": 110.4, "mean_idle_time": 129.92307878350175, "mean_delivery_time": 3410.2259224244576, "mean_schedule_distance": 22086.521441260007, "mean_schedule_energy": 1.8977268358403498, "mean_number_swaps": 1.84, "drone_utilization": 0.92, "execution_time": 489.95880246162415}