{"completion_time": 11161.896282020425, "mean_delivery_time": 4626.1201774905685, "total_distance": 592046.7503813764, "consumed_energy": 49.42395473134521, "execution_time": 12.244210720062256}