{"completion_time": 2489.471408290736, "mean_delivery_time": 1700.60917853751, "total_distance": 420039.4910012195, "consumed_energy": 35.16490624112092, "execution_time": 208.18875861167908}