{"completion_time": 9175.530816987406, "mean_schedule_time": 8299.295483987189, "mean_flight_time": 7957.295483987184, "mean_swap_time": 342.0, "mean_idle_time": 5.4569682106375694e-12, "mean_delivery_time": 5359.555789105979, "mean_schedule_distance": 55701.0683879103, "mean_schedule_energy": 4.515900866287807, "mean_number_swaps": 5.7, "drone_utilization": 1.0, "execution_time": 253.55286240577698}