{"completion_time": 6060.018260368646, "mean_schedule_time": 4720.267642153504, "mean_flight_time": 4237.118540011425, "mean_swap_time": 144.0, "mean_idle_time": 339.14910214207976, "mean_delivery_time": 4448.260697134296, "mean_schedule_distance": 29659.829780079977, "mean_schedule_energy": 2.3141059351289615, "mean_number_swaps": 2.4, "drone_utilization": 1.0, "execution_time": 72.74696612358093}