{"completion_time": 3763.783955198057, "mean_delivery_time": 1894.5449795508976, "total_distance": 240414.31981003584, "consumed_energy": 19.675544143249816, "execution_time": 212.46907019615173}