{"completion_time": 7467.567910396114, "mean_schedule_time": 3596.299252530057, "mean_flight_time": 2453.2073450003654, "mean_swap_time": 68.57142857142857, "mean_idle_time": 1074.520478958263, "mean_delivery_time": 3705.089959101795, "mean_schedule_distance": 17172.45141500256, "mean_schedule_energy": 1.4053960102321297, "mean_number_swaps": 1.1428571428571428, "drone_utilization": 0.9285714285714286, "total_number_parcel_handover": 5, "mean_number_parcel_handover": 0.5, "execution_time": 296.0065207481384}