{"completion_time": 9228.262764986728, "mean_schedule_time": 7785.111089917898, "mean_flight_time": 7215.672238165871, "mean_swap_time": 324.0, "mean_idle_time": 245.4388517520274, "mean_delivery_time": 5361.72901107396, "mean_schedule_distance": 50509.70566716113, "mean_schedule_energy": 4.364661935885035, "mean_number_swaps": 5.4, "drone_utilization": 1.0, "execution_time": 232.7911033630371}