{"completion_time": 7162.68856633494, "mean_schedule_time": 3139.4895960552158, "mean_flight_time": 2627.1789986404324, "mean_swap_time": 84.0, "mean_idle_time": 428.3105974147834, "mean_delivery_time": 4216.679412923884, "mean_schedule_distance": 18390.252990483026, "mean_schedule_energy": 1.5107469420779933, "mean_number_swaps": 1.4, "drone_utilization": 0.72, "execution_time": 3937.518703222275}