{"completion_time": 5338.899959633207, "mean_schedule_time": 1916.6660753958702, "mean_flight_time": 1540.0887077713724, "mean_swap_time": 47.5, "mean_idle_time": 329.0773676244978, "mean_delivery_time": 3338.239545801196, "mean_schedule_distance": 10780.620954399606, "mean_schedule_energy": 0.9614202727816471, "mean_number_swaps": 0.7916666666666666, "drone_utilization": 0.5833333333333334, "total_number_parcel_handover": 4, "mean_number_parcel_handover": 0.4, "execution_time": 959.8084008693695}