{"completion_time": 9511.999106892841, "mean_schedule_time": 9305.417407934885, "mean_flight_time": 8767.639255413671, "mean_swap_time": 366.0, "mean_idle_time": 171.778152521214, "mean_delivery_time": 5738.727723418517, "mean_schedule_distance": 61373.474787895706, "mean_schedule_energy": 5.095531596353211, "mean_number_swaps": 6.1, "drone_utilization": 1.0, "execution_time": 387.3693389892578}