{"completion_time": 3420.036865838661, "mean_delivery_time": 1713.0652338184059, "total_distance": 412236.48676036735, "consumed_energy": 33.76672748762559, "execution_time": 23.350121021270752}