{"completion_time": 7467.567910396114, "mean_schedule_time": 1393.1504242648105, "mean_flight_time": 819.6361724075125, "mean_swap_time": 25.384615384615383, "mean_idle_time": 548.1296364726826, "mean_delivery_time": 4992.412654119728, "mean_schedule_distance": 5737.453206852589, "mean_schedule_energy": 0.48558453765696513, "mean_number_swaps": 0.4230769230769231, "drone_utilization": 0.3076923076923077, "execution_time": 25.259620666503906}