{"completion_time": 9032.951734148905, "mean_schedule_time": 4686.144528317951, "mean_flight_time": 3735.52962506292, "mean_swap_time": 125.0, "mean_idle_time": 825.6149032550311, "mean_delivery_time": 5623.373433981541, "mean_schedule_distance": 26148.707375440415, "mean_schedule_energy": 2.1103313750914916, "mean_number_swaps": 2.0833333333333335, "drone_utilization": 0.8333333333333334, "execution_time": 308.74907326698303}