{"completion_time": 18229.23165367485, "mean_schedule_time": 14911.216212077044, "mean_flight_time": 14251.216212077043, "mean_swap_time": 660.0, "mean_idle_time": 1.8189894035458565e-12, "mean_delivery_time": 8146.096935629321, "mean_schedule_distance": 99758.5134845393, "mean_schedule_energy": 8.70106442234368, "mean_number_swaps": 11.0, "drone_utilization": 1.0, "execution_time": 4.38633131980896}