{"completion_time": 9504.615826837426, "mean_delivery_time": 4245.04846781466, "total_distance": 399034.0539381572, "consumed_energy": 34.80425768937472, "execution_time": 4.269707441329956}