{"completion_time": 11719.13275227335, "mean_schedule_time": 8443.821165768406, "mean_flight_time": 8113.821165768405, "mean_swap_time": 330.0, "mean_idle_time": 1.8189894035458565e-12, "mean_delivery_time": 5194.292545894607, "mean_schedule_distance": 56796.74816037882, "mean_schedule_energy": 4.642926026533309, "mean_number_swaps": 5.5, "drone_utilization": 1.0, "total_number_parcel_handover": 0, "mean_number_parcel_handover": 0.0, "execution_time": 16.760274171829224}