{"completion_time": 8843.675653412341, "mean_schedule_time": 7151.2537169395755, "mean_flight_time": 6707.504732189305, "mean_swap_time": 273.75, "mean_idle_time": 169.9989847502702, "mean_delivery_time": 5474.128085912589, "mean_schedule_distance": 46952.533125325164, "mean_schedule_energy": 3.9688139730735505, "mean_number_swaps": 4.5625, "drone_utilization": 1.0, "total_number_parcel_handover": 9, "mean_number_parcel_handover": 0.36, "execution_time": 719.9027805328369}