{"completion_time": 4469.642786788937, "mean_schedule_time": 3118.324532256341, "mean_flight_time": 2929.602185560167, "mean_swap_time": 94.28571428571429, "mean_idle_time": 94.43663241045988, "mean_delivery_time": 3013.065962333079, "mean_schedule_distance": 20507.215298921165, "mean_schedule_energy": 1.6703784353450217, "mean_number_swaps": 1.5714285714285714, "drone_utilization": 0.8571428571428571, "total_number_parcel_handover": 5, "mean_number_parcel_handover": 0.3333333333333333, "execution_time": 212.67047905921936}