{"completion_time": 5242.266564016443, "mean_schedule_time": 1186.3465649850218, "mean_flight_time": 903.6658328998204, "mean_swap_time": 24.0, "mean_idle_time": 258.6807320852014, "mean_delivery_time": 3985.6959436125107, "mean_schedule_distance": 6325.660830298744, "mean_schedule_energy": 0.4853889335068627, "mean_number_swaps": 0.4, "drone_utilization": 0.35, "execution_time": 98.11114025115967}