{"completion_time": 3247.641859048519, "mean_delivery_time": 1909.227637491546, "total_distance": 351535.1198915136, "consumed_energy": 30.489709809277752, "execution_time": 102.84799408912659}