{"completion_time": 6240.536112224208, "mean_schedule_time": 4167.460878994737, "mean_flight_time": 3158.8003444503283, "mean_swap_time": 90.0, "mean_idle_time": 918.6605345444086, "mean_delivery_time": 4764.737898418755, "mean_schedule_distance": 22111.6024111523, "mean_schedule_energy": 1.7119452187455686, "mean_number_swaps": 1.5, "drone_utilization": 0.875, "total_number_parcel_handover": 4, "mean_number_parcel_handover": 0.8, "execution_time": 8.575222492218018}