{"completion_time": 15765.221646249263, "mean_schedule_time": 14621.290905879805, "mean_flight_time": 13281.782332860528, "mean_swap_time": 570.0, "mean_idle_time": 769.5085730192768, "mean_delivery_time": 8337.595412357863, "mean_schedule_distance": 92972.47633002362, "mean_schedule_energy": 7.754461193733917, "mean_number_swaps": 9.5, "drone_utilization": 1.0, "total_number_parcel_handover": 5, "mean_number_parcel_handover": 0.25, "execution_time": 223.02720522880554}