{"completion_time": 18131.433759747626, "mean_schedule_time": 17649.986301096524, "mean_flight_time": 16713.44761444379, "mean_swap_time": 804.0, "mean_idle_time": 132.5386866527333, "mean_delivery_time": 8825.233020466925, "mean_schedule_distance": 116994.1333011066, "mean_schedule_energy": 9.873312430243342, "mean_number_swaps": 13.4, "drone_utilization": 1.0, "execution_time": 7021.505502939224}