{"completion_time": 17747.532530056327, "mean_schedule_time": 17291.756532107538, "mean_flight_time": 16499.756532107545, "mean_swap_time": 792.0, "mean_idle_time": -7.275957614183426e-12, "mean_delivery_time": 8637.078034783402, "mean_schedule_distance": 115498.29572475274, "mean_schedule_energy": 9.988659938154903, "mean_number_swaps": 13.2, "drone_utilization": 1.0, "execution_time": 1091.7656722068787}