{"completion_time": 5363.69076133085, "mean_schedule_time": 2160.444886493085, "mean_flight_time": 2088.444886493085, "mean_swap_time": 72.0, "mean_idle_time": 0.0, "mean_delivery_time": 4320.88977298617, "mean_schedule_distance": 14619.114205451595, "mean_schedule_energy": 1.271060038252021, "mean_number_swaps": 1.2, "drone_utilization": 0.5, "total_number_parcel_handover": 0, "mean_number_parcel_handover": 0.0, "execution_time": 1.329895257949829}