{"completion_time": 5422.266564016443, "mean_schedule_time": 2938.6713166172885, "mean_flight_time": 2838.6713166172885, "mean_swap_time": 100.0, "mean_idle_time": 0.0, "mean_delivery_time": 3526.405579940746, "mean_schedule_distance": 19870.69921632102, "mean_schedule_energy": 1.5807900772598888, "mean_number_swaps": 1.6666666666666667, "drone_utilization": 0.8333333333333334, "execution_time": 5.044893264770508}