{"completion_time": 6128.112546629164, "mean_schedule_time": 1309.5106875606184, "mean_flight_time": 1273.5106875606184, "mean_swap_time": 36.0, "mean_idle_time": 0.0, "mean_delivery_time": 3273.776718901546, "mean_schedule_distance": 8914.574812924326, "mean_schedule_energy": 0.7084754477085584, "mean_number_swaps": 0.6, "drone_utilization": 0.4, "execution_time": 6.0481390953063965}