{"completion_time": 8436.603937063106, "mean_schedule_time": 4585.549394868847, "mean_flight_time": 4396.549394868852, "mean_swap_time": 189.0, "mean_idle_time": -4.547473508864641e-12, "mean_delivery_time": 3838.2614430314593, "mean_schedule_distance": 30775.845764081925, "mean_schedule_energy": 2.793934351516048, "mean_number_swaps": 3.15, "drone_utilization": 1.0, "execution_time": 52.43093919754028}