{"completion_time": 7681.7988069490475, "mean_schedule_time": 2223.9112686562744, "mean_flight_time": 2149.5112686562743, "mean_swap_time": 74.4, "mean_idle_time": 0.0, "mean_delivery_time": 3971.2701226004897, "mean_schedule_distance": 15046.57888059392, "mean_schedule_energy": 1.2699747408620603, "mean_number_swaps": 1.24, "drone_utilization": 0.56, "execution_time": 21.230334281921387}