{"completion_time": 5110.797712803421, "mean_schedule_time": 4773.5445184522705, "mean_flight_time": 4605.5445184522705, "mean_swap_time": 168.0, "mean_idle_time": 0.0, "mean_delivery_time": 4147.721078118492, "mean_schedule_distance": 32238.811629165895, "mean_schedule_energy": 2.5165071023810284, "mean_number_swaps": 2.8, "drone_utilization": 1.0, "execution_time": 23.822696447372437}