{"1": [], "2": [], "3": [], "4": [], "5": [], "6": [{"x": 1, "y": 3, "a": 1, "tau": 802.2192113594652}], "7": [], "8": [], "9": [{"x": 10, "y": 2, "a": 2, "tau": 1762.2623219598481}], "10": [{"x": 2, "y": 11, "a": 2, "tau": 2624.7430976616547}]}