{"completion_time": 5770.926472517765, "mean_schedule_time": 3913.028804633422, "mean_flight_time": 3354.3435392087067, "mean_swap_time": 120.0, "mean_idle_time": 438.68526542471545, "mean_delivery_time": 3921.138472754787, "mean_schedule_distance": 23480.404774460956, "mean_schedule_energy": 2.010030775977066, "mean_number_swaps": 2.0, "drone_utilization": 0.9375, "total_number_parcel_handover": 6, "mean_number_parcel_handover": 0.4, "execution_time": 161.14909863471985}