{"completion_time": 8988.262764986728, "mean_schedule_time": 3758.5152154564466, "mean_flight_time": 2651.215875566504, "mean_swap_time": 90.0, "mean_idle_time": 1017.2993398899425, "mean_delivery_time": 4652.9842404533165, "mean_schedule_distance": 18558.51112896553, "mean_schedule_energy": 1.6137811763079366, "mean_number_swaps": 1.5, "drone_utilization": 0.8, "execution_time": 449.60365629196167}