{"completion_time": 15878.48851841454, "mean_schedule_time": 15542.191665402392, "mean_flight_time": 14867.191665402392, "mean_swap_time": 675.0, "mean_idle_time": 0.0, "mean_delivery_time": 7475.807358150295, "mean_schedule_distance": 104070.34165781668, "mean_schedule_energy": 8.518196212286272, "mean_number_swaps": 11.25, "drone_utilization": 1.0, "total_number_parcel_handover": 0, "mean_number_parcel_handover": 0.0, "execution_time": 50.13553810119629}