{"completion_time": 6418.073961110349, "mean_schedule_time": 4641.501671903733, "mean_flight_time": 4264.855015460458, "mean_swap_time": 165.0, "mean_idle_time": 211.64665644327488, "mean_delivery_time": 3971.7122698004778, "mean_schedule_distance": 29853.9851082232, "mean_schedule_energy": 2.478227849307743, "mean_number_swaps": 2.75, "drone_utilization": 1.0, "total_number_parcel_handover": 4, "mean_number_parcel_handover": 0.26666666666666666, "execution_time": 56.520042181015015}