{"completion_time": 6163.651932402115, "mean_schedule_time": 3307.338115585781, "mean_flight_time": 3193.3381155857805, "mean_swap_time": 114.0, "mean_idle_time": 4.547473508864641e-13, "mean_delivery_time": 3406.7361759322134, "mean_schedule_distance": 22353.366809100462, "mean_schedule_energy": 1.9250656967775435, "mean_number_swaps": 1.9, "drone_utilization": 0.95, "execution_time": 34.023231744766235}