{"completion_time": 9761.575003055103, "mean_schedule_time": 9604.087243635056, "mean_flight_time": 8820.995958902116, "mean_swap_time": 360.0, "mean_idle_time": 423.09128473294004, "mean_delivery_time": 6296.600994798566, "mean_schedule_distance": 61746.9717123148, "mean_schedule_energy": 5.139834386814046, "mean_number_swaps": 6.0, "drone_utilization": 1.0, "execution_time": 125.56623363494873}