{"completion_time": 1697.7927985195142, "execution_time": 0.01979660987854004}