{"completion_time": 9065.64420662852, "mean_schedule_time": 5287.179244590909, "mean_flight_time": 3969.1199396796337, "mean_swap_time": 150.0, "mean_idle_time": 1168.059304911275, "mean_delivery_time": 5815.897169049999, "mean_schedule_distance": 27783.839577757448, "mean_schedule_energy": 2.385353532339235, "mean_number_swaps": 2.5, "drone_utilization": 0.9090909090909091, "execution_time": 509.46451210975647}