{"completion_time": 1816.7714563605691, "mean_delivery_time": 1741.1996516330296, "total_distance": 46233.59024572484, "consumed_energy": 3.376154752745176, "execution_time": 0.0010411739349365234}