{"completion_time": 374.38959206370066, "execution_time": 0.0003025531768798828}