{"completion_time": 374.38959206370066, "execution_time": 0.0002696514129638672}