{"completion_time": 2050.1191703257473, "mean_delivery_time": 1665.0231523128173, "total_distance": 121270.85320625787, "consumed_energy": 9.660605139869842, "execution_time": 13.202499389648438}