{"completion_time": 4100.238340651495, "mean_schedule_time": 1075.6395829007486, "mean_flight_time": 866.2203800446993, "mean_swap_time": 18.0, "mean_idle_time": 191.4192028560493, "mean_delivery_time": 3097.8191032996183, "mean_schedule_distance": 6063.5426603128935, "mean_schedule_energy": 0.483030256993492, "mean_number_swaps": 0.3, "drone_utilization": 0.4, "execution_time": 11.1986825466156}