{"completion_time": 2958.236389462357, "mean_delivery_time": 2207.004281294348, "total_distance": 153411.725108302, "consumed_energy": 13.382731953410397, "execution_time": 60.7615852355957}