{"completion_time": 7379.662456107746, "mean_schedule_time": 6326.984516175324, "mean_flight_time": 5780.199131799128, "mean_swap_time": 216.0, "mean_idle_time": 330.7853843761959, "mean_delivery_time": 5425.889301441036, "mean_schedule_distance": 40461.39392259389, "mean_schedule_energy": 3.3567518957507807, "mean_number_swaps": 3.6, "drone_utilization": 1.0, "execution_time": 845.7913086414337}