{"completion_time": 10134.76679640737, "mean_schedule_time": 4842.235214960988, "mean_flight_time": 4680.985214960987, "mean_swap_time": 161.25, "mean_idle_time": 9.094947017729282e-13, "mean_delivery_time": 4529.883084543912, "mean_schedule_distance": 32766.89650472691, "mean_schedule_energy": 2.746839578508632, "mean_number_swaps": 2.6875, "drone_utilization": 0.9375, "total_number_parcel_handover": 0, "mean_number_parcel_handover": 0.0, "execution_time": 20.38094687461853}