{"completion_time": 4565.970175302137, "mean_schedule_time": 739.8312466930585, "mean_flight_time": 719.8312466930585, "mean_swap_time": 20.0, "mean_idle_time": 0.0, "mean_delivery_time": 2663.3924880950103, "mean_schedule_distance": 5038.818726851409, "mean_schedule_energy": 0.4038704334880717, "mean_number_swaps": 0.3333333333333333, "drone_utilization": 0.2777777777777778, "total_number_parcel_handover": 0, "mean_number_parcel_handover": 0.0, "execution_time": 2.2516932487487793}