{"completion_time": 942.323045201856, "execution_time": 0.0007464885711669922}