{"completion_time": 942.323045201856, "execution_time": 0.0006673336029052734}