{"completion_time": 7306.498384269667, "mean_schedule_time": 4025.8309675486503, "mean_flight_time": 3396.826738511923, "mean_swap_time": 126.0, "mean_idle_time": 503.00422903672734, "mean_delivery_time": 4711.518737056988, "mean_schedule_distance": 23777.787169583444, "mean_schedule_energy": 2.0579003187630596, "mean_number_swaps": 2.1, "drone_utilization": 0.85, "execution_time": 1140.382896900177}