{"completion_time": 9048.262764986728, "mean_schedule_time": 4167.986428400724, "mean_flight_time": 2762.802677396107, "mean_swap_time": 94.28571428571429, "mean_idle_time": 1310.8980367189033, "mean_delivery_time": 4710.946528728289, "mean_schedule_distance": 19339.61874177276, "mean_schedule_energy": 1.6987020736959797, "mean_number_swaps": 1.5714285714285714, "drone_utilization": 0.8571428571428571, "execution_time": 651.279844045639}