{"completion_time": 6908.550056104278, "mean_schedule_time": 3107.18205957451, "mean_flight_time": 2679.0605353058977, "mean_swap_time": 84.54545454545455, "mean_idle_time": 343.5760697231576, "mean_delivery_time": 3732.558480895043, "mean_schedule_distance": 18753.423747141278, "mean_schedule_energy": 1.527917688830045, "mean_number_swaps": 1.4090909090909092, "drone_utilization": 0.8181818181818182, "execution_time": 272.51537704467773}