{"completion_time": 4486.566732042604, "mean_schedule_time": 2373.635237693111, "mean_flight_time": 2157.5954317954847, "mean_swap_time": 76.8, "mean_idle_time": 139.23980589762596, "mean_delivery_time": 3425.1252780152936, "mean_schedule_distance": 15103.16802256839, "mean_schedule_energy": 1.3899236318150758, "mean_number_swaps": 1.28, "drone_utilization": 0.68, "execution_time": 187.02253484725952}