{"completion_time": 10049.390226870637, "mean_schedule_time": 5287.219519458785, "mean_flight_time": 5091.219519458783, "mean_swap_time": 196.0, "mean_idle_time": 1.8189894035458565e-12, "mean_delivery_time": 4449.954022929927, "mean_schedule_distance": 35638.53663621149, "mean_schedule_energy": 2.9608451057257428, "mean_number_swaps": 3.2666666666666666, "drone_utilization": 1.0, "execution_time": 17.811439275741577}