{"completion_time": 6136.559798663762, "mean_schedule_time": 4165.5069335178005, "mean_flight_time": 3447.0768155724554, "mean_swap_time": 102.0, "mean_idle_time": 616.430117945345, "mean_delivery_time": 5648.297606942884, "mean_schedule_distance": 24129.537709007192, "mean_schedule_energy": 1.7365069330979437, "mean_number_swaps": 1.7, "drone_utilization": 0.8, "execution_time": 95.84660625457764}