{"completion_time": 4828.883960046386, "mean_delivery_time": 2909.3210092314644, "total_distance": 598620.9236770995, "consumed_energy": 48.63787516431912, "execution_time": 1662.5335590839386}