{"completion_time": 10131.096425543063, "mean_schedule_time": 3260.5980565151904, "mean_flight_time": 3144.59805651519, "mean_swap_time": 116.0, "mean_idle_time": 4.547473508864641e-13, "mean_delivery_time": 3493.497917694847, "mean_schedule_distance": 22012.18639560633, "mean_schedule_energy": 1.9252626440677205, "mean_number_swaps": 1.9333333333333333, "drone_utilization": 0.9333333333333333, "execution_time": 15.115903854370117}