{"completion_time": 5569.693283232221, "execution_time": 0.43981051445007324}