{"completion_time": 17764.15649876381, "mean_schedule_time": 16782.138350688412, "mean_flight_time": 16040.23407712848, "mean_swap_time": 732.0, "mean_idle_time": 9.904273559932335, "mean_delivery_time": 8813.067547825718, "mean_schedule_distance": 112281.63853989934, "mean_schedule_energy": 9.130055161674111, "mean_number_swaps": 12.2, "drone_utilization": 1.0, "execution_time": 3513.567545890808}