{"completion_time": 4385.964284491978, "mean_schedule_time": 497.32652411788627, "mean_flight_time": 482.9265241178863, "mean_swap_time": 14.4, "mean_idle_time": 0.0, "mean_delivery_time": 3108.2907757367893, "mean_schedule_distance": 3380.4856688252034, "mean_schedule_energy": 0.3026563108296442, "mean_number_swaps": 0.24, "drone_utilization": 0.16, "execution_time": 2.2022452354431152}