{"completion_time": 11940.56628992001, "mean_delivery_time": 5843.261479927249, "total_distance": 757346.3260269946, "consumed_energy": 65.53914548788748, "execution_time": 1059.966052532196}