{"completion_time": 13964.288931111645, "mean_schedule_time": 13665.43945012411, "mean_flight_time": 13065.439450124113, "mean_swap_time": 600.0, "mean_idle_time": -3.637978807091713e-12, "mean_delivery_time": 7558.603649915372, "mean_schedule_distance": 91458.0761508688, "mean_schedule_energy": 7.701554178723162, "mean_number_swaps": 10.0, "drone_utilization": 1.0, "execution_time": 506.10817790031433}