{"completion_time": 6725.90136312237, "mean_schedule_time": 4499.9947681360745, "mean_flight_time": 4217.810090419798, "mean_swap_time": 162.0, "mean_idle_time": 120.18467771627638, "mean_delivery_time": 3984.5067916685334, "mean_schedule_distance": 29524.670632938585, "mean_schedule_energy": 2.56509844066516, "mean_number_swaps": 2.7, "drone_utilization": 1.0, "execution_time": 450.24730801582336}