{"completion_time": 7166.706326862419, "mean_schedule_time": 5273.238658210988, "mean_flight_time": 4329.592522116359, "mean_swap_time": 138.75, "mean_idle_time": 804.8961360946296, "mean_delivery_time": 4184.551793218831, "mean_schedule_distance": 30307.14765481451, "mean_schedule_energy": 2.464029168712518, "mean_number_swaps": 2.3125, "drone_utilization": 1.0, "execution_time": 554.6640894412994}