{"completion_time": 15095.978972518968, "mean_schedule_time": 14689.579489377484, "mean_flight_time": 14065.579489377484, "mean_swap_time": 624.0, "mean_idle_time": 0.0, "mean_delivery_time": 8309.865614534145, "mean_schedule_distance": 98459.05642564238, "mean_schedule_energy": 7.8915025624176405, "mean_number_swaps": 10.4, "drone_utilization": 1.0, "execution_time": 661.1512122154236}