{"completion_time": 3806.075232740598, "mean_schedule_time": 838.530424688847, "mean_flight_time": 702.8258616992865, "mean_swap_time": 15.0, "mean_idle_time": 120.70456298956049, "mean_delivery_time": 3061.7497073721293, "mean_schedule_distance": 4919.781031895005, "mean_schedule_energy": 0.4439932881291194, "mean_number_swaps": 0.25, "drone_utilization": 0.3, "execution_time": 17.031064987182617}