{"completion_time": 3186.2303885859747, "mean_delivery_time": 1949.9337583379277, "total_distance": 641197.2945611499, "consumed_energy": 54.3935724611752, "execution_time": 932.5410788059235}