{"completion_time": 2985.05229414613, "mean_delivery_time": 1604.475424018469, "total_distance": 205998.60731617504, "consumed_energy": 16.22975569656886, "execution_time": 7.295752763748169}