{"completion_time": 13258.33858770694, "mean_schedule_time": 12879.890080142595, "mean_flight_time": 12351.890080142588, "mean_swap_time": 528.0, "mean_idle_time": 7.275957614183426e-12, "mean_delivery_time": 7886.820895730117, "mean_schedule_distance": 86463.23056099827, "mean_schedule_energy": 7.2714331530489815, "mean_number_swaps": 8.8, "drone_utilization": 1.0, "execution_time": 5426.164659738541}