{"completion_time": 5977.589306410375, "mean_schedule_time": 1390.1753998356787, "mean_flight_time": 907.7133336096331, "mean_swap_time": 30.0, "mean_idle_time": 452.46206622604564, "mean_delivery_time": 3355.6227183516135, "mean_schedule_distance": 6353.9933352674325, "mean_schedule_energy": 0.5710887357601216, "mean_number_swaps": 0.5, "drone_utilization": 0.4, "execution_time": 13.561079740524292}