{"completion_time": 11486.479091474603, "mean_schedule_time": 10942.481150969988, "mean_flight_time": 9857.248566866192, "mean_swap_time": 420.0, "mean_idle_time": 665.2325841037964, "mean_delivery_time": 6848.0690626675905, "mean_schedule_distance": 69000.73996806334, "mean_schedule_energy": 5.815518987059226, "mean_number_swaps": 7.0, "drone_utilization": 1.0, "execution_time": 9270.45795583725}