{"completion_time": 4677.62663977939, "mean_delivery_time": 3057.938601671739, "total_distance": 549403.2332213476, "consumed_energy": 46.34761054327996, "execution_time": 4236.9132697582245}