{"completion_time": 1223.9325700370496, "execution_time": 0.00749516487121582}