{"completion_time": 898.3461676953193, "execution_time": 0.012030601501464844}