{"completion_time": 3231.8259662010573, "mean_delivery_time": 1749.4544810992525, "total_distance": 352342.075317732, "consumed_energy": 30.524613725336124, "execution_time": 21.829856395721436}