{"completion_time": 3166.3714482133705, "mean_delivery_time": 2136.4498790628686, "total_distance": 723775.312179796, "consumed_energy": 59.49331873416651, "execution_time": 11764.019555807114}