{"completion_time": 5595.235259517608, "mean_schedule_time": 3549.006029909262, "mean_flight_time": 2809.0944739836145, "mean_swap_time": 71.25, "mean_idle_time": 668.6615559256475, "mean_delivery_time": 4085.4663152820285, "mean_schedule_distance": 19663.661317885304, "mean_schedule_energy": 1.505442753866945, "mean_number_swaps": 1.1875, "drone_utilization": 0.875, "total_number_parcel_handover": 9, "mean_number_parcel_handover": 0.9, "execution_time": 433.5689392089844}