{"completion_time": 3120.268056112104, "mean_delivery_time": 2405.4700678224767, "total_distance": 317685.90221087256, "consumed_energy": 25.585053986279718, "execution_time": 78.87476253509521}