{"completion_time": 4951.307939423916, "mean_schedule_time": 3860.0573263723645, "mean_flight_time": 3607.5637447821573, "mean_swap_time": 120.0, "mean_idle_time": 132.4935815902072, "mean_delivery_time": 3696.1963863895485, "mean_schedule_distance": 25252.946213475094, "mean_schedule_energy": 2.028901783980159, "mean_number_swaps": 2.0, "drone_utilization": 1.0, "execution_time": 591.9641923904419}