{"completion_time": 1137.2461098631986, "execution_time": 0.0005502700805664062}