{"completion_time": 9065.64420662852, "mean_schedule_time": 6832.3204351459035, "mean_flight_time": 5527.47927658271, "mean_swap_time": 222.0, "mean_idle_time": 1082.8411585631939, "mean_delivery_time": 5856.038410426206, "mean_schedule_distance": 38692.354936078984, "mean_schedule_energy": 3.259045733074717, "mean_number_swaps": 3.7, "drone_utilization": 1.0, "execution_time": 897.141523361206}