{"completion_time": 5425.566649791343, "mean_schedule_time": 2991.3987170188507, "mean_flight_time": 2489.1357843268343, "mean_swap_time": 75.0, "mean_idle_time": 427.2629326920164, "mean_delivery_time": 3395.7270437200764, "mean_schedule_distance": 17423.950490287843, "mean_schedule_energy": 1.590948074198132, "mean_number_swaps": 1.25, "drone_utilization": 0.9166666666666666, "total_number_parcel_handover": 5, "mean_number_parcel_handover": 0.5, "execution_time": 38.00580668449402}