{"completion_time": 2728.879903597102, "mean_schedule_time": 594.7025364641137, "mean_flight_time": 574.7025364641137, "mean_swap_time": 20.0, "mean_idle_time": 0.0, "mean_delivery_time": 2230.134511740426, "mean_schedule_distance": 4022.9177552487954, "mean_schedule_energy": 0.3277106404875527, "mean_number_swaps": 0.3333333333333333, "drone_utilization": 0.26666666666666666, "execution_time": 1.4076433181762695}