{"completion_time": 5104.835923327337, "mean_schedule_time": 4117.158071731003, "mean_flight_time": 3734.3536752052482, "mean_swap_time": 120.0, "mean_idle_time": 262.8043965257543, "mean_delivery_time": 3981.9289940201334, "mean_schedule_distance": 26140.47572643673, "mean_schedule_energy": 1.989813839986164, "mean_number_swaps": 2.0, "drone_utilization": 1.0, "execution_time": 23.92250633239746}