{"completion_time": 10763.908439939543, "mean_schedule_time": 4986.45509760571, "mean_flight_time": 4806.455097605708, "mean_swap_time": 180.0, "mean_idle_time": 1.8189894035458565e-12, "mean_delivery_time": 4356.507440639709, "mean_schedule_distance": 33645.18568323998, "mean_schedule_energy": 2.7937579134916493, "mean_number_swaps": 3.0, "drone_utilization": 1.0, "total_number_parcel_handover": 0, "mean_number_parcel_handover": 0.0, "execution_time": 19.49984097480774}