{"completion_time": 7327.586021233079, "mean_schedule_time": 6596.259179018288, "mean_flight_time": 6285.827812285398, "mean_swap_time": 245.0, "mean_idle_time": 65.43136673288973, "mean_delivery_time": 4318.087225934097, "mean_schedule_distance": 44000.79468599777, "mean_schedule_energy": 3.7124338620438486, "mean_number_swaps": 4.083333333333333, "drone_utilization": 1.0, "total_number_parcel_handover": 5, "mean_number_parcel_handover": 0.2, "execution_time": 585.2257812023163}