{"completion_time": 2988.069099193134, "execution_time": 5.344667196273804}