{"completion_time": 10585.003079675125, "mean_schedule_time": 10197.446632532346, "mean_flight_time": 9401.97709256074, "mean_swap_time": 396.0, "mean_idle_time": 399.4695399716056, "mean_delivery_time": 6904.847073984823, "mean_schedule_distance": 65813.83964792514, "mean_schedule_energy": 5.435579684741774, "mean_number_swaps": 6.6, "drone_utilization": 1.0, "total_number_parcel_handover": 11, "mean_number_parcel_handover": 0.55, "execution_time": 9256.365331888199}