{"completion_time": 2417.540005614375, "mean_delivery_time": 1506.9751359321072, "total_distance": 159541.21522439603, "consumed_energy": 13.738658841310667, "execution_time": 7.9814043045043945}