{"completion_time": 4715.08001122875, "mean_schedule_time": 1172.5801087456857, "mean_flight_time": 1139.5801087456857, "mean_swap_time": 33.0, "mean_idle_time": 0.0, "mean_delivery_time": 2931.4502718642143, "mean_schedule_distance": 7977.060761219802, "mean_schedule_energy": 0.6869329420655333, "mean_number_swaps": 0.55, "drone_utilization": 0.4, "execution_time": 5.930034637451172}