{"completion_time": 11040.170782148349, "mean_schedule_time": 10724.990565080983, "mean_flight_time": 10262.98596408938, "mean_swap_time": 435.0, "mean_idle_time": 27.004600991604093, "mean_delivery_time": 6539.463327213859, "mean_schedule_distance": 71840.90174862566, "mean_schedule_energy": 5.5686475699021445, "mean_number_swaps": 7.25, "drone_utilization": 1.0, "execution_time": 28.688115119934082}