{"completion_time": 6334.418083276423, "mean_schedule_time": 5701.962716491505, "mean_flight_time": 5373.641137484257, "mean_swap_time": 234.0, "mean_idle_time": 94.32157900724724, "mean_delivery_time": 4631.262203335912, "mean_schedule_distance": 37615.48796238979, "mean_schedule_energy": 3.340165596237237, "mean_number_swaps": 3.9, "drone_utilization": 1.0, "execution_time": 2313.3805725574493}