{"completion_time": 7463.899535234791, "mean_schedule_time": 1584.3922879228935, "mean_flight_time": 1532.3922879228935, "mean_swap_time": 52.0, "mean_idle_time": 0.0, "mean_delivery_time": 3960.980719807234, "mean_schedule_distance": 10726.746015460254, "mean_schedule_energy": 0.9326946210264744, "mean_number_swaps": 0.8666666666666667, "drone_utilization": 0.4, "execution_time": 2.458880662918091}