{"completion_time": 4357.6457307103665, "mean_schedule_time": 2367.9927539467194, "mean_flight_time": 2132.2918597056128, "mean_swap_time": 62.142857142857146, "mean_idle_time": 173.55803709824932, "mean_delivery_time": 3057.556821591629, "mean_schedule_distance": 14926.043017939282, "mean_schedule_energy": 1.251493091275012, "mean_number_swaps": 1.0357142857142858, "drone_utilization": 0.75, "execution_time": 311.2774724960327}