{"completion_time": 2172.052285732069, "mean_delivery_time": 1611.480895078906, "total_distance": 106923.66265552341, "consumed_energy": 9.589101018003795, "execution_time": 4.322834014892578}