{"completion_time": 6277.657356370107, "mean_schedule_time": 3348.5228249393454, "mean_flight_time": 2967.78552158086, "mean_swap_time": 100.0, "mean_idle_time": 280.7373033584854, "mean_delivery_time": 3717.03753607138, "mean_schedule_distance": 20774.498651066013, "mean_schedule_energy": 1.8016470985351594, "mean_number_swaps": 1.6666666666666667, "drone_utilization": 0.8666666666666667, "total_number_parcel_handover": 6, "mean_number_parcel_handover": 0.24, "execution_time": 1523.1867899894714}