{"completion_time": 4645.967424995912, "mean_delivery_time": 2127.1056784860457, "total_distance": 577058.0811763041, "consumed_energy": 46.50767414930763, "execution_time": 50.84992742538452}