{"completion_time": 8931.934849991821, "mean_schedule_time": 5691.791249298135, "mean_flight_time": 5495.791249298136, "mean_swap_time": 196.0, "mean_idle_time": -9.094947017729282e-13, "mean_delivery_time": 4124.980587741322, "mean_schedule_distance": 38470.538745086946, "mean_schedule_energy": 3.100511609953842, "mean_number_swaps": 3.2666666666666666, "drone_utilization": 1.0, "execution_time": 53.89406991004944}