{"completion_time": 7667.032769324585, "mean_schedule_time": 2589.420084824763, "mean_flight_time": 2496.4200848247638, "mean_swap_time": 93.0, "mean_idle_time": -9.094947017729282e-13, "mean_delivery_time": 3620.3555695041773, "mean_schedule_distance": 17474.940593773346, "mean_schedule_energy": 1.5309703771093646, "mean_number_swaps": 1.55, "drone_utilization": 0.7, "total_number_parcel_handover": 0, "mean_number_parcel_handover": 0.0, "execution_time": 23.21429181098938}