{"completion_time": 7797.022011179077, "mean_schedule_time": 6032.418167387955, "mean_flight_time": 4881.476441055762, "mean_swap_time": 189.0, "mean_idle_time": 961.941726332193, "mean_delivery_time": 5657.444767035652, "mean_schedule_distance": 34170.33508739033, "mean_schedule_energy": 2.866150006863514, "mean_number_swaps": 3.15, "drone_utilization": 0.95, "execution_time": 905.0394198894501}