{"completion_time": 5243.69076133085, "mean_schedule_time": 2833.120587556402, "mean_flight_time": 2649.3534287549505, "mean_swap_time": 84.0, "mean_idle_time": 99.76715880145139, "mean_delivery_time": 4356.094849204734, "mean_schedule_distance": 18545.47400128465, "mean_schedule_energy": 1.528211841914993, "mean_number_swaps": 1.4, "drone_utilization": 0.7, "execution_time": 10.896621227264404}