{"completion_time": 5147.463123642941, "mean_schedule_time": 683.0976419552488, "mean_flight_time": 663.0976419552488, "mean_swap_time": 20.0, "mean_idle_time": 0.0, "mean_delivery_time": 3278.868681385194, "mean_schedule_distance": 4641.683493686741, "mean_schedule_energy": 0.354514203445633, "mean_number_swaps": 0.3333333333333333, "drone_utilization": 0.20833333333333334, "execution_time": 3.3806252479553223}