{"completion_time": 1470.9626381747219, "mean_delivery_time": 1058.5292911110705, "total_distance": 101632.91256294564, "consumed_energy": 8.00211244607215, "execution_time": 17.355133295059204}