{"completion_time": 2001.1044196017733, "mean_delivery_time": 1693.8335783773327, "total_distance": 129648.0300172416, "consumed_energy": 10.743359289349804, "execution_time": 31.28015947341919}