{"completion_time": 5703.958752647981, "mean_schedule_time": 2354.145901567898, "mean_flight_time": 2279.7459015678974, "mean_swap_time": 74.4, "mean_idle_time": 4.547473508864641e-13, "mean_delivery_time": 2755.2261363862744, "mean_schedule_distance": 15958.221310975281, "mean_schedule_energy": 1.368373858639902, "mean_number_swaps": 1.24, "drone_utilization": 0.8, "execution_time": 44.025601387023926}