{"completion_time": 4611.533926022815, "mean_schedule_time": 2241.127054238154, "mean_flight_time": 2007.262657942285, "mean_swap_time": 70.0, "mean_idle_time": 163.86439629586903, "mean_delivery_time": 3251.0423662073654, "mean_schedule_distance": 14050.838605595993, "mean_schedule_energy": 1.2743453693483664, "mean_number_swaps": 1.1666666666666667, "drone_utilization": 0.7083333333333334, "total_number_parcel_handover": 6, "mean_number_parcel_handover": 0.4, "execution_time": 113.9441466331482}