{"completion_time": 3030.019215485895, "mean_schedule_time": 1009.8581700695003, "mean_flight_time": 975.5724557837859, "mean_swap_time": 34.285714285714285, "mean_idle_time": 0.0, "mean_delivery_time": 2827.602876194601, "mean_schedule_distance": 6829.007190486503, "mean_schedule_energy": 0.5770850173599994, "mean_number_swaps": 0.5714285714285714, "drone_utilization": 0.35714285714285715, "execution_time": 18.243927717208862}