{"completion_time": 7861.948570006407, "mean_schedule_time": 2699.7812091506803, "mean_flight_time": 2615.7812091506808, "mean_swap_time": 84.0, "mean_idle_time": -4.547473508864641e-13, "mean_delivery_time": 3374.7265114383504, "mean_schedule_distance": 18310.46846405476, "mean_schedule_energy": 1.4306302191144582, "mean_number_swaps": 1.4, "drone_utilization": 0.8, "execution_time": 7.935479402542114}