{"completion_time": 6457.091060617488, "mean_schedule_time": 3233.6873872462374, "mean_flight_time": 2639.599845277493, "mean_swap_time": 90.0, "mean_idle_time": 504.0875419687445, "mean_delivery_time": 3682.6915866895406, "mean_schedule_distance": 18477.198916942445, "mean_schedule_energy": 1.5746522100767328, "mean_number_swaps": 1.5, "drone_utilization": 0.8, "total_number_parcel_handover": 11, "mean_number_parcel_handover": 0.44, "execution_time": 1042.7802503108978}