{"completion_time": 5425.566649791343, "mean_schedule_time": 2607.5165201735135, "mean_flight_time": 2189.7061740198997, "mean_swap_time": 72.0, "mean_idle_time": 345.81034615361386, "mean_delivery_time": 3795.601500902577, "mean_schedule_distance": 15327.943218139295, "mean_schedule_energy": 1.3349573689762038, "mean_number_swaps": 1.2, "drone_utilization": 0.6666666666666666, "execution_time": 87.58737516403198}