{"completion_time": 2983.8126569136302, "mean_delivery_time": 1921.8946860995973, "total_distance": 601618.3444619235, "consumed_energy": 48.07016606064355, "execution_time": 185.20017910003662}