{"completion_time": 3186.2303885859747, "mean_delivery_time": 2400.1051256524884, "total_distance": 784117.0632361209, "consumed_energy": 67.72739150375266, "execution_time": 7672.987207174301}