{"completion_time": 6252.460777171949, "mean_schedule_time": 4941.668877809122, "mean_flight_time": 4409.299208867161, "mean_swap_time": 163.2, "mean_idle_time": 369.1696689419614, "mean_delivery_time": 4622.6965560426615, "mean_schedule_distance": 30865.094462070127, "mean_schedule_energy": 2.669067006325311, "mean_number_swaps": 2.72, "drone_utilization": 1.0, "execution_time": 13530.175717830658}