{"completion_time": 14691.95124130072, "mean_schedule_time": 10173.700489761672, "mean_flight_time": 9746.200489761672, "mean_swap_time": 427.5, "mean_idle_time": 0.0, "mean_delivery_time": 6477.954293123417, "mean_schedule_distance": 68223.40342833169, "mean_schedule_energy": 5.674497256705388, "mean_number_swaps": 7.125, "drone_utilization": 1.0, "total_number_parcel_handover": 0, "mean_number_parcel_handover": 0.0, "execution_time": 13.514704704284668}