{"completion_time": 20726.02045946157, "mean_schedule_time": 15253.652229700245, "mean_flight_time": 14603.652229700247, "mean_swap_time": 650.0, "mean_idle_time": -1.8189894035458565e-12, "mean_delivery_time": 7728.6957607934355, "mean_schedule_distance": 102225.5656079018, "mean_schedule_energy": 8.24797296804805, "mean_number_swaps": 10.833333333333334, "drone_utilization": 1.0, "execution_time": 16.722005605697632}