{"completion_time": 2112.052285732069, "mean_delivery_time": 1478.643043986097, "total_distance": 204102.05709738808, "consumed_energy": 17.24495974287213, "execution_time": 19.80284357070923}