{"completion_time": 4892.118331282565, "mean_schedule_time": 3413.8285274090017, "mean_flight_time": 3301.8285274090013, "mean_swap_time": 112.0, "mean_idle_time": 4.547473508864641e-13, "mean_delivery_time": 3182.5486105115665, "mean_schedule_distance": 23112.799691863012, "mean_schedule_energy": 1.955867432062905, "mean_number_swaps": 1.8666666666666667, "drone_utilization": 0.9333333333333333, "execution_time": 66.88990902900696}