{"completion_time": 3190.578447325696, "mean_delivery_time": 2152.3323521028897, "total_distance": 586484.2404501983, "consumed_energy": 51.562131534154815, "execution_time": 88.07863426208496}