{"completion_time": 22044.687461040692, "mean_schedule_time": 21727.05405800607, "mean_flight_time": 20767.05405800607, "mean_swap_time": 960.0, "mean_idle_time": 0.0, "mean_delivery_time": 10290.760769381446, "mean_schedule_distance": 145369.3784060425, "mean_schedule_energy": 11.799388147904327, "mean_number_swaps": 16.0, "drone_utilization": 1.0, "execution_time": 378.1379864215851}