{"completion_time": 5119.682479731215, "mean_schedule_time": 2354.666862970399, "mean_flight_time": 2139.543020611693, "mean_swap_time": 75.0, "mean_idle_time": 140.12384235870604, "mean_delivery_time": 3239.365492037914, "mean_schedule_distance": 14976.801144281855, "mean_schedule_energy": 1.3018991678778953, "mean_number_swaps": 1.25, "drone_utilization": 0.6785714285714286, "execution_time": 131.6485207080841}