{"completion_time": 8157.501483021082, "mean_schedule_time": 3273.038706865131, "mean_flight_time": 3168.03870686513, "mean_swap_time": 105.0, "mean_idle_time": 1.3642420526593924e-12, "mean_delivery_time": 3316.9135563817954, "mean_schedule_distance": 22176.27094805591, "mean_schedule_energy": 1.7977267717638146, "mean_number_swaps": 1.75, "drone_utilization": 0.95, "execution_time": 22.48212695121765}