{"completion_time": 3818.7856868554154, "mean_delivery_time": 2337.0027001541243, "total_distance": 612921.9928546565, "consumed_energy": 49.3899933855584, "execution_time": 4709.823735237122}