{"completion_time": 6352.043033213702, "mean_delivery_time": 3595.7169887667665, "total_distance": 396659.25184657256, "consumed_energy": 31.344930928128804, "execution_time": 59.46048402786255}