{"completion_time": 6770.795823019456, "mean_delivery_time": 3650.6763642227806, "total_distance": 678291.3224122091, "consumed_energy": 55.743313105144765, "execution_time": 365.21207213401794}