{"completion_time": 7945.750102542546, "mean_schedule_time": 2572.5504295307646, "mean_flight_time": 2490.050429530765, "mean_swap_time": 82.5, "mean_idle_time": -4.547473508864641e-13, "mean_delivery_time": 4116.080687249223, "mean_schedule_distance": 17430.353006715348, "mean_schedule_energy": 1.4359838433447438, "mean_number_swaps": 1.375, "drone_utilization": 0.625, "execution_time": 8.519710779190063}