{"completion_time": 23969.369501641955, "mean_delivery_time": 9712.418675515632, "total_distance": 572504.1785245877, "consumed_energy": 47.060619401536115, "execution_time": 4.550584316253662}