{"completion_time": 45958.73900328391, "mean_schedule_time": 42753.15560889915, "mean_flight_time": 40893.155608899135, "mean_swap_time": 1860.0, "mean_idle_time": 1.4551915228366852e-11, "mean_delivery_time": 18625.637351031262, "mean_schedule_distance": 286252.0892622938, "mean_schedule_energy": 23.530309700768058, "mean_number_swaps": 31.0, "drone_utilization": 1.0, "total_number_parcel_handover": 0, "mean_number_parcel_handover": 0.0, "execution_time": 5.806196689605713}