{"completion_time": 4116.177080320609, "mean_schedule_time": 675.1147104727365, "mean_flight_time": 579.0735758018615, "mean_swap_time": 13.333333333333334, "mean_idle_time": 82.7078013375417, "mean_delivery_time": 2430.4129577018516, "mean_schedule_distance": 4053.515030613031, "mean_schedule_energy": 0.32416953405255927, "mean_number_swaps": 0.2222222222222222, "drone_utilization": 0.2777777777777778, "execution_time": 4.133547067642212}