{"completion_time": 2859.2276945470835, "mean_schedule_time": 419.6078370774303, "mean_flight_time": 410.6078370774304, "mean_swap_time": 9.0, "mean_idle_time": -1.1368683772161603e-13, "mean_delivery_time": 1678.4313483097212, "mean_schedule_distance": 2874.2548595420126, "mean_schedule_energy": 0.2422889707679638, "mean_number_swaps": 0.15, "drone_utilization": 0.25, "execution_time": 3.0509705543518066}