{"completion_time": 5145.584428208684, "mean_schedule_time": 1383.1369419017362, "mean_flight_time": 1110.290899065894, "mean_swap_time": 32.0, "mean_idle_time": 240.84604283584213, "mean_delivery_time": 3485.8989113411617, "mean_schedule_distance": 7772.036293461258, "mean_schedule_energy": 0.6038170070378425, "mean_number_swaps": 0.5333333333333333, "drone_utilization": 0.4, "execution_time": 34.30727767944336}