{"completion_time": 5008.036412597488, "mean_delivery_time": 3424.4840904099706, "total_distance": 294364.92371933814, "consumed_energy": 25.18963786105493, "execution_time": 169.63347506523132}