{"completion_time": 14978.376917370797, "mean_schedule_time": 13661.171149042824, "mean_flight_time": 12633.477686084305, "mean_swap_time": 540.0, "mean_idle_time": 487.6934629585194, "mean_delivery_time": 8241.01843326407, "mean_schedule_distance": 88434.34380259008, "mean_schedule_energy": 7.226492762886252, "mean_number_swaps": 9.0, "drone_utilization": 1.0, "execution_time": 1617.7797811031342}