{"completion_time": 4434.156771804219, "mean_schedule_time": 2460.7177118891836, "mean_flight_time": 2388.7177118891836, "mean_swap_time": 72.0, "mean_idle_time": 0.0, "mean_delivery_time": 2460.7177118891836, "mean_schedule_distance": 16721.023983224284, "mean_schedule_energy": 1.5301566044164845, "mean_number_swaps": 1.2, "drone_utilization": 1.0, "total_number_parcel_handover": 0, "mean_number_parcel_handover": 0.0, "execution_time": 6.095293998718262}