{"completion_time": 2001.1044196017733, "mean_delivery_time": 1390.1914755751236, "total_distance": 204866.90995610907, "consumed_energy": 16.380207103480352, "execution_time": 355.2142207622528}