{"completion_time": 3942.2088392035466, "mean_schedule_time": 1181.6075975376755, "mean_flight_time": 1045.2393365107607, "mean_swap_time": 25.714285714285715, "mean_idle_time": 110.65397531262897, "mean_delivery_time": 2726.382951150247, "mean_schedule_distance": 7316.675355575324, "mean_schedule_energy": 0.5850073965528697, "mean_number_swaps": 0.42857142857142855, "drone_utilization": 0.42857142857142855, "execution_time": 335.8948290348053}