{"completion_time": 4135.9420096211015, "execution_time": 0.1774733066558838}