{"completion_time": 12789.538601484699, "mean_schedule_time": 12013.251915748258, "mean_flight_time": 11290.869923495993, "mean_swap_time": 502.5, "mean_idle_time": 219.88199225226526, "mean_delivery_time": 7232.419647113211, "mean_schedule_distance": 79036.08946447188, "mean_schedule_energy": 6.6791504709078495, "mean_number_swaps": 8.375, "drone_utilization": 1.0, "execution_time": 546.7481606006622}