{"completion_time": 6604.7693007423495, "mean_delivery_time": 3753.009823556605, "total_distance": 632288.715715775, "consumed_energy": 53.433203767262796, "execution_time": 431.84524965286255}