{"completion_time": 2024.6073056200212, "execution_time": 5.930346727371216}