{"completion_time": 4891.307939423916, "mean_schedule_time": 1995.9676614273953, "mean_flight_time": 1676.4092512290106, "mean_swap_time": 53.07692307692308, "mean_idle_time": 266.48148712146167, "mean_delivery_time": 3186.060788909842, "mean_schedule_distance": 11734.864758603071, "mean_schedule_energy": 0.9861120909012097, "mean_number_swaps": 0.8846153846153846, "drone_utilization": 0.6153846153846154, "execution_time": 303.7687635421753}