{"1": [{"x": 4, "y": 2, "a": 1, "tau": 486.6097283895072}], "2": [{"x": 3, "y": 8, "a": 4, "tau": 361.90431686342765}], "3": [{"x": 3, "y": 2, "a": 0, "tau": 411.02666591398264}, {"x": 2, "y": 2, "a": -1, "tau": 471.02666591398264}, {"x": 2, "y": 8, "a": 2, "tau": 1243.016405124294}], "4": [], "5": [{"x": 6, "y": 4, "a": 3, "tau": 606.2292818863098}], "6": [{"x": 4, "y": 2, "a": 2, "tau": 486.6097283895072}]}