{"completion_time": 17705.300969835993, "mean_schedule_time": 17220.815495034214, "mean_flight_time": 16414.914163749552, "mean_swap_time": 710.0, "mean_idle_time": 95.90133128466186, "mean_delivery_time": 9034.184796148156, "mean_schedule_distance": 114904.39914624684, "mean_schedule_energy": 9.131741937588155, "mean_number_swaps": 11.833333333333334, "drone_utilization": 1.0, "execution_time": 524.4121282100677}