{"completion_time": 9533.567470501028, "mean_schedule_time": 8265.346832011808, "mean_flight_time": 7947.346832011812, "mean_swap_time": 318.0, "mean_idle_time": -3.637978807091713e-12, "mean_delivery_time": 5474.6164708086135, "mean_schedule_distance": 55631.42782408265, "mean_schedule_energy": 4.4178757725003575, "mean_number_swaps": 5.3, "drone_utilization": 1.0, "total_number_parcel_handover": 1, "mean_number_parcel_handover": 0.04, "execution_time": 105.64466333389282}