{"completion_time": 4918.942816581472, "mean_schedule_time": 2525.6251218447555, "mean_flight_time": 2144.8774674646947, "mean_swap_time": 62.4, "mean_idle_time": 318.3476543800607, "mean_delivery_time": 3362.6082863500737, "mean_schedule_distance": 15014.142272252862, "mean_schedule_energy": 1.2551632921813962, "mean_number_swaps": 1.04, "drone_utilization": 0.76, "execution_time": 663.3465368747711}