{"completion_time": 7767.567910396114, "mean_schedule_time": 2489.642022548207, "mean_flight_time": 2409.6420225482075, "mean_swap_time": 80.0, "mean_idle_time": -4.547473508864641e-13, "mean_delivery_time": 2987.5704270578485, "mean_schedule_distance": 16867.49415783745, "mean_schedule_energy": 1.461650941937725, "mean_number_swaps": 1.3333333333333333, "drone_utilization": 0.8333333333333334, "execution_time": 20.19345736503601}