{"completion_time": 4063.783955198057, "mean_delivery_time": 1730.698404353987, "total_distance": 111908.8883047791, "consumed_energy": 10.313186924510616, "execution_time": 3.05938982963562}