{"completion_time": 6732.864280566006, "mean_schedule_time": 5354.271495994245, "mean_flight_time": 4470.03771492698, "mean_swap_time": 150.0, "mean_idle_time": 734.2337810672652, "mean_delivery_time": 5262.725969135254, "mean_schedule_distance": 31290.264004488854, "mean_schedule_energy": 2.5954064233589595, "mean_number_swaps": 2.5, "drone_utilization": 1.0, "execution_time": 13.035523414611816}