{"completion_time": 8988.262764986728, "mean_schedule_time": 4214.814301657723, "mean_flight_time": 2646.4454637675176, "mean_swap_time": 86.25, "mean_idle_time": 1482.1188378902057, "mean_delivery_time": 5173.471645787973, "mean_schedule_distance": 18525.118246372625, "mean_schedule_energy": 1.6213248175824493, "mean_number_swaps": 1.4375, "drone_utilization": 0.8125, "total_number_parcel_handover": 8, "mean_number_parcel_handover": 0.8, "execution_time": 80.69395518302917}