{"completion_time": 575.2249551740424, "execution_time": 0.012115001678466797}