{"completion_time": 6648.981718052323, "mean_schedule_time": 5445.252715411689, "mean_flight_time": 5063.1084429374205, "mean_swap_time": 192.0, "mean_idle_time": 190.1442724742683, "mean_delivery_time": 4774.60574790455, "mean_schedule_distance": 35441.759100561954, "mean_schedule_energy": 2.9134167674381586, "mean_number_swaps": 3.2, "drone_utilization": 1.0, "execution_time": 4264.447407007217}