{"completion_time": 3365.779603645778, "mean_delivery_time": 2383.5244724590443, "total_distance": 676156.320657796, "consumed_energy": 56.092452835725034, "execution_time": 1690.2484719753265}