{"completion_time": 4523.5711781433765, "mean_schedule_time": 2842.7853798101555, "mean_flight_time": 2682.113125700366, "mean_swap_time": 90.0, "mean_idle_time": 70.67225410978972, "mean_delivery_time": 3878.965878392469, "mean_schedule_distance": 18774.79187990257, "mean_schedule_energy": 1.5958579960001553, "mean_number_swaps": 1.5, "drone_utilization": 0.7142857142857143, "execution_time": 131.56119680404663}