{"completion_time": 5311.994994681943, "mean_schedule_time": 2455.8451144271644, "mean_flight_time": 2173.8637587748863, "mean_swap_time": 57.0, "mean_idle_time": 224.98135565227813, "mean_delivery_time": 3546.2602154544584, "mean_schedule_distance": 15217.046311424207, "mean_schedule_energy": 1.1985389751217528, "mean_number_swaps": 0.95, "drone_utilization": 0.7, "execution_time": 409.80385756492615}