{"completion_time": 23614.456084380334, "mean_schedule_time": 23541.703964434644, "mean_flight_time": 22491.70396443464, "mean_swap_time": 1050.0, "mean_idle_time": 3.637978807091713e-12, "mean_delivery_time": 11233.46377023389, "mean_schedule_distance": 157441.92775104239, "mean_schedule_energy": 12.833182370659435, "mean_number_swaps": 17.5, "drone_utilization": 1.0, "execution_time": 557.0207681655884}