{"completion_time": 7990.855511802403, "mean_delivery_time": 3171.271708042965, "total_distance": 599982.2184071841, "consumed_energy": 48.91710003404605, "execution_time": 17.89451766014099}