{"completion_time": 9619.636560423665, "mean_delivery_time": 4818.847678599205, "total_distance": 601293.2041327372, "consumed_energy": 50.48883543028072, "execution_time": 263.5775239467621}