{"completion_time": 8288.568284522884, "mean_schedule_time": 4668.942117000767, "mean_flight_time": 4488.942117000765, "mean_swap_time": 180.0, "mean_idle_time": 1.8189894035458565e-12, "mean_delivery_time": 3837.5499569907906, "mean_schedule_distance": 31422.594819005364, "mean_schedule_energy": 2.8181504774935036, "mean_number_swaps": 3.0, "drone_utilization": 1.0, "execution_time": 8.637436628341675}