{"completion_time": 4357.6457307103665, "mean_schedule_time": 2675.6154138556763, "mean_flight_time": 2442.2784592099924, "mean_swap_time": 74.4, "mean_idle_time": 158.93695464568373, "mean_delivery_time": 2993.9695801790435, "mean_schedule_distance": 17095.949214469947, "mean_schedule_energy": 1.4492466717188224, "mean_number_swaps": 1.24, "drone_utilization": 0.84, "execution_time": 250.93061447143555}