{"completion_time": 14599.693390931541, "mean_schedule_time": 13320.196245060515, "mean_flight_time": 12766.287156016515, "mean_swap_time": 552.0, "mean_idle_time": 1.9090890440002113, "mean_delivery_time": 7542.756800390304, "mean_schedule_distance": 89364.01009211555, "mean_schedule_energy": 7.405470507626765, "mean_number_swaps": 9.2, "drone_utilization": 1.0, "execution_time": 668.4388749599457}