{"completion_time": 2895.446296661954, "execution_time": 0.31589221954345703}