{"completion_time": 6480.536112224208, "mean_schedule_time": 1686.0209399988998, "mean_flight_time": 1626.0209399989, "mean_swap_time": 60.0, "mean_idle_time": -2.2737367544323206e-13, "mean_delivery_time": 4215.05234999725, "mean_schedule_distance": 11382.146579992299, "mean_schedule_energy": 1.068543239188461, "mean_number_swaps": 1.0, "drone_utilization": 0.4, "execution_time": 0.6723384857177734}