{"completion_time": 10217.91833747798, "mean_schedule_time": 4551.916932601301, "mean_flight_time": 4388.2805689649385, "mean_swap_time": 163.63636363636363, "mean_idle_time": -1.8189894035458565e-12, "mean_delivery_time": 4218.42776724243, "mean_schedule_distance": 30717.963982754558, "mean_schedule_energy": 2.5970416762813358, "mean_number_swaps": 2.727272727272727, "drone_utilization": 1.0, "total_number_parcel_handover": 0, "mean_number_parcel_handover": 0.0, "execution_time": 49.209784746170044}