{"completion_time": 8226.273956876857, "mean_schedule_time": 7291.498806668499, "mean_flight_time": 6976.068413357193, "mean_swap_time": 275.0, "mean_idle_time": 40.430393311306034, "mean_delivery_time": 5341.766054115938, "mean_schedule_distance": 48832.47889350034, "mean_schedule_energy": 4.002594121583454, "mean_number_swaps": 4.583333333333333, "drone_utilization": 1.0, "execution_time": 2976.973103284836}