{"completion_time": 6698.758576990905, "mean_schedule_time": 6420.324138984133, "mean_flight_time": 6139.121962554356, "mean_swap_time": 252.0, "mean_idle_time": 29.202176429776955, "mean_delivery_time": 4537.630046008143, "mean_schedule_distance": 42973.853737880476, "mean_schedule_energy": 3.5377118121837143, "mean_number_swaps": 4.2, "drone_utilization": 1.0, "total_number_parcel_handover": 2, "mean_number_parcel_handover": 0.1, "execution_time": 175.03515219688416}