{"1": [], "2": [{"x": 3, "y": 6, "a": 0, "tau": 377.79006015117176}, {"x": 6, "y": 3, "a": 2, "tau": 972.357979727507}], "3": [], "4": [{"x": 7, "y": 3, "a": 0, "tau": 829.6894790680806}, {"x": 3, "y": 3, "a": -1, "tau": 889.6894790680806}, {"x": 3, "y": 8, "a": 2, "tau": 1401.8604404343519}], "5": [], "6": [{"x": 13, "y": 6, "a": 2, "tau": 594.5679195763353}], "7": [], "8": [], "9": [], "10": [], "11": [], "12": [], "13": [], "14": [], "15": [], "16": [], "17": [], "18": [{"x": 1, "y": 9, "a": 1, "tau": 824.6890238121779}], "19": [], "20": []}