{"1": [], "2": [{"x": 3, "y": 6, "a": 0, "tau": 755.5801203023435}, {"x": 6, "y": 3, "a": 2, "tau": 1944.715959455014}], "3": [], "4": [{"x": 7, "y": 3, "a": 0, "tau": 1659.3789581361611}, {"x": 3, "y": 3, "a": -1, "tau": 1719.3789581361611}, {"x": 3, "y": 8, "a": 2, "tau": 2803.7208808687037}], "5": [], "6": [{"x": 13, "y": 6, "a": 2, "tau": 1189.1358391526705}], "7": [], "8": [], "9": [], "10": [], "11": [], "12": [], "13": [], "14": [], "15": [], "16": [], "17": [], "18": [{"x": 1, "y": 9, "a": 1, "tau": 1649.3780476243558}], "19": [], "20": []}