{"completion_time": 4063.783955198057, "mean_delivery_time": 1558.228218408895, "total_distance": 203031.95057724536, "consumed_energy": 18.963942337002635, "execution_time": 10.866007566452026}