{"completion_time": 2080.5736709264447, "mean_delivery_time": 1657.3543279270878, "total_distance": 132497.76354587535, "consumed_energy": 10.272301073587078, "execution_time": 3.002210855484009}