{"completion_time": 4041.1473418528894, "mean_schedule_time": 1293.88346234167, "mean_flight_time": 1261.8834623416699, "mean_swap_time": 32.0, "mean_idle_time": 2.2737367544323206e-13, "mean_delivery_time": 3234.7086558541755, "mean_schedule_distance": 8833.18423639169, "mean_schedule_energy": 0.6848200715724719, "mean_number_swaps": 0.5333333333333333, "drone_utilization": 0.4, "execution_time": 3.119316577911377}