{"completion_time": 9863.115116048011, "mean_schedule_time": 9264.261996078598, "mean_flight_time": 8663.532435602707, "mean_swap_time": 372.0, "mean_idle_time": 228.72956047589105, "mean_delivery_time": 5624.98290432415, "mean_schedule_distance": 60644.72704921891, "mean_schedule_energy": 4.9416811720121, "mean_number_swaps": 6.2, "drone_utilization": 1.0, "total_number_parcel_handover": 3, "mean_number_parcel_handover": 0.12, "execution_time": 6475.894557237625}