{"completion_time": 4858.24618415255, "mean_schedule_time": 3473.132686648827, "mean_flight_time": 3014.6878414124603, "mean_swap_time": 95.0, "mean_idle_time": 363.44484523636675, "mean_delivery_time": 3434.234170311554, "mean_schedule_distance": 21102.814889887228, "mean_schedule_energy": 1.7548840832684391, "mean_number_swaps": 1.5833333333333333, "drone_utilization": 1.0, "execution_time": 66.13190197944641}