{"completion_time": 7467.567910396114, "mean_schedule_time": 2608.2387560298394, "mean_flight_time": 1830.1053260289623, "mean_swap_time": 64.0, "mean_idle_time": 714.1334300008771, "mean_delivery_time": 4304.381899340791, "mean_schedule_distance": 12810.737282202737, "mean_schedule_energy": 1.1149732164903654, "mean_number_swaps": 1.0666666666666667, "drone_utilization": 0.6, "execution_time": 107.06309485435486}