{"completion_time": 1210.4499103480864, "execution_time": 0.0005350112915039062}