{"completion_time": 3140.8814681332115, "mean_delivery_time": 2251.088923416252, "total_distance": 543123.2140957176, "consumed_energy": 43.27598299392792, "execution_time": 3326.4170746803284}