{"completion_time": 6048.618485244541, "mean_schedule_time": 5397.857690097491, "mean_flight_time": 5110.179130585983, "mean_swap_time": 192.0, "mean_idle_time": 95.67855951150796, "mean_delivery_time": 4285.24760407918, "mean_schedule_distance": 35771.253914101886, "mean_schedule_energy": 2.8414172573328704, "mean_number_swaps": 3.2, "drone_utilization": 1.0, "execution_time": 4699.171097517014}