{"completion_time": 4373.554879559284, "mean_schedule_time": 1854.2879238266323, "mean_flight_time": 1588.74787148799, "mean_swap_time": 42.0, "mean_idle_time": 223.54005233864223, "mean_delivery_time": 2784.1250270835826, "mean_schedule_distance": 11121.235100415932, "mean_schedule_energy": 0.8976235424562276, "mean_number_swaps": 0.7, "drone_utilization": 0.7, "total_number_parcel_handover": 5, "mean_number_parcel_handover": 0.3333333333333333, "execution_time": 2753.2554211616516}