{"completion_time": 6805.660906363435, "mean_delivery_time": 2760.5167007674086, "total_distance": 575274.0885090963, "consumed_energy": 46.979877524233096, "execution_time": 19.30135154724121}