{"completion_time": 15584.538018053832, "mean_schedule_time": 15149.282448645701, "mean_flight_time": 14407.327688543422, "mean_swap_time": 624.0, "mean_idle_time": 117.95476010227867, "mean_delivery_time": 8110.387830397066, "mean_schedule_distance": 100851.29381980395, "mean_schedule_energy": 8.345066250263617, "mean_number_swaps": 10.4, "drone_utilization": 1.0, "execution_time": 198.53382396697998}