{"completion_time": 13865.595332902623, "mean_schedule_time": 13630.388169355627, "mean_flight_time": 13016.3484371499, "mean_swap_time": 570.0, "mean_idle_time": 44.03973220572698, "mean_delivery_time": 7171.202427174057, "mean_schedule_distance": 91114.43906004929, "mean_schedule_energy": 7.499494015969429, "mean_number_swaps": 9.5, "drone_utilization": 1.0, "execution_time": 430.10105299949646}