{"completion_time": 4487.15606869213, "mean_delivery_time": 1797.5553487040202, "total_distance": 572434.8654938166, "consumed_energy": 47.23892006288659, "execution_time": 72.26886510848999}