{"completion_time": 3763.783955198057, "mean_delivery_time": 1817.087190550282, "total_distance": 293750.5587173948, "consumed_energy": 24.9081480114198, "execution_time": 1001.8769679069519}