{"completion_time": 18135.107118333395, "mean_schedule_time": 14231.484716986994, "mean_flight_time": 13619.484716986994, "mean_swap_time": 612.0, "mean_idle_time": 0.0, "mean_delivery_time": 7344.258925888289, "mean_schedule_distance": 95336.39301890894, "mean_schedule_energy": 8.006489905092787, "mean_number_swaps": 10.2, "drone_utilization": 1.0, "execution_time": 9.05105996131897}