{"completion_time": 8827.289503983173, "mean_schedule_time": 7454.428753196701, "mean_flight_time": 7109.144055180385, "mean_swap_time": 282.0, "mean_idle_time": 63.284698016315815, "mean_delivery_time": 5734.9183205328845, "mean_schedule_distance": 49764.00838626269, "mean_schedule_energy": 4.152283596422157, "mean_number_swaps": 4.7, "drone_utilization": 1.0, "execution_time": 297.18914675712585}