{"completion_time": 3204.7653894295927, "mean_delivery_time": 1506.739193553399, "total_distance": 297095.23064621375, "consumed_energy": 26.96485172760014, "execution_time": 21.65505313873291}