{"completion_time": 10757.554888199846, "mean_schedule_time": 9924.825716647088, "mean_flight_time": 8508.080378810308, "mean_swap_time": 342.85714285714283, "mean_idle_time": 1073.8881949796378, "mean_delivery_time": 7003.482492815232, "mean_schedule_distance": 59556.56265167211, "mean_schedule_energy": 4.802426654682277, "mean_number_swaps": 5.714285714285714, "drone_utilization": 1.0, "total_number_parcel_handover": 19, "mean_number_parcel_handover": 0.76, "execution_time": 8292.859359264374}