{"completion_time": 3942.2088392035466, "mean_schedule_time": 1001.5172866212241, "mean_flight_time": 938.7415240135589, "mean_swap_time": 20.0, "mean_idle_time": 42.77576260766523, "mean_delivery_time": 3061.420918654432, "mean_schedule_distance": 6571.190668094913, "mean_schedule_energy": 0.5001776021662501, "mean_number_swaps": 0.3333333333333333, "drone_utilization": 0.3333333333333333, "execution_time": 9.131960391998291}