{"completion_time": 24202.36431392803, "mean_schedule_time": 22157.81236383806, "mean_flight_time": 21212.812363838064, "mean_swap_time": 945.0, "mean_idle_time": -3.637978807091713e-12, "mean_delivery_time": 11054.335790343166, "mean_schedule_distance": 148489.68654686646, "mean_schedule_energy": 12.127173370116594, "mean_number_swaps": 15.75, "drone_utilization": 1.0, "execution_time": 7.45119047164917}