{"completion_time": 1902.4742896272078, "execution_time": 7200.0441608428955}