{"completion_time": 1588.083238188085, "execution_time": 1.7700932025909424}