{"completion_time": 3133.0168675787745, "mean_delivery_time": 2232.876981558143, "total_distance": 591597.294227876, "consumed_energy": 48.35375174600421, "execution_time": 4313.308166503906}