{"completion_time": 6274.656117858137, "mean_schedule_time": 4861.950811133373, "mean_flight_time": 4527.87664611829, "mean_swap_time": 168.0, "mean_idle_time": 166.07416501508214, "mean_delivery_time": 4019.8096690433767, "mean_schedule_distance": 31695.136522828052, "mean_schedule_energy": 2.6409977249039818, "mean_number_swaps": 2.8, "drone_utilization": 1.0, "execution_time": 635.9136521816254}