{"completion_time": 3468.800629304935, "mean_delivery_time": 2273.257080519953, "total_distance": 126321.02280106784, "consumed_energy": 10.5570925161115, "execution_time": 1.8372461795806885}