{"completion_time": 9971.351884510299, "mean_schedule_time": 8706.541730388075, "mean_flight_time": 8024.9200329468895, "mean_swap_time": 324.0, "mean_idle_time": 357.62169744118546, "mean_delivery_time": 6247.217619415268, "mean_schedule_distance": 56174.44023062823, "mean_schedule_energy": 4.751019671539481, "mean_number_swaps": 5.4, "drone_utilization": 1.0, "execution_time": 448.6148679256439}