{"completion_time": 3557.0590715421085, "mean_schedule_time": 468.21128593930916, "mean_flight_time": 457.49700022502344, "mean_swap_time": 10.714285714285714, "mean_idle_time": 0.0, "mean_delivery_time": 2621.9832012601314, "mean_schedule_distance": 3202.479001575164, "mean_schedule_energy": 0.28243268753428097, "mean_number_swaps": 0.17857142857142858, "drone_utilization": 0.17857142857142858, "total_number_parcel_handover": 0, "mean_number_parcel_handover": 0.0, "execution_time": 2.439019203186035}