{"completion_time": 3807.518422281145, "mean_delivery_time": 1506.5078146155654, "total_distance": 104356.7977371207, "consumed_energy": 10.275926450112381, "execution_time": 0.05334281921386719}