{"completion_time": 7222.68856633494, "mean_schedule_time": 5419.723028883341, "mean_flight_time": 5074.976045529625, "mean_swap_time": 195.0, "mean_idle_time": 149.74698335371613, "mean_delivery_time": 4815.034567515998, "mean_schedule_distance": 35524.832318707384, "mean_schedule_energy": 3.0022039934390965, "mean_number_swaps": 3.25, "drone_utilization": 1.0, "execution_time": 1916.6082181930542}