{"completion_time": 4491.703161931449, "mean_schedule_time": 592.1173961079642, "mean_flight_time": 534.610291262714, "mean_swap_time": 9.0, "mean_idle_time": 48.50710484525018, "mean_delivery_time": 3500.787948704162, "mean_schedule_distance": 3742.272038838997, "mean_schedule_energy": 0.2981716837831117, "mean_number_swaps": 0.15, "drone_utilization": 0.2, "execution_time": 4.70320725440979}