{"completion_time": 7797.022011179077, "mean_schedule_time": 4274.700328398954, "mean_flight_time": 3638.005065762924, "mean_swap_time": 129.0, "mean_idle_time": 507.6952626360303, "mean_delivery_time": 4714.825443733063, "mean_schedule_distance": 25466.035460340467, "mean_schedule_energy": 2.0821119744542917, "mean_number_swaps": 2.15, "drone_utilization": 0.9, "execution_time": 4642.2485020160675}