{"completion_time": 4613.345902469695, "mean_schedule_time": 1239.5900686329487, "mean_flight_time": 1122.1605351766163, "mean_swap_time": 36.0, "mean_idle_time": 81.42953345633236, "mean_delivery_time": 3357.1246533946924, "mean_schedule_distance": 7855.123746236312, "mean_schedule_energy": 0.6867118968966444, "mean_number_swaps": 0.6, "drone_utilization": 0.4, "execution_time": 83.70457792282104}