{"completion_time": 2390.6611002679133, "mean_delivery_time": 1359.4088509582755, "total_distance": 119961.86130411438, "consumed_energy": 9.353522224234258, "execution_time": 26.558792114257812}