{"completion_time": 7149.307307290822, "mean_schedule_time": 4999.158275042709, "mean_flight_time": 4804.15827504271, "mean_swap_time": 195.0, "mean_idle_time": -9.094947017729282e-13, "mean_delivery_time": 4229.685229761537, "mean_schedule_distance": 33629.107925298966, "mean_schedule_energy": 2.958898944569999, "mean_number_swaps": 3.25, "drone_utilization": 1.0, "execution_time": 0.6530652046203613}