{"completion_time": 4954.536894428369, "mean_delivery_time": 2560.9170636601043, "total_distance": 461619.7444773804, "consumed_energy": 44.12497814409349, "execution_time": 1.8995068073272705}