{"completion_time": 4495.845784072465, "mean_schedule_time": 1846.293750918669, "mean_flight_time": 1637.4548231065226, "mean_swap_time": 48.0, "mean_idle_time": 160.8389278121465, "mean_delivery_time": 3360.106199172389, "mean_schedule_distance": 11462.183761745659, "mean_schedule_energy": 0.9509669437594234, "mean_number_swaps": 0.8, "drone_utilization": 0.6, "execution_time": 3.6815903186798096}