{"completion_time": 1919.0635110130765, "execution_time": 3.1678006649017334}