{"completion_time": 5325.705641101813, "mean_schedule_time": 3508.0924894017385, "mean_flight_time": 3285.9887607438986, "mean_swap_time": 111.42857142857143, "mean_idle_time": 110.67515722926828, "mean_delivery_time": 3562.636033572454, "mean_schedule_distance": 23001.921325207288, "mean_schedule_energy": 1.9681033864871869, "mean_number_swaps": 1.8571428571428572, "drone_utilization": 0.9285714285714286, "execution_time": 443.963828086853}