{"completion_time": 18487.17684854695, "mean_schedule_time": 15096.315973181841, "mean_flight_time": 14412.315973181841, "mean_swap_time": 684.0, "mean_idle_time": 0.0, "mean_delivery_time": 7754.913445861301, "mean_schedule_distance": 100886.21181227293, "mean_schedule_energy": 8.673236024444247, "mean_number_swaps": 11.4, "drone_utilization": 1.0, "execution_time": 14.397371292114258}