{"completion_time": 4611.533926022815, "mean_schedule_time": 2434.2585342824827, "mean_flight_time": 2117.839277086646, "mean_swap_time": 66.0, "mean_idle_time": 250.41925719583696, "mean_delivery_time": 3297.0880282953062, "mean_schedule_distance": 14824.874939606521, "mean_schedule_energy": 1.2404972276646868, "mean_number_swaps": 1.1, "drone_utilization": 0.75, "execution_time": 393.0586631298065}