{"completion_time": 7808.5741171988375, "mean_schedule_time": 6478.6996648441045, "mean_flight_time": 6062.750519073241, "mean_swap_time": 230.0, "mean_idle_time": 185.94914577086365, "mean_delivery_time": 5037.263888162732, "mean_schedule_distance": 42439.2536335127, "mean_schedule_energy": 3.320864223958449, "mean_number_swaps": 3.8333333333333335, "drone_utilization": 1.0, "total_number_parcel_handover": 7, "mean_number_parcel_handover": 0.35, "execution_time": 400.97339844703674}