{"completion_time": 12874.792608950953, "mean_schedule_time": 12513.963643336223, "mean_flight_time": 10620.643021314105, "mean_swap_time": 450.0, "mean_idle_time": 1443.3206220221182, "mean_delivery_time": 7895.563482937165, "mean_schedule_distance": 74344.50114919871, "mean_schedule_energy": 6.109421895993447, "mean_number_swaps": 7.5, "drone_utilization": 1.0, "execution_time": 8771.493431329727}