{"completion_time": 5792.954058442756, "mean_schedule_time": 1862.7660328236864, "mean_flight_time": 1805.073725131379, "mean_swap_time": 57.69230769230769, "mean_idle_time": -2.2737367544323206e-13, "mean_delivery_time": 3228.79445689439, "mean_schedule_distance": 12635.516075919655, "mean_schedule_energy": 1.0567580380036548, "mean_number_swaps": 0.9615384615384616, "drone_utilization": 0.5769230769230769, "total_number_parcel_handover": 0, "mean_number_parcel_handover": 0.0, "execution_time": 30.855433702468872}