{"completion_time": 8098.471680669556, "mean_schedule_time": 3482.562573814276, "mean_flight_time": 3362.562573814277, "mean_swap_time": 120.0, "mean_idle_time": -9.094947017729282e-13, "mean_delivery_time": 3757.764504410336, "mean_schedule_distance": 23537.93801669994, "mean_schedule_energy": 1.824848231564043, "mean_number_swaps": 2.0, "drone_utilization": 0.9, "total_number_parcel_handover": 0, "mean_number_parcel_handover": 0.0, "execution_time": 4.447142124176025}