{"completion_time": 7605.155242057946, "mean_schedule_time": 5134.922454243905, "mean_flight_time": 4116.886676684568, "mean_swap_time": 141.6, "mean_idle_time": 876.4357775593371, "mean_delivery_time": 4954.029680737208, "mean_schedule_distance": 28818.206736791963, "mean_schedule_energy": 2.367965893394223, "mean_number_swaps": 2.36, "drone_utilization": 1.0, "execution_time": 10605.13384103775}