{"completion_time": 22559.536392803617, "mean_schedule_time": 22070.725676582515, "mean_flight_time": 20997.026069572556, "mean_swap_time": 948.0, "mean_idle_time": 125.69960700995944, "mean_delivery_time": 11420.976943688365, "mean_schedule_distance": 146979.18248700787, "mean_schedule_energy": 11.816131176266758, "mean_number_swaps": 15.8, "drone_utilization": 1.0, "execution_time": 7932.682963848114}