{"completion_time": 5145.584428208684, "mean_schedule_time": 1378.4990668980352, "mean_flight_time": 1089.7762771150853, "mean_swap_time": 33.333333333333336, "mean_idle_time": 255.38945644961655, "mean_delivery_time": 3218.207910204888, "mean_schedule_distance": 7628.433939805595, "mean_schedule_energy": 0.6013217102685728, "mean_number_swaps": 0.5555555555555556, "drone_utilization": 0.4444444444444444, "total_number_parcel_handover": 3, "mean_number_parcel_handover": 0.6, "execution_time": 5.58145546913147}