{"completion_time": 2836.477029221378, "mean_delivery_time": 1835.2717312455136, "total_distance": 342368.3023419303, "consumed_energy": 28.41958339297745, "execution_time": 278.36747002601624}