{"completion_time": 3403.286877146893, "mean_schedule_time": 1417.5088544744797, "mean_flight_time": 1307.9469091046117, "mean_swap_time": 30.0, "mean_idle_time": 79.561945369868, "mean_delivery_time": 2950.373886411234, "mean_schedule_distance": 9155.628363732281, "mean_schedule_energy": 0.6922982128070064, "mean_number_swaps": 0.5, "drone_utilization": 0.5714285714285714, "total_number_parcel_handover": 3, "mean_number_parcel_handover": 0.6, "execution_time": 19.509645700454712}