{"completion_time": 4463.259599105048, "mean_delivery_time": 2829.6578705199904, "total_distance": 724959.1908348114, "consumed_energy": 62.9464169317132, "execution_time": 11139.607114553452}