{"completion_time": 9412.465794507252, "mean_schedule_time": 8926.792623120886, "mean_flight_time": 8270.066383332656, "mean_swap_time": 348.0, "mean_idle_time": 308.7262397882296, "mean_delivery_time": 6445.51871819651, "mean_schedule_distance": 57890.46468332854, "mean_schedule_energy": 4.842461572049174, "mean_number_swaps": 5.8, "drone_utilization": 1.0, "execution_time": 16726.65767097473}