{"completion_time": 8039.528676207114, "mean_schedule_time": 7303.028982261755, "mean_flight_time": 6878.898480067759, "mean_swap_time": 300.0, "mean_idle_time": 124.13050219399611, "mean_delivery_time": 5077.862411209218, "mean_schedule_distance": 48152.2893604743, "mean_schedule_energy": 4.223208362136973, "mean_number_swaps": 5.0, "drone_utilization": 1.0, "execution_time": 1184.5197539329529}