{"completion_time": 4578.206200088508, "mean_delivery_time": 2522.51015428808, "total_distance": 713719.4832432248, "consumed_energy": 62.576293657700134, "execution_time": 315.3475110530853}