{"completion_time": 36395.70784112049, "mean_schedule_time": 36144.88850999107, "mean_flight_time": 34614.88850999106, "mean_swap_time": 1530.0, "mean_idle_time": 7.275957614183426e-12, "mean_delivery_time": 17131.242317908254, "mean_schedule_distance": 242304.21956993747, "mean_schedule_energy": 19.045064048983527, "mean_number_swaps": 25.5, "drone_utilization": 1.0, "execution_time": 20.268964052200317}