{"completion_time": 33049.90325393346, "mean_schedule_time": 27573.494552500237, "mean_flight_time": 26385.494552500233, "mean_swap_time": 1188.0, "mean_idle_time": 3.637978807091713e-12, "mean_delivery_time": 13143.989349895308, "mean_schedule_distance": 184698.46186750178, "mean_schedule_energy": 15.302792483214793, "mean_number_swaps": 19.8, "drone_utilization": 1.0, "execution_time": 13.940413475036621}