{"completion_time": 8468.710202526008, "mean_schedule_time": 3327.904039109826, "mean_flight_time": 3221.54040274619, "mean_swap_time": 106.36363636363636, "mean_idle_time": -4.547473508864641e-13, "mean_delivery_time": 3786.5410353241787, "mean_schedule_distance": 22550.78281922333, "mean_schedule_energy": 1.8513835825307963, "mean_number_swaps": 1.7727272727272727, "drone_utilization": 0.8636363636363636, "execution_time": 40.51251292228699}