{"completion_time": 5655.282952837005, "mean_schedule_time": 4874.809841891061, "mean_flight_time": 4694.809841891061, "mean_swap_time": 180.0, "mean_idle_time": 0.0, "mean_delivery_time": 3924.2040831256713, "mean_schedule_distance": 32863.66889323742, "mean_schedule_energy": 2.6380263311541956, "mean_number_swaps": 3.0, "drone_utilization": 1.0, "execution_time": 61.83030390739441}