{"completion_time": 7928.005414589442, "mean_schedule_time": 7140.229712029322, "mean_flight_time": 6828.385219648046, "mean_swap_time": 276.0, "mean_idle_time": 35.84449238127672, "mean_delivery_time": 4964.528529578015, "mean_schedule_distance": 47798.69653753632, "mean_schedule_energy": 4.083203408705674, "mean_number_swaps": 4.6, "drone_utilization": 1.0, "total_number_parcel_handover": 5, "mean_number_parcel_handover": 0.25, "execution_time": 266.8239393234253}