{"completion_time": 11436.345312081954, "mean_schedule_time": 9820.351663634752, "mean_flight_time": 8390.227748768068, "mean_swap_time": 340.0, "mean_idle_time": 1090.1239148666846, "mean_delivery_time": 6895.282519645729, "mean_schedule_distance": 58731.59424137647, "mean_schedule_energy": 4.73353691104097, "mean_number_swaps": 5.666666666666667, "drone_utilization": 1.0, "execution_time": 6328.199998378754}