{"completion_time": 5131.772153251459, "mean_schedule_time": 2191.7780559757016, "mean_flight_time": 1928.5766667950577, "mean_swap_time": 55.714285714285715, "mean_idle_time": 207.48710346635812, "mean_delivery_time": 2765.5313279844895, "mean_schedule_distance": 13500.036667565406, "mean_schedule_energy": 1.1369484670728984, "mean_number_swaps": 0.9285714285714286, "drone_utilization": 0.7857142857142857, "execution_time": 253.58774995803833}