{"completion_time": 8972.951734148905, "mean_schedule_time": 5818.401804278116, "mean_flight_time": 4493.057434075092, "mean_swap_time": 171.0, "mean_idle_time": 1154.3443702030245, "mean_delivery_time": 6115.584307179134, "mean_schedule_distance": 31451.402038525623, "mean_schedule_energy": 2.710251494964262, "mean_number_swaps": 2.85, "drone_utilization": 0.9, "execution_time": 4220.309862852097}