{"completion_time": 12184.136452730794, "mean_schedule_time": 11881.713791590342, "mean_flight_time": 11346.869036365226, "mean_swap_time": 520.0, "mean_idle_time": 14.844755225116387, "mean_delivery_time": 7085.933925010245, "mean_schedule_distance": 79428.0832545566, "mean_schedule_energy": 6.803952551514725, "mean_number_swaps": 8.666666666666666, "drone_utilization": 1.0, "total_number_parcel_handover": 3, "mean_number_parcel_handover": 0.15, "execution_time": 1245.7293775081635}