{"completion_time": 1843.6681146229098, "mean_delivery_time": 1819.0994405559975, "total_distance": 66261.092608248, "consumed_energy": 5.700083773838897, "execution_time": 1.6388108730316162}