{"completion_time": 2426.6729512348475, "mean_delivery_time": 1422.329226928424, "total_distance": 94523.04588498967, "consumed_energy": 7.80755539778246, "execution_time": 2.7784392833709717}