{"completion_time": 3186.2303885859747, "mean_delivery_time": 1964.7118200168168, "total_distance": 631477.1563868729, "consumed_energy": 53.30676973922491, "execution_time": 4954.758901119232}