{"completion_time": 6008.112546629164, "mean_schedule_time": 1544.375721863942, "mean_flight_time": 1261.7890126521675, "mean_swap_time": 30.0, "mean_idle_time": 252.58670921177463, "mean_delivery_time": 3682.240003518873, "mean_schedule_distance": 8832.523088565173, "mean_schedule_energy": 0.6714510744801111, "mean_number_swaps": 0.5, "drone_utilization": 0.4, "execution_time": 39.872445821762085}