{"completion_time": 5595.235259517608, "mean_schedule_time": 2821.713525888757, "mean_flight_time": 2375.6155357201696, "mean_swap_time": 67.5, "mean_idle_time": 378.59799016858733, "mean_delivery_time": 3412.924368469753, "mean_schedule_distance": 16629.308750041197, "mean_schedule_energy": 1.3402853555821184, "mean_number_swaps": 1.125, "drone_utilization": 0.75, "total_number_parcel_handover": 7, "mean_number_parcel_handover": 0.4666666666666667, "execution_time": 438.2345702648163}