{"completion_time": 8213.332502098248, "mean_delivery_time": 4284.533857935012, "total_distance": 520512.33171956666, "consumed_energy": 43.265365599883935, "execution_time": 672.581906080246}