{"completion_time": 24907.163985170937, "mean_schedule_time": 20477.245899937883, "mean_flight_time": 19625.24589993789, "mean_swap_time": 852.0, "mean_idle_time": -7.275957614183426e-12, "mean_delivery_time": 10440.429559056764, "mean_schedule_distance": 137376.7212995651, "mean_schedule_energy": 11.236924724972074, "mean_number_swaps": 14.2, "drone_utilization": 1.0, "execution_time": 8.741456031799316}