{"completion_time": 52543.77209338871, "mean_schedule_time": 52541.389769243084, "mean_flight_time": 50261.38976924308, "mean_swap_time": 2280.0, "mean_idle_time": 7.275957614183426e-12, "mean_delivery_time": 23944.553267246334, "mean_schedule_distance": 351829.7283847015, "mean_schedule_energy": 28.51870840078063, "mean_number_swaps": 38.0, "drone_utilization": 1.0, "execution_time": 2592.8604638576508}