{"completion_time": 3120.268056112104, "mean_delivery_time": 2438.931321963333, "total_distance": 304533.4345410881, "consumed_energy": 24.732014894172114, "execution_time": 256.5632882118225}