{"completion_time": 7250.915464861418, "mean_schedule_time": 1900.8337003358347, "mean_flight_time": 1377.1145594851473, "mean_swap_time": 46.15384615384615, "mean_idle_time": 477.5652946968412, "mean_delivery_time": 3824.637298612232, "mean_schedule_distance": 9639.801916396029, "mean_schedule_energy": 0.8928370198312402, "mean_number_swaps": 0.7692307692307693, "drone_utilization": 0.5, "total_number_parcel_handover": 6, "mean_number_parcel_handover": 0.6, "execution_time": 911.3786425590515}