{"completion_time": 5594.295061625787, "mean_delivery_time": 2701.771998196908, "total_distance": 269766.8567722688, "consumed_energy": 22.97655645494941, "execution_time": 3.2153003215789795}