{"completion_time": 4731.533926022815, "mean_schedule_time": 1473.0141507018607, "mean_flight_time": 1420.2141507018607, "mean_swap_time": 52.8, "mean_idle_time": 0.0, "mean_delivery_time": 3150.999194929715, "mean_schedule_distance": 9941.499054913029, "mean_schedule_energy": 0.9598943903938855, "mean_number_swaps": 0.88, "drone_utilization": 0.44, "execution_time": 14.732159852981567}