{"completion_time": 6997.967795139055, "mean_schedule_time": 4476.184559796862, "mean_flight_time": 4152.889591713827, "mean_swap_time": 159.0, "mean_idle_time": 164.2949680830352, "mean_delivery_time": 3945.9224455974418, "mean_schedule_distance": 29070.227141996787, "mean_schedule_energy": 2.528819751852828, "mean_number_swaps": 2.65, "drone_utilization": 1.0, "execution_time": 409.0211458206177}