{"completion_time": 5309.670378377339, "mean_schedule_time": 2279.3659276169974, "mean_flight_time": 1795.8578041041128, "mean_swap_time": 54.0, "mean_idle_time": 429.5081235128846, "mean_delivery_time": 3876.990506602289, "mean_schedule_distance": 12571.004628728793, "mean_schedule_energy": 1.0120529508631266, "mean_number_swaps": 0.9, "drone_utilization": 0.6, "execution_time": 18.222537994384766}