{"completion_time": 5400.658026386143, "mean_schedule_time": 2579.3482829723603, "mean_flight_time": 2288.939970477953, "mean_swap_time": 70.71428571428571, "mean_idle_time": 219.69402678012148, "mean_delivery_time": 3195.6604084106925, "mean_schedule_distance": 16022.579793345665, "mean_schedule_energy": 1.411385450198272, "mean_number_swaps": 1.1785714285714286, "drone_utilization": 0.7857142857142857, "total_number_parcel_handover": 5, "mean_number_parcel_handover": 0.25, "execution_time": 1587.5611743927002}