{"completion_time": 5542.769698206328, "mean_schedule_time": 1569.8813797967223, "mean_flight_time": 1294.9411149568004, "mean_swap_time": 33.333333333333336, "mean_idle_time": 241.60693150658858, "mean_delivery_time": 4349.5898540957005, "mean_schedule_distance": 9064.587804697603, "mean_schedule_energy": 0.6688971656455023, "mean_number_swaps": 0.5555555555555556, "drone_utilization": 0.3888888888888889, "execution_time": 13.134359359741211}