{"completion_time": 11679.515764955973, "mean_schedule_time": 10995.636608223012, "mean_flight_time": 9661.197880028521, "mean_swap_time": 384.0, "mean_idle_time": 950.438728194491, "mean_delivery_time": 7990.550492291586, "mean_schedule_distance": 67628.38516019966, "mean_schedule_energy": 5.3331686543792, "mean_number_swaps": 6.4, "drone_utilization": 1.0, "execution_time": 38.95112133026123}