{"completion_time": 3256.699862702566, "mean_schedule_time": 533.1837516685298, "mean_flight_time": 518.7837516685298, "mean_swap_time": 14.4, "mean_idle_time": 0.0, "mean_delivery_time": 2221.598965285541, "mean_schedule_distance": 3631.486261679708, "mean_schedule_energy": 0.3468233373770462, "mean_number_swaps": 0.24, "drone_utilization": 0.24, "execution_time": 3.9372873306274414}