{"completion_time": 2983.8126569136302, "mean_delivery_time": 2075.9040909124874, "total_distance": 634453.039302028, "consumed_energy": 52.47666792002444, "execution_time": 2141.450184583664}