{"completion_time": 5967.6253138272605, "mean_schedule_time": 4168.094793548377, "mean_flight_time": 3408.492146811975, "mean_swap_time": 110.76923076923077, "mean_idle_time": 648.8334159671713, "mean_delivery_time": 3955.7156630753343, "mean_schedule_distance": 23859.445027683847, "mean_schedule_energy": 1.986811725867587, "mean_number_swaps": 1.8461538461538463, "drone_utilization": 1.0, "execution_time": 6593.333751440048}