{"completion_time": 18274.635027057113, "mean_schedule_time": 12585.830195036808, "mean_flight_time": 12069.830195036813, "mean_swap_time": 516.0, "mean_idle_time": -5.4569682106375694e-12, "mean_delivery_time": 7503.852295906098, "mean_schedule_distance": 84488.81136525763, "mean_schedule_energy": 6.965322112606209, "mean_number_swaps": 8.6, "drone_utilization": 1.0, "execution_time": 20.723249197006226}