{"completion_time": 2020.5736709264447, "mean_delivery_time": 1487.5240366372082, "total_distance": 89470.52272339138, "consumed_energy": 7.383754638424971, "execution_time": 2.8030169010162354}