{"completion_time": 7739.513833161006, "mean_schedule_time": 6018.070060625728, "mean_flight_time": 5095.939862382466, "mean_swap_time": 196.0, "mean_idle_time": 726.1301982432615, "mean_delivery_time": 4812.84479648694, "mean_schedule_distance": 35671.579036677256, "mean_schedule_energy": 2.984533003226654, "mean_number_swaps": 3.2666666666666666, "drone_utilization": 1.0, "execution_time": 1841.5217912197113}