{"completion_time": 4553.960279003043, "mean_delivery_time": 2292.7799752453216, "total_distance": 795232.2944542122, "consumed_energy": 64.19196868430035, "execution_time": 204.75586557388306}