{"completion_time": 6897.943949491597, "mean_schedule_time": 6494.851029321615, "mean_flight_time": 6253.843352700826, "mean_swap_time": 216.0, "mean_idle_time": 25.007676620789425, "mean_delivery_time": 4848.0242636645535, "mean_schedule_distance": 43776.90346890578, "mean_schedule_energy": 3.388277410126423, "mean_number_swaps": 3.6, "drone_utilization": 1.0, "execution_time": 222.66389894485474}