{"completion_time": 3634.4841630008086, "mean_delivery_time": 2464.9458573505885, "total_distance": 428843.7689340933, "consumed_energy": 33.35292782180045, "execution_time": 185.88931941986084}