{"completion_time": 11564.992770229292, "mean_schedule_time": 8066.148876786368, "mean_flight_time": 7766.1488767863675, "mean_swap_time": 300.0, "mean_idle_time": 9.094947017729282e-13, "mean_delivery_time": 5525.745024178645, "mean_schedule_distance": 54363.04213750459, "mean_schedule_energy": 4.067888412079737, "mean_number_swaps": 5.0, "drone_utilization": 1.0, "execution_time": 2.1724820137023926}