{"completion_time": 4385.970175302137, "mean_schedule_time": 1168.091431616823, "mean_flight_time": 939.5801095062324, "mean_swap_time": 28.8, "mean_idle_time": 199.7113221105907, "mean_delivery_time": 3214.9532769866064, "mean_schedule_distance": 6577.060766543628, "mean_schedule_energy": 0.5681640775835137, "mean_number_swaps": 0.48, "drone_utilization": 0.36, "execution_time": 65.51411771774292}