{"completion_time": 14843.833348584116, "mean_schedule_time": 9020.155838588806, "mean_flight_time": 8612.155838588807, "mean_swap_time": 408.0, "mean_idle_time": -1.8189894035458565e-12, "mean_delivery_time": 5597.257992868232, "mean_schedule_distance": 60285.09087012163, "mean_schedule_energy": 5.431139313249021, "mean_number_swaps": 6.8, "drone_utilization": 1.0, "total_number_parcel_handover": 0, "mean_number_parcel_handover": 0.0, "execution_time": 29.982238054275513}