{"1": [{"x": 3, "y": 4, "a": 0, "tau": 403.29857090436235}, {"x": 4, "y": 2, "a": 1, "tau": 999.3931390096415}], "2": [{"x": 5, "y": 4, "a": 2, "tau": 530.7003475803109}], "3": [{"x": 3, "y": 4, "a": 0, "tau": 403.29857090436235}, {"x": 4, "y": 4, "a": -1, "tau": 463.29857090436235}, {"x": 4, "y": 1, "a": 2, "tau": 1216.7011578212237}]}