{"completion_time": 8002.062699512952, "mean_schedule_time": 2131.1194788410367, "mean_flight_time": 2062.5480502696073, "mean_swap_time": 68.57142857142857, "mean_idle_time": 9.094947017729282e-13, "mean_delivery_time": 3978.0896938366013, "mean_schedule_distance": 14437.83635188725, "mean_schedule_energy": 1.225990865787235, "mean_number_swaps": 1.1428571428571428, "drone_utilization": 0.5357142857142857, "total_number_parcel_handover": 0, "mean_number_parcel_handover": 0.0, "execution_time": 20.557633638381958}