{"completion_time": 4417.904490035708, "mean_schedule_time": 2308.518125340308, "mean_flight_time": 1742.825837528201, "mean_swap_time": 53.333333333333336, "mean_idle_time": 512.3589544787737, "mean_delivery_time": 3801.029026327338, "mean_schedule_distance": 12199.780862697411, "mean_schedule_energy": 1.1011743517493706, "mean_number_swaps": 0.8888888888888888, "drone_utilization": 0.6111111111111112, "total_number_parcel_handover": 5, "mean_number_parcel_handover": 0.5, "execution_time": 42.18303322792053}