{"completion_time": 4414.320837166964, "mean_schedule_time": 1560.8656541812534, "mean_flight_time": 1293.8645561841606, "mean_swap_time": 20.0, "mean_idle_time": 247.00109799709276, "mean_delivery_time": 2803.449860611202, "mean_schedule_distance": 9057.051893289126, "mean_schedule_energy": 0.7243143171074659, "mean_number_swaps": 0.3333333333333333, "drone_utilization": 0.5833333333333334, "total_number_parcel_handover": 4, "mean_number_parcel_handover": 0.8, "execution_time": 4.76973819732666}