{"completion_time": 7616.608644184089, "mean_schedule_time": 5807.55988763349, "mean_flight_time": 5267.121514904952, "mean_swap_time": 201.0, "mean_idle_time": 339.4383727285376, "mean_delivery_time": 4984.5702158806025, "mean_schedule_distance": 36869.85060433464, "mean_schedule_energy": 3.107161921106468, "mean_number_swaps": 3.35, "drone_utilization": 1.0, "execution_time": 3923.2887477874756}