{"completion_time": 10645.003079675125, "mean_schedule_time": 5649.8349810405525, "mean_flight_time": 5436.834981040554, "mean_swap_time": 213.0, "mean_idle_time": -1.8189894035458565e-12, "mean_delivery_time": 4735.094077539689, "mean_schedule_distance": 38057.84486728386, "mean_schedule_energy": 3.2011035836677544, "mean_number_swaps": 3.55, "drone_utilization": 1.0, "execution_time": 35.37639617919922}