{"completion_time": 4007.8325750320955, "mean_schedule_time": 955.1996622205572, "mean_flight_time": 933.7710907919861, "mean_swap_time": 21.428571428571427, "mean_idle_time": -3.410605131648481e-13, "mean_delivery_time": 2674.5590542175605, "mean_schedule_distance": 6536.397635543901, "mean_schedule_energy": 0.4639134027702841, "mean_number_swaps": 0.35714285714285715, "drone_utilization": 0.35714285714285715, "execution_time": 2.3184151649475098}