{"completion_time": 3120.268056112104, "mean_delivery_time": 2457.099490259094, "total_distance": 304533.4345410881, "consumed_energy": 24.732014894172107, "execution_time": 102.40096712112427}