{"completion_time": 5863.651932402115, "mean_schedule_time": 1514.5530457131513, "mean_flight_time": 926.8827209919958, "mean_swap_time": 20.0, "mean_idle_time": 567.6703247211555, "mean_delivery_time": 3778.561321948766, "mean_schedule_distance": 6488.17904694397, "mean_schedule_energy": 0.533002946870573, "mean_number_swaps": 0.3333333333333333, "drone_utilization": 0.4666666666666667, "execution_time": 4.2802252769470215}