{"completion_time": 8111.225907711767, "mean_schedule_time": 7683.56050669763, "mean_flight_time": 7314.485316733577, "mean_swap_time": 300.0, "mean_idle_time": 69.0751899640536, "mean_delivery_time": 5348.648441360993, "mean_schedule_distance": 51201.39721713505, "mean_schedule_energy": 4.234700133321708, "mean_number_swaps": 5.0, "drone_utilization": 1.0, "execution_time": 663.6359667778015}