{"completion_time": 9048.262764986728, "mean_schedule_time": 4768.359993102178, "mean_flight_time": 4019.6284954857006, "mean_swap_time": 147.5, "mean_idle_time": 601.231497616478, "mean_delivery_time": 4672.133124247028, "mean_schedule_distance": 28137.399468399904, "mean_schedule_energy": 2.3811420956330833, "mean_number_swaps": 2.4583333333333335, "drone_utilization": 1.0, "total_number_parcel_handover": 10, "mean_number_parcel_handover": 0.4, "execution_time": 5265.988592863083}