{"completion_time": 3239.4766136437993, "mean_schedule_time": 508.9053028181967, "mean_flight_time": 409.8448798806929, "mean_swap_time": 8.0, "mean_idle_time": 91.0604229375038, "mean_delivery_time": 2050.3063101369407, "mean_schedule_distance": 2868.91415916485, "mean_schedule_energy": 0.24982930883385687, "mean_number_swaps": 0.13333333333333333, "drone_utilization": 0.26666666666666666, "execution_time": 3.9932825565338135}