{"completion_time": 6042.414463016365, "mean_schedule_time": 2067.812366848321, "mean_flight_time": 1569.5538153050616, "mean_swap_time": 50.76923076923077, "mean_idle_time": 447.48932077402856, "mean_delivery_time": 3870.028265186664, "mean_schedule_distance": 10986.876707135436, "mean_schedule_energy": 1.0000932770864002, "mean_number_swaps": 0.8461538461538461, "drone_utilization": 0.5384615384615384, "execution_time": 944.9614293575287}