{"completion_time": 7222.68856633494, "mean_schedule_time": 4736.863983333006, "mean_flight_time": 4282.136788036977, "mean_swap_time": 156.0, "mean_idle_time": 298.7271952960291, "mean_delivery_time": 4450.821960920981, "mean_schedule_distance": 29974.95751625885, "mean_schedule_energy": 2.5214407896904287, "mean_number_swaps": 2.6, "drone_utilization": 1.0, "execution_time": 2771.163954257965}