{"completion_time": 6650.75024541345, "mean_schedule_time": 3827.631992397674, "mean_flight_time": 3189.2450479392437, "mean_swap_time": 96.0, "mean_idle_time": 542.3869444584302, "mean_delivery_time": 4689.59628984901, "mean_schedule_distance": 22324.715335574707, "mean_schedule_energy": 1.7376132070886963, "mean_number_swaps": 1.6, "drone_utilization": 0.8, "execution_time": 62.051722049713135}