{"completion_time": 7607.018866171652, "mean_schedule_time": 5294.44978842698, "mean_flight_time": 4858.290029258383, "mean_swap_time": 183.0, "mean_idle_time": 253.1597591685977, "mean_delivery_time": 4180.401081005578, "mean_schedule_distance": 34008.0302048087, "mean_schedule_energy": 2.869891730496433, "mean_number_swaps": 3.05, "drone_utilization": 1.0, "execution_time": 973.4292600154877}