{"completion_time": 3803.509433085826, "mean_delivery_time": 2184.8758706660296, "total_distance": 684802.4102750182, "consumed_energy": 57.848485968500846, "execution_time": 518.4594333171844}