{"completion_time": 2243.733863000502, "mean_delivery_time": 1541.5523292881437, "total_distance": 145557.9530356658, "consumed_energy": 11.83353424820666, "execution_time": 8.343478679656982}