{"completion_time": 6097.753377705023, "mean_schedule_time": 2713.140576003375, "mean_flight_time": 2634.049666912466, "mean_swap_time": 79.0909090909091, "mean_idle_time": 0.0, "mean_delivery_time": 3115.587423518641, "mean_schedule_distance": 18438.34766838726, "mean_schedule_energy": 1.5338999033814253, "mean_number_swaps": 1.3181818181818181, "drone_utilization": 0.8636363636363636, "execution_time": 35.12908315658569}