{"completion_time": 8988.262764986728, "mean_schedule_time": 6106.592684101732, "mean_flight_time": 4337.597931467258, "mean_swap_time": 158.1818181818182, "mean_idle_time": 1610.812934452656, "mean_delivery_time": 5875.636746746881, "mean_schedule_distance": 30363.185520270807, "mean_schedule_energy": 2.568179184099361, "mean_number_swaps": 2.6363636363636362, "drone_utilization": 1.0, "total_number_parcel_handover": 20, "mean_number_parcel_handover": 1.0, "execution_time": 5893.152002096176}