{"completion_time": 2024.6073056200212, "execution_time": 0.7337799072265625}