{"completion_time": 17010.182489272338, "mean_schedule_time": 16461.17301841325, "mean_flight_time": 15753.173018413241, "mean_swap_time": 708.0, "mean_idle_time": 1.0913936421275139e-11, "mean_delivery_time": 9561.569256917523, "mean_schedule_distance": 110272.21112889273, "mean_schedule_energy": 9.044931886196327, "mean_number_swaps": 11.8, "drone_utilization": 1.0, "execution_time": 2503.9382672309875}