{"completion_time": 22153.780394225272, "mean_schedule_time": 21876.00087703755, "mean_flight_time": 20886.000877037546, "mean_swap_time": 990.0, "mean_idle_time": 3.637978807091713e-12, "mean_delivery_time": 10431.605230821373, "mean_schedule_distance": 146202.00613926287, "mean_schedule_energy": 12.666954679665743, "mean_number_swaps": 16.5, "drone_utilization": 1.0, "execution_time": 3564.908458471298}