{"completion_time": 6804.987085495268, "mean_schedule_time": 2166.569664734479, "mean_flight_time": 2085.569664734479, "mean_swap_time": 81.0, "mean_idle_time": 0.0, "mean_delivery_time": 3610.9494412241315, "mean_schedule_distance": 14598.987653141365, "mean_schedule_energy": 1.3665776567157186, "mean_number_swaps": 1.35, "drone_utilization": 0.6, "execution_time": 12.30216908454895}