{"completion_time": 5017.184500054923, "mean_schedule_time": 2509.6481885828025, "mean_flight_time": 2065.4204598223773, "mean_swap_time": 48.0, "mean_idle_time": 396.2277287604252, "mean_delivery_time": 3419.4845286515388, "mean_schedule_distance": 14457.943218756638, "mean_schedule_energy": 1.046273429607304, "mean_number_swaps": 0.8, "drone_utilization": 0.8, "execution_time": 0.9346325397491455}