{"completion_time": 1148.4599612624029, "execution_time": 33.678622007369995}