{"completion_time": 6311.2138185844, "mean_schedule_time": 3771.204754899068, "mean_flight_time": 3035.608742828736, "mean_swap_time": 105.0, "mean_idle_time": 630.5960120703321, "mean_delivery_time": 3922.3490669652238, "mean_schedule_distance": 21249.261199801156, "mean_schedule_energy": 1.8031222044384398, "mean_number_swaps": 1.75, "drone_utilization": 0.9166666666666666, "total_number_parcel_handover": 6, "mean_number_parcel_handover": 0.6, "execution_time": 123.58551001548767}