{"completion_time": 7102.845898351934, "mean_schedule_time": 2931.906876118074, "mean_flight_time": 2832.906876118073, "mean_swap_time": 99.0, "mean_idle_time": 9.094947017729282e-13, "mean_delivery_time": 3311.90763852728, "mean_schedule_distance": 19830.348132826522, "mean_schedule_energy": 1.7306228570328113, "mean_number_swaps": 1.65, "drone_utilization": 0.85, "execution_time": 22.41700005531311}