{"completion_time": 5801.244315760619, "mean_schedule_time": 4273.537885184478, "mean_flight_time": 3143.7971419331734, "mean_swap_time": 108.0, "mean_idle_time": 1021.7407432513046, "mean_delivery_time": 3946.588900708161, "mean_schedule_distance": 22006.579993532214, "mean_schedule_energy": 2.014524070428388, "mean_number_swaps": 1.8, "drone_utilization": 1.0, "execution_time": 565.8967835903168}