{"completion_time": 7366.498384269667, "mean_schedule_time": 3848.8136054297624, "mean_flight_time": 3396.826738511923, "mean_swap_time": 126.0, "mean_idle_time": 325.9868669178395, "mean_delivery_time": 4555.630516792053, "mean_schedule_distance": 23777.787169583447, "mean_schedule_energy": 2.0579003187630596, "mean_number_swaps": 2.1, "drone_utilization": 0.85, "execution_time": 290.90537667274475}