{"completion_time": 2920.307514895762, "mean_schedule_time": 426.06307415875403, "mean_flight_time": 366.8591687189301, "mean_swap_time": 4.8, "mean_idle_time": 54.403905439823916, "mean_delivery_time": 2126.654591309073, "mean_schedule_distance": 2568.0141810325104, "mean_schedule_energy": 0.20294657898831525, "mean_number_swaps": 0.08, "drone_utilization": 0.2, "execution_time": 6.7888572216033936}