{"completion_time": 5946.812200008189, "mean_schedule_time": 2473.487541237087, "mean_flight_time": 2387.773255522801, "mean_swap_time": 85.71428571428571, "mean_idle_time": 4.547473508864641e-13, "mean_delivery_time": 3462.882557731922, "mean_schedule_distance": 16714.412788659614, "mean_schedule_energy": 1.40633330124589, "mean_number_swaps": 1.4285714285714286, "drone_utilization": 0.7142857142857143, "execution_time": 6.332885026931763}