{"completion_time": 5183.69076133085, "mean_schedule_time": 2819.543890707536, "mean_flight_time": 2366.8993645901814, "mean_swap_time": 72.0, "mean_idle_time": 380.6445261173544, "mean_delivery_time": 4363.297274213378, "mean_schedule_distance": 16568.295552131272, "mean_schedule_energy": 1.3880109190528016, "mean_number_swaps": 1.2, "drone_utilization": 0.7, "total_number_parcel_handover": 4, "mean_number_parcel_handover": 0.8, "execution_time": 32.578763246536255}