{"completion_time": 4357.6457307103665, "mean_schedule_time": 2482.551701527448, "mean_flight_time": 2285.6448610347406, "mean_swap_time": 71.53846153846153, "mean_idle_time": 125.36837895424605, "mean_delivery_time": 2964.7070573910196, "mean_schedule_distance": 15999.514027243178, "mean_schedule_energy": 1.3355221249804787, "mean_number_swaps": 1.1923076923076923, "drone_utilization": 0.8076923076923077, "total_number_parcel_handover": 3, "mean_number_parcel_handover": 0.15, "execution_time": 567.6355040073395}