{"completion_time": 5526.292097448377, "mean_schedule_time": 1522.7523228564182, "mean_flight_time": 1469.9523228564185, "mean_swap_time": 52.8, "mean_idle_time": -2.2737367544323206e-13, "mean_delivery_time": 3172.400672617538, "mean_schedule_distance": 10289.66625999493, "mean_schedule_energy": 0.9645650832738432, "mean_number_swaps": 0.88, "drone_utilization": 0.48, "execution_time": 14.075502157211304}