{"completion_time": 8048.471800410488, "mean_schedule_time": 4024.9432119898065, "mean_flight_time": 3419.730000288223, "mean_swap_time": 117.6, "mean_idle_time": 487.6132117015836, "mean_delivery_time": 3916.4117689709747, "mean_schedule_distance": 23938.110002017565, "mean_schedule_energy": 2.0166699720509227, "mean_number_swaps": 1.96, "drone_utilization": 0.96, "execution_time": 257.7416694164276}