{"completion_time": 54365.570370700254, "mean_schedule_time": 54323.46217799815, "mean_flight_time": 51923.462177998175, "mean_swap_time": 2400.0, "mean_idle_time": -2.1827872842550278e-11, "mean_delivery_time": 23811.066458625923, "mean_schedule_distance": 363464.235245987, "mean_schedule_energy": 29.1914137331251, "mean_number_swaps": 40.0, "drone_utilization": 1.0, "total_number_parcel_handover": 1, "mean_number_parcel_handover": 0.04, "execution_time": 473.8451838493347}