{"completion_time": 6749.164471557468, "mean_schedule_time": 3664.033322121778, "mean_flight_time": 3547.033322121778, "mean_swap_time": 117.0, "mean_idle_time": 0.0, "mean_delivery_time": 3423.7810485079794, "mean_schedule_distance": 24829.23325485245, "mean_schedule_energy": 2.074729277139087, "mean_number_swaps": 1.95, "drone_utilization": 1.0, "execution_time": 51.57113862037659}