{"completion_time": 6457.091060617488, "mean_schedule_time": 1110.5710523261216, "mean_flight_time": 679.2828776369628, "mean_swap_time": 14.0, "mean_idle_time": 417.28817468915884, "mean_delivery_time": 3630.601994278111, "mean_schedule_distance": 4754.980143458741, "mean_schedule_energy": 0.3832702231418689, "mean_number_swaps": 0.23333333333333334, "drone_utilization": 0.3333333333333333, "total_number_parcel_handover": 7, "mean_number_parcel_handover": 1.4, "execution_time": 71.32288789749146}