{"completion_time": 4002.2088392035466, "mean_schedule_time": 853.7280329595645, "mean_flight_time": 833.7280329595644, "mean_swap_time": 20.0, "mean_idle_time": 1.1368683772161603e-13, "mean_delivery_time": 3073.420918654432, "mean_schedule_distance": 5836.096230716951, "mean_schedule_energy": 0.45607193592357237, "mean_number_swaps": 0.3333333333333333, "drone_utilization": 0.2777777777777778, "execution_time": 2.75747013092041}