{"completion_time": 5300.237452569472, "mean_schedule_time": 4274.5883098200575, "mean_flight_time": 3212.2360350264316, "mean_swap_time": 75.0, "mean_idle_time": 987.3522747936258, "mean_delivery_time": 4458.089125120444, "mean_schedule_distance": 22485.652245185014, "mean_schedule_energy": 1.6952847469192984, "mean_number_swaps": 1.25, "drone_utilization": 1.0, "execution_time": 12.293304920196533}