{"completion_time": 8894.532132797562, "mean_schedule_time": 2595.4658736286005, "mean_flight_time": 2513.8658736286006, "mean_swap_time": 81.6, "mean_idle_time": 0.0, "mean_delivery_time": 4055.415427544688, "mean_schedule_distance": 17597.0611154002, "mean_schedule_energy": 1.4964494050491297, "mean_number_swaps": 1.36, "drone_utilization": 0.64, "execution_time": 19.484100103378296}