{"completion_time": 4385.970175302137, "mean_schedule_time": 1635.5856387970045, "mean_flight_time": 1431.5018050699157, "mean_swap_time": 40.0, "mean_idle_time": 164.08383372708886, "mean_delivery_time": 3150.7799761894075, "mean_schedule_distance": 10020.512635489411, "mean_schedule_energy": 0.8258539971602673, "mean_number_swaps": 0.6666666666666666, "drone_utilization": 0.5416666666666666, "execution_time": 158.68743443489075}