{"completion_time": 9348.262764986728, "mean_schedule_time": 1921.5279638038212, "mean_flight_time": 1850.8136780895354, "mean_swap_time": 70.71428571428571, "mean_idle_time": 0.0, "mean_delivery_time": 3586.8521991004664, "mean_schedule_distance": 12955.695746626752, "mean_schedule_energy": 1.1785541570628781, "mean_number_swaps": 1.1785714285714286, "drone_utilization": 0.5357142857142857, "total_number_parcel_handover": 0, "mean_number_parcel_handover": 0.0, "execution_time": 29.090103149414062}