{"completion_time": 7194.145012588468, "mean_schedule_time": 5933.662895250739, "mean_flight_time": 5532.737887585269, "mean_swap_time": 208.0, "mean_idle_time": 192.92500766546982, "mean_delivery_time": 4262.214229637055, "mean_schedule_distance": 38729.16521309688, "mean_schedule_energy": 3.1169338497730124, "mean_number_swaps": 3.466666666666667, "drone_utilization": 1.0, "execution_time": 427.24113631248474}