{"completion_time": 3638.7856868554154, "mean_delivery_time": 2327.43985810363, "total_distance": 608108.4256844037, "consumed_energy": 48.444525066334656, "execution_time": 394.8413872718811}