{"completion_time": 3822.0965779142043, "mean_delivery_time": 2468.5420012161885, "total_distance": 671176.7728472827, "consumed_energy": 53.29887823508447, "execution_time": 1392.043987751007}