{"completion_time": 4847.791338929941, "mean_schedule_time": 1688.398029809059, "mean_flight_time": 1507.9187459053821, "mean_swap_time": 40.0, "mean_idle_time": 140.4792839036768, "mean_delivery_time": 3126.231912933531, "mean_schedule_distance": 10555.431221337672, "mean_schedule_energy": 0.9116573522810693, "mean_number_swaps": 0.6666666666666666, "drone_utilization": 0.5666666666666667, "execution_time": 351.9876883029938}