{"completion_time": 6962.6797966818785, "mean_schedule_time": 5457.539351630507, "mean_flight_time": 4898.128509636722, "mean_swap_time": 180.0, "mean_idle_time": 379.41084199378474, "mean_delivery_time": 4886.503968222904, "mean_schedule_distance": 34286.89956745703, "mean_schedule_energy": 2.8264410972227227, "mean_number_swaps": 3.0, "drone_utilization": 1.0, "execution_time": 10888.464820861816}