{"completion_time": 3541.3398983409393, "mean_delivery_time": 2573.5808591447835, "total_distance": 690959.1050705197, "consumed_energy": 56.857973953603334, "execution_time": 5086.766494512558}