{"completion_time": 6551.2138185844, "mean_schedule_time": 641.893564455036, "mean_flight_time": 618.8166413781129, "mean_swap_time": 23.076923076923077, "mean_idle_time": 0.0, "mean_delivery_time": 3337.846535166187, "mean_schedule_distance": 4331.716489646789, "mean_schedule_energy": 0.40722281301383845, "mean_number_swaps": 0.38461538461538464, "drone_utilization": 0.19230769230769232, "total_number_parcel_handover": 0, "mean_number_parcel_handover": 0.0, "execution_time": 3.194892168045044}