{"1": [], "2": [], "3": [{"x": 3, "y": 1, "a": 1, "tau": 829.5586195806183}], "4": [], "5": [{"x": 5, "y": 1, "a": 2, "tau": 566.1983256169129}], "6": []}