{"completion_time": 7561.089906633217, "mean_schedule_time": 5327.508084090731, "mean_flight_time": 4759.538750553734, "mean_swap_time": 175.2, "mean_idle_time": 392.7693335369977, "mean_delivery_time": 4954.865155190638, "mean_schedule_distance": 33316.77125387613, "mean_schedule_energy": 2.789482170649973, "mean_number_swaps": 2.92, "drone_utilization": 1.0, "execution_time": 1449.6308493614197}