{"completion_time": 6295.554496303122, "mean_schedule_time": 4469.864517441328, "mean_flight_time": 4199.941830878045, "mean_swap_time": 161.25, "mean_idle_time": 108.6726865632827, "mean_delivery_time": 4091.9988951170576, "mean_schedule_distance": 29399.59281614632, "mean_schedule_energy": 2.5413161651458123, "mean_number_swaps": 2.6875, "drone_utilization": 1.0, "execution_time": 643.6444492340088}