{"completion_time": 2799.2276945470835, "mean_schedule_time": 996.5953100597129, "mean_flight_time": 790.4011535142298, "mean_swap_time": 12.0, "mean_idle_time": 194.1941565454831, "mean_delivery_time": 2006.0028837855746, "mean_schedule_distance": 5532.808074599609, "mean_schedule_energy": 0.4345531901272232, "mean_number_swaps": 0.2, "drone_utilization": 0.5333333333333333, "execution_time": 4.620337963104248}