{"completion_time": 6205.636668847435, "mean_schedule_time": 1003.9480977378432, "mean_flight_time": 970.9480977378435, "mean_swap_time": 33.0, "mean_idle_time": -2.2737367544323206e-13, "mean_delivery_time": 4015.792390951373, "mean_schedule_distance": 6796.636684164904, "mean_schedule_energy": 0.5485423942510608, "mean_number_swaps": 0.55, "drone_utilization": 0.25, "execution_time": 3.009643316268921}