{"completion_time": 5863.651932402115, "mean_schedule_time": 1730.8157297985454, "mean_flight_time": 1262.111770977333, "mean_swap_time": 32.0, "mean_idle_time": 436.7039588212124, "mean_delivery_time": 3226.5998225024377, "mean_schedule_distance": 8834.782396841334, "mean_schedule_energy": 0.775888391204801, "mean_number_swaps": 0.5333333333333333, "drone_utilization": 0.5333333333333333, "execution_time": 122.6589105129242}