{"completion_time": 6211.841311931644, "mean_schedule_time": 3378.568686108415, "mean_flight_time": 2844.9906208798707, "mean_swap_time": 86.4, "mean_idle_time": 447.17806522854426, "mean_delivery_time": 3523.672528012953, "mean_schedule_distance": 19914.93434615909, "mean_schedule_energy": 1.6734497074815753, "mean_number_swaps": 1.44, "drone_utilization": 0.92, "execution_time": 4738.129965543747}