{"completion_time": 6957.78254529106, "mean_schedule_time": 2696.2385619072784, "mean_flight_time": 2599.8099904787077, "mean_swap_time": 96.42857142857143, "mean_idle_time": -9.094947017729282e-13, "mean_delivery_time": 3098.300651045737, "mean_schedule_distance": 18198.669933350953, "mean_schedule_energy": 1.745926785443119, "mean_number_swaps": 1.6071428571428572, "drone_utilization": 0.8214285714285714, "total_number_parcel_handover": 0, "mean_number_parcel_handover": 0.0, "execution_time": 57.269819498062134}