{"completion_time": 2079.8216919835404, "execution_time": 0.011062383651733398}