{"completion_time": 3120.268056112104, "mean_delivery_time": 2122.526174998625, "total_distance": 145049.4791819269, "consumed_energy": 12.559113194804844, "execution_time": 29.098094940185547}