{"completion_time": 2835.6300136664768, "mean_delivery_time": 1843.659824643929, "total_distance": 144787.42527009005, "consumed_energy": 12.826713216450832, "execution_time": 3.919799327850342}