{"completion_time": 5431.2600273329535, "mean_schedule_time": 856.1567158290859, "mean_flight_time": 827.356715829086, "mean_swap_time": 28.8, "mean_idle_time": -1.1368683772161603e-13, "mean_delivery_time": 3567.319649287858, "mean_schedule_distance": 5791.497010803602, "mean_schedule_energy": 0.5130685286580333, "mean_number_swaps": 0.48, "drone_utilization": 0.24, "execution_time": 4.710439920425415}