{"completion_time": 4059.4778780906963, "mean_schedule_time": 1363.569490559318, "mean_flight_time": 1057.1097724550095, "mean_swap_time": 25.714285714285715, "mean_idle_time": 280.74543239002264, "mean_delivery_time": 2714.928328349015, "mean_schedule_distance": 7399.768407185068, "mean_schedule_energy": 0.6528900020802914, "mean_number_swaps": 0.42857142857142855, "drone_utilization": 0.5, "execution_time": 9.91083025932312}