{"completion_time": 24722.090721571454, "mean_schedule_time": 20795.562054053582, "mean_flight_time": 19919.56205405357, "mean_swap_time": 876.0, "mean_idle_time": 1.0913936421275139e-11, "mean_delivery_time": 9516.32470244931, "mean_schedule_distance": 139436.934378375, "mean_schedule_energy": 11.481299338720728, "mean_number_swaps": 14.6, "drone_utilization": 1.0, "execution_time": 19.541962146759033}