{"completion_time": 5429.705232424876, "mean_schedule_time": 1998.1866386482195, "mean_flight_time": 1681.5718742108822, "mean_swap_time": 48.0, "mean_idle_time": 268.61476443733727, "mean_delivery_time": 2827.540408442521, "mean_schedule_distance": 11771.00311947618, "mean_schedule_energy": 1.0297474743758208, "mean_number_swaps": 0.8, "drone_utilization": 0.68, "execution_time": 287.5463066101074}