{"completion_time": 374.38959206370066, "execution_time": 0.00033664703369140625}