{"completion_time": 4026.7540859839446, "mean_schedule_time": 779.8237299127198, "mean_flight_time": 630.7063399654068, "mean_swap_time": 12.0, "mean_idle_time": 137.1173899473131, "mean_delivery_time": 2648.4748602477584, "mean_schedule_distance": 4414.944379757847, "mean_schedule_energy": 0.31987885865549537, "mean_number_swaps": 0.2, "drone_utilization": 0.3, "execution_time": 0.6306419372558594}