{"completion_time": 4613.345902469695, "mean_schedule_time": 2680.825513787213, "mean_flight_time": 2446.920733114738, "mean_swap_time": 66.66666666666667, "mean_idle_time": 167.23811400580826, "mean_delivery_time": 2941.473650633577, "mean_schedule_distance": 17128.44513180316, "mean_schedule_energy": 1.4535015082803433, "mean_number_swaps": 1.1111111111111112, "drone_utilization": 0.9444444444444444, "total_number_parcel_handover": 2, "mean_number_parcel_handover": 0.13333333333333333, "execution_time": 201.39328455924988}