{"completion_time": 3981.1473418528894, "mean_schedule_time": 927.2342495873652, "mean_flight_time": 852.1002164132512, "mean_swap_time": 20.0, "mean_idle_time": 55.13403317411394, "mean_delivery_time": 2915.0480732744163, "mean_schedule_distance": 5964.7015148927585, "mean_schedule_energy": 0.4922503092283314, "mean_number_swaps": 0.3333333333333333, "drone_utilization": 0.3333333333333333, "execution_time": 6.647545337677002}