{"completion_time": 6920.395117532032, "mean_schedule_time": 4794.261505792705, "mean_flight_time": 4140.244377988822, "mean_swap_time": 144.0, "mean_idle_time": 510.01712780388334, "mean_delivery_time": 4794.261505792705, "mean_schedule_distance": 28981.710645921754, "mean_schedule_energy": 2.4069935210373368, "mean_number_swaps": 2.4, "drone_utilization": 1.0, "total_number_parcel_handover": 5, "mean_number_parcel_handover": 0.5, "execution_time": 31.515399932861328}