{"completion_time": 9290.267031770441, "mean_schedule_time": 8231.778994788196, "mean_flight_time": 7406.219637640702, "mean_swap_time": 315.0, "mean_idle_time": 510.55935714749376, "mean_delivery_time": 5804.848137405932, "mean_schedule_distance": 51843.537463484936, "mean_schedule_energy": 4.225547010756673, "mean_number_swaps": 5.25, "drone_utilization": 1.0, "execution_time": 103.68053340911865}