{"completion_time": 4270.042752878667, "mean_schedule_time": 359.7492126634722, "mean_flight_time": 351.7492126634722, "mean_swap_time": 8.0, "mean_idle_time": 0.0, "mean_delivery_time": 2698.119094976041, "mean_schedule_distance": 2462.244488644305, "mean_schedule_energy": 0.2079302341426478, "mean_number_swaps": 0.13333333333333333, "drone_utilization": 0.13333333333333333, "execution_time": 0.49731016159057617}