{"completion_time": 6211.841311931644, "mean_schedule_time": 3916.852874961996, "mean_flight_time": 3247.9973021938454, "mean_swap_time": 105.0, "mean_idle_time": 563.8555727681505, "mean_delivery_time": 4184.372373474607, "mean_schedule_distance": 22735.9811153569, "mean_schedule_energy": 1.872191097469055, "mean_number_swaps": 1.75, "drone_utilization": 0.9166666666666666, "execution_time": 9118.784810781479}