{"completion_time": 6767.525517323361, "mean_schedule_time": 5154.726331479601, "mean_flight_time": 4003.864245955297, "mean_swap_time": 139.0909090909091, "mean_idle_time": 1011.7711764333944, "mean_delivery_time": 5246.350446075197, "mean_schedule_distance": 28027.049721687086, "mean_schedule_energy": 2.3703438504963046, "mean_number_swaps": 2.3181818181818183, "drone_utilization": 0.9545454545454546, "execution_time": 5935.5410261154175}