{"completion_time": 5526.292097448377, "mean_schedule_time": 1153.2857621328153, "mean_flight_time": 1112.5714764185295, "mean_swap_time": 40.714285714285715, "mean_idle_time": 0.0, "mean_delivery_time": 3229.2001339718827, "mean_schedule_distance": 7788.000334929707, "mean_schedule_energy": 0.7291363897682214, "mean_number_swaps": 0.6785714285714286, "drone_utilization": 0.35714285714285715, "total_number_parcel_handover": 0, "mean_number_parcel_handover": 0.0, "execution_time": 12.34888219833374}