{"completion_time": 8876.214594274381, "mean_schedule_time": 8066.148876786368, "mean_flight_time": 7766.148876786368, "mean_swap_time": 300.0, "mean_idle_time": 0.0, "mean_delivery_time": 6155.002097223974, "mean_schedule_distance": 54363.04213750458, "mean_schedule_energy": 4.067888412079737, "mean_number_swaps": 5.0, "drone_utilization": 1.0, "execution_time": 21.73125696182251}