{"completion_time": 1667.050188186301, "execution_time": 0.008841276168823242}