{"completion_time": 3583.3070471007813, "execution_time": 23.520835161209106}