{"completion_time": 8866.519198210097, "mean_schedule_time": 4589.4799553479215, "mean_flight_time": 3616.4167670299553, "mean_swap_time": 126.0, "mean_idle_time": 847.0631883179663, "mean_delivery_time": 5038.47651586595, "mean_schedule_distance": 25314.91736920969, "mean_schedule_energy": 2.160123179898963, "mean_number_swaps": 2.1, "drone_utilization": 0.9, "execution_time": 209.52391386032104}