{"completion_time": 4775.773920498725, "mean_schedule_time": 3429.4946369533495, "mean_flight_time": 3319.4946369533486, "mean_swap_time": 110.0, "mean_idle_time": 9.094947017729282e-13, "mean_delivery_time": 3852.3323544157806, "mean_schedule_distance": 23236.462458673454, "mean_schedule_energy": 1.9284444608981532, "mean_number_swaps": 1.8333333333333333, "drone_utilization": 0.8333333333333334, "total_number_parcel_handover": 0, "mean_number_parcel_handover": 0.0, "execution_time": 49.958672761917114}