{"completion_time": 13327.923616868298, "mean_schedule_time": 13139.896519321908, "mean_flight_time": 12430.269588466008, "mean_swap_time": 534.0, "mean_idle_time": 175.62693085590035, "mean_delivery_time": 7728.180971833534, "mean_schedule_distance": 87011.8871192621, "mean_schedule_energy": 7.075644057869508, "mean_number_swaps": 8.9, "drone_utilization": 1.0, "execution_time": 13602.43091917038}