{"completion_time": 2988.8761128304463, "mean_delivery_time": 1923.6690811421336, "total_distance": 585449.209862487, "consumed_energy": 48.31124058836508, "execution_time": 153.36548852920532}