{"completion_time": 6568.676027362331, "mean_schedule_time": 3922.72798690415, "mean_flight_time": 3328.228084670158, "mean_swap_time": 105.0, "mean_idle_time": 489.4999022339921, "mean_delivery_time": 5232.952161651385, "mean_schedule_distance": 23297.59659269111, "mean_schedule_energy": 1.7358112561732022, "mean_number_swaps": 1.75, "drone_utilization": 0.75, "total_number_parcel_handover": 2, "mean_number_parcel_handover": 0.4, "execution_time": 26.044322729110718}