{"completion_time": 4523.5711781433765, "mean_schedule_time": 3177.78292304485, "mean_flight_time": 2976.7486705634788, "mean_swap_time": 110.0, "mean_idle_time": 91.03425248137137, "mean_delivery_time": 3984.6838562404178, "mean_schedule_distance": 20837.240693944354, "mean_schedule_energy": 1.7946514591717901, "mean_number_swaps": 1.8333333333333333, "drone_utilization": 0.75, "execution_time": 159.29184532165527}