{"completion_time": 1483.5622291686227, "mean_delivery_time": 1132.4063931832563, "total_distance": 37277.84341973135, "consumed_energy": 3.586881636113775, "execution_time": 5.342839002609253}