{"completion_time": 16937.486689357884, "mean_schedule_time": 13391.875694315728, "mean_flight_time": 12831.87569431573, "mean_swap_time": 560.0, "mean_idle_time": -1.8189894035458565e-12, "mean_delivery_time": 7022.491824511805, "mean_schedule_distance": 89823.12986021007, "mean_schedule_energy": 7.422015463979076, "mean_number_swaps": 9.333333333333334, "drone_utilization": 1.0, "total_number_parcel_handover": 0, "mean_number_parcel_handover": 0.0, "execution_time": 12.019705772399902}