{"completion_time": 14162.472896052026, "mean_delivery_time": 5455.122420347526, "total_distance": 755734.4595935706, "consumed_energy": 62.46477253189005, "execution_time": 19.25051498413086}