{"completion_time": 19530.40278412471, "mean_schedule_time": 18990.96268082157, "mean_flight_time": 18149.87473241089, "mean_swap_time": 780.0, "mean_idle_time": 61.0879484106772, "mean_delivery_time": 10761.5171521666, "mean_schedule_distance": 127049.12312687626, "mean_schedule_energy": 9.819755873234662, "mean_number_swaps": 13.0, "drone_utilization": 1.0, "execution_time": 468.0350501537323}