{"completion_time": 8449.727591705765, "mean_schedule_time": 7598.167157487017, "mean_flight_time": 6964.776261956373, "mean_swap_time": 273.75, "mean_idle_time": 359.64089553064423, "mean_delivery_time": 6191.698098547122, "mean_schedule_distance": 48753.43383369459, "mean_schedule_energy": 3.9754508260332404, "mean_number_swaps": 4.5625, "drone_utilization": 1.0, "total_number_parcel_handover": 18, "mean_number_parcel_handover": 0.72, "execution_time": 13312.819665670395}