{"completion_time": 6360.536112224208, "mean_schedule_time": 5578.33197406214, "mean_flight_time": 5178.289910060309, "mean_swap_time": 180.0, "mean_idle_time": 220.04206400183102, "mean_delivery_time": 5026.581440213258, "mean_schedule_distance": 36248.02937042217, "mean_schedule_energy": 2.8054627034315422, "mean_number_swaps": 3.0, "drone_utilization": 1.0, "execution_time": 300.9989957809448}