{"completion_time": 4385.970175302137, "mean_schedule_time": 1702.5171614459782, "mean_flight_time": 1421.99365242732, "mean_swap_time": 40.90909090909091, "mean_idle_time": 239.61441810956717, "mean_delivery_time": 3397.27179772838, "mean_schedule_distance": 9953.955566991244, "mean_schedule_energy": 0.8396996547431512, "mean_number_swaps": 0.6818181818181818, "drone_utilization": 0.5, "execution_time": 80.86391067504883}