{"completion_time": 9065.64420662852, "mean_schedule_time": 6054.830180644046, "mean_flight_time": 4834.952334707206, "mean_swap_time": 189.6, "mean_idle_time": 1030.2778459368392, "mean_delivery_time": 5595.921978687419, "mean_schedule_distance": 33844.666342950455, "mean_schedule_energy": 2.9128138704837925, "mean_number_swaps": 3.16, "drone_utilization": 1.0, "execution_time": 969.9258778095245}