{"completion_time": 10595.763996018704, "mean_schedule_time": 9345.166172340043, "mean_flight_time": 8374.648201823169, "mean_swap_time": 352.0, "mean_idle_time": 618.5179705168739, "mean_delivery_time": 6327.463530351761, "mean_schedule_distance": 58622.53741276223, "mean_schedule_energy": 4.926958277818735, "mean_number_swaps": 5.866666666666666, "drone_utilization": 1.0, "execution_time": 1849.928694486618}