{"completion_time": 6080.598418513843, "mean_schedule_time": 5142.1358190908995, "mean_flight_time": 4813.665627731914, "mean_swap_time": 176.66666666666666, "mean_idle_time": 151.8035246923182, "mean_delivery_time": 4395.905561582735, "mean_schedule_distance": 33695.659394123424, "mean_schedule_energy": 2.653065362278357, "mean_number_swaps": 2.9444444444444446, "drone_utilization": 1.0, "execution_time": 1713.170696735382}