{"completion_time": 7315.021323787629, "mean_schedule_time": 3773.927677620796, "mean_flight_time": 3651.2004048935214, "mean_swap_time": 122.72727272727273, "mean_idle_time": 2.2737367544323206e-12, "mean_delivery_time": 3549.8416149813715, "mean_schedule_distance": 25558.40283425465, "mean_schedule_energy": 2.1093728344526563, "mean_number_swaps": 2.0454545454545454, "drone_utilization": 1.0, "total_number_parcel_handover": 0, "mean_number_parcel_handover": 0.0, "execution_time": 45.354262351989746}