{"completion_time": 3777.5106618938144, "mean_delivery_time": 1831.320807490686, "total_distance": 562284.8623536023, "consumed_energy": 46.406202357958435, "execution_time": 36.26579761505127}