{"completion_time": 10437.925720576433, "mean_schedule_time": 9403.723453700275, "mean_flight_time": 7844.81627090651, "mean_swap_time": 317.14285714285717, "mean_idle_time": 1241.7643256509082, "mean_delivery_time": 6477.177431292359, "mean_schedule_distance": 54913.71389634563, "mean_schedule_energy": 4.605047551745919, "mean_number_swaps": 5.285714285714286, "drone_utilization": 1.0, "total_number_parcel_handover": 16, "mean_number_parcel_handover": 0.64, "execution_time": 851.0155868530273}