{"completion_time": 54765.73891592672, "mean_schedule_time": 54761.22461951272, "mean_flight_time": 52361.22461951273, "mean_swap_time": 2400.0, "mean_idle_time": -7.275957614183426e-12, "mean_delivery_time": 24210.00522695804, "mean_schedule_distance": 366528.5723365891, "mean_schedule_energy": 29.306185767003008, "mean_number_swaps": 40.0, "drone_utilization": 1.0, "total_number_parcel_handover": 0, "mean_number_parcel_handover": 0.0, "execution_time": 116.40980982780457}