{"completion_time": 16597.939328852888, "mean_schedule_time": 16200.500429587355, "mean_flight_time": 15222.77036496019, "mean_swap_time": 636.0, "mean_idle_time": 341.7300646271651, "mean_delivery_time": 8356.205438507659, "mean_schedule_distance": 106559.39255472133, "mean_schedule_energy": 8.291395030020418, "mean_number_swaps": 10.6, "drone_utilization": 1.0, "execution_time": 2782.9544157981873}