{"completion_time": 9048.262764986728, "mean_schedule_time": 7062.62845035181, "mean_flight_time": 6117.137701299609, "mean_swap_time": 246.66666666666666, "mean_idle_time": 698.824082385534, "mean_delivery_time": 5916.016188696916, "mean_schedule_distance": 42819.96390909726, "mean_schedule_energy": 3.5601515112361852, "mean_number_swaps": 4.111111111111111, "drone_utilization": 1.0, "execution_time": 2610.173535346985}