{"completion_time": 22279.86922855776, "mean_schedule_time": 22203.23833472423, "mean_flight_time": 21273.238334724225, "mean_swap_time": 930.0, "mean_idle_time": 3.637978807091713e-12, "mean_delivery_time": 10612.545422784739, "mean_schedule_distance": 148912.66834306958, "mean_schedule_energy": 11.869107668354275, "mean_number_swaps": 15.5, "drone_utilization": 1.0, "total_number_parcel_handover": 0, "mean_number_parcel_handover": 0.0, "execution_time": 15.898226976394653}