{"completion_time": 11723.81044668485, "mean_schedule_time": 11190.849767390579, "mean_flight_time": 10295.174458962489, "mean_swap_time": 460.0, "mean_idle_time": 435.6753084280899, "mean_delivery_time": 6701.700914346888, "mean_schedule_distance": 72066.22121273744, "mean_schedule_energy": 6.276580039693447, "mean_number_swaps": 7.666666666666667, "drone_utilization": 1.0, "execution_time": 110.00405788421631}