{"completion_time": 1963.5670187516594, "execution_time": 0.18562054634094238}