{"completion_time": 2306.6729512348475, "mean_delivery_time": 1593.2902649495775, "total_distance": 381321.5637178558, "consumed_energy": 31.00416122142859, "execution_time": 470.58372235298157}