{"completion_time": 980.365270430978, "execution_time": 0.0013666152954101562}