{"completion_time": 11452.986787081776, "mean_delivery_time": 4387.405344103574, "total_distance": 473473.679086851, "consumed_energy": 40.91614348841388, "execution_time": 8.271196126937866}