{"completion_time": 23126.617721232633, "mean_schedule_time": 19944.779255070567, "mean_flight_time": 19044.779255070574, "mean_swap_time": 900.0, "mean_idle_time": -7.275957614183426e-12, "mean_delivery_time": 9330.445887502701, "mean_schedule_distance": 133313.45478549396, "mean_schedule_energy": 11.602451752133327, "mean_number_swaps": 15.0, "drone_utilization": 1.0, "execution_time": 13.105844020843506}