{"completion_time": 5078.921489466585, "mean_schedule_time": 4287.0028024792855, "mean_flight_time": 3743.996236487456, "mean_swap_time": 132.0, "mean_idle_time": 411.0065659918296, "mean_delivery_time": 3664.608184465704, "mean_schedule_distance": 26207.973655412174, "mean_schedule_energy": 2.195460602749833, "mean_number_swaps": 2.2, "drone_utilization": 1.0, "execution_time": 891.9436037540436}