{"completion_time": 4715.08001122875, "mean_schedule_time": 854.1039420358633, "mean_flight_time": 830.1039420358633, "mean_swap_time": 24.0, "mean_idle_time": 0.0, "mean_delivery_time": 3416.415768143453, "mean_schedule_distance": 5810.727594251044, "mean_schedule_energy": 0.4997358778189243, "mean_number_swaps": 0.4, "drone_utilization": 0.25, "execution_time": 1.7567014694213867}