{"completion_time": 5060.728670433842, "mean_schedule_time": 1327.367750507605, "mean_flight_time": 1291.367750507605, "mean_swap_time": 36.0, "mean_idle_time": 0.0, "mean_delivery_time": 3318.419376269013, "mean_schedule_distance": 9039.574253553235, "mean_schedule_energy": 0.745135376711279, "mean_number_swaps": 0.6, "drone_utilization": 0.4, "execution_time": 10.271800994873047}