{"completion_time": 18496.828691637595, "mean_schedule_time": 18309.428950253223, "mean_flight_time": 17514.428950253223, "mean_swap_time": 795.0, "mean_idle_time": 0.0, "mean_delivery_time": 9020.72214410817, "mean_schedule_distance": 122601.00265177258, "mean_schedule_energy": 10.496141294506401, "mean_number_swaps": 13.25, "drone_utilization": 1.0, "total_number_parcel_handover": 2, "mean_number_parcel_handover": 0.1, "execution_time": 1820.6560080051422}