{"completion_time": 9737.719009115874, "mean_delivery_time": 4548.851479694707, "total_distance": 492541.22233076714, "consumed_energy": 42.060196083048844, "execution_time": 1039.8753759860992}