{"completion_time": 9345.868429073955, "mean_schedule_time": 8799.55283204307, "mean_flight_time": 8166.173996888877, "mean_swap_time": 366.0, "mean_idle_time": 267.37883515419344, "mean_delivery_time": 5393.2364647238, "mean_schedule_distance": 57163.217978222136, "mean_schedule_energy": 4.978742950846294, "mean_number_swaps": 6.1, "drone_utilization": 1.0, "execution_time": 913.7651281356812}