{"completion_time": 4734.442207999592, "mean_delivery_time": 2367.8624471231783, "total_distance": 229132.37342380814, "consumed_energy": 19.742083516873123, "execution_time": 2.4182093143463135}