{"completion_time": 7476.2398216104, "mean_schedule_time": 5981.146021606736, "mean_flight_time": 5579.68600740206, "mean_swap_time": 225.0, "mean_idle_time": 176.46001420467655, "mean_delivery_time": 4471.963556133183, "mean_schedule_distance": 39057.80205181441, "mean_schedule_energy": 3.400787359835656, "mean_number_swaps": 3.75, "drone_utilization": 1.0, "total_number_parcel_handover": 9, "mean_number_parcel_handover": 0.45, "execution_time": 570.8294394016266}