{"completion_time": 2284.4541129138715, "mean_delivery_time": 1529.519876245325, "total_distance": 173853.67379133237, "consumed_energy": 14.59740635532685, "execution_time": 20.500116109848022}