{"completion_time": 5377.7091723125695, "mean_schedule_time": 4019.6098688750985, "mean_flight_time": 3875.609868875097, "mean_swap_time": 144.0, "mean_idle_time": 1.3642420526593924e-12, "mean_delivery_time": 3097.6394528105243, "mean_schedule_distance": 27129.269082125684, "mean_schedule_energy": 2.297814529456669, "mean_number_swaps": 2.4, "drone_utilization": 1.0, "execution_time": 131.24568104743958}