{"completion_time": 7467.567910396114, "mean_schedule_time": 1421.8769056934495, "mean_flight_time": 981.0276324350097, "mean_swap_time": 23.076923076923077, "mean_idle_time": 417.7723501815168, "mean_delivery_time": 3311.3915500479534, "mean_schedule_distance": 6867.193427045068, "mean_schedule_energy": 0.5442708314020395, "mean_number_swaps": 0.38461538461538464, "drone_utilization": 0.38461538461538464, "total_number_parcel_handover": 5, "mean_number_parcel_handover": 1.0, "execution_time": 445.66874837875366}