{"completion_time": 10116.63610529985, "mean_schedule_time": 6971.058720378361, "mean_flight_time": 6701.058720378361, "mean_swap_time": 270.0, "mean_idle_time": 0.0, "mean_delivery_time": 5056.933236364318, "mean_schedule_distance": 46907.41104264851, "mean_schedule_energy": 3.9161503723565145, "mean_number_swaps": 4.5, "drone_utilization": 1.0, "execution_time": 11.546788215637207}