{"completion_time": 24675.827837314813, "mean_schedule_time": 22223.079017867636, "mean_flight_time": 21251.079017867643, "mean_swap_time": 972.0, "mean_idle_time": -7.275957614183426e-12, "mean_delivery_time": 10739.0355553155, "mean_schedule_distance": 148757.55312507346, "mean_schedule_energy": 12.294947558257308, "mean_number_swaps": 16.2, "drone_utilization": 1.0, "execution_time": 21.379984140396118}