{"completion_time": 3108.8761128304463, "mean_delivery_time": 1958.148692545911, "total_distance": 590557.0552436673, "consumed_energy": 48.374422071747574, "execution_time": 763.956601858139}