{"1": [], "2": [{"x": 4, "y": 5, "a": 0, "tau": 717.777847303566}, {"x": 5, "y": 2, "a": 2, "tau": 1086.0118188792212}], "3": [{"x": 2, "y": 5, "a": 0, "tau": 368.2339715756556}, {"x": 5, "y": 1, "a": 1, "tau": 761.0783429822087}]}
