{"completion_time": 4385.970175302137, "mean_schedule_time": 2334.2278366188584, "mean_flight_time": 2150.9936586792924, "mean_swap_time": 64.8, "mean_idle_time": 118.43417793956587, "mean_delivery_time": 2961.145523726604, "mean_schedule_distance": 15056.955610755043, "mean_schedule_energy": 1.250271325895497, "mean_number_swaps": 1.08, "drone_utilization": 0.8, "execution_time": 118.85236263275146}