{"completion_time": 2009.644848656441, "execution_time": 7200.043627023697}