{"completion_time": 10499.029135515237, "mean_schedule_time": 9843.187709805887, "mean_flight_time": 9306.690907200024, "mean_swap_time": 378.0, "mean_idle_time": 158.4968026058632, "mean_delivery_time": 6413.210442205149, "mean_schedule_distance": 65146.83635040014, "mean_schedule_energy": 5.230270457636921, "mean_number_swaps": 6.3, "drone_utilization": 1.0, "execution_time": 1554.2383477687836}