{"completion_time": 4613.345902469695, "mean_schedule_time": 2108.364534346186, "mean_flight_time": 1958.5582463276262, "mean_swap_time": 57.27272727272727, "mean_idle_time": 92.53356074583235, "mean_delivery_time": 2909.0899622081674, "mean_schedule_distance": 13709.90772429338, "mean_schedule_energy": 1.168011053114961, "mean_number_swaps": 0.9545454545454546, "drone_utilization": 0.7272727272727273, "total_number_parcel_handover": 2, "mean_number_parcel_handover": 0.13333333333333333, "execution_time": 153.0413510799408}