{"completion_time": 5372.686480593861, "mean_delivery_time": 2023.4572448728186, "total_distance": 423854.4228515113, "consumed_energy": 36.20851138693784, "execution_time": 3.0406503677368164}