{"completion_time": 9065.64420662852, "mean_schedule_time": 5708.388179727986, "mean_flight_time": 4338.532913537442, "mean_swap_time": 168.0, "mean_idle_time": 1201.8552661905442, "mean_delivery_time": 5708.388179727986, "mean_schedule_distance": 30369.730394762097, "mean_schedule_energy": 2.592833424736098, "mean_number_swaps": 2.8, "drone_utilization": 1.0, "execution_time": 6460.540233135223}