{"completion_time": 4715.831213201423, "mean_schedule_time": 296.7205502623823, "mean_flight_time": 287.1205502623823, "mean_swap_time": 9.6, "mean_idle_time": -5.684341886080802e-14, "mean_delivery_time": 3709.006878279779, "mean_schedule_distance": 2009.843851836676, "mean_schedule_energy": 0.1542768692142901, "mean_number_swaps": 0.16, "drone_utilization": 0.08, "execution_time": 0.7521026134490967}