{"completion_time": 4594.320837166964, "mean_schedule_time": 2128.298136302725, "mean_flight_time": 2063.098024729289, "mean_swap_time": 60.0, "mean_idle_time": 5.200111573436061, "mean_delivery_time": 3547.1635605045417, "mean_schedule_distance": 14441.686173105025, "mean_schedule_energy": 1.101077447096813, "mean_number_swaps": 1.0, "drone_utilization": 0.6, "execution_time": 6.536742448806763}