{"completion_time": 1302.4144006101756, "execution_time": 0.0012030601501464844}