{"completion_time": 1697.8913980975326, "execution_time": 0.0011644363403320312}