{"completion_time": 4349.292825153371, "mean_delivery_time": 2586.230110463724, "total_distance": 627344.8709568303, "consumed_energy": 54.74040501746862, "execution_time": 328.5367991924286}