{"completion_time": 8518.585650306743, "mean_schedule_time": 6454.564485768234, "mean_flight_time": 5648.588741982652, "mean_swap_time": 232.5, "mean_idle_time": 573.4757437855815, "mean_delivery_time": 4844.518782140703, "mean_schedule_distance": 39540.12119387855, "mean_schedule_energy": 3.4688892314786366, "mean_number_swaps": 3.875, "drone_utilization": 1.0, "execution_time": 626.9077770709991}