{"completion_time": 27536.63390854691, "mean_schedule_time": 22080.08593294136, "mean_flight_time": 21120.085932941358, "mean_swap_time": 960.0, "mean_idle_time": 3.637978807091713e-12, "mean_delivery_time": 10523.489520255278, "mean_schedule_distance": 147840.60153058957, "mean_schedule_energy": 11.986790375146601, "mean_number_swaps": 16.0, "drone_utilization": 1.0, "execution_time": 13.369085311889648}