{"completion_time": 9269.634670276771, "mean_schedule_time": 7387.653943650111, "mean_flight_time": 7117.653943650111, "mean_swap_time": 270.0, "mean_idle_time": 0.0, "mean_delivery_time": 5725.817442633352, "mean_schedule_distance": 49823.57760555077, "mean_schedule_energy": 3.779445503814826, "mean_number_swaps": 4.5, "drone_utilization": 1.0, "total_number_parcel_handover": 0, "mean_number_parcel_handover": 0.0, "execution_time": 2.742260217666626}