{"completion_time": 5145.584428208684, "mean_schedule_time": 1625.4393488185437, "mean_flight_time": 1357.7211741795707, "mean_swap_time": 40.0, "mean_idle_time": 227.7181746389731, "mean_delivery_time": 2929.688624852793, "mean_schedule_distance": 9504.048219256994, "mean_schedule_energy": 0.7545578846000668, "mean_number_swaps": 0.6666666666666666, "drone_utilization": 0.5333333333333333, "execution_time": 42.382567405700684}