{"completion_time": 4357.6457307103665, "mean_schedule_time": 2265.634259491022, "mean_flight_time": 1989.934032413701, "mean_swap_time": 54.54545454545455, "mean_idle_time": 221.15477253186646, "mean_delivery_time": 3208.840324542052, "mean_schedule_distance": 13929.538226895902, "mean_schedule_energy": 1.1440472351599988, "mean_number_swaps": 0.9090909090909091, "drone_utilization": 0.6818181818181818, "total_number_parcel_handover": 4, "mean_number_parcel_handover": 0.26666666666666666, "execution_time": 109.74853849411011}