{"completion_time": 11531.234793131543, "mean_schedule_time": 10776.62180542068, "mean_flight_time": 10104.230335920813, "mean_swap_time": 420.0, "mean_idle_time": 252.39146949986753, "mean_delivery_time": 6907.433982788311, "mean_schedule_distance": 70729.61235144566, "mean_schedule_energy": 5.694151707957404, "mean_number_swaps": 7.0, "drone_utilization": 1.0, "execution_time": 2605.960284948349}