{"completion_time": 13423.804804580312, "mean_schedule_time": 13122.708502679325, "mean_flight_time": 11764.214490574508, "mean_swap_time": 516.0, "mean_idle_time": 842.4940121048166, "mean_delivery_time": 7746.691373684596, "mean_schedule_distance": 82349.50143402157, "mean_schedule_energy": 6.973405155171011, "mean_number_swaps": 8.6, "drone_utilization": 1.0, "execution_time": 4996.781899213791}