{"completion_time": 829.5586195806183, "mean_delivery_time": 652.7486195287327, "total_distance": 36553.922693609034, "consumed_energy": 3.5725747797873644, "execution_time": 0.015327930450439453}