{"completion_time": 6211.841311931644, "mean_schedule_time": 3875.710120487955, "mean_flight_time": 3456.58080288533, "mean_swap_time": 117.27272727272727, "mean_idle_time": 301.8565903298977, "mean_delivery_time": 4117.912183672428, "mean_schedule_distance": 24196.06562019731, "mean_schedule_energy": 1.950100550589236, "mean_number_swaps": 1.9545454545454546, "drone_utilization": 0.9090909090909091, "execution_time": 484.56752157211304}