{"completion_time": 7268.378021878029, "mean_schedule_time": 5656.695456902665, "mean_flight_time": 5165.237065438536, "mean_swap_time": 208.0, "mean_idle_time": 283.4583914641289, "mean_delivery_time": 4399.862685988516, "mean_schedule_distance": 36156.65945806976, "mean_schedule_energy": 3.160798060044544, "mean_number_swaps": 3.466666666666667, "drone_utilization": 1.0, "execution_time": 772.9944307804108}