{"completion_time": 4615.845784072465, "mean_schedule_time": 1535.2834097479665, "mean_flight_time": 1487.2834097479667, "mean_swap_time": 48.0, "mean_idle_time": -2.2737367544323206e-13, "mean_delivery_time": 3070.566819495933, "mean_schedule_distance": 10410.983868235764, "mean_schedule_energy": 0.8882734412910291, "mean_number_swaps": 0.8, "drone_utilization": 0.5, "execution_time": 1.5161082744598389}