{"1": [{"x": 4, "y": 2, "a": 0, "tau": 610.9861748927057}, {"x": 2, "y": 2, "a": -1, "tau": 670.9861748927057}, {"x": 2, "y": 1, "a": 2, "tau": 1072.4492592884355}], "2": [], "3": [{"x": 2, "y": 5, "a": 1, "tau": 931.7492962486688}]}