{"completion_time": 19909.557145296407, "mean_schedule_time": 19431.87390851967, "mean_flight_time": 18543.873908519672, "mean_swap_time": 888.0, "mean_idle_time": -3.637978807091713e-12, "mean_delivery_time": 9200.200183622363, "mean_schedule_distance": 129807.1173596377, "mean_schedule_energy": 11.289198464608726, "mean_number_swaps": 14.8, "drone_utilization": 1.0, "execution_time": 594.6009645462036}