{"completion_time": 7145.334073690657, "mean_schedule_time": 3387.5380374187207, "mean_flight_time": 3283.691883572567, "mean_swap_time": 103.84615384615384, "mean_idle_time": 0.0, "mean_delivery_time": 3629.8207962490205, "mean_schedule_distance": 22985.843185007972, "mean_schedule_energy": 1.8495423028083464, "mean_number_swaps": 1.7307692307692308, "drone_utilization": 0.8846153846153846, "total_number_parcel_handover": 0, "mean_number_parcel_handover": 0.0, "execution_time": 50.75922179222107}