{"completion_time": 5999.525122031663, "mean_schedule_time": 1422.775957696773, "mean_flight_time": 1377.175957696773, "mean_swap_time": 45.6, "mean_idle_time": 2.2737367544323206e-13, "mean_delivery_time": 3556.939894241933, "mean_schedule_distance": 9640.231703877413, "mean_schedule_energy": 0.8456403610728782, "mean_number_swaps": 0.76, "drone_utilization": 0.4, "execution_time": 9.216143369674683}