{"completion_time": 2306.6729512348475, "mean_delivery_time": 1445.348306236908, "total_distance": 233898.60967258696, "consumed_energy": 20.08819067405685, "execution_time": 150.90570044517517}