{"completion_time": 3014.656086532526, "mean_delivery_time": 2113.629192246611, "total_distance": 153515.0362280996, "consumed_energy": 13.04767332989757, "execution_time": 2.111440658569336}