{"completion_time": 7681.7988069490475, "mean_schedule_time": 2889.389835590091, "mean_flight_time": 2794.774450974706, "mean_swap_time": 94.61538461538461, "mean_idle_time": 4.547473508864641e-13, "mean_delivery_time": 3756.2067862671183, "mean_schedule_distance": 19563.421156822944, "mean_schedule_energy": 1.6546017070160999, "mean_number_swaps": 1.5769230769230769, "drone_utilization": 0.7692307692307693, "total_number_parcel_handover": 0, "mean_number_parcel_handover": 0.0, "execution_time": 36.46834421157837}