{"completion_time": 10157.91833747798, "mean_schedule_time": 9742.501604472975, "mean_flight_time": 9252.096233407938, "mean_swap_time": 385.0, "mean_idle_time": 105.40537106503689, "mean_delivery_time": 6285.38585283811, "mean_schedule_distance": 64764.67363385559, "mean_schedule_energy": 5.2717247578233595, "mean_number_swaps": 6.416666666666667, "drone_utilization": 1.0, "execution_time": 1146.3267149925232}