{"completion_time": 12395.033157938004, "mean_schedule_time": 11932.675659585606, "mean_flight_time": 11154.706032848248, "mean_swap_time": 495.0, "mean_idle_time": 282.96962673735834, "mean_delivery_time": 6754.489639325667, "mean_schedule_distance": 78082.94222993778, "mean_schedule_energy": 6.503407947633232, "mean_number_swaps": 8.25, "drone_utilization": 1.0, "execution_time": 2797.6734158992767}