{"completion_time": 4385.970175302137, "mean_schedule_time": 2945.724189332666, "mean_flight_time": 2755.5305906278018, "mean_swap_time": 86.4, "mean_idle_time": 103.79359870486405, "mean_delivery_time": 3117.637647496549, "mean_schedule_distance": 19288.71413439461, "mean_schedule_energy": 1.5897808994215088, "mean_number_swaps": 1.44, "drone_utilization": 0.96, "execution_time": 476.59179735183716}