{"completion_time": 9974.78079272278, "mean_schedule_time": 2694.4973142667877, "mean_flight_time": 2604.4973142667873, "mean_swap_time": 90.0, "mean_idle_time": 4.547473508864641e-13, "mean_delivery_time": 3873.2217907911045, "mean_schedule_distance": 18231.481199867507, "mean_schedule_energy": 1.6276640651554188, "mean_number_swaps": 1.5, "drone_utilization": 0.6785714285714286, "execution_time": 33.127763509750366}