{"completion_time": 12899.822115631572, "mean_schedule_time": 10282.117089717716, "mean_flight_time": 9844.117089717714, "mean_swap_time": 438.0, "mean_idle_time": 1.8189894035458565e-12, "mean_delivery_time": 6381.834898112445, "mean_schedule_distance": 68908.81962802404, "mean_schedule_energy": 5.736218445217341, "mean_number_swaps": 7.3, "drone_utilization": 1.0, "execution_time": 36.358641386032104}