{"completion_time": 4558.072981889937, "mean_schedule_time": 3092.3023419144124, "mean_flight_time": 3008.302341914413, "mean_swap_time": 84.0, "mean_idle_time": -4.547473508864641e-13, "mean_delivery_time": 3752.215164278177, "mean_schedule_distance": 21058.116393400887, "mean_schedule_energy": 1.593411525830596, "mean_number_swaps": 1.4, "drone_utilization": 0.8, "execution_time": 263.71408247947693}