{"completion_time": 5325.584428208684, "mean_schedule_time": 903.94664172358, "mean_flight_time": 870.6133083902466, "mean_swap_time": 33.333333333333336, "mean_idle_time": 0.0, "mean_delivery_time": 3254.207910204888, "mean_schedule_distance": 6094.293158731727, "mean_schedule_energy": 0.5092732634041406, "mean_number_swaps": 0.5555555555555556, "drone_utilization": 0.2777777777777778, "total_number_parcel_handover": 0, "mean_number_parcel_handover": 0.0, "execution_time": 2.44228196144104}