{"completion_time": 8288.513198733657, "mean_schedule_time": 4336.5195262159, "mean_flight_time": 4194.919526215901, "mean_swap_time": 141.6, "mean_idle_time": -9.094947017729282e-13, "mean_delivery_time": 4107.434286218072, "mean_schedule_distance": 29364.436683511296, "mean_schedule_energy": 2.3425139008911233, "mean_number_swaps": 2.36, "drone_utilization": 0.96, "execution_time": 55.5857458114624}