{"completion_time": 4385.970175302137, "mean_schedule_time": 1459.8122978312601, "mean_flight_time": 1149.7418207897788, "mean_swap_time": 36.0, "mean_idle_time": 274.07047704148135, "mean_delivery_time": 3301.264787125378, "mean_schedule_distance": 8048.192745528453, "mean_schedule_energy": 0.7144368012118248, "mean_number_swaps": 0.6, "drone_utilization": 0.44, "execution_time": 100.07778525352478}