{"completion_time": 19105.83470115331, "mean_schedule_time": 14939.328100945644, "mean_flight_time": 14303.328100945646, "mean_swap_time": 636.0, "mean_idle_time": -1.8189894035458565e-12, "mean_delivery_time": 8536.92517213439, "mean_schedule_distance": 100123.29670661951, "mean_schedule_energy": 8.370664677923795, "mean_number_swaps": 10.6, "drone_utilization": 1.0, "execution_time": 5.804135799407959}