{"completion_time": 714.2857142857143, "mean_delivery_time": 714.2857142857143, "total_distance": 20000.0, "consumed_energy": 1.9500000000000002, "execution_time": 0.005740165710449219}