{"completion_time": 17322.031686098806, "mean_schedule_time": 15000.678543317994, "mean_flight_time": 14340.678543317996, "mean_swap_time": 660.0, "mean_idle_time": -1.8189894035458565e-12, "mean_delivery_time": 7367.504733733415, "mean_schedule_distance": 100384.74980322592, "mean_schedule_energy": 8.297060701010825, "mean_number_swaps": 11.0, "drone_utilization": 1.0, "total_number_parcel_handover": 0, "mean_number_parcel_handover": 0.0, "execution_time": 7.872248649597168}