{"completion_time": 5821.221566738081, "mean_schedule_time": 3191.3391675062426, "mean_flight_time": 2827.4576483884052, "mean_swap_time": 88.8, "mean_idle_time": 275.08151911783716, "mean_delivery_time": 3528.5755560007356, "mean_schedule_distance": 19792.20353871884, "mean_schedule_energy": 1.6060716908834973, "mean_number_swaps": 1.48, "drone_utilization": 0.88, "execution_time": 1316.4182426929474}