{"completion_time": 8069.836666011388, "mean_schedule_time": 6973.237573855622, "mean_flight_time": 5508.576716969928, "mean_swap_time": 217.5, "mean_idle_time": 1247.1608568856936, "mean_delivery_time": 5635.424678535282, "mean_schedule_distance": 38560.037018789495, "mean_schedule_energy": 3.207119835365126, "mean_number_swaps": 3.625, "drone_utilization": 1.0, "execution_time": 2231.8026871681213}