{"completion_time": 4568.908225827743, "mean_schedule_time": 2899.6438572785746, "mean_flight_time": 2815.6438572785746, "mean_swap_time": 84.0, "mean_idle_time": 0.0, "mean_delivery_time": 3344.151175898331, "mean_schedule_distance": 19709.507000950027, "mean_schedule_energy": 1.5679408001471598, "mean_number_swaps": 1.4, "drone_utilization": 0.8666666666666667, "execution_time": 203.85076546669006}