{"completion_time": 11742.330965574516, "mean_schedule_time": 11453.576481388578, "mean_flight_time": 10755.016999265836, "mean_swap_time": 450.0, "mean_idle_time": 248.55948212274234, "mean_delivery_time": 6898.000856384979, "mean_schedule_distance": 75285.11899486082, "mean_schedule_energy": 6.104881195563346, "mean_number_swaps": 7.5, "drone_utilization": 1.0, "execution_time": 895.2977559566498}