{"completion_time": 4266.20077448701, "mean_delivery_time": 2566.154983104174, "total_distance": 593526.3749068159, "consumed_energy": 48.05245819090733, "execution_time": 3239.6172683238983}