{"completion_time": 7944.983519305082, "mean_schedule_time": 7256.737994180562, "mean_flight_time": 6895.862975386095, "mean_swap_time": 250.0, "mean_idle_time": 110.875018794467, "mean_delivery_time": 4810.23389818296, "mean_schedule_distance": 48271.040827702665, "mean_schedule_energy": 3.915490780155491, "mean_number_swaps": 4.166666666666667, "drone_utilization": 1.0, "total_number_parcel_handover": 8, "mean_number_parcel_handover": 0.32, "execution_time": 5008.902987957001}