{"completion_time": 10649.547879700003, "mean_schedule_time": 9759.370871014204, "mean_flight_time": 9327.58084687761, "mean_swap_time": 420.0, "mean_idle_time": 11.790024136593274, "mean_delivery_time": 6199.01393238826, "mean_schedule_distance": 65293.06592814329, "mean_schedule_energy": 5.441602449097496, "mean_number_swaps": 7.0, "drone_utilization": 1.0, "execution_time": 2543.3356692790985}