{"completion_time": 26700.918262462514, "mean_schedule_time": 24776.242708898804, "mean_flight_time": 23768.242708898808, "mean_swap_time": 1008.0, "mean_idle_time": -3.637978807091713e-12, "mean_delivery_time": 12221.547796008466, "mean_schedule_distance": 166377.6989622916, "mean_schedule_energy": 13.153985306685907, "mean_number_swaps": 16.8, "drone_utilization": 1.0, "execution_time": 12.417071104049683}