{"completion_time": 5331.061584605673, "mean_delivery_time": 2313.96290535926, "total_distance": 744774.6743724197, "consumed_energy": 62.81693596019119, "execution_time": 63.304649353027344}