{"completion_time": 14901.967854399703, "mean_schedule_time": 12926.994212797073, "mean_flight_time": 12386.994212797073, "mean_swap_time": 540.0, "mean_idle_time": 0.0, "mean_delivery_time": 6789.649049794239, "mean_schedule_distance": 86708.95948957953, "mean_schedule_energy": 7.175932135231091, "mean_number_swaps": 9.0, "drone_utilization": 1.0, "total_number_parcel_handover": 0, "mean_number_parcel_handover": 0.0, "execution_time": 4.4967427253723145}