{"completion_time": 7879.45604760658, "mean_schedule_time": 7021.33398498108, "mean_flight_time": 6721.203356613431, "mean_swap_time": 270.0, "mean_idle_time": 30.13062836764857, "mean_delivery_time": 4966.946286432998, "mean_schedule_distance": 47048.423496294025, "mean_schedule_energy": 3.86000973216836, "mean_number_swaps": 4.5, "drone_utilization": 1.0, "execution_time": 2634.0361688137054}