{"completion_time": 4538.327975340533, "mean_delivery_time": 2781.0315654698356, "total_distance": 490277.1113186561, "consumed_energy": 40.187074027121604, "execution_time": 964.5807182788849}