{"completion_time": 7681.7988069490475, "mean_schedule_time": 2590.591403436567, "mean_flight_time": 2504.1914034365673, "mean_swap_time": 86.4, "mean_idle_time": -4.547473508864641e-13, "mean_delivery_time": 4047.7990678696356, "mean_schedule_distance": 17529.339824055973, "mean_schedule_energy": 1.4590921520923699, "mean_number_swaps": 1.44, "drone_utilization": 0.64, "execution_time": 24.19005584716797}