{"completion_time": 15390.50486940516, "mean_schedule_time": 12091.854004339284, "mean_flight_time": 11611.854004339284, "mean_swap_time": 480.0, "mean_idle_time": 0.0, "mean_delivery_time": 7647.969069293731, "mean_schedule_distance": 81282.97803037497, "mean_schedule_energy": 6.4262684040469615, "mean_number_swaps": 8.0, "drone_utilization": 1.0, "total_number_parcel_handover": 0, "mean_number_parcel_handover": 0.0, "execution_time": 5.357224941253662}