{"completion_time": 7246.498384269667, "mean_schedule_time": 1560.389408131508, "mean_flight_time": 961.9048879227724, "mean_swap_time": 27.0, "mean_idle_time": 571.4845202087355, "mean_delivery_time": 6898.930474357262, "mean_schedule_distance": 6733.334215459407, "mean_schedule_energy": 0.5743185127872718, "mean_number_swaps": 0.45, "drone_utilization": 0.35, "execution_time": 221.6356544494629}