{"completion_time": 13460.153889813993, "mean_schedule_time": 12026.576110159389, "mean_flight_time": 10301.11004824827, "mean_swap_time": 432.0, "mean_idle_time": 1293.4660619111182, "mean_delivery_time": 7927.8181559962195, "mean_schedule_distance": 72107.77033773786, "mean_schedule_energy": 5.870250466991757, "mean_number_swaps": 7.2, "drone_utilization": 1.0, "execution_time": 1498.1244213581085}