{"completion_time": 5752.571536996474, "mean_delivery_time": 2658.7587753791368, "total_distance": 399636.1355352617, "consumed_energy": 34.59282184070267, "execution_time": 9.195119142532349}