{"completion_time": 8988.262764986728, "mean_schedule_time": 3484.0722620883757, "mean_flight_time": 2701.2374116189158, "mean_swap_time": 100.71428571428571, "mean_idle_time": 682.1205647551742, "mean_delivery_time": 4534.578932355362, "mean_schedule_distance": 18908.661881332413, "mean_schedule_energy": 1.6345100808408897, "mean_number_swaps": 1.6785714285714286, "drone_utilization": 0.75, "execution_time": 817.9395582675934}