{"completion_time": 6581.682597532076, "mean_delivery_time": 2318.4295100295176, "total_distance": 626428.7380956105, "consumed_energy": 50.237858584120836, "execution_time": 32.48133301734924}