{"completion_time": 9511.424597910624, "mean_schedule_time": 6577.9442837862425, "mean_flight_time": 5868.188025974445, "mean_swap_time": 234.0, "mean_idle_time": 475.7562578117977, "mean_delivery_time": 5370.0794507618, "mean_schedule_distance": 41077.31618182111, "mean_schedule_energy": 3.5633319703352813, "mean_number_swaps": 3.9, "drone_utilization": 1.0, "execution_time": 1788.8993709087372}