{"completion_time": 5655.282952837005, "mean_schedule_time": 4258.395020159953, "mean_flight_time": 4019.3345701056787, "mean_swap_time": 138.0, "mean_idle_time": 101.06045005427404, "mean_delivery_time": 3379.0051312034584, "mean_schedule_distance": 28135.341990739747, "mean_schedule_energy": 2.2524035497144075, "mean_number_swaps": 2.3, "drone_utilization": 1.0, "execution_time": 83.30317544937134}