{"completion_time": 9848.87499894392, "mean_delivery_time": 4045.292829315984, "total_distance": 587829.0440614012, "consumed_energy": 48.57483282433277, "execution_time": 15.003043413162231}