{"completion_time": 3792.34613969094, "mean_schedule_time": 755.7250724740716, "mean_flight_time": 546.9947391469808, "mean_swap_time": 12.0, "mean_idle_time": 196.73033332709076, "mean_delivery_time": 3570.8936400307152, "mean_schedule_distance": 3828.9631740288664, "mean_schedule_energy": 0.32757489546537616, "mean_number_swaps": 0.2, "drone_utilization": 0.3, "execution_time": 10.903276443481445}