{"completion_time": 3910.4054828386197, "mean_schedule_time": 2215.922377519219, "mean_flight_time": 2117.764444261752, "mean_swap_time": 42.0, "mean_idle_time": 56.15793325746699, "mean_delivery_time": 3384.706126818608, "mean_schedule_distance": 14824.351109832267, "mean_schedule_energy": 1.0507719950833143, "mean_number_swaps": 0.7, "drone_utilization": 0.7, "total_number_parcel_handover": 3, "mean_number_parcel_handover": 0.6, "execution_time": 12.39133596420288}