{"completion_time": 5781.155161946379, "mean_schedule_time": 4716.818717270553, "mean_flight_time": 3529.5784110590907, "mean_swap_time": 115.71428571428571, "mean_idle_time": 1071.5260204971764, "mean_delivery_time": 5224.2422825554495, "mean_schedule_distance": 24707.048877413625, "mean_schedule_energy": 2.0321097312065777, "mean_number_swaps": 1.9285714285714286, "drone_utilization": 0.9285714285714286, "total_number_parcel_handover": 11, "mean_number_parcel_handover": 1.1, "execution_time": 691.9719479084015}