{"completion_time": 4891.307939423916, "mean_schedule_time": 2979.929015434083, "mean_flight_time": 2505.3419912653667, "mean_swap_time": 84.0, "mean_idle_time": 390.5870241687162, "mean_delivery_time": 3468.3958090760634, "mean_schedule_distance": 17537.393938857575, "mean_schedule_energy": 1.5191178660910296, "mean_number_swaps": 1.4, "drone_utilization": 0.85, "execution_time": 143.03251791000366}