{"completion_time": 13997.373367672257, "mean_schedule_time": 10676.579402407206, "mean_flight_time": 10232.579402407206, "mean_swap_time": 444.0, "mean_idle_time": 0.0, "mean_delivery_time": 6272.763788858778, "mean_schedule_distance": 71628.05581685042, "mean_schedule_energy": 5.768077468620879, "mean_number_swaps": 7.4, "drone_utilization": 1.0, "execution_time": 27.014176845550537}