{"completion_time": 7739.513833161006, "mean_schedule_time": 4424.983878837431, "mean_flight_time": 3450.612166246072, "mean_swap_time": 120.0, "mean_idle_time": 854.371712591359, "mean_delivery_time": 4667.162347653521, "mean_schedule_distance": 24154.285163722503, "mean_schedule_energy": 2.0293109318481766, "mean_number_swaps": 2.0, "drone_utilization": 0.9, "execution_time": 343.06381607055664}