{"completion_time": 7467.567910396114, "mean_schedule_time": 2719.435928084152, "mean_flight_time": 2036.5414609806132, "mean_swap_time": 69.0, "mean_idle_time": 613.8944671035388, "mean_delivery_time": 4018.7469552629186, "mean_schedule_distance": 14255.7902268643, "mean_schedule_energy": 1.2530033358191692, "mean_number_swaps": 1.15, "drone_utilization": 0.65, "execution_time": 101.012526512146}