{"completion_time": 2001.1044196017733, "mean_delivery_time": 1330.3992556141245, "total_distance": 185673.1748872443, "consumed_energy": 14.731442128678504, "execution_time": 57.15546369552612}