{"completion_time": 8048.471800410488, "mean_schedule_time": 3990.737628453999, "mean_flight_time": 3371.425054766477, "mean_swap_time": 115.2, "mean_idle_time": 504.1125736875224, "mean_delivery_time": 3793.23360841389, "mean_schedule_distance": 23599.975383365345, "mean_schedule_energy": 1.9862440960676786, "mean_number_swaps": 1.92, "drone_utilization": 0.96, "execution_time": 499.43787360191345}