{"completion_time": 19245.256203424477, "mean_schedule_time": 11791.945458488004, "mean_flight_time": 11263.945458488004, "mean_swap_time": 528.0, "mean_idle_time": 0.0, "mean_delivery_time": 6644.000176906687, "mean_schedule_distance": 78847.61820941605, "mean_schedule_energy": 6.769395457589718, "mean_number_swaps": 8.8, "drone_utilization": 1.0, "execution_time": 36.562355279922485}