{"completion_time": 3889.6143875998546, "mean_delivery_time": 2310.581453852194, "total_distance": 620757.9506969366, "consumed_energy": 51.243712990612856, "execution_time": 352.1208531856537}