{"completion_time": 7779.228775199709, "mean_schedule_time": 5383.142931274615, "mean_flight_time": 4926.650402356638, "mean_swap_time": 186.66666666666666, "mean_idle_time": 269.82586225131035, "mean_delivery_time": 4543.496191990274, "mean_schedule_distance": 34486.55281649647, "mean_schedule_energy": 2.846872943922937, "mean_number_swaps": 3.111111111111111, "drone_utilization": 1.0, "execution_time": 464.33444690704346}