{"completion_time": 10244.945330738748, "mean_schedule_time": 3240.8227230393027, "mean_flight_time": 3132.822723039302, "mean_swap_time": 108.0, "mean_idle_time": 4.547473508864641e-13, "mean_delivery_time": 3888.987267647163, "mean_schedule_distance": 21929.759061275134, "mean_schedule_energy": 1.8961889057816206, "mean_number_swaps": 1.8, "drone_utilization": 0.8333333333333334, "total_number_parcel_handover": 0, "mean_number_parcel_handover": 0.0, "execution_time": 47.039241313934326}