{"completion_time": 6346.1873555388065, "mean_schedule_time": 4330.55697890333, "mean_flight_time": 4144.990889986828, "mean_swap_time": 150.0, "mean_idle_time": 35.56608891650194, "mean_delivery_time": 3810.6959820966317, "mean_schedule_distance": 29014.93622990779, "mean_schedule_energy": 2.5306805271293684, "mean_number_swaps": 2.5, "drone_utilization": 1.0, "execution_time": 871.3065173625946}