{"completion_time": 5279.92783165589, "mean_schedule_time": 2517.7158036188516, "mean_flight_time": 2127.4961351314214, "mean_swap_time": 64.28571428571429, "mean_idle_time": 325.933954201716, "mean_delivery_time": 3056.8230584611747, "mean_schedule_distance": 14892.472945919955, "mean_schedule_energy": 1.2935142142391383, "mean_number_swaps": 1.0714285714285714, "drone_utilization": 0.8214285714285714, "execution_time": 502.3890292644501}