{"completion_time": 27901.492841321273, "mean_schedule_time": 27819.320276793052, "mean_flight_time": 26486.538871595356, "mean_swap_time": 1248.0, "mean_idle_time": 84.78140519769659, "mean_delivery_time": 13013.91517935056, "mean_schedule_distance": 185405.77210116762, "mean_schedule_energy": 15.32314202079219, "mean_number_swaps": 20.8, "drone_utilization": 1.0, "execution_time": 3227.811680316925}