{"completion_time": 5595.235259517608, "mean_schedule_time": 3459.999673003926, "mean_flight_time": 3218.0302820910792, "mean_swap_time": 99.0, "mean_idle_time": 142.96939091284685, "mean_delivery_time": 3630.3378581767515, "mean_schedule_distance": 22526.211974637557, "mean_schedule_energy": 1.8236394071743618, "mean_number_swaps": 1.65, "drone_utilization": 0.9, "execution_time": 256.3626744747162}