{"completion_time": 25924.67395157474, "mean_schedule_time": 21276.13212392371, "mean_flight_time": 20364.132123923715, "mean_swap_time": 912.0, "mean_idle_time": -3.637978807091713e-12, "mean_delivery_time": 10580.43144144658, "mean_schedule_distance": 142548.924867466, "mean_schedule_energy": 11.608445276394743, "mean_number_swaps": 15.2, "drone_utilization": 1.0, "execution_time": 10.176918506622314}