{"completion_time": 2576.9318460673885, "mean_delivery_time": 1800.0072771740486, "total_distance": 297090.0075176608, "consumed_energy": 24.708859011655385, "execution_time": 49.019819498062134}