{"completion_time": 4385.970175302137, "mean_schedule_time": 2524.9216770382322, "mean_flight_time": 2241.135324233735, "mean_swap_time": 72.0, "mean_idle_time": 211.78635280449726, "mean_delivery_time": 2982.0191175714035, "mean_schedule_distance": 15687.947269636148, "mean_schedule_energy": 1.328268003986347, "mean_number_swaps": 1.2, "drone_utilization": 0.84, "execution_time": 100.43091130256653}