{"completion_time": 12196.451498020242, "mean_schedule_time": 11693.458344868928, "mean_flight_time": 11176.666360408264, "mean_swap_time": 480.0, "mean_idle_time": 36.791984460664025, "mean_delivery_time": 6958.054867163172, "mean_schedule_distance": 78236.66452285784, "mean_schedule_energy": 6.441381182406382, "mean_number_swaps": 8.0, "drone_utilization": 1.0, "execution_time": 1166.2862253189087}