{"completion_time": 3106.957375390241, "mean_delivery_time": 2412.192240512768, "total_distance": 520063.4158390936, "consumed_energy": 41.869835097223365, "execution_time": 1051.3550262451172}