{"completion_time": 5991.936783815568, "mean_schedule_time": 1741.0498873731988, "mean_flight_time": 1685.049887373199, "mean_swap_time": 56.0, "mean_idle_time": -2.2737367544323206e-13, "mean_delivery_time": 3264.4685388247476, "mean_schedule_distance": 11795.349211612396, "mean_schedule_energy": 0.9771423261719578, "mean_number_swaps": 0.9333333333333333, "drone_utilization": 0.5333333333333333, "execution_time": 3.8710379600524902}