{"completion_time": 5168.490562113875, "mean_schedule_time": 4238.68701880154, "mean_flight_time": 4079.8289968641825, "mean_swap_time": 132.85714285714286, "mean_idle_time": 26.000879080214872, "mean_delivery_time": 4159.5225877971925, "mean_schedule_distance": 28558.802978049272, "mean_schedule_energy": 2.216396557642514, "mean_number_swaps": 2.2142857142857144, "drone_utilization": 0.9285714285714286, "total_number_parcel_handover": 6, "mean_number_parcel_handover": 0.4, "execution_time": 446.8134799003601}