{"completion_time": 9626.614156248732, "mean_schedule_time": 9009.641433883542, "mean_flight_time": 8370.92321078102, "mean_swap_time": 344.0, "mean_idle_time": 294.71822310252173, "mean_delivery_time": 6564.070960202176, "mean_schedule_distance": 58596.462475467095, "mean_schedule_energy": 4.951456348170205, "mean_number_swaps": 5.733333333333333, "drone_utilization": 1.0, "execution_time": 1907.2693755626678}