{"completion_time": 3567.139219316344, "mean_schedule_time": 1034.2709735177002, "mean_flight_time": 861.6734748516375, "mean_swap_time": 22.5, "mean_idle_time": 150.09749866606273, "mean_delivery_time": 2649.7975943511437, "mean_schedule_distance": 6031.7143239614625, "mean_schedule_energy": 0.5318390272061543, "mean_number_swaps": 0.375, "drone_utilization": 0.4375, "execution_time": 17.980172872543335}