{"completion_time": 7830.97721244573, "mean_schedule_time": 3653.0813991125588, "mean_flight_time": 2866.8560133351034, "mean_swap_time": 95.45454545454545, "mean_idle_time": 690.7708403229099, "mean_delivery_time": 4756.483411249526, "mean_schedule_distance": 20067.99209334572, "mean_schedule_energy": 1.7062741002688178, "mean_number_swaps": 1.5909090909090908, "drone_utilization": 0.7727272727272727, "total_number_parcel_handover": 10, "mean_number_parcel_handover": 0.6666666666666666, "execution_time": 308.4598910808563}