{"completion_time": 4480.036689429869, "mean_schedule_time": 3595.8431261570536, "mean_flight_time": 3201.0516441758396, "mean_swap_time": 96.0, "mean_idle_time": 298.791481981214, "mean_delivery_time": 3511.4154384644344, "mean_schedule_distance": 22407.36150923087, "mean_schedule_energy": 1.781309216011228, "mean_number_swaps": 1.6, "drone_utilization": 1.0, "total_number_parcel_handover": 3, "mean_number_parcel_handover": 0.3, "execution_time": 27.22355842590332}