{"completion_time": 19760.002784033466, "mean_schedule_time": 19400.069458327922, "mean_flight_time": 18220.364390866485, "mean_swap_time": 800.0, "mean_idle_time": 379.70506746143656, "mean_delivery_time": 10201.60653747667, "mean_schedule_distance": 127542.55073606542, "mean_schedule_energy": 10.092956342895167, "mean_number_swaps": 13.333333333333334, "drone_utilization": 1.0, "total_number_parcel_handover": 7, "mean_number_parcel_handover": 0.28, "execution_time": 5859.063604593277}