{"completion_time": 2946.569301654105, "mean_delivery_time": 2337.0819872786774, "total_distance": 120796.59128760593, "consumed_energy": 11.309927508004842, "execution_time": 0.5635867118835449}