{"completion_time": 7762.228029330059, "mean_schedule_time": 3894.4579305368034, "mean_flight_time": 3370.381880492044, "mean_swap_time": 122.0, "mean_idle_time": 402.07605004475954, "mean_delivery_time": 4413.18978344833, "mean_schedule_distance": 23592.673163444295, "mean_schedule_energy": 2.021808381224405, "mean_number_swaps": 2.033333333333333, "drone_utilization": 0.8666666666666667, "execution_time": 2038.7084448337555}