{"completion_time": 2415.646671608688, "mean_delivery_time": 2155.09460042925, "total_distance": 102112.26300682951, "consumed_energy": 9.236928404605642, "execution_time": 1.417747974395752}