{"completion_time": 5504.449328087319, "mean_schedule_time": 4811.785146933906, "mean_flight_time": 4589.895393605045, "mean_swap_time": 172.0, "mean_idle_time": 49.889753328860934, "mean_delivery_time": 3634.2287668839163, "mean_schedule_distance": 32129.267755235305, "mean_schedule_energy": 2.660827444303153, "mean_number_swaps": 2.8666666666666667, "drone_utilization": 1.0, "execution_time": 240.36257314682007}