{"completion_time": 5251.593760771887, "mean_schedule_time": 3412.643737643721, "mean_flight_time": 3083.3787353152275, "mean_swap_time": 90.0, "mean_idle_time": 239.26500232849367, "mean_delivery_time": 3735.4341266652045, "mean_schedule_distance": 21583.651147206594, "mean_schedule_energy": 1.6975577798917498, "mean_number_swaps": 1.5, "drone_utilization": 0.8333333333333334, "execution_time": 48.50418519973755}