{"completion_time": 5245.575945315301, "mean_delivery_time": 3283.506489711203, "total_distance": 332025.0681198359, "consumed_energy": 26.398914535497852, "execution_time": 343.68580985069275}