{"completion_time": 5684.814883768512, "mean_schedule_time": 2067.959844959888, "mean_flight_time": 1847.4707842734592, "mean_swap_time": 54.0, "mean_idle_time": 166.48906068642873, "mean_delivery_time": 3769.0869288033086, "mean_schedule_distance": 12932.295489914211, "mean_schedule_energy": 1.075960298254592, "mean_number_swaps": 0.9, "drone_utilization": 0.5666666666666667, "total_number_parcel_handover": 5, "mean_number_parcel_handover": 0.3333333333333333, "execution_time": 125.56193423271179}