{"completion_time": 1982.9655161511378, "mean_delivery_time": 1926.2668555096689, "total_distance": 42539.402102766144, "consumed_energy": 3.627856980577443, "execution_time": 5.463789939880371}