{"completion_time": 5872.072671577491, "mean_schedule_time": 4039.456055801733, "mean_flight_time": 3913.0447714070756, "mean_swap_time": 90.0, "mean_idle_time": 36.41128439465729, "mean_delivery_time": 3893.685090856212, "mean_schedule_distance": 27391.313399849532, "mean_schedule_energy": 1.97423577968286, "mean_number_swaps": 1.5, "drone_utilization": 1.0, "total_number_parcel_handover": 2, "mean_number_parcel_handover": 0.4, "execution_time": 1.2094831466674805}