{"completion_time": 6078.585818376272, "mean_delivery_time": 2892.9566252092163, "total_distance": 629385.162070167, "consumed_energy": 51.48337532150781, "execution_time": 36.90305137634277}