{"completion_time": 4748.368886611958, "mean_schedule_time": 2503.4187523243713, "mean_flight_time": 2425.4187523243713, "mean_swap_time": 78.0, "mean_idle_time": 0.0, "mean_delivery_time": 3230.727112903077, "mean_schedule_distance": 16977.9312662706, "mean_schedule_energy": 1.3519549023414474, "mean_number_swaps": 1.3, "drone_utilization": 0.7, "execution_time": 7.1944475173950195}