{"completion_time": 4799.928183238491, "mean_schedule_time": 681.471984012942, "mean_flight_time": 658.3950609360191, "mean_swap_time": 23.076923076923077, "mean_idle_time": -2.2737367544323206e-13, "mean_delivery_time": 3543.654316867299, "mean_schedule_distance": 4608.765426552132, "mean_schedule_energy": 0.41236243459795247, "mean_number_swaps": 0.38461538461538464, "drone_utilization": 0.19230769230769232, "execution_time": 3.930530548095703}