{"completion_time": 35839.33740662621, "mean_schedule_time": 32728.504098064805, "mean_flight_time": 31348.50409806481, "mean_swap_time": 1380.0, "mean_idle_time": -3.637978807091713e-12, "mean_delivery_time": 14467.250953489594, "mean_schedule_distance": 219439.52868645365, "mean_schedule_energy": 17.668425133022037, "mean_number_swaps": 23.0, "drone_utilization": 1.0, "execution_time": 2.03501558303833}