{"completion_time": 3135.920655965822, "mean_delivery_time": 1777.1843332578937, "total_distance": 524384.510917427, "consumed_energy": 45.81001366119271, "execution_time": 566.9318706989288}