{"completion_time": 20894.660863995403, "mean_schedule_time": 18700.048992783555, "mean_flight_time": 17884.048992783555, "mean_swap_time": 816.0, "mean_idle_time": 0.0, "mean_delivery_time": 9322.959053384342, "mean_schedule_distance": 125188.34294948491, "mean_schedule_energy": 10.380250139042772, "mean_number_swaps": 13.6, "drone_utilization": 1.0, "execution_time": 14.151604652404785}