{"completion_time": 2306.6729512348475, "mean_delivery_time": 1548.059883871045, "total_distance": 298928.1681579619, "consumed_energy": 26.935623062129363, "execution_time": 45.37552452087402}