{"completion_time": 4613.345902469695, "mean_schedule_time": 2939.644379666909, "mean_flight_time": 2669.0015014103756, "mean_swap_time": 82.5, "mean_idle_time": 188.14287825653355, "mean_delivery_time": 3000.3802385723616, "mean_schedule_distance": 18683.01050987262, "mean_schedule_energy": 1.6834764413830847, "mean_number_swaps": 1.375, "drone_utilization": 1.0, "execution_time": 55.916688442230225}