{"completion_time": 3186.2303885859747, "mean_delivery_time": 1893.5485308747166, "total_distance": 605972.4785485056, "consumed_energy": 51.73706325385272, "execution_time": 3859.1887872219086}