{"completion_time": 6551.2138185844, "mean_schedule_time": 1798.833338158644, "mean_flight_time": 1738.8333381586438, "mean_swap_time": 60.0, "mean_idle_time": 2.2737367544323206e-13, "mean_delivery_time": 3237.900008685559, "mean_schedule_distance": 12171.833367110508, "mean_schedule_energy": 1.056546343934257, "mean_number_swaps": 1.0, "drone_utilization": 0.5555555555555556, "total_number_parcel_handover": 0, "mean_number_parcel_handover": 0.0, "execution_time": 7.8493006229400635}