{"completion_time": 20947.786350893417, "mean_schedule_time": 18207.682468159037, "mean_flight_time": 17472.682468159037, "mean_swap_time": 735.0, "mean_idle_time": 0.0, "mean_delivery_time": 10049.74462577455, "mean_schedule_distance": 122308.77727711326, "mean_schedule_energy": 9.660058982873842, "mean_number_swaps": 12.25, "drone_utilization": 1.0, "total_number_parcel_handover": 0, "mean_number_parcel_handover": 0.0, "execution_time": 3.602313995361328}