{"completion_time": 20591.03737114034, "mean_schedule_time": 20216.66802758851, "mean_flight_time": 19253.60756403421, "mean_swap_time": 915.0, "mean_idle_time": 48.06046355429862, "mean_delivery_time": 9568.624956823896, "mean_schedule_distance": 134775.2529482395, "mean_schedule_energy": 11.761624411752308, "mean_number_swaps": 15.25, "drone_utilization": 1.0, "total_number_parcel_handover": 4, "mean_number_parcel_handover": 0.16, "execution_time": 785.7359910011292}