{"completion_time": 7840.200147247324, "mean_schedule_time": 7484.80982556331, "mean_flight_time": 6813.842449177222, "mean_swap_time": 256.0, "mean_idle_time": 414.9673763860883, "mean_delivery_time": 6031.817409485078, "mean_schedule_distance": 47696.897144240625, "mean_schedule_energy": 3.826721288856999, "mean_number_swaps": 4.266666666666667, "drone_utilization": 1.0, "execution_time": 4283.903389453888}