{"completion_time": 12031.357312101545, "mean_schedule_time": 3472.7106655231864, "mean_flight_time": 3352.7106655231864, "mean_swap_time": 120.0, "mean_idle_time": 0.0, "mean_delivery_time": 3858.567406136874, "mean_schedule_distance": 23468.974658662315, "mean_schedule_energy": 2.035941186554018, "mean_number_swaps": 2.0, "drone_utilization": 0.9, "execution_time": 25.164373636245728}