{"completion_time": 1663.7802878834864, "mean_delivery_time": 1118.8912516124808, "total_distance": 101866.79851904987, "consumed_energy": 8.938849092707768, "execution_time": 0.23224472999572754}