{"completion_time": 7472.869803953597, "mean_delivery_time": 3618.2057261270866, "total_distance": 407149.17455719056, "consumed_energy": 34.57792696974914, "execution_time": 5.5155558586120605}