{"completion_time": 14337.48876896023, "mean_schedule_time": 12148.833558776878, "mean_flight_time": 11632.83355877687, "mean_swap_time": 516.0, "mean_idle_time": 7.275957614183426e-12, "mean_delivery_time": 6955.161452254173, "mean_schedule_distance": 81429.83491143811, "mean_schedule_energy": 6.915585393949828, "mean_number_swaps": 8.6, "drone_utilization": 1.0, "execution_time": 6.031917095184326}