{"completion_time": 6767.525517323361, "mean_schedule_time": 4827.240852816907, "mean_flight_time": 4328.955762964294, "mean_swap_time": 151.2, "mean_idle_time": 347.08508985261324, "mean_delivery_time": 4876.42158808439, "mean_schedule_distance": 30302.69034075009, "mean_schedule_energy": 2.5320758745004803, "mean_number_swaps": 2.52, "drone_utilization": 1.0, "execution_time": 2117.7674157619476}