{"completion_time": 5672.954058442756, "mean_schedule_time": 3812.2962805714374, "mean_flight_time": 3673.4236930829034, "mean_swap_time": 120.0, "mean_idle_time": 18.87258748853401, "mean_delivery_time": 3621.302167613223, "mean_schedule_distance": 25713.96585158034, "mean_schedule_energy": 2.084077893551695, "mean_number_swaps": 2.0, "drone_utilization": 1.0, "execution_time": 1027.6970257759094}