{"completion_time": 4674.073841369784, "mean_schedule_time": 2300.7274916261995, "mean_flight_time": 1944.5786005383175, "mean_swap_time": 52.8, "mean_idle_time": 303.34889108788207, "mean_delivery_time": 3828.9595000677837, "mean_schedule_distance": 13612.050203768222, "mean_schedule_energy": 1.0547205725775175, "mean_number_swaps": 0.88, "drone_utilization": 0.64, "execution_time": 105.53254961967468}