{"completion_time": 2072.2770983155056, "mean_delivery_time": 1259.5153839924735, "total_distance": 35266.43075178925, "consumed_energy": 3.091626290204852, "execution_time": 7.775486946105957}