{"completion_time": 7484.968490530761, "mean_schedule_time": 6094.070695956293, "mean_flight_time": 5157.351433425519, "mean_swap_time": 180.0, "mean_idle_time": 756.7192625307744, "mean_delivery_time": 4814.1188583689445, "mean_schedule_distance": 36101.460033978634, "mean_schedule_energy": 2.889397202122421, "mean_number_swaps": 3.0, "drone_utilization": 1.0, "total_number_parcel_handover": 7, "mean_number_parcel_handover": 0.4666666666666667, "execution_time": 368.3823592662811}