{"completion_time": 5228.490562113875, "mean_schedule_time": 1786.229710424164, "mean_flight_time": 1731.6842558787093, "mean_swap_time": 54.54545454545455, "mean_idle_time": 2.2737367544323206e-13, "mean_delivery_time": 2671.1397524687054, "mean_schedule_distance": 12121.789791150968, "mean_schedule_energy": 1.0163272520759972, "mean_number_swaps": 0.9090909090909091, "drone_utilization": 0.6363636363636364, "execution_time": 20.075855493545532}