{"completion_time": 2306.6729512348475, "mean_delivery_time": 1560.647431196935, "total_distance": 359183.1925041799, "consumed_energy": 29.150156522712678, "execution_time": 257.51142716407776}