{"completion_time": 2001.1044196017733, "mean_delivery_time": 1693.8335783773327, "total_distance": 130431.31716448312, "consumed_energy": 10.790356518184295, "execution_time": 88.8207426071167}