{"completion_time": 3763.783955198057, "mean_delivery_time": 2192.8025374256677, "total_distance": 266228.17873887025, "consumed_energy": 22.716680906437702, "execution_time": 214.01620292663574}