{"completion_time": 6240.536112224208, "mean_schedule_time": 2782.105803932903, "mean_flight_time": 2059.031214315879, "mean_swap_time": 45.0, "mean_idle_time": 678.0745896170242, "mean_delivery_time": 3849.114110734465, "mean_schedule_distance": 14413.21850021115, "mean_schedule_energy": 1.1116915023043732, "mean_number_swaps": 0.75, "drone_utilization": 0.75, "total_number_parcel_handover": 4, "mean_number_parcel_handover": 0.8, "execution_time": 110.14509892463684}