{"completion_time": 7913.637493206601, "mean_delivery_time": 4095.872050911232, "total_distance": 564023.750575365, "consumed_energy": 46.32156352680323, "execution_time": 337.591792345047}