{"completion_time": 15230.973195661549, "mean_schedule_time": 14661.21415741728, "mean_flight_time": 13680.170409211736, "mean_swap_time": 590.0, "mean_idle_time": 391.04374820554403, "mean_delivery_time": 7983.723900994339, "mean_schedule_distance": 95761.19286448217, "mean_schedule_energy": 7.796416116878959, "mean_number_swaps": 9.833333333333334, "drone_utilization": 1.0, "execution_time": 407.6643121242523}