{"completion_time": 9236.422807980574, "mean_schedule_time": 8843.971368369183, "mean_flight_time": 8442.106843895897, "mean_swap_time": 360.0, "mean_idle_time": 41.8645244732852, "mean_delivery_time": 6053.44510872742, "mean_schedule_distance": 59094.747907271296, "mean_schedule_energy": 5.249787585484571, "mean_number_swaps": 6.0, "drone_utilization": 1.0, "execution_time": 250.3872344493866}