{"completion_time": 6938.625175474655, "mean_schedule_time": 5433.868554376933, "mean_flight_time": 5098.846163997178, "mean_swap_time": 180.0, "mean_idle_time": 155.02239037975505, "mean_delivery_time": 4854.349017746339, "mean_schedule_distance": 35691.923147980255, "mean_schedule_energy": 2.6898352773657157, "mean_number_swaps": 3.0, "drone_utilization": 1.0, "execution_time": 7.445573568344116}