{"completion_time": 11516.675176698165, "mean_schedule_time": 11274.182914950401, "mean_flight_time": 10854.182914950403, "mean_swap_time": 420.0, "mean_idle_time": -1.8189894035458565e-12, "mean_delivery_time": 6866.801789064646, "mean_schedule_distance": 75979.28040465282, "mean_schedule_energy": 5.905055026025761, "mean_number_swaps": 7.0, "drone_utilization": 1.0, "execution_time": 209.46037912368774}