{"completion_time": 2835.6300136664768, "mean_delivery_time": 1638.4876704107373, "total_distance": 171750.6190860026, "consumed_energy": 15.33017183008066, "execution_time": 6.145972967147827}