{"completion_time": 20909.304700011213, "mean_schedule_time": 15215.569087629225, "mean_flight_time": 14591.56908762923, "mean_swap_time": 624.0, "mean_idle_time": -5.4569682106375694e-12, "mean_delivery_time": 8066.099845319344, "mean_schedule_distance": 102140.98361340459, "mean_schedule_energy": 8.026290493541419, "mean_number_swaps": 10.4, "drone_utilization": 1.0, "execution_time": 9.50028681755066}