{"completion_time": 5861.244315760619, "mean_schedule_time": 4042.726240009618, "mean_flight_time": 3330.769472378124, "mean_swap_time": 116.0, "mean_idle_time": 595.9567676314937, "mean_delivery_time": 4019.865905459121, "mean_schedule_distance": 23315.386306646862, "mean_schedule_energy": 2.1220738375733674, "mean_number_swaps": 1.9333333333333333, "drone_utilization": 1.0, "execution_time": 115.36009454727173}