{"completion_time": 5360.353427838384, "mean_schedule_time": 1692.995723332489, "mean_flight_time": 1639.9188002555654, "mean_swap_time": 53.07692307692308, "mean_idle_time": 4.547473508864641e-13, "mean_delivery_time": 2983.286844438139, "mean_schedule_distance": 11479.431601788956, "mean_schedule_energy": 0.9734514412260347, "mean_number_swaps": 0.8846153846153846, "drone_utilization": 0.5384615384615384, "execution_time": 26.871596813201904}