{"completion_time": 2835.6300136664768, "mean_delivery_time": 1537.4870610795463, "total_distance": 202648.18855113653, "consumed_energy": 17.813897053043465, "execution_time": 10.122905254364014}