{"completion_time": 5431.2600273329535, "mean_schedule_time": 1356.8064191632238, "mean_flight_time": 1315.8973282541328, "mean_swap_time": 40.90909090909091, "mean_idle_time": 0.0, "mean_delivery_time": 2984.9741221590925, "mean_schedule_distance": 9211.281297778933, "mean_schedule_energy": 0.8097225933201575, "mean_number_swaps": 0.6818181818181818, "drone_utilization": 0.45454545454545453, "total_number_parcel_handover": 0, "mean_number_parcel_handover": 0.0, "execution_time": 11.08641529083252}