{"completion_time": 6881.937688120535, "mean_schedule_time": 5953.37118717645, "mean_flight_time": 5727.82323325846, "mean_swap_time": 220.0, "mean_idle_time": 5.5479539179896165, "mean_delivery_time": 4466.193369336546, "mean_schedule_distance": 40094.762632809216, "mean_schedule_energy": 3.301596427012458, "mean_number_swaps": 3.6666666666666665, "drone_utilization": 1.0, "total_number_parcel_handover": 2, "mean_number_parcel_handover": 0.1, "execution_time": 293.9896717071533}