{"completion_time": 2980.307514895762, "mean_schedule_time": 578.4115448169528, "mean_flight_time": 566.4115448169529, "mean_swap_time": 12.0, "mean_idle_time": -1.1368683772161603e-13, "mean_delivery_time": 1807.5360775529775, "mean_schedule_distance": 3964.8808137186697, "mean_schedule_energy": 0.3317247150893026, "mean_number_swaps": 0.2, "drone_utilization": 0.32, "execution_time": 9.266080617904663}