{"completion_time": 2920.307514895762, "mean_schedule_time": 661.809884366255, "mean_flight_time": 597.8059789264313, "mean_swap_time": 9.6, "mean_idle_time": 54.40390543982369, "mean_delivery_time": 1800.036077552977, "mean_schedule_distance": 4184.641852485019, "mean_schedule_energy": 0.3449103774152835, "mean_number_swaps": 0.16, "drone_utilization": 0.36, "execution_time": 10.330957889556885}