{"completion_time": 5738.0798541160675, "mean_schedule_time": 1187.7986363391005, "mean_flight_time": 1151.7986363391003, "mean_swap_time": 36.0, "mean_idle_time": 2.2737367544323206e-13, "mean_delivery_time": 2375.597272678201, "mean_schedule_distance": 8062.590454373702, "mean_schedule_energy": 0.7619174896432239, "mean_number_swaps": 0.6, "drone_utilization": 0.5, "execution_time": 34.220078468322754}