{"completion_time": 7037.07244129529, "mean_schedule_time": 5978.34814577668, "mean_flight_time": 5552.638026406575, "mean_swap_time": 231.42857142857142, "mean_idle_time": 194.28154794153397, "mean_delivery_time": 4524.885967336584, "mean_schedule_distance": 38868.46618484603, "mean_schedule_energy": 3.2866257785174278, "mean_number_swaps": 3.857142857142857, "drone_utilization": 1.0, "execution_time": 321.6105499267578}