{"completion_time": 10177.215298762732, "mean_schedule_time": 9924.45908956281, "mean_flight_time": 9540.459089562803, "mean_swap_time": 384.0, "mean_idle_time": 7.275957614183426e-12, "mean_delivery_time": 6388.793454742719, "mean_schedule_distance": 66783.21362693961, "mean_schedule_energy": 5.179605592094702, "mean_number_swaps": 6.4, "drone_utilization": 1.0, "execution_time": 43.51517200469971}