{"completion_time": 8220.942685173964, "mean_schedule_time": 7836.926824066616, "mean_flight_time": 7535.378517025132, "mean_swap_time": 300.0, "mean_idle_time": 1.5483070414838949, "mean_delivery_time": 5123.567374532879, "mean_schedule_distance": 52747.6496191759, "mean_schedule_energy": 4.290732083961313, "mean_number_swaps": 5.0, "drone_utilization": 1.0, "total_number_parcel_handover": 5, "mean_number_parcel_handover": 0.2, "execution_time": 403.3317699432373}