{"completion_time": 2031.5068468878599, "mean_delivery_time": 1571.4624529049295, "total_distance": 96001.75735422291, "consumed_energy": 8.355355492107824, "execution_time": 28800.09704685211}