{"completion_time": 8689.154486708061, "mean_schedule_time": 3852.3154490662387, "mean_flight_time": 3723.7440204948107, "mean_swap_time": 128.57142857142858, "mean_idle_time": -4.547473508864641e-13, "mean_delivery_time": 3718.211306994911, "mean_schedule_distance": 26066.20814346367, "mean_schedule_energy": 2.170469639849931, "mean_number_swaps": 2.142857142857143, "drone_utilization": 1.0, "execution_time": 12.05402159690857}