{"completion_time": 6937.967795139055, "mean_schedule_time": 3016.478731443201, "mean_flight_time": 2735.9786111487706, "mean_swap_time": 103.2, "mean_idle_time": 177.3001202944306, "mean_delivery_time": 3611.105380546934, "mean_schedule_distance": 19151.8502780414, "mean_schedule_energy": 1.6835767075849792, "mean_number_swaps": 1.72, "drone_utilization": 0.76, "execution_time": 153.9526171684265}