{"completion_time": 9088.250759123177, "mean_schedule_time": 5362.729840406762, "mean_flight_time": 5167.729840406763, "mean_swap_time": 195.0, "mean_idle_time": -9.094947017729282e-13, "mean_delivery_time": 4828.459624047393, "mean_schedule_distance": 36174.10888284734, "mean_schedule_energy": 2.893733388263196, "mean_number_swaps": 3.25, "drone_utilization": 1.0, "execution_time": 3.65256667137146}