{"completion_time": 6051.293183335616, "mean_schedule_time": 4475.860792841725, "mean_flight_time": 4013.79449357838, "mean_swap_time": 135.0, "mean_idle_time": 327.0662992633452, "mean_delivery_time": 4270.376473683618, "mean_schedule_distance": 28096.561455048646, "mean_schedule_energy": 2.3390740742807834, "mean_number_swaps": 2.25, "drone_utilization": 1.0, "total_number_parcel_handover": 19, "mean_number_parcel_handover": 0.76, "execution_time": 3890.2835619449615}