{"completion_time": 8002.062699512952, "mean_schedule_time": 1265.9099785860858, "mean_flight_time": 1227.3385500146574, "mean_swap_time": 38.57142857142857, "mean_idle_time": -2.2737367544323206e-13, "mean_delivery_time": 3544.5479400410404, "mean_schedule_distance": 8591.369850102597, "mean_schedule_energy": 0.6917485443631657, "mean_number_swaps": 0.6428571428571429, "drone_utilization": 0.35714285714285715, "total_number_parcel_handover": 0, "mean_number_parcel_handover": 0.0, "execution_time": 10.809088945388794}