{"completion_time": 10302.123169211345, "mean_schedule_time": 4966.770351126471, "mean_flight_time": 4786.770351126468, "mean_swap_time": 180.0, "mean_idle_time": 2.7284841053187847e-12, "mean_delivery_time": 4205.424856435259, "mean_schedule_distance": 33507.3924578853, "mean_schedule_energy": 2.808633993595261, "mean_number_swaps": 3.0, "drone_utilization": 1.0, "execution_time": 67.43132662773132}