{"completion_time": 4039.51732243519, "mean_schedule_time": 1576.7873898000396, "mean_flight_time": 1528.7873898000396, "mean_swap_time": 48.0, "mean_idle_time": 0.0, "mean_delivery_time": 3941.968474500099, "mean_schedule_distance": 10701.511728600279, "mean_schedule_energy": 0.9116962894010838, "mean_number_swaps": 0.8, "drone_utilization": 0.4, "execution_time": 2.0238895416259766}