{"completion_time": 7162.68856633494, "mean_schedule_time": 3133.1279319383143, "mean_flight_time": 2634.296430946226, "mean_swap_time": 94.28571428571429, "mean_idle_time": 404.5457867063742, "mean_delivery_time": 3866.891048628628, "mean_schedule_distance": 18440.075016623578, "mean_schedule_energy": 1.6201766707615124, "mean_number_swaps": 1.5714285714285714, "drone_utilization": 0.75, "total_number_parcel_handover": 9, "mean_number_parcel_handover": 0.45, "execution_time": 4396.607835769653}