{"completion_time": 8048.471800410488, "mean_schedule_time": 3814.992187216686, "mean_flight_time": 3280.653236674995, "mean_swap_time": 120.0, "mean_idle_time": 414.33895054169125, "mean_delivery_time": 3885.9422283544973, "mean_schedule_distance": 22964.572656724966, "mean_schedule_energy": 1.9941371615441938, "mean_number_swaps": 2.0, "drone_utilization": 0.8636363636363636, "total_number_parcel_handover": 8, "mean_number_parcel_handover": 0.32, "execution_time": 192.63249516487122}