{"completion_time": 12820.896461459362, "mean_schedule_time": 8601.548012854246, "mean_flight_time": 8253.548012854251, "mean_swap_time": 348.0, "mean_idle_time": -5.4569682106375694e-12, "mean_delivery_time": 5630.950269977231, "mean_schedule_distance": 57774.83608997968, "mean_schedule_energy": 4.9116495627544445, "mean_number_swaps": 5.8, "drone_utilization": 1.0, "execution_time": 22.743483304977417}