{"completion_time": 6710.448230729681, "mean_delivery_time": 2917.747862261343, "total_distance": 577748.3608997968, "consumed_energy": 49.116495627544445, "execution_time": 20.248685836791992}