{"completion_time": 3823.783955198057, "mean_delivery_time": 2265.5326980936893, "total_distance": 509526.2906496197, "consumed_energy": 44.22484637014384, "execution_time": 1226.284508228302}