{"completion_time": 7100.395117532032, "mean_schedule_time": 2120.796209786018, "mean_flight_time": 2042.7962097860182, "mean_swap_time": 78.0, "mean_idle_time": 0.0, "mean_delivery_time": 4241.592419572036, "mean_schedule_distance": 14299.573468502125, "mean_schedule_energy": 1.2878249466840583, "mean_number_swaps": 1.3, "drone_utilization": 0.5, "execution_time": 1.4620461463928223}