{"completion_time": 22542.7022065023, "mean_schedule_time": 22393.359064241413, "mean_flight_time": 21433.359064241413, "mean_swap_time": 960.0, "mean_idle_time": 0.0, "mean_delivery_time": 10828.433389026772, "mean_schedule_distance": 150033.5134496898, "mean_schedule_energy": 12.512397357293889, "mean_number_swaps": 16.0, "drone_utilization": 1.0, "execution_time": 2058.3998465538025}