{"completion_time": 9467.11080538149, "mean_delivery_time": 3770.250750248186, "total_distance": 541317.9121800134, "consumed_energy": 44.46987752204965, "execution_time": 12.405015468597412}