{"completion_time": 7236.452972410206, "mean_schedule_time": 3240.0620519049176, "mean_flight_time": 3132.062051904917, "mean_swap_time": 108.0, "mean_idle_time": 4.547473508864641e-13, "mean_delivery_time": 3153.6964228382117, "mean_schedule_distance": 21924.43436333442, "mean_schedule_energy": 2.0128017058077066, "mean_number_swaps": 1.8, "drone_utilization": 0.9333333333333333, "execution_time": 16.322994709014893}