{"completion_time": 6314.150127131734, "mean_schedule_time": 3059.7402455708166, "mean_flight_time": 2735.3117421811353, "mean_swap_time": 96.0, "mean_idle_time": 228.42850338968128, "mean_delivery_time": 4079.6536607610888, "mean_schedule_distance": 19147.18219526795, "mean_schedule_energy": 1.6683333414610833, "mean_number_swaps": 1.6, "drone_utilization": 0.75, "execution_time": 283.8492970466614}