{"completion_time": 24343.78085797578, "mean_schedule_time": 22314.405968962445, "mean_flight_time": 21339.405968962437, "mean_swap_time": 975.0, "mean_idle_time": 7.275957614183426e-12, "mean_delivery_time": 10719.74308004982, "mean_schedule_distance": 149375.84178273703, "mean_schedule_energy": 12.472934764871045, "mean_number_swaps": 16.25, "drone_utilization": 1.0, "execution_time": 11.764739990234375}