{"completion_time": 12711.89042898789, "mean_delivery_time": 5585.471540024911, "total_distance": 597503.3671309481, "consumed_energy": 49.89173905948418, "execution_time": 10.919435262680054}