{"completion_time": 9792.929121086041, "mean_schedule_time": 8770.636513379957, "mean_flight_time": 7907.6225141454315, "mean_swap_time": 336.0, "mean_idle_time": 527.0139992345266, "mean_delivery_time": 5608.840839244501, "mean_schedule_distance": 55353.35759901801, "mean_schedule_energy": 4.541567367458658, "mean_number_swaps": 5.6, "drone_utilization": 1.0, "execution_time": 30.510290145874023}