{"completion_time": 7779.619894178315, "mean_schedule_time": 5535.7758476808385, "mean_flight_time": 5111.5499272958305, "mean_swap_time": 184.8, "mean_idle_time": 239.42592038500788, "mean_delivery_time": 4892.912460141442, "mean_schedule_distance": 35780.849491070825, "mean_schedule_energy": 2.9591638042202355, "mean_number_swaps": 3.08, "drone_utilization": 1.0, "execution_time": 3692.5958495140076}