{"completion_time": 5828.215496113186, "mean_schedule_time": 5004.643849539858, "mean_flight_time": 4642.940152364883, "mean_swap_time": 162.0, "mean_idle_time": 199.70369717497488, "mean_delivery_time": 4385.356690779791, "mean_schedule_distance": 32500.581066554198, "mean_schedule_energy": 2.6382412974959473, "mean_number_swaps": 2.7, "drone_utilization": 1.0, "total_number_parcel_handover": 22, "mean_number_parcel_handover": 0.88, "execution_time": 11630.879612207413}