{"completion_time": 2956.477029221378, "mean_delivery_time": 2209.8600984821237, "total_distance": 635802.4858869151, "consumed_energy": 51.81330310886254, "execution_time": 6850.270602941513}