{"completion_time": 13351.85483893431, "mean_schedule_time": 12819.802863867979, "mean_flight_time": 12315.802863867979, "mean_swap_time": 504.0, "mean_idle_time": 0.0, "mean_delivery_time": 6826.645181173222, "mean_schedule_distance": 86210.62004707582, "mean_schedule_energy": 6.679707393726419, "mean_number_swaps": 8.4, "drone_utilization": 1.0, "execution_time": 98.42661452293396}