{"completion_time": 7616.608644184089, "mean_schedule_time": 6016.164203964122, "mean_flight_time": 5421.042276184196, "mean_swap_time": 216.66666666666666, "mean_idle_time": 378.45526111325853, "mean_delivery_time": 4821.35208329607, "mean_schedule_distance": 37947.29593328935, "mean_schedule_energy": 3.2540976875678997, "mean_number_swaps": 3.611111111111111, "drone_utilization": 1.0, "execution_time": 3715.4213194847107}