{"completion_time": 2266.6393280064167, "execution_time": 0.006218910217285156}