{"completion_time": 22621.802655136074, "mean_schedule_time": 22111.954444446543, "mean_flight_time": 20984.430571666224, "mean_swap_time": 885.0, "mean_idle_time": 242.52387278031892, "mean_delivery_time": 11696.931272974889, "mean_schedule_distance": 146891.0140016635, "mean_schedule_energy": 11.852099430078733, "mean_number_swaps": 14.75, "drone_utilization": 1.0, "execution_time": 459.7995722293854}