{"completion_time": 3519.4879856302773, "mean_delivery_time": 1690.7134242043933, "total_distance": 446519.75877723016, "consumed_energy": 36.30058036151199, "execution_time": 38.27806854248047}