{"completion_time": 6798.975971260555, "mean_schedule_time": 2986.751680371624, "mean_flight_time": 2899.4789530988965, "mean_swap_time": 87.27272727272727, "mean_idle_time": 0.0, "mean_delivery_time": 3285.4268484087866, "mean_schedule_distance": 20296.35267169228, "mean_schedule_energy": 1.650026380068727, "mean_number_swaps": 1.4545454545454546, "drone_utilization": 0.9090909090909091, "execution_time": 47.953595876693726}