{"completion_time": 1586.5326429589609, "execution_time": 0.0016736984252929688}