{"completion_time": 2101.0885980708904, "mean_delivery_time": 1749.009090843319, "total_distance": 118613.88771810026, "consumed_energy": 8.496386636135593, "execution_time": 16.95791268348694}