{"completion_time": 2889.8535625416757, "execution_time": 30.022770404815674}