{"completion_time": 4809.803014989252, "mean_schedule_time": 1025.1125444082368, "mean_flight_time": 990.4971597928519, "mean_swap_time": 34.61538461538461, "mean_idle_time": 2.2737367544323206e-13, "mean_delivery_time": 2665.292615461415, "mean_schedule_distance": 6933.4801185499655, "mean_schedule_energy": 0.6571774885638939, "mean_number_swaps": 0.5769230769230769, "drone_utilization": 0.38461538461538464, "execution_time": 12.59264063835144}