{"completion_time": 3120.268056112104, "mean_delivery_time": 2310.1579743480593, "total_distance": 148029.4686849801, "consumed_energy": 13.110857177869082, "execution_time": 58.4835524559021}