{"completion_time": 14630.684186429587, "mean_schedule_time": 11217.0211686076, "mean_flight_time": 10737.021168607598, "mean_swap_time": 480.0, "mean_idle_time": 1.8189894035458565e-12, "mean_delivery_time": 6851.686139169338, "mean_schedule_distance": 75159.14818025318, "mean_schedule_energy": 6.191450968323104, "mean_number_swaps": 8.0, "drone_utilization": 1.0, "total_number_parcel_handover": 0, "mean_number_parcel_handover": 0.0, "execution_time": 2.1060233116149902}