{"completion_time": 7739.513833161006, "mean_schedule_time": 4826.753788349869, "mean_flight_time": 3804.5737970264645, "mean_swap_time": 129.0, "mean_idle_time": 893.1799913234045, "mean_delivery_time": 4716.608854825451, "mean_schedule_distance": 26632.01657918524, "mean_schedule_energy": 2.2479990232254745, "mean_number_swaps": 2.15, "drone_utilization": 1.0, "total_number_parcel_handover": 15, "mean_number_parcel_handover": 0.75, "execution_time": 396.5062155723572}