{"completion_time": 9583.272226200506, "mean_schedule_time": 5964.0245976020215, "mean_flight_time": 5742.0245976020215, "mean_swap_time": 222.0, "mean_idle_time": 0.0, "mean_delivery_time": 4565.778665735679, "mean_schedule_distance": 40194.17218321417, "mean_schedule_energy": 3.4234889473378445, "mean_number_swaps": 3.7, "drone_utilization": 1.0, "execution_time": 10.473785400390625}