{"completion_time": 3848.121652291791, "execution_time": 0.18121886253356934}