{"completion_time": 4569.803014989252, "mean_schedule_time": 2235.503895116339, "mean_flight_time": 1967.267270311198, "mean_swap_time": 71.53846153846153, "mean_idle_time": 196.69816326667979, "mean_delivery_time": 2816.1308656861356, "mean_schedule_distance": 13770.870892178387, "mean_schedule_energy": 1.2790124633503228, "mean_number_swaps": 1.1923076923076923, "drone_utilization": 0.7307692307692307, "execution_time": 379.8843243122101}