{"completion_time": 7797.022011179077, "mean_schedule_time": 4485.193438091024, "mean_flight_time": 3823.866439047572, "mean_swap_time": 130.0, "mean_idle_time": 531.3269990434524, "mean_delivery_time": 4538.519591838265, "mean_schedule_distance": 26767.065073332997, "mean_schedule_energy": 2.171072933489905, "mean_number_swaps": 2.1666666666666665, "drone_utilization": 0.9444444444444444, "execution_time": 2738.83052444458}