{"completion_time": 4310.9109631011925, "mean_delivery_time": 2691.7573873334686, "total_distance": 826890.5246059516, "consumed_energy": 68.02415295975312, "execution_time": 4633.728327989578}