{"completion_time": 7731.6743454370435, "mean_schedule_time": 7343.643124091516, "mean_flight_time": 6892.846100211723, "mean_swap_time": 288.0, "mean_idle_time": 162.79702387979341, "mean_delivery_time": 5313.079220497306, "mean_schedule_distance": 48249.922701482064, "mean_schedule_energy": 4.125896626568069, "mean_number_swaps": 4.8, "drone_utilization": 1.0, "execution_time": 849.0923838615417}