{"completion_time": 4185.600781203194, "mean_schedule_time": 1164.2050619510615, "mean_flight_time": 1059.8370151026816, "mean_swap_time": 18.0, "mean_idle_time": 86.36804684837989, "mean_delivery_time": 3828.3883460658717, "mean_schedule_distance": 7418.8591057187705, "mean_schedule_energy": 0.5649209705205317, "mean_number_swaps": 0.3, "drone_utilization": 0.4, "execution_time": 2.331151247024536}