{"completion_time": 4294.7480687884945, "mean_schedule_time": 1645.7070624520281, "mean_flight_time": 1585.7070624520286, "mean_swap_time": 60.0, "mean_idle_time": -4.547473508864641e-13, "mean_delivery_time": 3291.4141249040563, "mean_schedule_distance": 11099.949437164201, "mean_schedule_energy": 0.9140971343788303, "mean_number_swaps": 1.0, "drone_utilization": 0.5, "total_number_parcel_handover": 0, "mean_number_parcel_handover": 0.0, "execution_time": 1.3034286499023438}