{"completion_time": 1038.8724132458349, "execution_time": 0.005499839782714844}