{"completion_time": 4638.318970952997, "mean_delivery_time": 3143.958692049268, "total_distance": 346497.3545074146, "consumed_energy": 30.543730833202634, "execution_time": 678.7430593967438}