{"completion_time": 5165.407712580159, "mean_schedule_time": 2491.2647257546473, "mean_flight_time": 2332.830662884687, "mean_swap_time": 76.8, "mean_idle_time": 81.63406286995996, "mean_delivery_time": 3743.708443724117, "mean_schedule_distance": 16329.814640192806, "mean_schedule_energy": 1.3530699354815794, "mean_number_swaps": 1.28, "drone_utilization": 0.64, "execution_time": 393.81400847435}