{"completion_time": 21452.01956408489, "mean_schedule_time": 20884.575757170227, "mean_flight_time": 19954.575757170234, "mean_swap_time": 930.0, "mean_idle_time": -7.275957614183426e-12, "mean_delivery_time": 10295.925731141446, "mean_schedule_distance": 139682.03030019157, "mean_schedule_energy": 11.517406056758546, "mean_number_swaps": 15.5, "drone_utilization": 1.0, "execution_time": 297.16277170181274}