{"completion_time": 11206.856720939571, "mean_delivery_time": 5343.796346282903, "total_distance": 558105.912733903, "consumed_energy": 46.03229171902238, "execution_time": 175.09457325935364}