{"completion_time": 7363.689561778653, "mean_schedule_time": 6480.919736503449, "mean_flight_time": 5931.826400016565, "mean_swap_time": 256.0, "mean_idle_time": 293.09333648688425, "mean_delivery_time": 4744.111151041607, "mean_schedule_distance": 41522.78480011594, "mean_schedule_energy": 3.712333834683205, "mean_number_swaps": 4.266666666666667, "drone_utilization": 1.0, "execution_time": 770.6241641044617}