{"completion_time": 7148.56228168037, "mean_delivery_time": 3099.2307370415047, "total_distance": 513842.0898057681, "consumed_energy": 43.375479075126634, "execution_time": 15.602575540542603}