{"completion_time": 13757.12456336074, "mean_schedule_time": 9580.75160367443, "mean_flight_time": 9175.751603674431, "mean_swap_time": 405.0, "mean_idle_time": -1.8189894035458565e-12, "mean_delivery_time": 5964.461474083009, "mean_schedule_distance": 64230.26122572101, "mean_schedule_energy": 5.421934884390829, "mean_number_swaps": 6.75, "drone_utilization": 1.0, "execution_time": 16.947204113006592}