{"completion_time": 5814.133854157202, "mean_schedule_time": 2530.96743705092, "mean_flight_time": 2454.1674370509195, "mean_swap_time": 76.8, "mean_idle_time": 4.547473508864641e-13, "mean_delivery_time": 3163.70929631365, "mean_schedule_distance": 17179.17205935644, "mean_schedule_energy": 1.432197516412114, "mean_number_swaps": 1.28, "drone_utilization": 0.8, "execution_time": 42.833378314971924}