{"completion_time": 6008.973245772104, "mean_schedule_time": 3673.769375569045, "mean_flight_time": 3365.175531026703, "mean_swap_time": 108.75, "mean_idle_time": 199.84384454234214, "mean_delivery_time": 3626.9672702458306, "mean_schedule_distance": 23556.228717186903, "mean_schedule_energy": 1.9840806172852559, "mean_number_swaps": 1.8125, "drone_utilization": 1.0, "execution_time": 187.04814076423645}