{"completion_time": 9154.600608196622, "mean_schedule_time": 8186.826127230893, "mean_flight_time": 7692.824884083356, "mean_swap_time": 321.42857142857144, "mean_idle_time": 172.57267171896547, "mean_delivery_time": 5956.970118384292, "mean_schedule_distance": 53849.77418858354, "mean_schedule_energy": 4.626681602118227, "mean_number_swaps": 5.357142857142857, "drone_utilization": 1.0, "total_number_parcel_handover": 7, "mean_number_parcel_handover": 0.28, "execution_time": 5710.832182645798}