{"completion_time": 23753.756595952986, "mean_schedule_time": 18943.202623784153, "mean_flight_time": 18091.20262378415, "mean_swap_time": 852.0, "mean_idle_time": 3.637978807091713e-12, "mean_delivery_time": 9029.561113395428, "mean_schedule_distance": 126638.41836648909, "mean_schedule_energy": 10.788574504854742, "mean_number_swaps": 14.2, "drone_utilization": 1.0, "execution_time": 13.256980657577515}