{"completion_time": 7004.005756961366, "mean_schedule_time": 5480.729776427711, "mean_flight_time": 4549.1771511562565, "mean_swap_time": 180.0, "mean_idle_time": 751.5526252714544, "mean_delivery_time": 4742.828656493321, "mean_schedule_distance": 31844.240058093787, "mean_schedule_energy": 2.750816646458852, "mean_number_swaps": 3.0, "drone_utilization": 1.0, "total_number_parcel_handover": 18, "mean_number_parcel_handover": 0.72, "execution_time": 2616.073627471924}