{"completion_time": 5684.814883768512, "mean_schedule_time": 2549.5873342575933, "mean_flight_time": 2205.40454817658, "mean_swap_time": 64.61538461538461, "mean_idle_time": 279.56740146562834, "mean_delivery_time": 4052.451951596694, "mean_schedule_distance": 15437.831837236055, "mean_schedule_energy": 1.2952924653087032, "mean_number_swaps": 1.0769230769230769, "drone_utilization": 0.6538461538461539, "execution_time": 321.6517987251282}