{"completion_time": 9985.101532820641, "mean_schedule_time": 3120.998674166639, "mean_flight_time": 3012.9986741666403, "mean_swap_time": 108.0, "mean_idle_time": -1.3642420526593924e-12, "mean_delivery_time": 4681.498011249959, "mean_schedule_distance": 21090.990719166468, "mean_schedule_energy": 1.7874076249568784, "mean_number_swaps": 1.8, "drone_utilization": 0.6666666666666666, "total_number_parcel_handover": 0, "mean_number_parcel_handover": 0.0, "execution_time": 36.08607578277588}