{"completion_time": 1776.795376177116, "execution_time": 0.001318216323852539}