{"completion_time": 56252.88351056954, "mean_schedule_time": 56208.39223020479, "mean_flight_time": 53778.39223020479, "mean_swap_time": 2430.0, "mean_idle_time": 0.0, "mean_delivery_time": 21568.868619473855, "mean_schedule_distance": 376448.7456114334, "mean_schedule_energy": 30.72271392355592, "mean_number_swaps": 40.5, "drone_utilization": 1.0, "execution_time": 2381.1901111602783}