{"completion_time": 9485.644206628518, "mean_schedule_time": 4048.2502484726074, "mean_flight_time": 3900.5579407802998, "mean_swap_time": 147.69230769230768, "mean_idle_time": 0.0, "mean_delivery_time": 4250.246925133477, "mean_schedule_distance": 27303.905585462115, "mean_schedule_energy": 2.3600377380567594, "mean_number_swaps": 2.4615384615384617, "drone_utilization": 0.9230769230769231, "execution_time": 47.009602069854736}