{"completion_time": 11241.342015501288, "mean_schedule_time": 10833.478670350336, "mean_flight_time": 10225.617355806784, "mean_swap_time": 432.0, "mean_idle_time": 175.861314543552, "mean_delivery_time": 7123.765676986877, "mean_schedule_distance": 71579.32149064743, "mean_schedule_energy": 5.9068258865364935, "mean_number_swaps": 7.2, "drone_utilization": 1.0, "execution_time": 662.7461943626404}