{"completion_time": 6211.841311931644, "mean_schedule_time": 3199.1095556227524, "mean_flight_time": 2863.3650917921195, "mean_swap_time": 98.57142857142857, "mean_idle_time": 237.17303525920443, "mean_delivery_time": 3629.1903080698658, "mean_schedule_distance": 20043.555642544834, "mean_schedule_energy": 1.7266993532394346, "mean_number_swaps": 1.6428571428571428, "drone_utilization": 0.8571428571428571, "total_number_parcel_handover": 4, "mean_number_parcel_handover": 0.16, "execution_time": 420.4741907119751}