{"completion_time": 57371.86068104464, "mean_schedule_time": 52541.38976924309, "mean_flight_time": 50261.389769243084, "mean_swap_time": 2280.0, "mean_idle_time": 7.275957614183426e-12, "mean_delivery_time": 23823.65235635971, "mean_schedule_distance": 351829.72838470154, "mean_schedule_energy": 28.51870840078063, "mean_number_swaps": 38.0, "drone_utilization": 1.0, "total_number_parcel_handover": 0, "mean_number_parcel_handover": 0.0, "execution_time": 4.822772026062012}