{"completion_time": 8744.514288079181, "mean_schedule_time": 7711.052364932836, "mean_flight_time": 6878.143205575686, "mean_swap_time": 284.0, "mean_idle_time": 548.9091593571502, "mean_delivery_time": 5929.24525629411, "mean_schedule_distance": 48147.00243902977, "mean_schedule_energy": 4.155354708669728, "mean_number_swaps": 4.733333333333333, "drone_utilization": 1.0, "execution_time": 2717.272266626358}