{"completion_time": 13513.648780896878, "mean_schedule_time": 4212.6742136053745, "mean_flight_time": 4062.6742136053754, "mean_swap_time": 150.0, "mean_idle_time": -9.094947017729282e-13, "mean_delivery_time": 4026.6486972847056, "mean_schedule_distance": 28438.71949523763, "mean_schedule_energy": 2.5150045605299303, "mean_number_swaps": 2.5, "drone_utilization": 1.0, "execution_time": 14.96822476387024}