{"completion_time": 2887.7055677057806, "mean_delivery_time": 1838.0706346949362, "total_distance": 272836.21326849645, "consumed_energy": 23.66600360434497, "execution_time": 1027.8934698104858}