{"completion_time": 4145.129959557947, "mean_schedule_time": 436.7538492388764, "mean_flight_time": 426.7538492388764, "mean_swap_time": 10.0, "mean_idle_time": 0.0, "mean_delivery_time": 2242.7012483320805, "mean_schedule_distance": 2987.2769446721345, "mean_schedule_energy": 0.2744639494604874, "mean_number_swaps": 0.16666666666666666, "drone_utilization": 0.16666666666666666, "execution_time": 3.278693437576294}