{"completion_time": 13133.65454725906, "mean_schedule_time": 12428.239849695181, "mean_flight_time": 11929.237954217571, "mean_swap_time": 480.0, "mean_idle_time": 19.00189547760965, "mean_delivery_time": 7730.542934466245, "mean_schedule_distance": 83504.66567952304, "mean_schedule_energy": 6.558296231780858, "mean_number_swaps": 8.0, "drone_utilization": 1.0, "execution_time": 578.8265445232391}