{"completion_time": 9065.64420662852, "mean_schedule_time": 6344.50841404963, "mean_flight_time": 5365.621842737972, "mean_swap_time": 220.8, "mean_idle_time": 758.0865713116582, "mean_delivery_time": 5594.872841443653, "mean_schedule_distance": 37559.352899165795, "mean_schedule_energy": 3.241809516380405, "mean_number_swaps": 3.68, "drone_utilization": 1.0, "execution_time": 3093.8589322566986}