{"completion_time": 4991.606909092996, "mean_schedule_time": 3349.5004481988026, "mean_flight_time": 3173.778325075258, "mean_swap_time": 112.8, "mean_idle_time": 62.922123123544225, "mean_delivery_time": 3283.6436487360343, "mean_schedule_distance": 22216.448275526815, "mean_schedule_energy": 1.92428209134987, "mean_number_swaps": 1.88, "drone_utilization": 0.92, "execution_time": 409.1890730857849}