{"completion_time": 6211.841311931644, "mean_schedule_time": 2408.2047733011254, "mean_flight_time": 2003.5534621925456, "mean_swap_time": 66.0, "mean_idle_time": 338.6513111085801, "mean_delivery_time": 3283.2509579445896, "mean_schedule_distance": 14024.874235347814, "mean_schedule_energy": 1.2715251894735409, "mean_number_swaps": 1.1, "drone_utilization": 0.7, "execution_time": 251.9051730632782}