{"completion_time": 3591.8394757944743, "mean_schedule_time": 1805.7768960725275, "mean_flight_time": 1493.9679137800954, "mean_swap_time": 24.0, "mean_idle_time": 287.8089822924321, "mean_delivery_time": 3256.72114336716, "mean_schedule_distance": 10457.775396460665, "mean_schedule_energy": 0.7377913830327206, "mean_number_swaps": 0.4, "drone_utilization": 0.6, "execution_time": 0.2872130870819092}