{"completion_time": 2098.1921267802, "mean_delivery_time": 2098.1921267802, "total_distance": 67693.10014422618, "consumed_energy": 5.455005318268472, "execution_time": 28800.06248998642}