{"completion_time": 4847.791338929941, "mean_schedule_time": 2110.201596455353, "mean_flight_time": 1807.801545296792, "mean_swap_time": 38.0, "mean_idle_time": 264.4000511585609, "mean_delivery_time": 2991.350617121699, "mean_schedule_distance": 12654.610817077542, "mean_schedule_energy": 1.0367499734587489, "mean_number_swaps": 0.6333333333333333, "drone_utilization": 0.7333333333333333, "execution_time": 647.2032816410065}