{"completion_time": 4059.4778780906963, "mean_schedule_time": 1865.8412704769255, "mean_flight_time": 1505.3124169294401, "mean_swap_time": 32.0, "mean_idle_time": 328.52885354748537, "mean_delivery_time": 2917.717532528766, "mean_schedule_distance": 10537.186918506082, "mean_schedule_energy": 0.7829090413997718, "mean_number_swaps": 0.5333333333333333, "drone_utilization": 0.6666666666666666, "execution_time": 24.904075145721436}