{"completion_time": 2940.6107833690403, "mean_delivery_time": 1633.147621170375, "total_distance": 165114.98691661927, "consumed_energy": 12.81781212701497, "execution_time": 89.04462814331055}