{"completion_time": 5821.221566738081, "mean_schedule_time": 1358.2831472258229, "mean_flight_time": 943.51421095211, "mean_swap_time": 24.0, "mean_idle_time": 390.7689362737128, "mean_delivery_time": 3196.29524234075, "mean_schedule_distance": 6604.599476664771, "mean_schedule_energy": 0.5127124850805987, "mean_number_swaps": 0.4, "drone_utilization": 0.4, "execution_time": 99.78544759750366}