{"completion_time": 9812.02219448716, "mean_schedule_time": 2664.7037774630912, "mean_flight_time": 2572.7037774630926, "mean_swap_time": 92.0, "mean_idle_time": -1.3642420526593924e-12, "mean_delivery_time": 3375.08907511279, "mean_schedule_distance": 18008.92644224164, "mean_schedule_energy": 1.5465558615946853, "mean_number_swaps": 1.5333333333333334, "drone_utilization": 0.7333333333333333, "total_number_parcel_handover": 0, "mean_number_parcel_handover": 0.0, "execution_time": 59.14589977264404}