{"completion_time": 5099.945157209584, "mean_schedule_time": 3982.6454102283055, "mean_flight_time": 3738.4741116070363, "mean_swap_time": 116.0, "mean_idle_time": 128.17129862126922, "mean_delivery_time": 4129.577234431656, "mean_schedule_distance": 26169.31878124925, "mean_schedule_energy": 2.047568350881502, "mean_number_swaps": 1.9333333333333333, "drone_utilization": 0.9333333333333333, "execution_time": 91.881844997406}