{"completion_time": 3989.27570696154, "mean_schedule_time": 2284.5382359162027, "mean_flight_time": 1946.5217574445012, "mean_swap_time": 47.142857142857146, "mean_idle_time": 290.87362132884437, "mean_delivery_time": 2815.904188487285, "mean_schedule_distance": 13625.65230211151, "mean_schedule_energy": 1.1521973808874038, "mean_number_swaps": 0.7857142857142857, "drone_utilization": 0.8571428571428571, "execution_time": 109.29648327827454}