{"completion_time": 2930.9841941231307, "mean_delivery_time": 2217.8139328068028, "total_distance": 355763.3744616989, "consumed_energy": 29.156378508445886, "execution_time": 20.489761352539062}