{"completion_time": 3942.2088392035466, "mean_schedule_time": 1001.3084195962887, "mean_flight_time": 905.3982049654785, "mean_swap_time": 24.0, "mean_idle_time": 71.91021463081017, "mean_delivery_time": 3461.19236520318, "mean_schedule_distance": 6337.787434758351, "mean_schedule_energy": 0.5313594682493628, "mean_number_swaps": 0.4, "drone_utilization": 0.3, "execution_time": 9.451769590377808}