{"completion_time": 2001.1044196017733, "mean_delivery_time": 1760.59618260159, "total_distance": 134321.41231293962, "consumed_energy": 11.08112918205361, "execution_time": 12.820382356643677}