{"completion_time": 3479.3107339419175, "mean_delivery_time": 2706.7249049650736, "total_distance": 751677.4213645448, "consumed_energy": 60.23187571308012, "execution_time": 4918.7623109817505}