{"completion_time": 4655.08001122875, "mean_schedule_time": 2107.7737130603923, "mean_flight_time": 1955.0965318751942, "mean_swap_time": 60.0, "mean_idle_time": 92.67718118519815, "mean_delivery_time": 3139.4653894068288, "mean_schedule_distance": 13685.675723126358, "mean_schedule_energy": 1.1344222116563354, "mean_number_swaps": 1.0, "drone_utilization": 0.625, "total_number_parcel_handover": 1, "mean_number_parcel_handover": 0.1, "execution_time": 15.701820135116577}