{"completion_time": 5832.530965282433, "mean_schedule_time": 4495.661673187025, "mean_flight_time": 3593.9596952940205, "mean_swap_time": 126.0, "mean_idle_time": 775.7019778930048, "mean_delivery_time": 4108.786471197524, "mean_schedule_distance": 25157.71786705814, "mean_schedule_energy": 2.1722029311167734, "mean_number_swaps": 2.1, "drone_utilization": 1.0, "execution_time": 45.15426588058472}