{"completion_time": 4029.571358597156, "mean_schedule_time": 504.9398831967356, "mean_flight_time": 491.30351956037197, "mean_swap_time": 13.636363636363637, "mean_idle_time": 0.0, "mean_delivery_time": 2221.735486065637, "mean_schedule_distance": 3439.1246369226037, "mean_schedule_energy": 0.3342152526564139, "mean_number_swaps": 0.22727272727272727, "drone_utilization": 0.22727272727272727, "execution_time": 3.3665053844451904}