{"completion_time": 1756.7713131545577, "mean_delivery_time": 1696.7713131545577, "total_distance": 75817.74419755126, "consumed_energy": 5.151203989854762, "execution_time": 28800.016487121582}