{"completion_time": 5255.646148983431, "mean_schedule_time": 2111.0604712294894, "mean_flight_time": 1918.3297751105183, "mean_swap_time": 53.57142857142857, "mean_idle_time": 139.1592675475424, "mean_delivery_time": 3700.517205376246, "mean_schedule_distance": 13428.308425773628, "mean_schedule_energy": 1.1287371963489208, "mean_number_swaps": 0.8928571428571429, "drone_utilization": 0.5714285714285714, "execution_time": 222.1499001979828}