{"completion_time": 7830.97721244573, "mean_schedule_time": 4141.761424227099, "mean_flight_time": 3101.601781498589, "mean_swap_time": 99.0, "mean_idle_time": 941.1596427285103, "mean_delivery_time": 4307.058647872286, "mean_schedule_distance": 21711.212470490114, "mean_schedule_energy": 1.7760814792652269, "mean_number_swaps": 1.65, "drone_utilization": 0.95, "total_number_parcel_handover": 10, "mean_number_parcel_handover": 0.6666666666666666, "execution_time": 1470.911866426468}