{"completion_time": 4109.27570696154, "mean_schedule_time": 1062.9166456423352, "mean_flight_time": 1039.583312309002, "mean_swap_time": 23.333333333333332, "mean_idle_time": 0.0, "mean_delivery_time": 1986.3913481489406, "mean_schedule_distance": 7277.083186163013, "mean_schedule_energy": 0.6354582888663565, "mean_number_swaps": 0.3888888888888889, "drone_utilization": 0.5, "execution_time": 9.989532947540283}