{"completion_time": 10377.925720576433, "mean_schedule_time": 8584.766532150685, "mean_flight_time": 7549.136793371693, "mean_swap_time": 317.14285714285717, "mean_idle_time": 718.486881636135, "mean_delivery_time": 5951.971654867266, "mean_schedule_distance": 52843.957553601875, "mean_schedule_energy": 4.477207678956844, "mean_number_swaps": 5.285714285714286, "drone_utilization": 1.0, "execution_time": 1536.1647803783417}