{"completion_time": 891.1325450950727, "execution_time": 0.0010297298431396484}