{"completion_time": 24897.602169186477, "mean_schedule_time": 21791.930431528912, "mean_flight_time": 20786.930431528916, "mean_swap_time": 1005.0, "mean_idle_time": -3.637978807091713e-12, "mean_delivery_time": 10520.184248443122, "mean_schedule_distance": 145508.5130207024, "mean_schedule_energy": 11.77726651210521, "mean_number_swaps": 16.75, "drone_utilization": 1.0, "execution_time": 12.159591674804688}