{"completion_time": 8130.502193855739, "mean_schedule_time": 5073.28932315212, "mean_flight_time": 4877.289323152121, "mean_swap_time": 196.0, "mean_idle_time": -9.094947017729282e-13, "mean_delivery_time": 4133.295567952476, "mean_schedule_distance": 34141.025262064846, "mean_schedule_energy": 2.886530894402417, "mean_number_swaps": 3.2666666666666666, "drone_utilization": 1.0, "execution_time": 34.234150886535645}