{"completion_time": 6111.178371592179, "mean_schedule_time": 5526.6710245856975, "mean_flight_time": 4795.6282632777775, "mean_swap_time": 188.0, "mean_idle_time": 543.04276130792, "mean_delivery_time": 5249.992931922431, "mean_schedule_distance": 33569.39784294445, "mean_schedule_energy": 2.9309971770650223, "mean_number_swaps": 3.1333333333333333, "drone_utilization": 1.0, "execution_time": 4533.794265031815}