{"completion_time": 6072.9644288762365, "mean_schedule_time": 3509.556172022553, "mean_flight_time": 2500.357861005657, "mean_swap_time": 82.5, "mean_idle_time": 926.6983110168958, "mean_delivery_time": 3925.6121888323923, "mean_schedule_distance": 17502.505027039606, "mean_schedule_energy": 1.5426331819645605, "mean_number_swaps": 1.375, "drone_utilization": 0.875, "total_number_parcel_handover": 14, "mean_number_parcel_handover": 0.9333333333333333, "execution_time": 1710.7914140224457}