{"completion_time": 6211.841311931644, "mean_schedule_time": 4430.798025205148, "mean_flight_time": 3693.363974194246, "mean_swap_time": 117.27272727272727, "mean_idle_time": 620.1613237381748, "mean_delivery_time": 4358.026751245876, "mean_schedule_distance": 25853.54781935972, "mean_schedule_energy": 2.066834841611229, "mean_number_swaps": 1.9545454545454546, "drone_utilization": 1.0, "execution_time": 10095.373427152634}