{"completion_time": 7540.999645489463, "mean_schedule_time": 6585.200548226848, "mean_flight_time": 5916.3417126731365, "mean_swap_time": 244.0, "mean_idle_time": 424.8588355537113, "mean_delivery_time": 4977.371520627544, "mean_schedule_distance": 41414.39198871195, "mean_schedule_energy": 3.644933101035642, "mean_number_swaps": 4.066666666666666, "drone_utilization": 1.0, "execution_time": 1395.5669538974762}