{"completion_time": 6459.107531972785, "mean_schedule_time": 6030.158940724423, "mean_flight_time": 5607.136392173503, "mean_swap_time": 216.0, "mean_idle_time": 207.02254855091996, "mean_delivery_time": 5581.423788583208, "mean_schedule_distance": 39249.954745214505, "mean_schedule_energy": 3.313929992613936, "mean_number_swaps": 3.6, "drone_utilization": 1.0, "execution_time": 68.63754224777222}