{"completion_time": 980.365270430978, "execution_time": 0.0013277530670166016}