{"completion_time": 9657.898880726427, "mean_schedule_time": 9245.304969560202, "mean_flight_time": 8909.304969560202, "mean_swap_time": 336.0, "mean_idle_time": 0.0, "mean_delivery_time": 5250.279174550984, "mean_schedule_distance": 62365.13478692138, "mean_schedule_energy": 4.834612941699614, "mean_number_swaps": 5.6, "drone_utilization": 1.0, "execution_time": 133.62341475486755}