{"completion_time": 3682.133212145757, "mean_schedule_time": 1281.8111600965024, "mean_flight_time": 1091.2021524096967, "mean_swap_time": 34.285714285714285, "mean_idle_time": 156.3232934010914, "mean_delivery_time": 2692.272065249981, "mean_schedule_distance": 7638.415066867878, "mean_schedule_energy": 0.7234705481352204, "mean_number_swaps": 0.5714285714285714, "drone_utilization": 0.5, "execution_time": 19.061940670013428}