{"completion_time": 5525.8782590324445, "mean_schedule_time": 4684.088706945145, "mean_flight_time": 4100.822807887092, "mean_swap_time": 124.0, "mean_idle_time": 459.26589905805304, "mean_delivery_time": 4189.845822021968, "mean_schedule_distance": 28705.759655209644, "mean_schedule_energy": 2.3199340603930776, "mean_number_swaps": 2.066666666666667, "drone_utilization": 1.0, "execution_time": 1479.003457069397}