{"completion_time": 5135.054923040457, "mean_delivery_time": 3118.673888742116, "total_distance": 297791.1377886559, "consumed_energy": 25.02746862752425, "execution_time": 110.69361329078674}