{"completion_time": 11171.336907231325, "mean_schedule_time": 5744.070041563782, "mean_flight_time": 5528.070041563782, "mean_swap_time": 216.0, "mean_idle_time": 0.0, "mean_delivery_time": 4620.377518680062, "mean_schedule_distance": 38696.49029094649, "mean_schedule_energy": 3.2416379836918927, "mean_number_swaps": 3.6, "drone_utilization": 1.0, "execution_time": 53.795435667037964}