{"completion_time": 8972.951734148905, "mean_schedule_time": 5619.76646333106, "mean_flight_time": 4202.408132513613, "mean_swap_time": 162.0, "mean_idle_time": 1255.3583308174466, "mean_delivery_time": 5894.878372793516, "mean_schedule_distance": 29416.856927595276, "mean_schedule_energy": 2.543769196526905, "mean_number_swaps": 2.7, "drone_utilization": 0.9, "execution_time": 1507.5903811454773}