{"completion_time": 15392.336404547132, "mean_schedule_time": 12312.800212454129, "mean_flight_time": 11802.800212454133, "mean_swap_time": 510.0, "mean_idle_time": -3.637978807091713e-12, "mean_delivery_time": 6859.291480862873, "mean_schedule_distance": 82619.60148717888, "mean_schedule_energy": 6.837905309282259, "mean_number_swaps": 8.5, "drone_utilization": 1.0, "total_number_parcel_handover": 0, "mean_number_parcel_handover": 0.0, "execution_time": 25.692073583602905}