{"completion_time": 4740.455686355836, "mean_schedule_time": 4105.453492260054, "mean_flight_time": 3906.4750037688746, "mean_swap_time": 144.0, "mean_idle_time": 54.97848849117963, "mean_delivery_time": 3750.7118272465627, "mean_schedule_distance": 27345.32502638213, "mean_schedule_energy": 2.3768133607504733, "mean_number_swaps": 2.4, "drone_utilization": 1.0, "execution_time": 929.8063077926636}