{"completion_time": 13338.344530040817, "mean_schedule_time": 12551.53850910212, "mean_flight_time": 11662.93936096431, "mean_swap_time": 498.0, "mean_idle_time": 390.5991481378096, "mean_delivery_time": 7586.132167594743, "mean_schedule_distance": 81640.5755267503, "mean_schedule_energy": 6.728330156597268, "mean_number_swaps": 8.3, "drone_utilization": 1.0, "execution_time": 3498.4249498844147}