{"completion_time": 8348.471800410487, "mean_schedule_time": 2688.5640093009915, "mean_flight_time": 2599.764009300991, "mean_swap_time": 88.8, "mean_idle_time": 4.547473508864641e-13, "mean_delivery_time": 3004.483187952925, "mean_schedule_distance": 18198.34806510694, "mean_schedule_energy": 1.6006751863248356, "mean_number_swaps": 1.48, "drone_utilization": 0.84, "execution_time": 56.91502642631531}