{"completion_time": 5918.163456442259, "mean_delivery_time": 2827.3896202929172, "total_distance": 645417.1768293746, "consumed_energy": 54.74398096481812, "execution_time": 31.775129795074463}