{"completion_time": 11356.326912884519, "mean_schedule_time": 8018.537819397316, "mean_flight_time": 7683.537819397319, "mean_swap_time": 335.0, "mean_idle_time": -3.637978807091713e-12, "mean_delivery_time": 5443.579240585835, "mean_schedule_distance": 53784.76473578122, "mean_schedule_energy": 4.561998413734844, "mean_number_swaps": 5.583333333333333, "drone_utilization": 1.0, "execution_time": 33.72633409500122}