{"completion_time": 6707.525517323361, "mean_schedule_time": 4680.664817814809, "mean_flight_time": 4044.4912468619555, "mean_swap_time": 138.46153846153845, "mean_idle_time": 497.71203249131486, "mean_delivery_time": 4636.173279292197, "mean_schedule_distance": 28311.438728033714, "mean_schedule_energy": 2.3728911375273913, "mean_number_swaps": 2.3076923076923075, "drone_utilization": 1.0, "total_number_parcel_handover": 8, "mean_number_parcel_handover": 0.32, "execution_time": 1330.8564267158508}