{"completion_time": 6295.773588654812, "mean_schedule_time": 2341.8162758230687, "mean_flight_time": 2266.816275823069, "mean_swap_time": 75.0, "mean_idle_time": -4.547473508864641e-13, "mean_delivery_time": 4193.534630772559, "mean_schedule_distance": 15867.713930761482, "mean_schedule_energy": 1.1982742342672486, "mean_number_swaps": 1.25, "drone_utilization": 0.5, "total_number_parcel_handover": 0, "mean_number_parcel_handover": 0.0, "execution_time": 1.1550438404083252}