{"completion_time": 802.9261687914598, "execution_time": 0.00064849853515625}