{"completion_time": 5863.356102367205, "mean_schedule_time": 2168.8860000728273, "mean_flight_time": 2101.686000072828, "mean_swap_time": 67.2, "mean_idle_time": -4.547473508864641e-13, "mean_delivery_time": 3489.862965543974, "mean_schedule_distance": 14711.802000509793, "mean_schedule_energy": 1.2427668893471082, "mean_number_swaps": 1.12, "drone_utilization": 0.6, "execution_time": 21.939796924591064}