{"completion_time": 9108.262764986728, "mean_schedule_time": 6885.904921952968, "mean_flight_time": 5101.270902142978, "mean_swap_time": 210.0, "mean_idle_time": 1574.6340198099897, "mean_delivery_time": 5996.996391884383, "mean_schedule_distance": 35708.89631500086, "mean_schedule_energy": 3.2521524234186465, "mean_number_swaps": 3.5, "drone_utilization": 1.0, "execution_time": 144.8429102897644}