{"completion_time": 6439.073076324051, "mean_schedule_time": 4071.17691207028, "mean_flight_time": 3673.7323036255502, "mean_swap_time": 105.0, "mean_idle_time": 292.44460844472997, "mean_delivery_time": 3729.5225614996307, "mean_schedule_distance": 25716.126125378858, "mean_schedule_energy": 2.123699021670486, "mean_number_swaps": 1.75, "drone_utilization": 1.0, "execution_time": 1.380746841430664}