{"completion_time": 3307.4287089011755, "mean_delivery_time": 1645.5529336440327, "total_distance": 322046.1160652468, "consumed_energy": 30.1664973315015, "execution_time": 23.8205509185791}