{"completion_time": 6314.857417802351, "mean_schedule_time": 1703.0924289043207, "mean_flight_time": 1643.0924289043207, "mean_swap_time": 60.0, "mean_idle_time": 0.0, "mean_delivery_time": 3179.1058672880654, "mean_schedule_distance": 11501.647002330243, "mean_schedule_energy": 1.0773749046964822, "mean_number_swaps": 1.0, "drone_utilization": 0.5357142857142857, "execution_time": 32.893327474594116}