{"completion_time": 6322.522878142971, "mean_delivery_time": 3532.8908001126874, "total_distance": 399743.57570984936, "consumed_energy": 34.19133737398154, "execution_time": 326.2851288318634}