{"completion_time": 2000.6385355985412, "mean_delivery_time": 1560.6172825265696, "total_distance": 103363.20977685988, "consumed_energy": 9.465058678553119, "execution_time": 1.251011610031128}