{"completion_time": 64594.45008476994, "mean_schedule_time": 64386.44792314739, "mean_flight_time": 61656.44792314733, "mean_swap_time": 2730.0, "mean_idle_time": 5.820766091346741e-11, "mean_delivery_time": 27797.09848774474, "mean_schedule_distance": 431595.13546203205, "mean_schedule_energy": 34.90922957271865, "mean_number_swaps": 45.5, "drone_utilization": 1.0, "total_number_parcel_handover": 1, "mean_number_parcel_handover": 0.04, "execution_time": 398.4874608516693}