{"completion_time": 5429.705232424876, "mean_schedule_time": 2820.059083496073, "mean_flight_time": 2489.61392516099, "mean_swap_time": 72.0, "mean_idle_time": 258.44515833508285, "mean_delivery_time": 3106.741946015606, "mean_schedule_distance": 17427.297476126932, "mean_schedule_energy": 1.5027262495914666, "mean_number_swaps": 1.2, "drone_utilization": 0.88, "execution_time": 164.24123001098633}