{"completion_time": 4520.505158352412, "mean_schedule_time": 1503.4251501073318, "mean_flight_time": 1467.4251501073318, "mean_swap_time": 36.0, "mean_idle_time": 0.0, "mean_delivery_time": 3758.5628752683297, "mean_schedule_distance": 10271.976050751324, "mean_schedule_energy": 0.6692721277828901, "mean_number_swaps": 0.6, "drone_utilization": 0.4, "execution_time": 0.1669456958770752}