{"completion_time": 6894.6672132747535, "mean_schedule_time": 6061.592945962677, "mean_flight_time": 5834.087828463843, "mean_swap_time": 204.0, "mean_idle_time": 23.505117498833897, "mean_delivery_time": 5206.181205017188, "mean_schedule_distance": 40838.614799246905, "mean_schedule_energy": 3.1373859009109073, "mean_number_swaps": 3.4, "drone_utilization": 1.0, "execution_time": 111.16318964958191}