{"completion_time": 5485.566649791343, "mean_schedule_time": 4150.753488710917, "mean_flight_time": 3542.9243928182213, "mean_swap_time": 126.0, "mean_idle_time": 481.8290958926955, "mean_delivery_time": 4442.196459614934, "mean_schedule_distance": 24800.47074972756, "mean_schedule_energy": 2.1140379988114293, "mean_number_swaps": 2.1, "drone_utilization": 0.9, "total_number_parcel_handover": 4, "mean_number_parcel_handover": 0.4, "execution_time": 88.00901412963867}