{"completion_time": 1475.5012950073244, "mean_delivery_time": 1458.227443931395, "total_distance": 38310.36843007907, "consumed_energy": 3.148151674297311, "execution_time": 0.2938346862792969}