{"completion_time": 3168.8761128304463, "mean_delivery_time": 1785.4774596831596, "total_distance": 563800.4264535414, "consumed_energy": 46.37854874791361, "execution_time": 41.85278081893921}