{"completion_time": 6241.007513185199, "mean_delivery_time": 2491.76121752716, "total_distance": 602135.7501968814, "consumed_energy": 49.568546803367326, "execution_time": 26.43857192993164}