{"completion_time": 4385.970175302137, "mean_schedule_time": 2041.524630928959, "mean_flight_time": 1867.890452989393, "mean_swap_time": 55.2, "mean_idle_time": 118.43417793956587, "mean_delivery_time": 2873.9399553019616, "mean_schedule_distance": 13075.23317092575, "mean_schedule_energy": 1.0751155321794825, "mean_number_swaps": 0.92, "drone_utilization": 0.72, "execution_time": 163.6583445072174}