{"completion_time": 7501.089906633217, "mean_schedule_time": 3018.9045236488487, "mean_flight_time": 2308.434523221695, "mean_swap_time": 76.0, "mean_idle_time": 634.4700004271535, "mean_delivery_time": 4652.31534411805, "mean_schedule_distance": 16159.041662551863, "mean_schedule_energy": 1.3626621924777496, "mean_number_swaps": 1.2666666666666666, "drone_utilization": 0.6666666666666666, "execution_time": 477.28508734703064}