{"completion_time": 11845.863886497109, "mean_schedule_time": 11086.62231536428, "mean_flight_time": 10559.359067107795, "mean_swap_time": 450.0, "mean_idle_time": 77.2632482564859, "mean_delivery_time": 6684.80495032821, "mean_schedule_distance": 73915.51346975451, "mean_schedule_energy": 6.230126897944017, "mean_number_swaps": 7.5, "drone_utilization": 1.0, "execution_time": 1971.6531326770782}