{"completion_time": 10126.02750261909, "mean_schedule_time": 4525.798316716437, "mean_flight_time": 4378.798316716437, "mean_swap_time": 147.0, "mean_idle_time": 0.0, "mean_delivery_time": 3815.479123564099, "mean_schedule_distance": 30651.58821701507, "mean_schedule_energy": 2.5013448152225566, "mean_number_swaps": 2.45, "drone_utilization": 1.0, "execution_time": 40.039311170578}