{"completion_time": 6072.9644288762365, "mean_schedule_time": 2474.549717555029, "mean_flight_time": 1699.6784789454316, "mean_swap_time": 57.5, "mean_idle_time": 717.3712386095974, "mean_delivery_time": 4557.179909671575, "mean_schedule_distance": 11897.74935261802, "mean_schedule_energy": 1.086229292883305, "mean_number_swaps": 0.9583333333333334, "drone_utilization": 0.5833333333333334, "execution_time": 1407.5756678581238}