{"completion_time": 11301.445883472079, "mean_schedule_time": 8534.534056298497, "mean_flight_time": 8204.534056298491, "mean_swap_time": 330.0, "mean_idle_time": 5.4569682106375694e-12, "mean_delivery_time": 5358.998709401763, "mean_schedule_distance": 57431.738394089436, "mean_schedule_energy": 4.660079705187867, "mean_number_swaps": 5.5, "drone_utilization": 1.0, "execution_time": 24.865970134735107}