{"completion_time": 5890.7229417360395, "mean_delivery_time": 2776.9993547008817, "total_distance": 574317.3839408944, "consumed_energy": 46.600797051878665, "execution_time": 30.64381170272827}