{"completion_time": 7713.4352878261725, "mean_schedule_time": 7292.448388656526, "mean_flight_time": 7002.448388656526, "mean_swap_time": 290.0, "mean_idle_time": 0.0, "mean_delivery_time": 5727.0582985337605, "mean_schedule_distance": 49017.138720595685, "mean_schedule_energy": 4.102745020982258, "mean_number_swaps": 4.833333333333333, "drone_utilization": 1.0, "execution_time": 692.4048588275909}