{"completion_time": 5152.608660385484, "mean_schedule_time": 2323.7274693147433, "mean_flight_time": 1904.2836137266377, "mean_swap_time": 60.0, "mean_idle_time": 359.44385558810563, "mean_delivery_time": 3334.7398337674467, "mean_schedule_distance": 13329.985296086466, "mean_schedule_energy": 1.2011583215575639, "mean_number_swaps": 1.0, "drone_utilization": 0.6818181818181818, "total_number_parcel_handover": 6, "mean_number_parcel_handover": 0.4, "execution_time": 267.12650442123413}