{"completion_time": 8683.250568666968, "mean_schedule_time": 3063.40540036006, "mean_flight_time": 2948.4054003600595, "mean_swap_time": 115.0, "mean_idle_time": 4.547473508864641e-13, "mean_delivery_time": 4136.0689015014705, "mean_schedule_distance": 20638.837802520422, "mean_schedule_energy": 1.7819074291754233, "mean_number_swaps": 1.9166666666666667, "drone_utilization": 0.5833333333333334, "execution_time": 4.876643419265747}