{"1": [{"x": 17, "y": 4, "a": 0, "tau": 766.2129829281014}, {"x": 4, "y": 5, "a": 2, "tau": 2745.8154168268866}], "2": [], "3": [], "4": [], "5": [{"x": 2, "y": 1, "a": 2, "tau": 929.4439621902691}], "6": [{"x": 1, "y": 4, "a": 2, "tau": 1887.0529108152073}], "7": [], "8": [], "9": [{"x": 10, "y": 15, "a": 0, "tau": 944.6307301250217}, {"x": 15, "y": 15, "a": -1, "tau": 1004.6307301250217}, {"x": 15, "y": 18, "a": 1, "tau": 2722.0411128179567}], "10": [], "11": [], "12": [], "13": [], "14": [], "15": [], "16": [], "17": [], "18": [], "19": [], "20": []}