{"completion_time": 4719.889554766598, "mean_delivery_time": 2671.969546364571, "total_distance": 464653.7827478696, "consumed_energy": 39.39985281833505, "execution_time": 400.0696885585785}