{"completion_time": 6240.536112224208, "mean_schedule_time": 3470.7925057584484, "mean_flight_time": 2824.575231687596, "mean_swap_time": 78.75, "mean_idle_time": 567.4672740708525, "mean_delivery_time": 4306.676637148999, "mean_schedule_distance": 19772.026621813176, "mean_schedule_energy": 1.576484260250613, "mean_number_swaps": 1.3125, "drone_utilization": 0.8125, "execution_time": 977.7138948440552}