{"completion_time": 15516.506208217706, "mean_schedule_time": 12438.175667257568, "mean_flight_time": 11904.175667257568, "mean_swap_time": 534.0, "mean_idle_time": 0.0, "mean_delivery_time": 7071.068511931782, "mean_schedule_distance": 83329.22967080303, "mean_schedule_energy": 6.849063782207926, "mean_number_swaps": 8.9, "drone_utilization": 1.0, "execution_time": 35.76816391944885}