{"completion_time": 1911.5073025491427, "mean_delivery_time": 1450.1210213441802, "total_distance": 110515.24586232455, "consumed_energy": 9.163144622918601, "execution_time": 0.36553025245666504}