{"completion_time": 12763.572860444376, "mean_schedule_time": 7789.1216264395, "mean_flight_time": 7477.121626439499, "mean_swap_time": 312.0, "mean_idle_time": 9.094947017729282e-13, "mean_delivery_time": 5249.64131352787, "mean_schedule_distance": 52339.851385076516, "mean_schedule_energy": 4.22803203226766, "mean_number_swaps": 5.2, "drone_utilization": 1.0, "execution_time": 17.689979076385498}