{"completion_time": 4486.566732042604, "mean_schedule_time": 1932.8747365760098, "mean_flight_time": 1664.674957218996, "mean_swap_time": 50.4, "mean_idle_time": 217.79977935701368, "mean_delivery_time": 3219.6464266120674, "mean_schedule_distance": 11652.724700532972, "mean_schedule_energy": 1.0625679291310821, "mean_number_swaps": 0.84, "drone_utilization": 0.64, "execution_time": 91.66731882095337}