{"completion_time": 8764.310169626127, "mean_schedule_time": 8139.710998423519, "mean_flight_time": 7425.6416592276655, "mean_swap_time": 324.0, "mean_idle_time": 390.0693391958539, "mean_delivery_time": 5279.774259203435, "mean_schedule_distance": 51979.49161459367, "mean_schedule_energy": 4.534588031351245, "mean_number_swaps": 5.4, "drone_utilization": 1.0, "execution_time": 335.77761030197144}