{"completion_time": 6128.112546629164, "mean_schedule_time": 2040.8537972735394, "mean_flight_time": 1978.3537972735394, "mean_swap_time": 62.5, "mean_idle_time": 0.0, "mean_delivery_time": 3321.6971257384694, "mean_schedule_distance": 13848.476580914778, "mean_schedule_energy": 1.1629985812866461, "mean_number_swaps": 1.0416666666666667, "drone_utilization": 0.5833333333333334, "total_number_parcel_handover": 0, "mean_number_parcel_handover": 0.0, "execution_time": 20.754453897476196}