{"completion_time": 8988.262764986728, "mean_schedule_time": 3353.218501548528, "mean_flight_time": 2558.8972044020798, "mean_swap_time": 92.14285714285714, "mean_idle_time": 702.1784400035908, "mean_delivery_time": 4020.4627598002567, "mean_schedule_distance": 17912.280430814553, "mean_schedule_energy": 1.562434327275692, "mean_number_swaps": 1.5357142857142858, "drone_utilization": 0.7857142857142857, "total_number_parcel_handover": 8, "mean_number_parcel_handover": 0.4, "execution_time": 2482.2575178146362}