{"completion_time": 4525.2950941053305, "mean_schedule_time": 777.9881617485876, "mean_flight_time": 644.7147033000258, "mean_swap_time": 14.4, "mean_idle_time": 118.87345844856179, "mean_delivery_time": 2431.213005464336, "mean_schedule_distance": 4513.002923100181, "mean_schedule_energy": 0.38938911332024245, "mean_number_swaps": 0.24, "drone_utilization": 0.32, "execution_time": 18.280754327774048}