{"completion_time": 2306.6729512348475, "mean_delivery_time": 1531.2917079568429, "total_distance": 216487.30161694158, "consumed_energy": 18.644243836991773, "execution_time": 76.48540186882019}