{"completion_time": 5949.681720923662, "mean_schedule_time": 3834.0455905097733, "mean_flight_time": 3456.34516239574, "mean_swap_time": 122.4, "mean_idle_time": 255.30042811403337, "mean_delivery_time": 3950.1239053080258, "mean_schedule_distance": 24194.41613677019, "mean_schedule_energy": 2.05995204236138, "mean_number_swaps": 2.04, "drone_utilization": 0.92, "execution_time": 1526.397602558136}