{"completion_time": 3891.7155678807676, "mean_schedule_time": 1017.1166223944565, "mean_flight_time": 849.9082286895003, "mean_swap_time": 18.0, "mean_idle_time": 149.20839370495617, "mean_delivery_time": 3820.389900407859, "mean_schedule_distance": 5949.357600826503, "mean_schedule_energy": 0.4668008856558575, "mean_number_swaps": 0.3, "drone_utilization": 0.3, "execution_time": 1.4261283874511719}