{"completion_time": 5801.244315760619, "mean_schedule_time": 3165.854024100976, "mean_flight_time": 2391.7995862369453, "mean_swap_time": 78.0, "mean_idle_time": 696.0544378640307, "mean_delivery_time": 4475.5851163625, "mean_schedule_distance": 16742.597103658623, "mean_schedule_energy": 1.4281376119803226, "mean_number_swaps": 1.3, "drone_utilization": 0.7, "execution_time": 138.20472979545593}