{"completion_time": 4847.791338929941, "mean_schedule_time": 1666.9019690308285, "mean_flight_time": 1383.1999999821815, "mean_swap_time": 30.0, "mean_idle_time": 253.70196904864702, "mean_delivery_time": 2970.506793395282, "mean_schedule_distance": 9682.399999875268, "mean_schedule_energy": 0.8316711679451644, "mean_number_swaps": 0.5, "drone_utilization": 0.6, "execution_time": 724.3065299987793}