{"completion_time": 15261.955051501123, "mean_schedule_time": 14903.566667147727, "mean_flight_time": 14207.56666714772, "mean_swap_time": 696.0, "mean_idle_time": 7.275957614183426e-12, "mean_delivery_time": 7597.565826073169, "mean_schedule_distance": 99452.96667003405, "mean_schedule_energy": 8.653813825280881, "mean_number_swaps": 11.6, "drone_utilization": 1.0, "execution_time": 339.292706489563}