{"completion_time": 2672.7805311203183, "mean_delivery_time": 1484.1193132114279, "total_distance": 229008.57905826025, "consumed_energy": 18.127849240917914, "execution_time": 11.944749355316162}