{"completion_time": 5165.561062240636, "mean_schedule_time": 2241.034086269145, "mean_flight_time": 2181.0340862691455, "mean_swap_time": 60.0, "mean_idle_time": -4.547473508864641e-13, "mean_delivery_time": 2893.2386264228558, "mean_schedule_distance": 15267.238603884016, "mean_schedule_energy": 1.208523282727861, "mean_number_swaps": 1.0, "drone_utilization": 0.7333333333333333, "execution_time": 11.542717218399048}