{"completion_time": 5431.2600273329535, "mean_schedule_time": 1579.682340975357, "mean_flight_time": 1535.682340975357, "mean_swap_time": 44.0, "mean_idle_time": 0.0, "mean_delivery_time": 2961.9043893287944, "mean_schedule_distance": 10749.776386827501, "mean_schedule_energy": 0.9106736801422703, "mean_number_swaps": 0.7333333333333333, "drone_utilization": 0.5333333333333333, "execution_time": 4.60355281829834}