{"completion_time": 11985.035087540675, "mean_schedule_time": 8041.676333732217, "mean_flight_time": 7729.676333732219, "mean_swap_time": 312.0, "mean_idle_time": -1.8189894035458565e-12, "mean_delivery_time": 5017.207500628531, "mean_schedule_distance": 54107.73433612553, "mean_schedule_energy": 4.545046926478021, "mean_number_swaps": 5.2, "drone_utilization": 1.0, "total_number_parcel_handover": 0, "mean_number_parcel_handover": 0.0, "execution_time": 24.48759913444519}