{"completion_time": 1242.4144006101756, "execution_time": 0.004448652267456055}