{"completion_time": 3023.682096358878, "execution_time": 0.1493844985961914}