{"completion_time": 7498.8247112661475, "mean_schedule_time": 5600.890150500618, "mean_flight_time": 4893.116055866156, "mean_swap_time": 210.0, "mean_idle_time": 497.774094634462, "mean_delivery_time": 4457.122603512406, "mean_schedule_distance": 34251.812391063075, "mean_schedule_energy": 3.04024725057467, "mean_number_swaps": 3.5, "drone_utilization": 1.0, "total_number_parcel_handover": 4, "mean_number_parcel_handover": 0.26666666666666666, "execution_time": 121.67171502113342}