{"completion_time": 4568.908225827743, "mean_schedule_time": 3118.741581137948, "mean_flight_time": 2948.3810137673263, "mean_swap_time": 93.75, "mean_idle_time": 76.61056737062154, "mean_delivery_time": 3332.881245964868, "mean_schedule_distance": 20638.667096371282, "mean_schedule_energy": 1.7306017343558193, "mean_number_swaps": 1.5625, "drone_utilization": 0.9375, "execution_time": 381.5690619945526}