{"completion_time": 2344.4541129138715, "mean_delivery_time": 1718.4406229824338, "total_distance": 330218.6735419405, "consumed_energy": 27.68962774969311, "execution_time": 347.7871012687683}