{"completion_time": 22487.575032055873, "mean_schedule_time": 19177.386413423734, "mean_flight_time": 18367.38641342374, "mean_swap_time": 810.0, "mean_idle_time": -7.275957614183426e-12, "mean_delivery_time": 10195.050980999917, "mean_schedule_distance": 128571.70489396615, "mean_schedule_energy": 9.893568058129313, "mean_number_swaps": 13.5, "drone_utilization": 1.0, "total_number_parcel_handover": 0, "mean_number_parcel_handover": 0.0, "execution_time": 1.225998878479004}