{"completion_time": 27524.069741114952, "mean_schedule_time": 27201.427379767334, "mean_flight_time": 25966.723012697086, "mean_swap_time": 1152.0, "mean_idle_time": 82.70436707024783, "mean_delivery_time": 12979.112841693846, "mean_schedule_distance": 181767.06108887974, "mean_schedule_energy": 15.026068755354524, "mean_number_swaps": 19.2, "drone_utilization": 1.0, "execution_time": 5086.889655828476}