{"completion_time": 5360.353427838384, "mean_schedule_time": 1833.6885110237129, "mean_flight_time": 1775.6885110237126, "mean_swap_time": 58.0, "mean_idle_time": 2.2737367544323206e-13, "mean_delivery_time": 2787.103459531938, "mean_schedule_distance": 12429.819577165983, "mean_schedule_energy": 1.0838017155293467, "mean_number_swaps": 0.9666666666666667, "drone_utilization": 0.6333333333333333, "total_number_parcel_handover": 0, "mean_number_parcel_handover": 0.0, "execution_time": 48.678340435028076}