{"completion_time": 4465.792657610909, "mean_schedule_time": 1710.307210105902, "mean_flight_time": 1663.640543439236, "mean_swap_time": 46.666666666666664, "mean_idle_time": -6.821210263296962e-13, "mean_delivery_time": 3078.5529781906234, "mean_schedule_distance": 11645.483804074649, "mean_schedule_energy": 0.9658122348381389, "mean_number_swaps": 0.7777777777777778, "drone_utilization": 0.5555555555555556, "execution_time": 9.603271722793579}