{"completion_time": 26900.620287688722, "mean_schedule_time": 26448.651064945523, "mean_flight_time": 25222.14381931915, "mean_swap_time": 1212.0, "mean_idle_time": 14.507245626373333, "mean_delivery_time": 12214.440375039687, "mean_schedule_distance": 176555.00673523414, "mean_schedule_energy": 15.053914827295529, "mean_number_swaps": 20.2, "drone_utilization": 1.0, "execution_time": 14642.238621473312}