{"completion_time": 3046.6721138492667, "mean_delivery_time": 2050.4842341507356, "total_distance": 453820.9366821489, "consumed_energy": 36.44296363134869, "execution_time": 268.5998549461365}