{"completion_time": 2884.637720836199, "mean_delivery_time": 2512.808187034619, "total_distance": 178294.88072141216, "consumed_energy": 13.92831554376198, "execution_time": 88.30613875389099}