{"completion_time": 5649.275441672398, "mean_schedule_time": 4588.6451966087, "mean_flight_time": 4245.116207652672, "mean_swap_time": 140.0, "mean_idle_time": 203.52898895602812, "mean_delivery_time": 4869.616374069238, "mean_schedule_distance": 29715.813453568695, "mean_schedule_energy": 2.3213859239603303, "mean_number_swaps": 2.3333333333333335, "drone_utilization": 1.0, "total_number_parcel_handover": 2, "mean_number_parcel_handover": 0.4, "execution_time": 55.6534538269043}