{"completion_time": 9465.868429073955, "mean_schedule_time": 5621.457707957853, "mean_flight_time": 5405.457707957854, "mean_swap_time": 216.0, "mean_idle_time": -9.094947017729282e-13, "mean_delivery_time": 4682.914334842655, "mean_schedule_distance": 37838.20395570497, "mean_schedule_energy": 3.1542281568868153, "mean_number_swaps": 3.6, "drone_utilization": 1.0, "execution_time": 10.120516538619995}