{"completion_time": 5855.617067941797, "mean_schedule_time": 5060.069826040028, "mean_flight_time": 4598.853580524447, "mean_swap_time": 176.66666666666666, "mean_idle_time": 284.54957884891337, "mean_delivery_time": 4184.866175382022, "mean_schedule_distance": 32191.97506367114, "mean_schedule_energy": 2.6870836887795475, "mean_number_swaps": 2.9444444444444446, "drone_utilization": 1.0, "total_number_parcel_handover": 11, "mean_number_parcel_handover": 0.44, "execution_time": 712.4884164333344}