{"completion_time": 9974.730950783867, "mean_schedule_time": 5842.034057943032, "mean_flight_time": 5107.272778114013, "mean_swap_time": 204.0, "mean_idle_time": 530.7612798290193, "mean_delivery_time": 4726.247209567158, "mean_schedule_distance": 35750.90944679809, "mean_schedule_energy": 3.0742686957301193, "mean_number_swaps": 3.4, "drone_utilization": 1.0, "execution_time": 407.8086428642273}