{"completion_time": 29415.974921271547, "mean_schedule_time": 29334.00905100615, "mean_flight_time": 28059.009051006135, "mean_swap_time": 1275.0, "mean_idle_time": 1.4551915228366852e-11, "mean_delivery_time": 14231.242584652831, "mean_schedule_distance": 196413.0633570432, "mean_schedule_energy": 16.277667321203865, "mean_number_swaps": 21.25, "drone_utilization": 1.0, "total_number_parcel_handover": 4, "mean_number_parcel_handover": 0.16, "execution_time": 405.82103300094604}