{"completion_time": 2112.052285732069, "mean_delivery_time": 1599.480895078906, "total_distance": 114935.69359485789, "consumed_energy": 10.069822874363863, "execution_time": 8.252613544464111}