{"completion_time": 6457.091060617488, "mean_schedule_time": 3418.3317727150993, "mean_flight_time": 2778.0573155789807, "mean_swap_time": 79.0909090909091, "mean_idle_time": 561.1835480452096, "mean_delivery_time": 3899.963219717854, "mean_schedule_distance": 19446.401209052863, "mean_schedule_energy": 1.550608735180874, "mean_number_swaps": 1.3181818181818181, "drone_utilization": 0.8636363636363636, "execution_time": 2399.8330504894257}