{"completion_time": 6980.395117532032, "mean_schedule_time": 6488.211254542381, "mean_flight_time": 5566.102380706997, "mean_swap_time": 190.0, "mean_idle_time": 732.1088738353837, "mean_delivery_time": 6659.490984940584, "mean_schedule_distance": 38962.71666494898, "mean_schedule_energy": 2.9626115538512896, "mean_number_swaps": 3.1666666666666665, "drone_utilization": 1.0, "total_number_parcel_handover": 4, "mean_number_parcel_handover": 0.8, "execution_time": 54.41826009750366}