{"completion_time": 3135.920655965822, "mean_delivery_time": 2642.2928212676784, "total_distance": 630096.6404896575, "consumed_energy": 50.56508029836564, "execution_time": 5160.122405529022}