{"completion_time": 10961.89425851743, "mean_delivery_time": 5314.107534983993, "total_distance": 279268.2335138698, "consumed_energy": 22.038035617185475, "execution_time": 69.01292085647583}