{"completion_time": 9048.262764986728, "mean_schedule_time": 7115.649841556655, "mean_flight_time": 5879.162738510214, "mean_swap_time": 217.5, "mean_idle_time": 1018.987103046441, "mean_delivery_time": 6126.8723985123615, "mean_schedule_distance": 41154.1391695715, "mean_schedule_energy": 3.324515593168333, "mean_number_swaps": 3.625, "drone_utilization": 1.0, "total_number_parcel_handover": 6, "mean_number_parcel_handover": 0.6, "execution_time": 75.921457529068}