{"completion_time": 8563.22116344448, "mean_schedule_time": 5857.430146173926, "mean_flight_time": 5383.775175517081, "mean_swap_time": 198.0, "mean_idle_time": 275.65497065684485, "mean_delivery_time": 5080.6599724999605, "mean_schedule_distance": 37686.42622861957, "mean_schedule_energy": 3.1914260756420627, "mean_number_swaps": 3.3, "drone_utilization": 1.0, "execution_time": 104.97981834411621}