{"completion_time": 5770.926472517765, "mean_schedule_time": 3600.222634045467, "mean_flight_time": 3125.2071077824153, "mean_swap_time": 116.66666666666667, "mean_idle_time": 358.3488595963854, "mean_delivery_time": 3874.137187545535, "mean_schedule_distance": 21876.449754476904, "mean_schedule_energy": 1.8397582964272192, "mean_number_swaps": 1.9444444444444444, "drone_utilization": 0.8888888888888888, "total_number_parcel_handover": 8, "mean_number_parcel_handover": 0.5333333333333333, "execution_time": 274.7951567173004}