{"completion_time": 3495.320821506864, "mean_delivery_time": 2674.479303054434, "total_distance": 449193.5895358981, "consumed_energy": 35.99672456313429, "execution_time": 696.7163681983948}