{"completion_time": 6576.027570362395, "mean_schedule_time": 5758.478603713952, "mean_flight_time": 5496.405943737389, "mean_swap_time": 208.0, "mean_idle_time": 54.072659976563045, "mean_delivery_time": 4128.154065602176, "mean_schedule_distance": 38474.841606161695, "mean_schedule_energy": 3.1307515872444145, "mean_number_swaps": 3.466666666666667, "drone_utilization": 1.0, "execution_time": 1612.5542886257172}