{"completion_time": 16734.651775798942, "mean_schedule_time": 13512.459923235903, "mean_flight_time": 13002.459923235901, "mean_swap_time": 510.0, "mean_idle_time": 1.8189894035458565e-12, "mean_delivery_time": 8742.040852648466, "mean_schedule_distance": 91017.21946265132, "mean_schedule_energy": 7.0296857451522285, "mean_number_swaps": 8.5, "drone_utilization": 1.0, "total_number_parcel_handover": 0, "mean_number_parcel_handover": 0.0, "execution_time": 0.40134644508361816}