{"completion_time": 7767.567910396114, "mean_schedule_time": 876.453342546008, "mean_flight_time": 846.453342546008, "mean_swap_time": 30.0, "mean_idle_time": 0.0, "mean_delivery_time": 2921.5111418200268, "mean_schedule_distance": 5925.173397822056, "mean_schedule_energy": 0.5604506934039839, "mean_number_swaps": 0.5, "drone_utilization": 0.3, "execution_time": 3.6626152992248535}