{"completion_time": 3910.4054828386197, "mean_schedule_time": 1993.257585504985, "mean_flight_time": 1920.2515802008318, "mean_swap_time": 42.0, "mean_idle_time": 31.006005304153177, "mean_delivery_time": 3476.6999033926304, "mean_schedule_distance": 13441.761061405825, "mean_schedule_energy": 0.965854508327863, "mean_number_swaps": 0.7, "drone_utilization": 0.6, "total_number_parcel_handover": 2, "mean_number_parcel_handover": 0.4, "execution_time": 15.38833737373352}