{"completion_time": 3537.1793031449974, "mean_delivery_time": 2558.493759712583, "total_distance": 223580.47761356208, "consumed_energy": 18.280381043521995, "execution_time": 33.69692635536194}