{"completion_time": 7767.567910396114, "mean_schedule_time": 1917.5407795076705, "mean_flight_time": 1853.540779507671, "mean_swap_time": 64.0, "mean_idle_time": -4.547473508864641e-13, "mean_delivery_time": 2876.3111692615057, "mean_schedule_distance": 12974.78545655369, "mean_schedule_energy": 1.1558602835578786, "mean_number_swaps": 1.0666666666666667, "drone_utilization": 0.6666666666666666, "execution_time": 7.389071941375732}