{"completion_time": 13484.130714201723, "mean_delivery_time": 5964.403982201715, "total_distance": 686573.1059850553, "consumed_energy": 57.9273960562551, "execution_time": 905.3187947273254}