{"completion_time": 9296.317301364523, "mean_schedule_time": 7515.169493390973, "mean_flight_time": 6974.469551374296, "mean_swap_time": 296.0, "mean_idle_time": 244.6999420166767, "mean_delivery_time": 5506.973173420037, "mean_schedule_distance": 48821.28685962005, "mean_schedule_energy": 4.124501875190278, "mean_number_swaps": 4.933333333333334, "drone_utilization": 1.0, "execution_time": 1767.0588743686676}