{"completion_time": 7527.567910396114, "mean_schedule_time": 4089.731539519597, "mean_flight_time": 3769.307003706112, "mean_swap_time": 134.4, "mean_idle_time": 186.02453581348482, "mean_delivery_time": 4342.905205825405, "mean_schedule_distance": 26385.149025942777, "mean_schedule_energy": 2.274885912989933, "mean_number_swaps": 2.24, "drone_utilization": 0.88, "execution_time": 2438.720191001892}