{"completion_time": 7102.845898351934, "mean_schedule_time": 2870.3133652665974, "mean_flight_time": 2769.5133652665972, "mean_swap_time": 100.8, "mean_idle_time": 0.0, "mean_delivery_time": 3114.5544752099577, "mean_schedule_distance": 19386.593556866184, "mean_schedule_energy": 1.8074731038832164, "mean_number_swaps": 1.68, "drone_utilization": 0.84, "execution_time": 46.07874417304993}