{"completion_time": 3653.897584549568, "mean_schedule_time": 2700.041040732136, "mean_flight_time": 2460.373329589798, "mean_swap_time": 84.0, "mean_idle_time": 155.66771114233825, "mean_delivery_time": 2700.041040732136, "mean_schedule_distance": 17222.61330712859, "mean_schedule_energy": 1.5759031778304713, "mean_number_swaps": 1.4, "drone_utilization": 1.0, "total_number_parcel_handover": 3, "mean_number_parcel_handover": 0.3, "execution_time": 43.905182123184204}