{"completion_time": 10131.096425543063, "mean_schedule_time": 3725.1907594050995, "mean_flight_time": 3600.905045119385, "mean_swap_time": 124.28571428571429, "mean_idle_time": 4.547473508864641e-13, "mean_delivery_time": 3540.301313108076, "mean_schedule_distance": 25206.33531583569, "mean_schedule_energy": 2.1359339632537258, "mean_number_swaps": 2.0714285714285716, "drone_utilization": 1.0, "total_number_parcel_handover": 0, "mean_number_parcel_handover": 0.0, "execution_time": 16.08609127998352}