{"completion_time": 2887.7055677057806, "mean_delivery_time": 1946.66323925742, "total_distance": 487736.2885255663, "consumed_energy": 40.583759771625076, "execution_time": 682.0884041786194}