{"completion_time": 9105.682509214023, "mean_delivery_time": 4291.444728475199, "total_distance": 603613.198356341, "consumed_energy": 51.30189113551298, "execution_time": 21.089285135269165}