{"completion_time": 4285.7926576109085, "mean_schedule_time": 1188.8543005714084, "mean_flight_time": 1011.26700750806, "mean_swap_time": 19.2, "mean_idle_time": 158.38729306334835, "mean_delivery_time": 3287.0085435677247, "mean_schedule_distance": 7078.869052556419, "mean_schedule_energy": 0.5558267630063465, "mean_number_swaps": 0.32, "drone_utilization": 0.44, "execution_time": 321.4786710739136}