{"completion_time": 2142.8963288054542, "mean_delivery_time": 1668.5042717838624, "total_distance": 176971.72631391048, "consumed_energy": 13.895669075158661, "execution_time": 235.66667366027832}