{"completion_time": 4829.514899847842, "mean_schedule_time": 2583.3141762846426, "mean_flight_time": 2133.323473438092, "mean_swap_time": 52.5, "mean_idle_time": 397.49070284655045, "mean_delivery_time": 2880.0367946910637, "mean_schedule_distance": 14933.26431406665, "mean_schedule_energy": 1.2130713212491469, "mean_number_swaps": 0.875, "drone_utilization": 0.875, "execution_time": 78.31276869773865}