{"completion_time": 10237.190820018832, "mean_schedule_time": 4144.798334412038, "mean_flight_time": 4002.9801525938574, "mean_swap_time": 141.8181818181818, "mean_idle_time": -1.8189894035458565e-12, "mean_delivery_time": 3972.434862472178, "mean_schedule_distance": 28020.861068157003, "mean_schedule_energy": 2.3457083901664117, "mean_number_swaps": 2.3636363636363638, "drone_utilization": 0.9545454545454546, "execution_time": 59.40078353881836}