{"completion_time": 2072.2770983155056, "mean_delivery_time": 1259.5153839924735, "total_distance": 49122.63307669961, "consumed_energy": 3.922998429699474, "execution_time": 3.538809061050415}