{"completion_time": 6427.721766379004, "mean_schedule_time": 6212.325870567, "mean_flight_time": 5784.38454136305, "mean_swap_time": 216.0, "mean_idle_time": 211.94132920394986, "mean_delivery_time": 4980.448877254612, "mean_schedule_distance": 40490.69178954134, "mean_schedule_energy": 3.1847013387729843, "mean_number_swaps": 3.6, "drone_utilization": 1.0, "execution_time": 33.555197954177856}