{"completion_time": 9758.808096863873, "mean_schedule_time": 9352.495998784148, "mean_flight_time": 8502.907545634553, "mean_swap_time": 348.0, "mean_idle_time": 501.5884531495958, "mean_delivery_time": 6438.836518710766, "mean_schedule_distance": 59520.35281944193, "mean_schedule_energy": 4.967881849329841, "mean_number_swaps": 5.8, "drone_utilization": 1.0, "execution_time": 1675.7755601406097}