{"completion_time": 9142.205100702326, "mean_schedule_time": 7650.153877628505, "mean_flight_time": 6454.099395615914, "mean_swap_time": 255.0, "mean_idle_time": 941.0544820125915, "mean_delivery_time": 6325.215724379106, "mean_schedule_distance": 45178.69576931141, "mean_schedule_energy": 3.5736833831612405, "mean_number_swaps": 4.25, "drone_utilization": 1.0, "total_number_parcel_handover": 2, "mean_number_parcel_handover": 0.4, "execution_time": 14.144688844680786}