{"completion_time": 6757.60125860987, "mean_schedule_time": 2120.3259710305447, "mean_flight_time": 2045.3259710305442, "mean_swap_time": 75.0, "mean_idle_time": 4.547473508864641e-13, "mean_delivery_time": 3392.5215536488713, "mean_schedule_distance": 14317.281797213811, "mean_schedule_energy": 1.2360524759584341, "mean_number_swaps": 1.25, "drone_utilization": 0.625, "total_number_parcel_handover": 0, "mean_number_parcel_handover": 0.0, "execution_time": 1.0218064785003662}