{"completion_time": 6629.130895031203, "mean_schedule_time": 6274.032470299225, "mean_flight_time": 5761.64192429033, "mean_swap_time": 222.85714285714286, "mean_idle_time": 289.5334031517514, "mean_delivery_time": 5149.331748517385, "mean_schedule_distance": 40331.493470032314, "mean_schedule_energy": 3.272993399865461, "mean_number_swaps": 3.7142857142857144, "drone_utilization": 1.0, "total_number_parcel_handover": 9, "mean_number_parcel_handover": 0.45, "execution_time": 6487.156466007233}