{"completion_time": 2042.9655163495415, "mean_delivery_time": 1858.121172507521, "total_distance": 49507.39283021059, "consumed_energy": 4.045936424224109, "execution_time": 0.002681255340576172}