{"completion_time": 7607.018866171652, "mean_schedule_time": 4595.902708418445, "mean_flight_time": 4072.8991736593625, "mean_swap_time": 147.0, "mean_idle_time": 376.00353475908287, "mean_delivery_time": 4097.9596248725475, "mean_schedule_distance": 28510.29421561553, "mean_schedule_energy": 2.403493742489869, "mean_number_swaps": 2.45, "drone_utilization": 1.0, "execution_time": 326.4073076248169}