{"completion_time": 6163.651932402115, "mean_schedule_time": 2340.028245920426, "mean_flight_time": 2259.028245920426, "mean_swap_time": 81.0, "mean_idle_time": 0.0, "mean_delivery_time": 3342.897494172037, "mean_schedule_distance": 15813.197721442979, "mean_schedule_energy": 1.407421306768501, "mean_number_swaps": 1.35, "drone_utilization": 0.7, "execution_time": 18.582576990127563}