{"completion_time": 11669.607390867512, "mean_schedule_time": 11433.721886514171, "mean_flight_time": 10481.421458357481, "mean_swap_time": 430.0, "mean_idle_time": 522.30042815669, "mean_delivery_time": 6724.176051293738, "mean_schedule_distance": 73369.95020850236, "mean_schedule_energy": 5.812245313512398, "mean_number_swaps": 7.166666666666667, "drone_utilization": 1.0, "execution_time": 1988.3628273010254}