{"completion_time": 1242.4144006101756, "execution_time": 0.004770994186401367}