{"completion_time": 7676.608644184089, "mean_schedule_time": 5447.187493533897, "mean_flight_time": 4607.2527217136685, "mean_swap_time": 177.0, "mean_idle_time": 662.9347718202289, "mean_delivery_time": 4728.277126900933, "mean_schedule_distance": 32250.769051995663, "mean_schedule_energy": 2.8067390813177795, "mean_number_swaps": 2.95, "drone_utilization": 1.0, "execution_time": 6976.985961198807}