{"completion_time": 17285.080317891654, "mean_schedule_time": 17148.604172765867, "mean_flight_time": 16358.976817159932, "mean_swap_time": 720.0, "mean_idle_time": 69.62735560593501, "mean_delivery_time": 9371.087358945257, "mean_schedule_distance": 114512.83772011955, "mean_schedule_energy": 9.355128681076728, "mean_number_swaps": 12.0, "drone_utilization": 1.0, "execution_time": 807.1817903518677}