{"completion_time": 23422.532689944623, "mean_schedule_time": 22997.891304690605, "mean_flight_time": 21989.891304690613, "mean_swap_time": 1008.0, "mean_idle_time": -7.275957614183426e-12, "mean_delivery_time": 10690.983927417914, "mean_schedule_distance": 153929.23913283425, "mean_schedule_energy": 12.695237251068813, "mean_number_swaps": 16.8, "drone_utilization": 1.0, "execution_time": 1205.5271759033203}