{"completion_time": 5485.566649791343, "mean_schedule_time": 3838.4379023522765, "mean_flight_time": 3382.0962432633182, "mean_swap_time": 124.0, "mean_idle_time": 332.3416590889583, "mean_delivery_time": 3959.575168675111, "mean_schedule_distance": 23674.673702843233, "mean_schedule_energy": 2.0581330652282124, "mean_number_swaps": 2.066666666666667, "drone_utilization": 0.8666666666666667, "execution_time": 114.22911024093628}