{"completion_time": 4371.61058172224, "mean_delivery_time": 2674.895721488792, "total_distance": 644921.7810983465, "consumed_energy": 56.47195784061629, "execution_time": 395.6761360168457}