{"completion_time": 8503.22116344448, "mean_schedule_time": 7216.399908156214, "mean_flight_time": 6554.130213637052, "mean_swap_time": 274.2857142857143, "mean_idle_time": 387.98398023344726, "mean_delivery_time": 5098.143306911012, "mean_schedule_distance": 45878.91149545934, "mean_schedule_energy": 4.022373968906282, "mean_number_swaps": 4.571428571428571, "drone_utilization": 1.0, "total_number_parcel_handover": 9, "mean_number_parcel_handover": 0.36, "execution_time": 631.6803727149963}