{"completion_time": 6254.150127131734, "mean_schedule_time": 2370.8053003280065, "mean_flight_time": 1937.3236468819805, "mean_swap_time": 54.54545454545455, "mean_idle_time": 378.9361989005715, "mean_delivery_time": 3902.7463951664695, "mean_schedule_distance": 13561.265528173857, "mean_schedule_energy": 1.0805751245273614, "mean_number_swaps": 0.9090909090909091, "drone_utilization": 0.6363636363636364, "execution_time": 771.8233454227448}