{"completion_time": 3988.3043220920445, "mean_delivery_time": 2336.51636814724, "total_distance": 682955.5709657313, "consumed_energy": 59.34757796370265, "execution_time": 3566.5307705402374}