{"completion_time": 6096.421160078096, "mean_schedule_time": 4775.858519523907, "mean_flight_time": 4096.856298854222, "mean_swap_time": 142.5, "mean_idle_time": 536.5022206696849, "mean_delivery_time": 4275.484601731923, "mean_schedule_distance": 28677.99409197955, "mean_schedule_energy": 2.3667986135000505, "mean_number_swaps": 2.375, "drone_utilization": 1.0, "execution_time": 85.71986174583435}