{"completion_time": 7070.1210617548095, "mean_delivery_time": 3302.2281822865257, "total_distance": 378352.1211138287, "consumed_energy": 30.24650308416417, "execution_time": 5.101080894470215}