{"completion_time": 5286.33489417477, "mean_schedule_time": 1009.7499416362954, "mean_flight_time": 823.1137809992654, "mean_swap_time": 19.285714285714285, "mean_idle_time": 167.35044635131567, "mean_delivery_time": 3577.1581177691055, "mean_schedule_distance": 5761.796466994859, "mean_schedule_energy": 0.4789165657242997, "mean_number_swaps": 0.32142857142857145, "drone_utilization": 0.32142857142857145, "execution_time": 133.08803820610046}