{"completion_time": 6254.150127131734, "mean_schedule_time": 3157.9700541187067, "mean_flight_time": 2720.492728493521, "mean_swap_time": 78.0, "mean_idle_time": 359.4773256251856, "mean_delivery_time": 3694.6670356572863, "mean_schedule_distance": 19043.44909945465, "mean_schedule_energy": 1.5994010401750745, "mean_number_swaps": 1.3, "drone_utilization": 0.85, "execution_time": 856.8736555576324}