{"completion_time": 4006.3329531330096, "mean_schedule_time": 714.010595527082, "mean_flight_time": 699.6105955270822, "mean_swap_time": 14.4, "mean_idle_time": -1.1368683772161603e-13, "mean_delivery_time": 1785.026488817705, "mean_schedule_distance": 4897.274168689574, "mean_schedule_energy": 0.39751984624976827, "mean_number_swaps": 0.24, "drone_utilization": 0.4, "execution_time": 13.31995177268982}