{"completion_time": 1478.330619983461, "mean_delivery_time": 1014.7319942889085, "total_distance": 76392.92411136183, "consumed_energy": 6.598134538427113, "execution_time": 0.6716575622558594}