{"completion_time": 4804.982728582742, "mean_schedule_time": 3703.214759226404, "mean_flight_time": 3525.8907276429095, "mean_swap_time": 125.45454545454545, "mean_idle_time": 51.86948612894912, "mean_delivery_time": 3543.7639271061776, "mean_schedule_distance": 24681.23509350037, "mean_schedule_energy": 2.051903032936259, "mean_number_swaps": 2.090909090909091, "drone_utilization": 0.9545454545454546, "execution_time": 485.03611493110657}