{"completion_time": 10131.096425543063, "mean_schedule_time": 3500.5042585488295, "mean_flight_time": 3376.5042585488304, "mean_swap_time": 124.0, "mean_idle_time": -9.094947017729282e-13, "mean_delivery_time": 3334.623896854517, "mean_schedule_distance": 23635.52980984181, "mean_schedule_energy": 2.040404678440949, "mean_number_swaps": 2.066666666666667, "drone_utilization": 1.0, "execution_time": 18.48361873626709}