{"completion_time": 2142.8963288054542, "mean_delivery_time": 1744.2600305261412, "total_distance": 288863.30113812385, "consumed_energy": 23.169939230977608, "execution_time": 60.82499408721924}