{"completion_time": 4224.104571464138, "mean_schedule_time": 1883.9761482706715, "mean_flight_time": 1784.0016013345014, "mean_swap_time": 48.75, "mean_idle_time": 51.2245469361701, "mean_delivery_time": 2811.9449772875664, "mean_schedule_distance": 12488.011209341508, "mean_schedule_energy": 1.0617079423747935, "mean_number_swaps": 0.8125, "drone_utilization": 0.6875, "execution_time": 67.24603939056396}