{"completion_time": 2772.4941627698545, "mean_schedule_time": 410.5975167200112, "mean_flight_time": 357.3681774810295, "mean_swap_time": 4.285714285714286, "mean_idle_time": 48.94362495326743, "mean_delivery_time": 1669.6915489211958, "mean_schedule_distance": 2501.577242367206, "mean_schedule_energy": 0.20881636246917323, "mean_number_swaps": 0.07142857142857142, "drone_utilization": 0.25, "total_number_parcel_handover": 2, "mean_number_parcel_handover": 0.4, "execution_time": 13.881910562515259}