{"completion_time": 4565.970175302137, "mean_schedule_time": 2633.334574882506, "mean_flight_time": 2555.3345748825063, "mean_swap_time": 78.0, "mean_idle_time": -4.547473508864641e-13, "mean_delivery_time": 3291.6682186031326, "mean_schedule_distance": 17887.342024177542, "mean_schedule_energy": 1.4333622269156963, "mean_number_swaps": 1.3, "drone_utilization": 0.8, "execution_time": 2.781632900238037}