{"completion_time": 10341.144775628272, "mean_schedule_time": 9953.556586216495, "mean_flight_time": 9557.556586216495, "mean_swap_time": 396.0, "mean_idle_time": 0.0, "mean_delivery_time": 6453.789108741198, "mean_schedule_distance": 66902.89610351548, "mean_schedule_energy": 5.306922791934366, "mean_number_swaps": 6.6, "drone_utilization": 1.0, "execution_time": 50.50877571105957}