{"completion_time": 7605.155242057946, "mean_schedule_time": 5433.622802882425, "mean_flight_time": 4316.7400727499125, "mean_swap_time": 155.0, "mean_idle_time": 961.8827301325127, "mean_delivery_time": 5584.115282301005, "mean_schedule_distance": 30217.18050924937, "mean_schedule_energy": 2.510703634572184, "mean_number_swaps": 2.5833333333333335, "drone_utilization": 0.9166666666666666, "total_number_parcel_handover": 20, "mean_number_parcel_handover": 1.0, "execution_time": 9963.970851182938}