{"completion_time": 8085.5019814266525, "mean_delivery_time": 4126.524936337627, "total_distance": 405438.2827751396, "consumed_energy": 34.27371997014998, "execution_time": 947.9514057636261}