{"completion_time": 2624.7430976616547, "mean_schedule_time": 518.9224630980968, "mean_flight_time": 342.696230902112, "mean_swap_time": 0.0, "mean_idle_time": 176.22623219598484, "mean_delivery_time": 1713.48115451056, "mean_schedule_distance": 2398.873616314784, "mean_schedule_energy": 0.17523980116860696, "mean_number_swaps": 0.0, "drone_utilization": 0.3, "execution_time": 0.47696995735168457}