{"completion_time": 10892.024579163259, "mean_schedule_time": 8634.64036819404, "mean_flight_time": 8084.2996697441195, "mean_swap_time": 342.0, "mean_idle_time": 208.34069844991973, "mean_delivery_time": 5548.575237801051, "mean_schedule_distance": 56590.09768820884, "mean_schedule_energy": 4.542057915516815, "mean_number_swaps": 5.7, "drone_utilization": 1.0, "execution_time": 117.38047742843628}