{"completion_time": 6877.967795139055, "mean_schedule_time": 2436.5472765731515, "mean_flight_time": 1979.691087840588, "mean_swap_time": 68.0, "mean_idle_time": 388.8561887325636, "mean_delivery_time": 3479.515792812222, "mean_schedule_distance": 13857.837614884116, "mean_schedule_energy": 1.169287146895958, "mean_number_swaps": 1.1333333333333333, "drone_utilization": 0.6333333333333333, "execution_time": 773.4985554218292}