{"completion_time": 6728.671684956705, "mean_schedule_time": 5516.4552219984325, "mean_flight_time": 4977.533396709648, "mean_swap_time": 180.0, "mean_idle_time": 358.92182528878493, "mean_delivery_time": 4159.14205619657, "mean_schedule_distance": 34842.73377696754, "mean_schedule_energy": 2.7421479740854697, "mean_number_swaps": 3.0, "drone_utilization": 1.0, "total_number_parcel_handover": 5, "mean_number_parcel_handover": 0.5, "execution_time": 14.547553300857544}