{"completion_time": 2489.471408290736, "mean_delivery_time": 1767.4332213734822, "total_distance": 260298.52183927037, "consumed_energy": 21.34076430276214, "execution_time": 45.37566924095154}