{"completion_time": 6082.387256715182, "mean_schedule_time": 2411.6512619447085, "mean_flight_time": 2339.651261944709, "mean_swap_time": 72.0, "mean_idle_time": -4.547473508864641e-13, "mean_delivery_time": 3014.564077430886, "mean_schedule_distance": 16377.558833612955, "mean_schedule_energy": 1.4009657550715664, "mean_number_swaps": 1.2, "drone_utilization": 0.8, "execution_time": 22.505950927734375}