{"completion_time": 5425.566649791343, "mean_schedule_time": 3849.118045869131, "mean_flight_time": 3351.7579081649874, "mean_swap_time": 114.54545454545455, "mean_idle_time": 382.81468315868915, "mean_delivery_time": 4071.810058069009, "mean_schedule_distance": 23462.305357154917, "mean_schedule_energy": 1.9767433142541684, "mean_number_swaps": 1.9090909090909092, "drone_utilization": 0.9090909090909091, "total_number_parcel_handover": 8, "mean_number_parcel_handover": 0.4, "execution_time": 297.89451146125793}