{"completion_time": 11564.992770229292, "mean_schedule_time": 7650.275520646461, "mean_flight_time": 7380.275520646461, "mean_swap_time": 270.0, "mean_idle_time": 0.0, "mean_delivery_time": 5801.213349569842, "mean_schedule_distance": 51661.92864452524, "mean_schedule_energy": 3.891286066671787, "mean_number_swaps": 4.5, "drone_utilization": 1.0, "total_number_parcel_handover": 0, "mean_number_parcel_handover": 0.0, "execution_time": 2.4870548248291016}