{"completion_time": 6576.027570362395, "mean_schedule_time": 5430.52839941807, "mean_flight_time": 5088.4774449316055, "mean_swap_time": 196.0, "mean_idle_time": 146.05095448646443, "mean_delivery_time": 3938.9520246622437, "mean_schedule_distance": 35619.34211452123, "mean_schedule_energy": 2.9228759295532556, "mean_number_swaps": 3.2666666666666666, "drone_utilization": 1.0, "execution_time": 466.4768223762512}