{"completion_time": 4357.6457307103665, "mean_schedule_time": 2328.263542351519, "mean_flight_time": 1989.6185951865432, "mean_swap_time": 43.2, "mean_idle_time": 295.4449471649757, "mean_delivery_time": 2836.336407379062, "mean_schedule_distance": 13927.330166305797, "mean_schedule_energy": 1.1272290901862854, "mean_number_swaps": 0.72, "drone_utilization": 0.84, "execution_time": 1384.7776703834534}