{"completion_time": 6239.425078935152, "mean_schedule_time": 4198.885088964706, "mean_flight_time": 3667.6789716537332, "mean_swap_time": 132.0, "mean_idle_time": 399.20611731097233, "mean_delivery_time": 3874.181184298232, "mean_schedule_distance": 25673.75280157612, "mean_schedule_energy": 2.169771810310685, "mean_number_swaps": 2.2, "drone_utilization": 0.96, "execution_time": 719.6444342136383}