{"completion_time": 9166.2767189844, "mean_schedule_time": 8492.159651191994, "mean_flight_time": 7796.793225004891, "mean_swap_time": 330.0, "mean_idle_time": 365.36642618710357, "mean_delivery_time": 5048.690294661327, "mean_schedule_distance": 54577.552575034206, "mean_schedule_energy": 4.51195060337405, "mean_number_swaps": 5.5, "drone_utilization": 1.0, "execution_time": 1259.8975942134857}