{"completion_time": 20298.946580960437, "mean_schedule_time": 19982.630457617506, "mean_flight_time": 19130.630457617506, "mean_swap_time": 852.0, "mean_idle_time": 0.0, "mean_delivery_time": 10350.861160223243, "mean_schedule_distance": 133914.41320332245, "mean_schedule_energy": 10.988150626471489, "mean_number_swaps": 14.2, "drone_utilization": 1.0, "execution_time": 3582.712160348892}