{"completion_time": 3231.8259662010573, "mean_delivery_time": 1671.0651866624598, "total_distance": 86859.65045309775, "consumed_energy": 8.898600738100681, "execution_time": 1.890333652496338}