{"completion_time": 6163.651932402115, "mean_schedule_time": 859.2347662199786, "mean_flight_time": 827.2347662199786, "mean_swap_time": 32.0, "mean_idle_time": 0.0, "mean_delivery_time": 3222.1303733249197, "mean_schedule_distance": 5790.643363539851, "mean_schedule_energy": 0.593240049206712, "mean_number_swaps": 0.5333333333333333, "drone_utilization": 0.26666666666666666, "execution_time": 1.6787898540496826}