{"completion_time": 2138.735109224409, "mean_delivery_time": 1592.5879360399565, "total_distance": 102680.60066711326, "consumed_energy": 9.087439307731534, "execution_time": 28800.52917599678}