{"completion_time": 11021.36600532599, "mean_schedule_time": 6591.891004123348, "mean_flight_time": 6306.891004123349, "mean_swap_time": 285.0, "mean_idle_time": -1.8189894035458565e-12, "mean_delivery_time": 4469.089817076369, "mean_schedule_distance": 44148.23702886346, "mean_schedule_energy": 3.953521757331707, "mean_number_swaps": 4.75, "drone_utilization": 1.0, "total_number_parcel_handover": 0, "mean_number_parcel_handover": 0.0, "execution_time": 26.38273549079895}