{"completion_time": 7467.567910396114, "mean_schedule_time": 2563.1676420776134, "mean_flight_time": 1691.3304399689005, "mean_swap_time": 53.333333333333336, "mean_idle_time": 818.5038687753797, "mean_delivery_time": 3789.164916422081, "mean_schedule_distance": 11839.313079782303, "mean_schedule_energy": 1.0332347558704797, "mean_number_swaps": 0.8888888888888888, "drone_utilization": 0.6666666666666666, "total_number_parcel_handover": 7, "mean_number_parcel_handover": 0.7, "execution_time": 51.09694743156433}