{"completion_time": 3763.783955198057, "mean_delivery_time": 1936.5824582110406, "total_distance": 213107.63543608144, "consumed_energy": 18.598225605668635, "execution_time": 38.1464946269989}