{"completion_time": 3942.2088392035466, "mean_schedule_time": 1509.2172678977204, "mean_flight_time": 1289.537222589644, "mean_swap_time": 30.0, "mean_idle_time": 189.6800453080764, "mean_delivery_time": 2897.739819934698, "mean_schedule_distance": 9026.760558127507, "mean_schedule_energy": 0.7486805890352, "mean_number_swaps": 0.5, "drone_utilization": 0.5416666666666666, "execution_time": 588.1295626163483}