{"completion_time": 2930.9841941231307, "mean_delivery_time": 2270.060138221613, "total_distance": 364556.5114448525, "consumed_energy": 29.822021717403526, "execution_time": 45.49458289146423}