{"completion_time": 4486.566732042604, "mean_schedule_time": 2341.6692615490974, "mean_flight_time": 2109.9456168737843, "mean_swap_time": 68.57142857142857, "mean_idle_time": 163.1522161038847, "mean_delivery_time": 2959.5423639459577, "mean_schedule_distance": 14769.619318116498, "mean_schedule_energy": 1.3540034463385353, "mean_number_swaps": 1.1428571428571428, "drone_utilization": 0.7857142857142857, "execution_time": 442.9105272293091}