{"completion_time": 6567.509784516836, "mean_schedule_time": 2678.713283987612, "mean_flight_time": 2582.7132839876117, "mean_swap_time": 96.0, "mean_idle_time": 4.547473508864641e-13, "mean_delivery_time": 3348.391604984515, "mean_schedule_distance": 18078.99298791328, "mean_schedule_energy": 1.6942297956005923, "mean_number_swaps": 1.6, "drone_utilization": 0.8, "execution_time": 9.365423917770386}