{"completion_time": 23810.51696341151, "mean_schedule_time": 23606.237547439185, "mean_flight_time": 22485.6295608688, "mean_swap_time": 1032.0, "mean_idle_time": 88.60798657038322, "mean_delivery_time": 11864.974288238676, "mean_schedule_distance": 157399.40692608163, "mean_schedule_energy": 13.106043020547627, "mean_number_swaps": 17.2, "drone_utilization": 1.0, "execution_time": 632.7304515838623}