{"completion_time": 4299.739441063695, "mean_schedule_time": 2273.808438544314, "mean_flight_time": 2017.9568441878503, "mean_swap_time": 55.2, "mean_idle_time": 200.65159435646365, "mean_delivery_time": 3165.207279309252, "mean_schedule_distance": 14125.697909314957, "mean_schedule_energy": 1.234128812889476, "mean_number_swaps": 0.92, "drone_utilization": 0.8, "execution_time": 943.9645574092865}