{"completion_time": 4385.970175302137, "mean_schedule_time": 2846.7147253500625, "mean_flight_time": 2553.328372545566, "mean_swap_time": 81.6, "mean_idle_time": 211.7863528044968, "mean_delivery_time": 3076.60038905563, "mean_schedule_distance": 17873.29860781896, "mean_schedule_energy": 1.503130860881132, "mean_number_swaps": 1.36, "drone_utilization": 0.92, "execution_time": 263.54296827316284}