{"completion_time": 6333.070194114789, "mean_schedule_time": 5575.032448065485, "mean_flight_time": 4880.283870535067, "mean_swap_time": 165.0, "mean_idle_time": 529.7485775304185, "mean_delivery_time": 4315.612674264172, "mean_schedule_distance": 34161.98709374546, "mean_schedule_energy": 2.607858988281299, "mean_number_swaps": 2.75, "drone_utilization": 1.0, "execution_time": 5.586212396621704}