{"completion_time": 9048.262764986728, "mean_schedule_time": 5920.879447588944, "mean_flight_time": 4943.928165380019, "mean_swap_time": 180.0, "mean_idle_time": 796.9512822089246, "mean_delivery_time": 5094.425801376326, "mean_schedule_distance": 34607.497157660124, "mean_schedule_energy": 2.8951901188427116, "mean_number_swaps": 3.0, "drone_utilization": 1.0, "execution_time": 12883.74074602127}