{"completion_time": 13005.511382763449, "mean_schedule_time": 11974.375454443338, "mean_flight_time": 11479.375454443338, "mean_swap_time": 495.0, "mean_idle_time": 0.0, "mean_delivery_time": 7461.724131613808, "mean_schedule_distance": 80355.62818110336, "mean_schedule_energy": 6.5985324584975125, "mean_number_swaps": 8.25, "drone_utilization": 1.0, "total_number_parcel_handover": 2, "mean_number_parcel_handover": 0.2, "execution_time": 124.12702941894531}