{"completion_time": 17793.024057628372, "mean_schedule_time": 17384.081181196372, "mean_flight_time": 16556.76954845091, "mean_swap_time": 792.0, "mean_idle_time": 35.3116327454627, "mean_delivery_time": 8576.192878086113, "mean_schedule_distance": 115897.3868391563, "mean_schedule_energy": 10.012605405019114, "mean_number_swaps": 13.2, "drone_utilization": 1.0, "execution_time": 5203.569719314575}