{"completion_time": 11176.878555800566, "mean_schedule_time": 4250.874499324422, "mean_flight_time": 4090.874499324423, "mean_swap_time": 160.0, "mean_idle_time": -1.8189894035458565e-12, "mean_delivery_time": 3746.302167389293, "mean_schedule_distance": 28636.12149527096, "mean_schedule_energy": 2.5028370945607383, "mean_number_swaps": 2.6666666666666665, "drone_utilization": 0.9444444444444444, "total_number_parcel_handover": 0, "mean_number_parcel_handover": 0.0, "execution_time": 41.69029498100281}