{"completion_time": 7679.513833161006, "mean_schedule_time": 3759.248610182201, "mean_flight_time": 2539.5015036920795, "mean_swap_time": 82.5, "mean_idle_time": 1137.2471064901215, "mean_delivery_time": 4247.908072433235, "mean_schedule_distance": 17776.510525844562, "mean_schedule_energy": 1.459658157750328, "mean_number_swaps": 1.375, "drone_utilization": 0.8125, "total_number_parcel_handover": 9, "mean_number_parcel_handover": 0.9, "execution_time": 832.8394536972046}