{"completion_time": 11666.83826528333, "mean_schedule_time": 8700.907389891361, "mean_flight_time": 8340.90738989136, "mean_swap_time": 360.0, "mean_idle_time": 1.8189894035458565e-12, "mean_delivery_time": 5611.397609213221, "mean_schedule_distance": 58386.3517292395, "mean_schedule_energy": 5.0911882339165855, "mean_number_swaps": 6.0, "drone_utilization": 1.0, "total_number_parcel_handover": 0, "mean_number_parcel_handover": 0.0, "execution_time": 15.764729022979736}