{"completion_time": 27198.864400038732, "mean_schedule_time": 23931.082904452225, "mean_flight_time": 22971.08290445222, "mean_swap_time": 960.0, "mean_idle_time": 3.637978807091713e-12, "mean_delivery_time": 12015.080474265758, "mean_schedule_distance": 160797.58033116558, "mean_schedule_energy": 12.759234387390851, "mean_number_swaps": 16.0, "drone_utilization": 1.0, "total_number_parcel_handover": 0, "mean_number_parcel_handover": 0.0, "execution_time": 1.0388495922088623}