{"completion_time": 12425.527767600755, "mean_schedule_time": 11989.208953323472, "mean_flight_time": 10801.441375959725, "mean_swap_time": 516.0, "mean_idle_time": 671.7675773637475, "mean_delivery_time": 6894.783320433365, "mean_schedule_distance": 75610.0896317181, "mean_schedule_energy": 6.594697930027931, "mean_number_swaps": 8.6, "drone_utilization": 1.0, "execution_time": 575.7901856899261}