{"completion_time": 10728.80531299148, "mean_schedule_time": 6350.377473576585, "mean_flight_time": 6118.3774735765855, "mean_swap_time": 232.0, "mean_idle_time": -9.094947017729282e-13, "mean_delivery_time": 4422.7156024795595, "mean_schedule_distance": 42828.6423150361, "mean_schedule_energy": 3.489585369303427, "mean_number_swaps": 3.8666666666666667, "drone_utilization": 1.0, "execution_time": 69.50621485710144}