{"completion_time": 2080.5736709264447, "mean_delivery_time": 1614.0156053551407, "total_distance": 42672.436949943934, "consumed_energy": 3.35662907897509, "execution_time": 0.48105430603027344}