{"completion_time": 8988.262764986728, "mean_schedule_time": 4805.318927423254, "mean_flight_time": 3587.2387521263145, "mean_swap_time": 126.66666666666667, "mean_idle_time": 1091.4135086302726, "mean_delivery_time": 4867.658523084325, "mean_schedule_distance": 25110.671264884208, "mean_schedule_energy": 2.1817753184890853, "mean_number_swaps": 2.111111111111111, "drone_utilization": 0.9444444444444444, "total_number_parcel_handover": 7, "mean_number_parcel_handover": 0.4666666666666667, "execution_time": 3945.914993286133}