{"completion_time": 18001.05377762047, "mean_schedule_time": 17922.607943648978, "mean_flight_time": 16809.510291147344, "mean_swap_time": 756.0, "mean_idle_time": 357.097652501634, "mean_delivery_time": 8878.97374657039, "mean_schedule_distance": 117666.57203803134, "mean_schedule_energy": 9.67476490703022, "mean_number_swaps": 12.6, "drone_utilization": 1.0, "execution_time": 1227.6319518089294}