{"completion_time": 5284.5101188800845, "mean_delivery_time": 3061.2028142673066, "total_distance": 619703.0156537868, "consumed_energy": 54.35902808617979, "execution_time": 1020.1935317516327}