{"completion_time": 10205.627592530338, "mean_schedule_time": 9634.454722963585, "mean_flight_time": 9125.525807806825, "mean_swap_time": 420.0, "mean_idle_time": 88.9289151567591, "mean_delivery_time": 6112.214807776788, "mean_schedule_distance": 63878.68065464774, "mean_schedule_energy": 5.550405553974121, "mean_number_swaps": 7.0, "drone_utilization": 1.0, "execution_time": 2097.5148651599884}