{"completion_time": 4086.2466134120486, "mean_delivery_time": 2117.0440479911717, "total_distance": 100781.0294140901, "consumed_energy": 7.9812477222116085, "execution_time": 1.6330547332763672}