{"completion_time": 9065.64420662852, "mean_schedule_time": 6711.620212031923, "mean_flight_time": 5288.195805066035, "mean_swap_time": 213.0, "mean_idle_time": 1210.424406965888, "mean_delivery_time": 5812.094520049205, "mean_schedule_distance": 37017.37063546226, "mean_schedule_energy": 3.1539757633261662, "mean_number_swaps": 3.55, "drone_utilization": 1.0, "execution_time": 790.2053849697113}