{"completion_time": 13963.697115046241, "mean_schedule_time": 13759.238204130912, "mean_flight_time": 13118.356455057865, "mean_swap_time": 624.0, "mean_idle_time": 16.881749073047104, "mean_delivery_time": 7537.349388155174, "mean_schedule_distance": 91828.49518540509, "mean_schedule_energy": 7.904735877259872, "mean_number_swaps": 10.4, "drone_utilization": 1.0, "execution_time": 1001.3781957626343}