{"completion_time": 21319.549590151153, "mean_schedule_time": 18117.610615232996, "mean_flight_time": 17347.610615233003, "mean_swap_time": 770.0, "mean_idle_time": -7.275957614183426e-12, "mean_delivery_time": 9528.378585049917, "mean_schedule_distance": 121433.27430663096, "mean_schedule_energy": 9.832475282588979, "mean_number_swaps": 12.833333333333334, "drone_utilization": 1.0, "execution_time": 15.493857145309448}