{"completion_time": 5111.650440425045, "mean_schedule_time": 4337.151094071456, "mean_flight_time": 3950.572201773379, "mean_swap_time": 137.14285714285714, "mean_idle_time": 249.43603515521954, "mean_delivery_time": 3655.1705702199297, "mean_schedule_distance": 27654.005412413648, "mean_schedule_energy": 2.354128631796853, "mean_number_swaps": 2.2857142857142856, "drone_utilization": 1.0, "execution_time": 830.3821458816528}