{"completion_time": 4674.073841369784, "mean_schedule_time": 1389.5518732036467, "mean_flight_time": 1268.8629339140787, "mean_swap_time": 36.42857142857143, "mean_idle_time": 84.26036786099667, "mean_delivery_time": 3344.0038623773266, "mean_schedule_distance": 8882.04053739855, "mean_schedule_energy": 0.7154360725437733, "mean_number_swaps": 0.6071428571428571, "drone_utilization": 0.42857142857142855, "execution_time": 46.49069929122925}