{"completion_time": 4357.6457307103665, "mean_schedule_time": 2243.9403652165865, "mean_flight_time": 1949.7280678403888, "mean_swap_time": 51.0, "mean_idle_time": 243.21229737619774, "mean_delivery_time": 2658.2513407178767, "mean_schedule_distance": 13648.096474882715, "mean_schedule_energy": 1.1534359732894723, "mean_number_swaps": 0.85, "drone_utilization": 0.8, "total_number_parcel_handover": 5, "mean_number_parcel_handover": 0.3333333333333333, "execution_time": 288.3073847293854}