{"completion_time": 11823.092856564917, "mean_schedule_time": 6087.731372023489, "mean_flight_time": 5834.874229166349, "mean_swap_time": 252.85714285714286, "mean_idle_time": -3.637978807091713e-12, "mean_delivery_time": 4386.3313890057125, "mean_schedule_distance": 40844.11960416443, "mean_schedule_energy": 3.686110520951593, "mean_number_swaps": 4.214285714285714, "drone_utilization": 1.0, "total_number_parcel_handover": 0, "mean_number_parcel_handover": 0.0, "execution_time": 40.65192651748657}