{"completion_time": 6151.546428282459, "mean_delivery_time": 2273.565694502856, "total_distance": 571817.674458302, "consumed_energy": 51.6055472933223, "execution_time": 27.34661865234375}