{"completion_time": 12663.727059351031, "mean_delivery_time": 6563.358144622276, "total_distance": 647078.7152956417, "consumed_energy": 51.30783374125264, "execution_time": 2738.252520084381}