{"completion_time": 6254.150127131734, "mean_schedule_time": 3147.925192434324, "mean_flight_time": 2752.110506475094, "mean_swap_time": 75.0, "mean_idle_time": 320.8146859592298, "mean_delivery_time": 3893.274049577706, "mean_schedule_distance": 19264.773545325657, "mean_schedule_energy": 1.5291420612667999, "mean_number_swaps": 1.25, "drone_utilization": 0.8125, "execution_time": 438.77503180503845}