{"completion_time": 4650.200935349142, "mean_schedule_time": 3514.1415287480772, "mean_flight_time": 3169.386343161696, "mean_swap_time": 100.9090909090909, "mean_idle_time": 243.84609467729024, "mean_delivery_time": 3638.446226616419, "mean_schedule_distance": 22185.70440213186, "mean_schedule_energy": 1.8112009986333326, "mean_number_swaps": 1.6818181818181819, "drone_utilization": 0.9545454545454546, "execution_time": 1849.710474729538}