{"completion_time": 3359.3268179531824, "mean_delivery_time": 2256.441262086549, "total_distance": 507318.85858492495, "consumed_energy": 42.334170767738094, "execution_time": 96.4062077999115}