{"completion_time": 7202.6797966818785, "mean_schedule_time": 2206.068446358534, "mean_flight_time": 2131.0684463585344, "mean_swap_time": 75.0, "mean_idle_time": -4.547473508864641e-13, "mean_delivery_time": 3331.3071980884333, "mean_schedule_distance": 14917.479124509739, "mean_schedule_energy": 1.2825910279061803, "mean_number_swaps": 1.25, "drone_utilization": 0.65, "execution_time": 20.477083683013916}