{"completion_time": 3781.3398983409393, "mean_delivery_time": 1721.3678847585022, "total_distance": 298349.58249019476, "consumed_energy": 25.651820558123607, "execution_time": 18.749004364013672}