{"completion_time": 7527.567910396114, "mean_schedule_time": 3855.4180458068377, "mean_flight_time": 3249.131481872095, "mean_swap_time": 108.75, "mean_idle_time": 497.53656393474284, "mean_delivery_time": 3973.676104566305, "mean_schedule_distance": 22743.920373104662, "mean_schedule_energy": 1.88282695850723, "mean_number_swaps": 1.8125, "drone_utilization": 0.9375, "execution_time": 132.49281191825867}