{"completion_time": 7797.022011179077, "mean_schedule_time": 4220.997705389826, "mean_flight_time": 3363.1785258608156, "mean_swap_time": 117.0, "mean_idle_time": 740.81917952901, "mean_delivery_time": 4578.937024092897, "mean_schedule_distance": 23542.24968102571, "mean_schedule_energy": 1.9595450668015606, "mean_number_swaps": 1.95, "drone_utilization": 0.9, "total_number_parcel_handover": 8, "mean_number_parcel_handover": 0.5333333333333333, "execution_time": 3752.5819284915924}