{"completion_time": 5671.222485326789, "mean_schedule_time": 4047.1241853759275, "mean_flight_time": 3661.966908959242, "mean_swap_time": 117.5, "mean_idle_time": 267.65727641668536, "mean_delivery_time": 3993.2935411185504, "mean_schedule_distance": 25633.76836271469, "mean_schedule_energy": 2.0864700355801293, "mean_number_swaps": 1.9583333333333333, "drone_utilization": 1.0, "execution_time": 2666.1940014362335}