{"completion_time": 1716.795376177116, "execution_time": 0.012408733367919922}