{"completion_time": 1911.5073025491427, "mean_delivery_time": 1449.0226346327265, "total_distance": 118587.63295553993, "consumed_energy": 9.647487848511522, "execution_time": 0.3695096969604492}