{"completion_time": 19906.58473316541, "mean_schedule_time": 19744.567477336703, "mean_flight_time": 18611.090067942805, "mean_swap_time": 852.0, "mean_idle_time": 281.4774093938977, "mean_delivery_time": 9450.596033869992, "mean_schedule_distance": 130277.6304755996, "mean_schedule_energy": 10.86043826081894, "mean_number_swaps": 14.2, "drone_utilization": 1.0, "execution_time": 203.8428521156311}