{"completion_time": 19263.101256184247, "mean_schedule_time": 18585.52996593077, "mean_flight_time": 17745.529965930768, "mean_swap_time": 840.0, "mean_idle_time": 3.637978807091713e-12, "mean_delivery_time": 9002.698989543405, "mean_schedule_distance": 124218.70976151535, "mean_schedule_energy": 10.649194351850293, "mean_number_swaps": 14.0, "drone_utilization": 1.0, "execution_time": 3648.478742837906}