{"completion_time": 10050.838884646108, "mean_delivery_time": 4824.069006324529, "total_distance": 508608.25949786004, "consumed_energy": 43.245821567538826, "execution_time": 1628.7214963436127}