{"completion_time": 6834.390199033175, "mean_schedule_time": 2328.3697551674754, "mean_flight_time": 2250.8697551674763, "mean_swap_time": 77.5, "mean_idle_time": -9.094947017729282e-13, "mean_delivery_time": 2832.8111575091307, "mean_schedule_distance": 15756.08828617233, "mean_schedule_energy": 1.4390250071424842, "mean_number_swaps": 1.2916666666666667, "drone_utilization": 0.7916666666666666, "execution_time": 42.4306640625}