{"completion_time": 7044.86352318465, "mean_schedule_time": 1262.2132166672939, "mean_flight_time": 882.0235535896101, "mean_swap_time": 22.0, "mean_idle_time": 358.1896630776838, "mean_delivery_time": 3944.0599930789003, "mean_schedule_distance": 6174.16487512727, "mean_schedule_energy": 0.49668920466295036, "mean_number_swaps": 0.36666666666666664, "drone_utilization": 0.3333333333333333, "execution_time": 137.8908715248108}