{"completion_time": 4540.139159077604, "mean_delivery_time": 2438.2960605413386, "total_distance": 381238.7102550476, "consumed_energy": 32.71276548918782, "execution_time": 73.15729522705078}