{"completion_time": 12373.283276735521, "mean_schedule_time": 11930.109301958975, "mean_flight_time": 11450.109301958964, "mean_swap_time": 480.0, "mean_idle_time": 1.0913936421275139e-11, "mean_delivery_time": 7682.030987588896, "mean_schedule_distance": 80150.76511371289, "mean_schedule_energy": 6.586744600842626, "mean_number_swaps": 8.0, "drone_utilization": 1.0, "execution_time": 1650.3225190639496}