{"completion_time": 5170.64492625994, "mean_schedule_time": 4472.110867962845, "mean_flight_time": 4221.810482877914, "mean_swap_time": 132.85714285714286, "mean_idle_time": 117.44324222778778, "mean_delivery_time": 4156.71800588533, "mean_schedule_distance": 29552.673380145403, "mean_schedule_energy": 2.2574895481125874, "mean_number_swaps": 2.2142857142857144, "drone_utilization": 1.0, "execution_time": 187.85189175605774}