{"completion_time": 9348.262764986728, "mean_schedule_time": 688.5650020254383, "mean_flight_time": 664.9935734540097, "mean_swap_time": 23.571428571428573, "mean_idle_time": 0.0, "mean_delivery_time": 3855.964011342455, "mean_schedule_distance": 4654.955014178067, "mean_schedule_energy": 0.41987333970055973, "mean_number_swaps": 0.39285714285714285, "drone_utilization": 0.17857142857142858, "execution_time": 4.102741241455078}