{"completion_time": 6274.656117858137, "mean_schedule_time": 4726.302440441128, "mean_flight_time": 4402.222189468142, "mean_swap_time": 168.0, "mean_idle_time": 156.0802509729865, "mean_delivery_time": 3918.073391024192, "mean_schedule_distance": 30815.555326277008, "mean_schedule_energy": 2.5882228531109193, "mean_number_swaps": 2.8, "drone_utilization": 1.0, "execution_time": 181.82464265823364}