{"completion_time": 8894.035170426425, "mean_schedule_time": 3439.3090852083856, "mean_flight_time": 3313.3090852083856, "mean_swap_time": 126.0, "mean_idle_time": 0.0, "mean_delivery_time": 3552.775994347872, "mean_schedule_distance": 23193.1635964587, "mean_schedule_energy": 2.0347901893112534, "mean_number_swaps": 2.1, "drone_utilization": 0.9, "total_number_parcel_handover": 0, "mean_number_parcel_handover": 0.0, "execution_time": 4.768787622451782}