{"completion_time": 2248.0555715307146, "mean_delivery_time": 1965.542865055307, "total_distance": 139165.34139883035, "consumed_energy": 11.01471334337863, "execution_time": 30.851454257965088}