{"completion_time": 13049.112027719271, "mean_schedule_time": 12491.421187342403, "mean_flight_time": 11556.559992491942, "mean_swap_time": 502.5, "mean_idle_time": 432.3611948504604, "mean_delivery_time": 7739.921962719413, "mean_schedule_distance": 80895.91994744354, "mean_schedule_energy": 6.549289191713901, "mean_number_swaps": 8.375, "drone_utilization": 1.0, "execution_time": 4176.046632051468}