{"completion_time": 10653.05176898507, "mean_delivery_time": 4483.524700759282, "total_distance": 662650.4290382997, "consumed_energy": 55.01442014989387, "execution_time": 18.139223337173462}