{"completion_time": 2920.307514895762, "mean_schedule_time": 795.0089350763843, "mean_flight_time": 699.6105955270822, "mean_swap_time": 9.6, "mean_idle_time": 85.79833954930211, "mean_delivery_time": 1773.026488817705, "mean_schedule_distance": 4897.274168689574, "mean_schedule_energy": 0.39751984624976827, "mean_number_swaps": 0.16, "drone_utilization": 0.44, "execution_time": 43.2361741065979}