{"completion_time": 9761.922947334924, "mean_schedule_time": 9389.059870909896, "mean_flight_time": 9005.059870909894, "mean_swap_time": 384.0, "mean_idle_time": 1.8189894035458565e-12, "mean_delivery_time": 6174.331344258686, "mean_schedule_distance": 63035.41909636925, "mean_schedule_energy": 5.243664418880435, "mean_number_swaps": 6.4, "drone_utilization": 1.0, "execution_time": 6729.21769452095}