{"completion_time": 13315.530492714568, "mean_schedule_time": 12599.762487826894, "mean_flight_time": 11980.074948045194, "mean_swap_time": 552.0, "mean_idle_time": 67.68753978170025, "mean_delivery_time": 7833.420596143699, "mean_schedule_distance": 83860.52463631638, "mean_schedule_energy": 7.09682670590948, "mean_number_swaps": 9.2, "drone_utilization": 1.0, "execution_time": 3155.391856908798}