{"completion_time": 10302.123169211345, "mean_schedule_time": 5396.132547559936, "mean_flight_time": 5208.132547559938, "mean_swap_time": 188.0, "mean_idle_time": -1.8189894035458565e-12, "mean_delivery_time": 4427.1622604223485, "mean_schedule_distance": 36456.92783291955, "mean_schedule_energy": 2.9697907342982672, "mean_number_swaps": 3.1333333333333333, "drone_utilization": 1.0, "execution_time": 32.58301115036011}