{"completion_time": 26355.918430209305, "mean_schedule_time": 25625.74484579589, "mean_flight_time": 24498.747774415115, "mean_swap_time": 1095.0, "mean_idle_time": 31.997071380774287, "mean_delivery_time": 11389.741611225065, "mean_schedule_distance": 171491.23442090565, "mean_schedule_energy": 13.784474589409195, "mean_number_swaps": 18.25, "drone_utilization": 1.0, "execution_time": 3714.129497051239}