{"completion_time": 4287.1595138093835, "mean_schedule_time": 1611.7954010552169, "mean_flight_time": 1297.2940468785737, "mean_swap_time": 24.0, "mean_idle_time": 290.5013541766432, "mean_delivery_time": 3523.220791070264, "mean_schedule_distance": 9081.058328150017, "mean_schedule_energy": 0.7108166656140582, "mean_number_swaps": 0.4, "drone_utilization": 0.6, "execution_time": 6.5645411014556885}