{"completion_time": 2143.5797569046917, "mean_delivery_time": 1776.610395535132, "total_distance": 90810.58328150016, "consumed_energy": 7.1081666561405825, "execution_time": 6.125757932662964}