{"completion_time": 9369.205134405958, "mean_delivery_time": 3793.952185089198, "total_distance": 477897.2936215875, "consumed_energy": 40.4825983359777, "execution_time": 7.698874473571777}