{"completion_time": 4374.6648338831565, "mean_delivery_time": 3046.0059982118087, "total_distance": 763628.8114691902, "consumed_energy": 62.31232505259657, "execution_time": 2661.201515197754}