{"completion_time": 9148.525127134442, "mean_schedule_time": 5762.524297879537, "mean_flight_time": 5547.524297879535, "mean_swap_time": 215.0, "mean_idle_time": 1.8189894035458565e-12, "mean_delivery_time": 4520.1495824133635, "mean_schedule_distance": 38832.670085156766, "mean_schedule_energy": 3.049624875464476, "mean_number_swaps": 3.5833333333333335, "drone_utilization": 1.0, "total_number_parcel_handover": 0, "mean_number_parcel_handover": 0.0, "execution_time": 16.14652109146118}