{"completion_time": 6102.794444925071, "mean_schedule_time": 678.1572388739668, "mean_flight_time": 658.1572388739667, "mean_swap_time": 20.0, "mean_idle_time": 1.1368683772161603e-13, "mean_delivery_time": 3255.1547465950403, "mean_schedule_distance": 4607.1006721177655, "mean_schedule_energy": 0.39681560135728217, "mean_number_swaps": 0.3333333333333333, "drone_utilization": 0.20833333333333334, "execution_time": 3.2891533374786377}