{"completion_time": 4961.322200535827, "mean_schedule_time": 1310.099296447908, "mean_flight_time": 1278.0992964479078, "mean_swap_time": 32.0, "mean_idle_time": 2.2737367544323206e-13, "mean_delivery_time": 2620.198592895816, "mean_schedule_distance": 8946.695075135354, "mean_schedule_energy": 0.7359135430705244, "mean_number_swaps": 0.5333333333333333, "drone_utilization": 0.5, "execution_time": 30.00575304031372}