{"completion_time": 3889.6143875998546, "mean_delivery_time": 2328.7168049041966, "total_distance": 620757.9506969365, "consumed_energy": 51.243712990612856, "execution_time": 851.16224360466}