{"completion_time": 6494.150127131732, "mean_schedule_time": 1784.8847250756678, "mean_flight_time": 1727.6119978029406, "mean_swap_time": 57.27272727272727, "mean_idle_time": 0.0, "mean_delivery_time": 3926.7463951664695, "mean_schedule_distance": 12093.283984620582, "mean_schedule_energy": 0.9924962319141646, "mean_number_swaps": 0.9545454545454546, "drone_utilization": 0.45454545454545453, "total_number_parcel_handover": 0, "mean_number_parcel_handover": 0.0, "execution_time": 10.792313575744629}