{"completion_time": 2207.2375250160135, "mean_delivery_time": 1752.0108188027102, "total_distance": 129721.82939560279, "consumed_energy": 10.263071372452718, "execution_time": 18.212207078933716}