{"completion_time": 1816.7714563605691, "mean_delivery_time": 1178.9171778835755, "total_distance": 63499.36196148024, "consumed_energy": 4.8560612397078105, "execution_time": 0.0042879581451416016}