{"completion_time": 6240.571096847229, "mean_schedule_time": 5416.210774783501, "mean_flight_time": 5206.436881539724, "mean_swap_time": 188.57142857142858, "mean_idle_time": 21.20246467234847, "mean_delivery_time": 4586.497546665204, "mean_schedule_distance": 36445.05817077807, "mean_schedule_energy": 2.930939130592058, "mean_number_swaps": 3.142857142857143, "drone_utilization": 1.0, "execution_time": 532.8248522281647}