{"completion_time": 3200.4602622293123, "mean_delivery_time": 2366.748773332602, "total_distance": 510230.8143908929, "consumed_energy": 41.03314782828881, "execution_time": 375.2825860977173}