{"completion_time": 19031.48053860097, "mean_schedule_time": 18447.5917225957, "mean_flight_time": 17607.5917225957, "mean_swap_time": 840.0, "mean_idle_time": 0.0, "mean_delivery_time": 9064.682880277764, "mean_schedule_distance": 123253.14205816993, "mean_schedule_energy": 10.76982867208194, "mean_number_swaps": 14.0, "drone_utilization": 1.0, "execution_time": 1235.1042973995209}