{"completion_time": 7402.193840879126, "mean_schedule_time": 3923.463964107142, "mean_flight_time": 2474.1771732548737, "mean_swap_time": 84.0, "mean_idle_time": 1365.2867908522685, "mean_delivery_time": 5268.097071131587, "mean_schedule_distance": 17319.240212784112, "mean_schedule_energy": 1.613054696669304, "mean_number_swaps": 1.4, "drone_utilization": 0.8, "execution_time": 14.351983308792114}