{"completion_time": 12290.049514372782, "mean_schedule_time": 11631.968996064395, "mean_flight_time": 11069.35326670107, "mean_swap_time": 474.0, "mean_idle_time": 88.61572936332595, "mean_delivery_time": 7026.834622751751, "mean_schedule_distance": 77485.47286690745, "mean_schedule_energy": 6.481185089547289, "mean_number_swaps": 7.9, "drone_utilization": 1.0, "execution_time": 3193.0550134181976}