{"completion_time": 6051.178371592179, "mean_schedule_time": 3735.136598032231, "mean_flight_time": 3314.9608855647543, "mean_swap_time": 120.0, "mean_idle_time": 300.17571246747684, "mean_delivery_time": 4137.155724371757, "mean_schedule_distance": 23204.72619895329, "mean_schedule_energy": 2.018145882766205, "mean_number_swaps": 2.0, "drone_utilization": 0.8666666666666667, "execution_time": 110.70360541343689}