{"completion_time": 2915.4632362588827, "mean_delivery_time": 1866.9394402211672, "total_distance": 373217.87504551274, "consumed_energy": 31.866272308359985, "execution_time": 613.0668022632599}