{"completion_time": 13804.165631308268, "mean_schedule_time": 13478.00761816381, "mean_flight_time": 12234.72802947527, "mean_swap_time": 546.0, "mean_idle_time": 697.2795886885397, "mean_delivery_time": 7789.347110698995, "mean_schedule_distance": 85643.0962063269, "mean_schedule_energy": 7.263752838319938, "mean_number_swaps": 9.1, "drone_utilization": 1.0, "execution_time": 7939.398314714432}