{"completion_time": 6646.79697404988, "mean_schedule_time": 6052.693997442919, "mean_flight_time": 5599.875282731081, "mean_swap_time": 222.85714285714286, "mean_idle_time": 229.96157185469474, "mean_delivery_time": 4723.946468037762, "mean_schedule_distance": 39199.126979117565, "mean_schedule_energy": 3.282440625913814, "mean_number_swaps": 3.7142857142857144, "drone_utilization": 1.0, "total_number_parcel_handover": 18, "mean_number_parcel_handover": 0.9, "execution_time": 761.420800447464}