{"completion_time": 4674.073841369784, "mean_schedule_time": 1643.2886356598788, "mean_flight_time": 1446.0026169979867, "mean_swap_time": 40.714285714285715, "mean_idle_time": 156.57173294760628, "mean_delivery_time": 3534.6185365365336, "mean_schedule_distance": 10122.018318985907, "mean_schedule_energy": 0.7898347394390148, "mean_number_swaps": 0.6785714285714286, "drone_utilization": 0.4642857142857143, "execution_time": 600.7464091777802}