{"completion_time": 7667.018866171652, "mean_schedule_time": 5258.846816203322, "mean_flight_time": 4799.473204729599, "mean_swap_time": 183.0, "mean_idle_time": 276.37361147372303, "mean_delivery_time": 4156.665766189804, "mean_schedule_distance": 33596.31243310721, "mean_schedule_energy": 2.8294608043343783, "mean_number_swaps": 3.05, "drone_utilization": 1.0, "execution_time": 4148.74609708786}