{"completion_time": 9101.095326657296, "mean_schedule_time": 8073.233902137408, "mean_flight_time": 7713.9487780207255, "mean_swap_time": 300.0, "mean_idle_time": 59.28512411668271, "mean_delivery_time": 5650.083912271218, "mean_schedule_distance": 53997.64144614506, "mean_schedule_energy": 4.245611280396682, "mean_number_swaps": 5.0, "drone_utilization": 1.0, "execution_time": 3179.5113775730133}