{"completion_time": 4936.948387216634, "mean_schedule_time": 2291.5786477111087, "mean_flight_time": 2216.5786477111083, "mean_swap_time": 75.0, "mean_idle_time": 4.547473508864641e-13, "mean_delivery_time": 3666.525836337774, "mean_schedule_distance": 15516.050533977761, "mean_schedule_energy": 1.3648516716883679, "mean_number_swaps": 1.25, "drone_utilization": 0.625, "execution_time": 1.166489839553833}