{"completion_time": 6653.804758815277, "mean_schedule_time": 5823.040334269741, "mean_flight_time": 5240.740390906426, "mean_swap_time": 216.0, "mean_idle_time": 366.2999433633149, "mean_delivery_time": 4409.955747822587, "mean_schedule_distance": 36685.182736345, "mean_schedule_energy": 3.222605858500317, "mean_number_swaps": 3.6, "drone_utilization": 1.0, "execution_time": 99.16933369636536}