{"completion_time": 6345.8334595182405, "mean_schedule_time": 4039.779724050093, "mean_flight_time": 3723.025223112585, "mean_swap_time": 133.63636363636363, "mean_idle_time": 183.11813730114454, "mean_delivery_time": 3872.233471423635, "mean_schedule_distance": 26061.1765617881, "mean_schedule_energy": 2.268232247847387, "mean_number_swaps": 2.227272727272727, "drone_utilization": 0.9545454545454546, "execution_time": 894.7906999588013}