{"completion_time": 1977.902365088491, "mean_delivery_time": 1745.7341982282226, "total_distance": 132223.24201256034, "consumed_energy": 10.368194228469566, "execution_time": 21.075273036956787}