{"completion_time": 4662.711274077236, "mean_delivery_time": 2731.180608027641, "total_distance": 771695.6249682346, "consumed_energy": 62.77562374768845, "execution_time": 294.9737124443054}