{"completion_time": 8965.422548154473, "mean_schedule_time": 7649.482142554619, "mean_flight_time": 7349.482142554616, "mean_swap_time": 300.0, "mean_idle_time": 2.7284841053187847e-12, "mean_delivery_time": 5266.361216055282, "mean_schedule_distance": 51446.3749978823, "mean_schedule_energy": 4.18504158317923, "mean_number_swaps": 5.0, "drone_utilization": 1.0, "execution_time": 457.87200236320496}