{"completion_time": 2775.6300136664768, "mean_delivery_time": 2087.0958824580407, "total_distance": 370674.7304200751, "consumed_energy": 32.40440179754764, "execution_time": 77.26354789733887}