{"completion_time": 5371.2600273329535, "mean_schedule_time": 4349.971322744831, "mean_flight_time": 4109.014517321462, "mean_swap_time": 150.0, "mean_idle_time": 90.95680542336868, "mean_delivery_time": 3846.4945621500924, "mean_schedule_distance": 28763.101621250225, "mean_schedule_energy": 2.53941417572342, "mean_number_swaps": 2.5, "drone_utilization": 1.0, "total_number_parcel_handover": 3, "mean_number_parcel_handover": 0.2, "execution_time": 73.54760098457336}