{"completion_time": 980.365270430978, "execution_time": 0.002638101577758789}