{"completion_time": 1216.7011578212237, "execution_time": 0.0030717849731445312}