{"completion_time": 5863.651932402115, "mean_schedule_time": 1514.5530457131513, "mean_flight_time": 1036.43350933524, "mean_swap_time": 20.0, "mean_idle_time": 458.11953637791134, "mean_delivery_time": 3778.561321948766, "mean_schedule_distance": 7255.03456534668, "mean_schedule_energy": 0.5790142779747357, "mean_number_swaps": 0.3333333333333333, "drone_utilization": 0.4666666666666667, "execution_time": 52.433714866638184}