{"completion_time": 2941.8242167088915, "mean_delivery_time": 1894.2797862283, "total_distance": 115844.18358066463, "consumed_energy": 9.1063340756489, "execution_time": 47.03207206726074}