{"completion_time": 1769.0892434591567, "execution_time": 0.5798251628875732}