{"completion_time": 10318.054600306878, "mean_schedule_time": 8133.841916924505, "mean_flight_time": 7803.841916924504, "mean_swap_time": 330.0, "mean_idle_time": 9.094947017729282e-13, "mean_delivery_time": 5282.286447885777, "mean_schedule_distance": 54626.89341847156, "mean_schedule_energy": 4.469817739614472, "mean_number_swaps": 5.5, "drone_utilization": 1.0, "execution_time": 17.117953300476074}