{"completion_time": 3989.27570696154, "mean_schedule_time": 447.4660018846118, "mean_flight_time": 345.93449722728684, "mean_swap_time": 6.428571428571429, "mean_idle_time": 95.1029332287535, "mean_delivery_time": 2233.5213975133165, "mean_schedule_distance": 2421.5414805910077, "mean_schedule_energy": 0.21094809915805413, "mean_number_swaps": 0.10714285714285714, "drone_utilization": 0.21428571428571427, "execution_time": 28.11701202392578}