{"completion_time": 4847.791338929941, "mean_schedule_time": 2871.0833991707505, "mean_flight_time": 2623.3475974921716, "mean_swap_time": 82.0, "mean_idle_time": 165.7358016785788, "mean_delivery_time": 3403.7728762296006, "mean_schedule_distance": 18363.433182445195, "mean_schedule_energy": 1.5546102419708163, "mean_number_swaps": 1.3666666666666667, "drone_utilization": 0.8333333333333334, "total_number_parcel_handover": 6, "mean_number_parcel_handover": 0.24, "execution_time": 613.6413407325745}