{"completion_time": 15788.173508699489, "mean_schedule_time": 15064.778693983599, "mean_flight_time": 14318.093270153342, "mean_swap_time": 675.0, "mean_idle_time": 71.6854238302567, "mean_delivery_time": 7988.428389117092, "mean_schedule_distance": 100226.65289107343, "mean_schedule_energy": 8.98651767282735, "mean_number_swaps": 11.25, "drone_utilization": 1.0, "execution_time": 161.26829886436462}