{"completion_time": 5179.054904808994, "mean_schedule_time": 2709.8188641804077, "mean_flight_time": 2268.2820600560644, "mean_swap_time": 68.0, "mean_idle_time": 373.53680412434323, "mean_delivery_time": 3355.290825553372, "mean_schedule_distance": 15877.974420392447, "mean_schedule_energy": 1.2721247615028815, "mean_number_swaps": 1.1333333333333333, "drone_utilization": 0.8, "execution_time": 2016.269204378128}