{"completion_time": 8210.020843093733, "mean_schedule_time": 6857.585218201183, "mean_flight_time": 6296.514478894304, "mean_swap_time": 248.0, "mean_idle_time": 313.07073930687875, "mean_delivery_time": 4703.710368003208, "mean_schedule_distance": 44075.60135226012, "mean_schedule_energy": 3.568044121320191, "mean_number_swaps": 4.133333333333334, "drone_utilization": 1.0, "execution_time": 835.9065473079681}