{"completion_time": 19650.80889537179, "mean_schedule_time": 19392.596194269507, "mean_flight_time": 18552.5961942695, "mean_swap_time": 840.0, "mean_idle_time": 7.275957614183426e-12, "mean_delivery_time": 9834.914720739907, "mean_schedule_distance": 129868.17335988651, "mean_schedule_energy": 10.787552995399967, "mean_number_swaps": 14.0, "drone_utilization": 1.0, "execution_time": 277.6073865890503}