{"completion_time": 3237.4406181661307, "mean_schedule_time": 541.1281219154183, "mean_flight_time": 529.1281219154183, "mean_swap_time": 12.0, "mean_idle_time": 0.0, "mean_delivery_time": 2705.6406095770917, "mean_schedule_distance": 3703.8968534079277, "mean_schedule_energy": 0.34681255048134296, "mean_number_swaps": 0.2, "drone_utilization": 0.2, "execution_time": 0.22838640213012695}