{"completion_time": 4508.908225827743, "mean_schedule_time": 2185.784189995071, "mean_flight_time": 2057.449473319657, "mean_swap_time": 60.0, "mean_idle_time": 68.3347166754138, "mean_delivery_time": 3302.5865268429116, "mean_schedule_distance": 14402.146313237601, "mean_schedule_energy": 1.1506506494353972, "mean_number_swaps": 1.0, "drone_utilization": 0.6666666666666666, "execution_time": 118.5457808971405}