{"completion_time": 5454.6913791475035, "mean_schedule_time": 4454.487471099005, "mean_flight_time": 3690.1692275030314, "mean_swap_time": 140.0, "mean_idle_time": 624.3182435959739, "mean_delivery_time": 4606.987612828435, "mean_schedule_distance": 25831.18459252122, "mean_schedule_energy": 2.2256114488029564, "mean_number_swaps": 2.3333333333333335, "drone_utilization": 1.0, "execution_time": 3613.8911736011505}