{"completion_time": 7780.200147247324, "mean_schedule_time": 5703.647330624201, "mean_flight_time": 4932.87355278023, "mean_swap_time": 172.8, "mean_idle_time": 597.9737778439703, "mean_delivery_time": 5290.703768166947, "mean_schedule_distance": 34530.11486946165, "mean_schedule_energy": 2.8551620390003607, "mean_number_swaps": 2.88, "drone_utilization": 1.0, "execution_time": 14460.072727441788}