{"completion_time": 6072.9644288762365, "mean_schedule_time": 2300.5078459567076, "mean_flight_time": 1593.7230736115678, "mean_swap_time": 60.0, "mean_idle_time": 646.7847723451398, "mean_delivery_time": 4300.940501300239, "mean_schedule_distance": 11156.061515280975, "mean_schedule_energy": 1.0360518507747827, "mean_number_swaps": 1.0, "drone_utilization": 0.55, "execution_time": 55.887534379959106}