{"completion_time": 9144.357400776358, "mean_schedule_time": 7502.023138642272, "mean_flight_time": 6240.489784150636, "mean_swap_time": 243.0, "mean_idle_time": 1018.5333544916357, "mean_delivery_time": 6746.538489645136, "mean_schedule_distance": 43683.42848905445, "mean_schedule_energy": 3.491302917419236, "mean_number_swaps": 4.05, "drone_utilization": 1.0, "execution_time": 15926.947922229767}