{"completion_time": 4019.517073661902, "mean_schedule_time": 1280.4585068381298, "mean_flight_time": 1244.4585068381296, "mean_swap_time": 36.0, "mean_idle_time": 2.2737367544323206e-13, "mean_delivery_time": 3201.146267095324, "mean_schedule_distance": 8711.209547866909, "mean_schedule_energy": 0.6988121876502702, "mean_number_swaps": 0.6, "drone_utilization": 0.4, "execution_time": 3.0691208839416504}