{"completion_time": 12280.299459874857, "mean_schedule_time": 9598.657131069143, "mean_flight_time": 9202.657131069142, "mean_swap_time": 396.0, "mean_idle_time": 1.8189894035458565e-12, "mean_delivery_time": 6046.085137731891, "mean_schedule_distance": 64418.599917483996, "mean_schedule_energy": 5.2508431127169475, "mean_number_swaps": 6.6, "drone_utilization": 1.0, "execution_time": 3.2789359092712402}