{"completion_time": 5715.235259517608, "mean_schedule_time": 1184.295795894821, "mean_flight_time": 1149.6804112794364, "mean_swap_time": 34.61538461538461, "mean_idle_time": 0.0, "mean_delivery_time": 3079.1690693265346, "mean_schedule_distance": 8047.762878956056, "mean_schedule_energy": 0.6381034784837418, "mean_number_swaps": 0.5769230769230769, "drone_utilization": 0.38461538461538464, "total_number_parcel_handover": 0, "mean_number_parcel_handover": 0.0, "execution_time": 12.062926530838013}