{"completion_time": 9065.64420662852, "mean_schedule_time": 5814.231842738006, "mean_flight_time": 4662.402840805288, "mean_swap_time": 177.5, "mean_idle_time": 974.3290019327178, "mean_delivery_time": 5596.706222619469, "mean_schedule_distance": 32636.819885637025, "mean_schedule_energy": 2.8147974688352857, "mean_number_swaps": 2.9583333333333335, "drone_utilization": 1.0, "total_number_parcel_handover": 9, "mean_number_parcel_handover": 0.36, "execution_time": 713.4123318195343}