{"completion_time": 3533.897584549568, "mean_schedule_time": 436.78866545834734, "mean_flight_time": 385.488240585981, "mean_swap_time": 6.0, "mean_idle_time": 45.300424872366364, "mean_delivery_time": 1895.1573792910094, "mean_schedule_distance": 2698.4176841018666, "mean_schedule_energy": 0.23811918432682214, "mean_number_swaps": 0.1, "drone_utilization": 0.23333333333333334, "total_number_parcel_handover": 2, "mean_number_parcel_handover": 0.4, "execution_time": 20.858919620513916}