{"completion_time": 3743.3014279163326, "mean_delivery_time": 2136.894836333271, "total_distance": 604043.7679298399, "consumed_energy": 49.67881622116658, "execution_time": 215.32703495025635}