{"completion_time": 14525.552703010253, "mean_schedule_time": 14191.244340544445, "mean_flight_time": 13108.289630732233, "mean_swap_time": 585.0, "mean_idle_time": 497.95470981221115, "mean_delivery_time": 7909.0558714113795, "mean_schedule_distance": 91758.02741512565, "mean_schedule_energy": 7.417329374457894, "mean_number_swaps": 9.75, "drone_utilization": 1.0, "total_number_parcel_handover": 12, "mean_number_parcel_handover": 0.48, "execution_time": 2303.3261168003082}