{"completion_time": 6340.7814834925575, "mean_schedule_time": 4752.994498509595, "mean_flight_time": 4572.994498509594, "mean_swap_time": 180.0, "mean_idle_time": 9.094947017729282e-13, "mean_delivery_time": 3976.7739155514305, "mean_schedule_distance": 32010.961489567155, "mean_schedule_energy": 2.68707913362964, "mean_number_swaps": 3.0, "drone_utilization": 1.0, "execution_time": 411.24843192100525}