{"completion_time": 4311.61058172224, "mean_delivery_time": 2531.427144195895, "total_distance": 706023.5809659719, "consumed_energy": 60.26384471122129, "execution_time": 470.5997302532196}