{"completion_time": 7386.693867246942, "mean_schedule_time": 3410.1073487304698, "mean_flight_time": 3290.1073487304693, "mean_swap_time": 120.0, "mean_idle_time": 4.547473508864641e-13, "mean_delivery_time": 4477.339969152122, "mean_schedule_distance": 23030.751441113287, "mean_schedule_energy": 1.9390883451570142, "mean_number_swaps": 2.0, "drone_utilization": 0.7333333333333333, "execution_time": 10.360098600387573}