{"completion_time": 3842.979424004502, "mean_schedule_time": 429.0525939464795, "mean_flight_time": 417.05259394647953, "mean_swap_time": 12.0, "mean_idle_time": -5.684341886080802e-14, "mean_delivery_time": 2681.5787121654967, "mean_schedule_distance": 2919.3681576253566, "mean_schedule_energy": 0.24787720073463804, "mean_number_swaps": 0.2, "drone_utilization": 0.16, "execution_time": 1.8561694622039795}