{"completion_time": 4357.6457307103665, "mean_schedule_time": 2024.5439770483458, "mean_flight_time": 1755.559518573658, "mean_swap_time": 40.714285714285715, "mean_idle_time": 228.27017276040215, "mean_delivery_time": 2815.872996950055, "mean_schedule_distance": 12288.916630015603, "mean_schedule_energy": 0.9868473046634908, "mean_number_swaps": 0.6785714285714286, "drone_utilization": 0.75, "total_number_parcel_handover": 8, "mean_number_parcel_handover": 0.5333333333333333, "execution_time": 1063.9251959323883}