{"completion_time": 10793.971035255938, "mean_schedule_time": 7075.591398010677, "mean_flight_time": 6770.591398010677, "mean_swap_time": 305.0, "mean_idle_time": 0.0, "mean_delivery_time": 4703.489023531283, "mean_schedule_distance": 47394.13978607475, "mean_schedule_energy": 4.076110291293393, "mean_number_swaps": 5.083333333333333, "drone_utilization": 1.0, "execution_time": 29.653756618499756}