{"completion_time": 11698.764297765802, "mean_schedule_time": 6992.649643928846, "mean_flight_time": 6728.649643928846, "mean_swap_time": 264.0, "mean_idle_time": 0.0, "mean_delivery_time": 5136.377310737672, "mean_schedule_distance": 47100.54750750192, "mean_schedule_energy": 3.9747180080114517, "mean_number_swaps": 4.4, "drone_utilization": 1.0, "execution_time": 15.822152853012085}