{"completion_time": 21765.233862991427, "mean_schedule_time": 21355.857085898875, "mean_flight_time": 20344.603928806537, "mean_swap_time": 924.0, "mean_idle_time": 87.25315709233837, "mean_delivery_time": 10813.52975083486, "mean_schedule_distance": 142412.22750164586, "mean_schedule_energy": 11.81895231746461, "mean_number_swaps": 15.4, "drone_utilization": 1.0, "execution_time": 2676.6443915367126}