{"completion_time": 13197.81765881865, "mean_schedule_time": 8916.679498181617, "mean_flight_time": 8562.679498181617, "mean_swap_time": 354.0, "mean_idle_time": 0.0, "mean_delivery_time": 5506.178737593077, "mean_schedule_distance": 59938.75648727132, "mean_schedule_energy": 4.8730222656432405, "mean_number_swaps": 5.9, "drone_utilization": 1.0, "execution_time": 21.288012742996216}