{"completion_time": 12822.877162986544, "mean_schedule_time": 8176.2450501268995, "mean_flight_time": 7864.2450501268995, "mean_swap_time": 312.0, "mean_idle_time": 0.0, "mean_delivery_time": 6663.897351344622, "mean_schedule_distance": 55049.71535088832, "mean_schedule_energy": 4.375923992560315, "mean_number_swaps": 5.2, "drone_utilization": 1.0, "execution_time": 1.6102356910705566}