{"completion_time": 7684.4682970637095, "mean_delivery_time": 4004.4851880085275, "total_distance": 573322.1668233408, "consumed_energy": 46.825045790128904, "execution_time": 2483.2057445049286}