{"completion_time": 8343.920393178969, "mean_schedule_time": 5854.675368470566, "mean_flight_time": 5650.675368470567, "mean_swap_time": 204.0, "mean_idle_time": -9.094947017729282e-13, "mean_delivery_time": 4668.996119595176, "mean_schedule_distance": 39554.727579293976, "mean_schedule_energy": 3.1259127692568445, "mean_number_swaps": 3.4, "drone_utilization": 1.0, "execution_time": 1.7555944919586182}