{"completion_time": 10853.331467658889, "mean_schedule_time": 3430.370315283253, "mean_flight_time": 3310.3703152832545, "mean_swap_time": 120.0, "mean_idle_time": -1.3642420526593924e-12, "mean_delivery_time": 3405.582725618775, "mean_schedule_distance": 23172.592206982776, "mean_schedule_energy": 2.0294193203608475, "mean_number_swaps": 2.0, "drone_utilization": 0.9090909090909091, "total_number_parcel_handover": 0, "mean_number_parcel_handover": 0.0, "execution_time": 47.026150941848755}