{"completion_time": 2450.818986743644, "mean_schedule_time": 476.6877553587386, "mean_flight_time": 401.7843124091896, "mean_swap_time": 12.0, "mean_idle_time": 62.903442949549, "mean_delivery_time": 2383.4387767936933, "mean_schedule_distance": 2812.4901868643274, "mean_schedule_energy": 0.2712508170731, "mean_number_swaps": 0.2, "drone_utilization": 0.2, "execution_time": 0.6370172500610352}