{"completion_time": 14833.409145220528, "mean_schedule_time": 14549.570665831183, "mean_flight_time": 13897.601075704097, "mean_swap_time": 576.0, "mean_idle_time": 75.96959012708612, "mean_delivery_time": 7838.929520022193, "mean_schedule_distance": 97283.20752992867, "mean_schedule_energy": 7.563194011991638, "mean_number_swaps": 9.6, "drone_utilization": 1.0, "execution_time": 650.03182721138}