{"completion_time": 10821.269563823498, "mean_schedule_time": 6349.483628643846, "mean_flight_time": 6088.055057215272, "mean_swap_time": 261.42857142857144, "mean_idle_time": 1.8189894035458565e-12, "mean_delivery_time": 4517.782307870942, "mean_schedule_distance": 42616.38540050694, "mean_schedule_energy": 3.7136088279551402, "mean_number_swaps": 4.357142857142857, "drone_utilization": 1.0, "total_number_parcel_handover": 0, "mean_number_parcel_handover": 0.0, "execution_time": 32.25288009643555}