{"completion_time": 9361.678241709616, "mean_schedule_time": 7515.309078277492, "mean_flight_time": 6835.95345955256, "mean_swap_time": 285.0, "mean_idle_time": 394.35561872493145, "mean_delivery_time": 5927.741037405871, "mean_schedule_distance": 47851.67421686796, "mean_schedule_energy": 3.960494248575592, "mean_number_swaps": 4.75, "drone_utilization": 1.0, "total_number_parcel_handover": 6, "mean_number_parcel_handover": 0.24, "execution_time": 1620.08518075943}