{"completion_time": 6551.2138185844, "mean_schedule_time": 1312.4322788204215, "mean_flight_time": 1268.5861249742677, "mean_swap_time": 43.84615384615385, "mean_idle_time": 0.0, "mean_delivery_time": 3412.323924933096, "mean_schedule_distance": 8880.102874819875, "mean_schedule_energy": 0.7800860900276727, "mean_number_swaps": 0.7307692307692307, "drone_utilization": 0.38461538461538464, "total_number_parcel_handover": 0, "mean_number_parcel_handover": 0.0, "execution_time": 11.177774667739868}