{"completion_time": 5400.658026386143, "mean_schedule_time": 1611.4467500842486, "mean_flight_time": 1373.9848430891748, "mean_swap_time": 36.0, "mean_idle_time": 201.46190699507383, "mean_delivery_time": 2490.822577997332, "mean_schedule_distance": 9617.89390162422, "mean_schedule_energy": 0.855235696478255, "mean_number_swaps": 0.6, "drone_utilization": 0.6, "total_number_parcel_handover": 3, "mean_number_parcel_handover": 0.2, "execution_time": 273.68006443977356}