{"completion_time": 11356.046688573462, "mean_delivery_time": 5504.51078058898, "total_distance": 713927.0549789323, "consumed_energy": 59.191349679487736, "execution_time": 360.9929485321045}