{"completion_time": 21752.093377146924, "mean_schedule_time": 20944.702146436895, "mean_flight_time": 20010.58312055139, "mean_swap_time": 924.0, "mean_idle_time": 10.119025885505835, "mean_delivery_time": 10417.873807569382, "mean_schedule_distance": 140074.08184385975, "mean_schedule_energy": 11.675590186781946, "mean_number_swaps": 15.4, "drone_utilization": 1.0, "execution_time": 538.2355620861053}