{"completion_time": 5329.7434555673135, "mean_schedule_time": 2938.36659799658, "mean_flight_time": 2664.10567649789, "mean_swap_time": 75.0, "mean_idle_time": 199.2609214986901, "mean_delivery_time": 4341.098689516528, "mean_schedule_distance": 18648.739735485233, "mean_schedule_energy": 1.3651357825506731, "mean_number_swaps": 1.25, "drone_utilization": 0.625, "execution_time": 16.997704029083252}