{"completion_time": 3289.7163479461688, "mean_delivery_time": 2092.9492582714784, "total_distance": 568540.3736556937, "consumed_energy": 46.56193763972669, "execution_time": 557.5952715873718}