{"completion_time": 6217.372676605271, "mean_schedule_time": 5445.304967711104, "mean_flight_time": 5076.522229415901, "mean_swap_time": 187.5, "mean_idle_time": 181.28273829520276, "mean_delivery_time": 4139.735046140115, "mean_schedule_distance": 35535.655605911306, "mean_schedule_energy": 2.9102580892229035, "mean_number_swaps": 3.125, "drone_utilization": 1.0, "execution_time": 944.1769206523895}