{"completion_time": 3186.2303885859747, "mean_delivery_time": 1958.269599727238, "total_distance": 660823.4673082312, "consumed_energy": 55.7821711874635, "execution_time": 486.32008934020996}