{"completion_time": 6890.467277442391, "mean_schedule_time": 5734.108096309019, "mean_flight_time": 5542.108096309017, "mean_swap_time": 192.0, "mean_idle_time": 1.8189894035458565e-12, "mean_delivery_time": 4399.1719066081305, "mean_schedule_distance": 38794.75667416312, "mean_schedule_energy": 3.095269911030579, "mean_number_swaps": 3.2, "drone_utilization": 1.0, "execution_time": 910.8385186195374}