{"completion_time": 5526.33489417477, "mean_schedule_time": 647.3496638873403, "mean_flight_time": 625.9210924587688, "mean_swap_time": 21.428571428571427, "mean_idle_time": 0.0, "mean_delivery_time": 3625.1581177691055, "mean_schedule_distance": 4381.447647211382, "mean_schedule_energy": 0.3960956365372912, "mean_number_swaps": 0.35714285714285715, "drone_utilization": 0.17857142857142858, "total_number_parcel_handover": 0, "mean_number_parcel_handover": 0.0, "execution_time": 3.3129522800445557}