{"completion_time": 4751.286615243123, "mean_schedule_time": 4123.761518066181, "mean_flight_time": 3716.11831644637, "mean_swap_time": 138.0, "mean_idle_time": 269.6432016198114, "mean_delivery_time": 3710.3552407094953, "mean_schedule_distance": 26012.828215124573, "mean_schedule_energy": 2.1726073309930483, "mean_number_swaps": 2.3, "drone_utilization": 1.0, "execution_time": 1694.715078830719}