{"completion_time": 7527.567910396114, "mean_schedule_time": 4482.884901692539, "mean_flight_time": 3863.766459774821, "mean_swap_time": 132.85714285714286, "mean_idle_time": 486.26129906057486, "mean_delivery_time": 4247.482512576354, "mean_schedule_distance": 27046.365218423743, "mean_schedule_energy": 2.246335757409009, "mean_number_swaps": 2.2142857142857144, "drone_utilization": 1.0, "execution_time": 363.34356594085693}