{"completion_time": 3823.783955198057, "mean_delivery_time": 2241.889327670132, "total_distance": 389395.13466445147, "consumed_energy": 32.52640737127541, "execution_time": 304.5422775745392}