{"completion_time": 3823.783955198057, "mean_delivery_time": 2200.9739295926515, "total_distance": 530983.4376362097, "consumed_energy": 47.151105427552736, "execution_time": 919.2113380432129}