{"completion_time": 7796.363699825577, "mean_schedule_time": 1916.2945517876176, "mean_flight_time": 1862.7231232161892, "mean_swap_time": 53.57142857142857, "mean_idle_time": -2.2737367544323206e-13, "mean_delivery_time": 3577.083163336886, "mean_schedule_distance": 13039.061862513321, "mean_schedule_energy": 1.1053824025533026, "mean_number_swaps": 0.8928571428571429, "drone_utilization": 0.5357142857142857, "execution_time": 21.869433403015137}