{"completion_time": 16004.903936062738, "mean_schedule_time": 15503.655669432006, "mean_flight_time": 14767.472123710913, "mean_swap_time": 660.0, "mean_idle_time": 76.18354572109274, "mean_delivery_time": 8101.890371961359, "mean_schedule_distance": 103372.30486597642, "mean_schedule_energy": 8.615481781771653, "mean_number_swaps": 11.0, "drone_utilization": 1.0, "execution_time": 5703.301020622253}