{"completion_time": 4357.6457307103665, "mean_schedule_time": 2670.4473958040717, "mean_flight_time": 2434.7104411583878, "mean_swap_time": 76.8, "mean_idle_time": 158.93695464568373, "mean_delivery_time": 2954.8507478509764, "mean_schedule_distance": 17042.973088108713, "mean_schedule_energy": 1.4381592259262928, "mean_number_swaps": 1.28, "drone_utilization": 0.84, "execution_time": 688.3096883296967}