{"completion_time": 7102.080796550843, "mean_schedule_time": 5638.672332252674, "mean_flight_time": 5329.56071255469, "mean_swap_time": 180.0, "mean_idle_time": 129.11161969798377, "mean_delivery_time": 5025.416046066054, "mean_schedule_distance": 37306.92498788283, "mean_schedule_energy": 2.892085773961592, "mean_number_swaps": 3.0, "drone_utilization": 1.0, "total_number_parcel_handover": 4, "mean_number_parcel_handover": 0.26666666666666666, "execution_time": 151.28325057029724}