{"completion_time": 2958.236389462357, "mean_delivery_time": 2161.45768168434, "total_distance": 168050.68412233287, "consumed_energy": 14.377039087100302, "execution_time": 49.9290714263916}