{"completion_time": 6920.395117532032, "mean_schedule_time": 4586.42526171756, "mean_flight_time": 4079.5948306326454, "mean_swap_time": 132.0, "mean_idle_time": 374.8304310849144, "mean_delivery_time": 4533.11914503484, "mean_schedule_distance": 28557.163814428543, "mean_schedule_energy": 2.4620038698241578, "mean_number_swaps": 2.2, "drone_utilization": 1.0, "execution_time": 404.90678668022156}