{"completion_time": 7527.567910396114, "mean_schedule_time": 4125.247867311324, "mean_flight_time": 3656.8724404394816, "mean_swap_time": 143.33333333333334, "mean_idle_time": 325.04209353850865, "mean_delivery_time": 3965.2193182507385, "mean_schedule_distance": 25598.107083076367, "mean_schedule_energy": 2.247076146805058, "mean_number_swaps": 2.388888888888889, "drone_utilization": 0.8888888888888888, "execution_time": 184.54230403900146}