{"completion_time": 5595.235259517608, "mean_schedule_time": 1220.334321854123, "mean_flight_time": 1077.9364559582566, "mean_swap_time": 32.0, "mean_idle_time": 110.39786589586629, "mean_delivery_time": 3275.6117642726704, "mean_schedule_distance": 7545.555191707797, "mean_schedule_energy": 0.6014811261355727, "mean_number_swaps": 0.5333333333333333, "drone_utilization": 0.3333333333333333, "execution_time": 67.81204223632812}