{"completion_time": 6566.513857957806, "mean_schedule_time": 4808.967686314012, "mean_flight_time": 4636.46768631401, "mean_swap_time": 172.5, "mean_idle_time": 1.8189894035458565e-12, "mean_delivery_time": 4405.087006414612, "mean_schedule_distance": 32455.27380419809, "mean_schedule_energy": 2.7710995143065746, "mean_number_swaps": 2.875, "drone_utilization": 1.0, "total_number_parcel_handover": 0, "mean_number_parcel_handover": 0.0, "execution_time": 4.7679283618927}