{"completion_time": 3433.256928978903, "mean_delivery_time": 2280.543503207306, "total_distance": 259642.1904335847, "consumed_energy": 22.168796114452597, "execution_time": 4.469720125198364}