{"completion_time": 6776.957373310586, "mean_schedule_time": 1254.3129945889655, "mean_flight_time": 1216.8129945889655, "mean_swap_time": 37.5, "mean_idle_time": 0.0, "mean_delivery_time": 4013.8015826846895, "mean_schedule_distance": 8517.690962122759, "mean_schedule_energy": 0.6235041204410146, "mean_number_swaps": 0.625, "drone_utilization": 0.3125, "total_number_parcel_handover": 0, "mean_number_parcel_handover": 0.0, "execution_time": 1.5030109882354736}