{"completion_time": 2887.7055677057806, "mean_delivery_time": 1891.122075252036, "total_distance": 245497.66171098346, "consumed_energy": 22.025690510894197, "execution_time": 78.95171856880188}