{"completion_time": 6163.651932402115, "mean_schedule_time": 2100.354747250982, "mean_flight_time": 2032.3547472509827, "mean_swap_time": 68.0, "mean_idle_time": -4.547473508864641e-13, "mean_delivery_time": 3150.5321208764735, "mean_schedule_distance": 14226.483230756878, "mean_schedule_energy": 1.3782075229368673, "mean_number_swaps": 1.1333333333333333, "drone_utilization": 0.6666666666666666, "execution_time": 7.567768573760986}