{"completion_time": 3231.8259662010573, "mean_delivery_time": 1626.2660604382368, "total_distance": 213397.24846135316, "consumed_energy": 20.67311284405301, "execution_time": 7.881218910217285}