{"completion_time": 15561.021588447275, "mean_schedule_time": 15010.198157652021, "mean_flight_time": 14282.75453456869, "mean_swap_time": 637.5, "mean_idle_time": 89.94362308333075, "mean_delivery_time": 8708.959229610677, "mean_schedule_distance": 99979.2817419808, "mean_schedule_energy": 8.289005026617977, "mean_number_swaps": 10.625, "drone_utilization": 1.0, "execution_time": 1506.1856722831726}