{"completion_time": 3818.4912949453005, "mean_delivery_time": 2916.4671574925324, "total_distance": 282475.0487751372, "consumed_energy": 21.996212312971323, "execution_time": 106.22722339630127}