{"completion_time": 7461.862707297128, "mean_schedule_time": 7375.198064440289, "mean_flight_time": 6725.596399408029, "mean_swap_time": 250.0, "mean_idle_time": 399.6016650322599, "mean_delivery_time": 5670.934314985065, "mean_schedule_distance": 47079.174795856205, "mean_schedule_energy": 3.6660353854952206, "mean_number_swaps": 4.166666666666667, "drone_utilization": 1.0, "total_number_parcel_handover": 4, "mean_number_parcel_handover": 0.4, "execution_time": 167.04407906532288}