{"completion_time": 5591.17274457971, "mean_schedule_time": 4601.1853243040505, "mean_flight_time": 4004.495509106244, "mean_swap_time": 122.4, "mean_idle_time": 474.289815197807, "mean_delivery_time": 4574.466608970698, "mean_schedule_distance": 28031.468563743685, "mean_schedule_energy": 2.190626966063918, "mean_number_swaps": 2.04, "drone_utilization": 1.0, "execution_time": 4516.712609052658}