{"completion_time": 14665.617001195506, "mean_schedule_time": 12460.953655940491, "mean_flight_time": 11190.493410738267, "mean_swap_time": 462.0, "mean_idle_time": 808.4602452022245, "mean_delivery_time": 7619.27913404798, "mean_schedule_distance": 78333.45387516786, "mean_schedule_energy": 6.326725449437971, "mean_number_swaps": 7.7, "drone_utilization": 1.0, "total_number_parcel_handover": 11, "mean_number_parcel_handover": 0.44, "execution_time": 2695.5899274349213}