{"completion_time": 6072.9644288762365, "mean_schedule_time": 4188.6393502845585, "mean_flight_time": 2942.0778022975455, "mean_swap_time": 105.0, "mean_idle_time": 1141.561547987013, "mean_delivery_time": 4381.373060181735, "mean_schedule_distance": 20594.544616082825, "mean_schedule_energy": 1.8342177557050365, "mean_number_swaps": 1.75, "drone_utilization": 0.9, "total_number_parcel_handover": 15, "mean_number_parcel_handover": 1.0, "execution_time": 1057.8382244110107}