{"completion_time": 15561.021588447275, "mean_schedule_time": 15041.480222489012, "mean_flight_time": 14314.036599405681, "mean_swap_time": 637.5, "mean_idle_time": 89.94362308333075, "mean_delivery_time": 8718.969490358513, "mean_schedule_distance": 100198.25619583974, "mean_schedule_energy": 8.302143493849513, "mean_number_swaps": 10.625, "drone_utilization": 1.0, "total_number_parcel_handover": 4, "mean_number_parcel_handover": 0.16, "execution_time": 9755.358227729797}