{"completion_time": 8326.402108329721, "mean_schedule_time": 3201.640972193749, "mean_flight_time": 3084.6409721937484, "mean_swap_time": 117.0, "mean_idle_time": 4.547473508864641e-13, "mean_delivery_time": 4002.051215242186, "mean_schedule_distance": 21592.48680535623, "mean_schedule_energy": 1.856270857456657, "mean_number_swaps": 1.95, "drone_utilization": 0.8, "execution_time": 18.010662317276}