{"completion_time": 12361.215323150878, "mean_schedule_time": 10821.466161920322, "mean_flight_time": 10337.25440642937, "mean_swap_time": 427.5, "mean_idle_time": 56.711755490950964, "mean_delivery_time": 6813.823480774843, "mean_schedule_distance": 72360.78084500557, "mean_schedule_energy": 5.905119537238784, "mean_number_swaps": 7.125, "drone_utilization": 1.0, "total_number_parcel_handover": 3, "mean_number_parcel_handover": 0.15, "execution_time": 187.14367580413818}