{"completion_time": 14019.145711349935, "mean_schedule_time": 13901.637727055708, "mean_flight_time": 13253.034715263226, "mean_swap_time": 600.0, "mean_idle_time": 48.60301179248199, "mean_delivery_time": 7482.296626367266, "mean_schedule_distance": 92771.2430068425, "mean_schedule_energy": 7.631436001575149, "mean_number_swaps": 10.0, "drone_utilization": 1.0, "total_number_parcel_handover": 6, "mean_number_parcel_handover": 0.24, "execution_time": 1102.671979188919}