{"completion_time": 6582.619414593257, "mean_schedule_time": 3559.851619749573, "mean_flight_time": 2741.842726801301, "mean_swap_time": 87.0, "mean_idle_time": 731.0088929482718, "mean_delivery_time": 4817.126646928258, "mean_schedule_distance": 19192.89908760911, "mean_schedule_energy": 1.5511729289266483, "mean_number_swaps": 1.45, "drone_utilization": 0.75, "execution_time": 1460.098922252655}