{"completion_time": 7830.97721244573, "mean_schedule_time": 5470.048557573101, "mean_flight_time": 4094.6839787914014, "mean_swap_time": 136.66666666666666, "mean_idle_time": 1238.6979121150325, "mean_delivery_time": 5775.086208875163, "mean_schedule_distance": 28662.787851539797, "mean_schedule_energy": 2.267068922202046, "mean_number_swaps": 2.2777777777777777, "drone_utilization": 0.9444444444444444, "execution_time": 1936.332354068756}