{"completion_time": 7682.716269813151, "mean_delivery_time": 4339.706685273555, "total_distance": 490638.1744031231, "consumed_energy": 41.90057965468518, "execution_time": 1512.6172394752502}