{"completion_time": 15491.563854368129, "mean_schedule_time": 14780.849537236893, "mean_flight_time": 13774.636403318276, "mean_swap_time": 624.0, "mean_idle_time": 382.2131339186162, "mean_delivery_time": 8590.603716423308, "mean_schedule_distance": 96422.45482322795, "mean_schedule_energy": 8.277805127493236, "mean_number_swaps": 10.4, "drone_utilization": 1.0, "execution_time": 706.9373278617859}