{"completion_time": 9168.262764986728, "mean_schedule_time": 7709.02360183003, "mean_flight_time": 6365.821939669869, "mean_swap_time": 257.14285714285717, "mean_idle_time": 1086.0588050173046, "mean_delivery_time": 6082.865400512999, "mean_schedule_distance": 44560.75357768908, "mean_schedule_energy": 3.776330156324843, "mean_number_swaps": 4.285714285714286, "drone_utilization": 1.0, "execution_time": 721.4338414669037}