{"completion_time": 28843.576444665385, "mean_schedule_time": 28564.363295764488, "mean_flight_time": 26584.50244329534, "mean_swap_time": 1308.0, "mean_idle_time": 671.8608524691481, "mean_delivery_time": 13052.952130805967, "mean_schedule_distance": 186091.5171030675, "mean_schedule_energy": 15.364570180116228, "mean_number_swaps": 21.8, "drone_utilization": 1.0, "execution_time": 13600.705086946487}