{"completion_time": 5530.414848469326, "mean_schedule_time": 2819.735354953633, "mean_flight_time": 2400.643921089266, "mean_swap_time": 65.0, "mean_idle_time": 354.091433864367, "mean_delivery_time": 3746.073173802414, "mean_schedule_distance": 16804.50744762486, "mean_schedule_energy": 1.38769259678186, "mean_number_swaps": 1.0833333333333333, "drone_utilization": 0.75, "total_number_parcel_handover": 8, "mean_number_parcel_handover": 0.5333333333333333, "execution_time": 586.410572052002}