{"completion_time": 5967.6253138272605, "mean_schedule_time": 3363.031256853191, "mean_flight_time": 2802.417266353802, "mean_swap_time": 87.6923076923077, "mean_idle_time": 472.9216828070812, "mean_delivery_time": 3673.7283009981466, "mean_schedule_distance": 19616.920864476604, "mean_schedule_energy": 1.6491643654899233, "mean_number_swaps": 1.4615384615384615, "drone_utilization": 0.8846153846153846, "total_number_parcel_handover": 8, "mean_number_parcel_handover": 0.4, "execution_time": 3390.7248315811157}