{"completion_time": 11649.834920625683, "mean_delivery_time": 5876.752099897741, "total_distance": 736572.8896164356, "consumed_energy": 61.54655290808199, "execution_time": 6404.5252339839935}