{"completion_time": 4116.177080320609, "mean_schedule_time": 661.1345771259189, "mean_flight_time": 577.100921486112, "mean_swap_time": 16.363636363636363, "mean_idle_time": 67.67001927617048, "mean_delivery_time": 2908.9921393540435, "mean_schedule_distance": 4039.706450402785, "mean_schedule_energy": 0.3422766075604318, "mean_number_swaps": 0.2727272727272727, "drone_utilization": 0.22727272727272727, "execution_time": 6.588793754577637}