{"completion_time": 3989.27570696154, "mean_schedule_time": 955.8047520110194, "mean_flight_time": 820.340201091524, "mean_swap_time": 19.2, "mean_idle_time": 116.26455091949538, "mean_delivery_time": 2389.5118800275486, "mean_schedule_distance": 5742.381407640665, "mean_schedule_energy": 0.48277289837633114, "mean_number_swaps": 0.32, "drone_utilization": 0.4, "execution_time": 33.61097478866577}