{"completion_time": 3016.477029221378, "mean_delivery_time": 1444.062513541791, "total_distance": 285613.12784377614, "consumed_energy": 24.04727076356472, "execution_time": 36.22163677215576}