{"completion_time": 5792.954058442756, "mean_schedule_time": 1402.062513541791, "mean_flight_time": 1360.062513541791, "mean_swap_time": 42.0, "mean_idle_time": 0.0, "mean_delivery_time": 2804.125027083582, "mean_schedule_distance": 9520.437594792538, "mean_schedule_energy": 0.801575692118824, "mean_number_swaps": 0.7, "drone_utilization": 0.5, "execution_time": 35.0099880695343}