{"completion_time": 5077.184500054923, "mean_schedule_time": 3220.1115567403053, "mean_flight_time": 3105.026047265751, "mean_swap_time": 108.0, "mean_idle_time": 7.085509474554328, "mean_delivery_time": 4025.1394459253816, "mean_schedule_distance": 21735.182330860254, "mean_schedule_energy": 1.6171444318302448, "mean_number_swaps": 1.8, "drone_utilization": 0.8, "execution_time": 4.819949150085449}