{"completion_time": 18963.60618940332, "mean_schedule_time": 18431.5151795448, "mean_flight_time": 17487.106762324915, "mean_swap_time": 870.0, "mean_idle_time": 74.40841721988545, "mean_delivery_time": 9707.664298473926, "mean_schedule_distance": 122409.7473362744, "mean_schedule_energy": 10.709841495333714, "mean_number_swaps": 14.5, "drone_utilization": 1.0, "total_number_parcel_handover": 2, "mean_number_parcel_handover": 0.1, "execution_time": 178.01004576683044}