{"completion_time": 9724.955285029497, "mean_schedule_time": 6714.704643816725, "mean_flight_time": 6480.704643816725, "mean_swap_time": 234.0, "mean_idle_time": 0.0, "mean_delivery_time": 4792.649943410882, "mean_schedule_distance": 45364.93250671708, "mean_schedule_energy": 3.614019703787222, "mean_number_swaps": 3.9, "drone_utilization": 1.0, "execution_time": 15.646602869033813}