{"completion_time": 20298.946580960437, "mean_schedule_time": 19958.630457617506, "mean_flight_time": 19130.630457617503, "mean_swap_time": 828.0, "mean_idle_time": 3.637978807091713e-12, "mean_delivery_time": 10342.20750860194, "mean_schedule_distance": 133914.41320332242, "mean_schedule_energy": 10.988150626471489, "mean_number_swaps": 13.8, "drone_utilization": 1.0, "execution_time": 307.200585603714}