{"completion_time": 4829.178976932716, "mean_delivery_time": 2964.6190918743555, "total_distance": 285704.6763126273, "consumed_energy": 24.235428827370015, "execution_time": 305.226922750473}