{"completion_time": 9315.352468891382, "mean_schedule_time": 8737.877881407321, "mean_flight_time": 8162.990751789352, "mean_swap_time": 348.0, "mean_idle_time": 226.88712961796955, "mean_delivery_time": 5709.238183748711, "mean_schedule_distance": 57140.93526252547, "mean_schedule_energy": 4.847085765474003, "mean_number_swaps": 5.8, "drone_utilization": 1.0, "execution_time": 500.6288366317749}