{"completion_time": 11783.661879675208, "mean_schedule_time": 11389.982916520576, "mean_flight_time": 10843.391976985355, "mean_swap_time": 480.0, "mean_idle_time": 66.59093953522097, "mean_delivery_time": 6551.389291768144, "mean_schedule_distance": 75903.74383889744, "mean_schedule_energy": 6.397139536836305, "mean_number_swaps": 8.0, "drone_utilization": 1.0, "execution_time": 573.1884033679962}