{"completion_time": 6037.752225660893, "mean_schedule_time": 4015.8169059732754, "mean_flight_time": 3462.8052756288034, "mean_swap_time": 115.38461538461539, "mean_idle_time": 437.62701495985675, "mean_delivery_time": 3905.515307962219, "mean_schedule_distance": 24239.63692940162, "mean_schedule_energy": 2.0208257229980813, "mean_number_swaps": 1.9230769230769231, "drone_utilization": 1.0, "execution_time": 2452.1483845710754}