{"completion_time": 15822.80991140586, "mean_schedule_time": 8108.197011992919, "mean_flight_time": 7792.19701199292, "mean_swap_time": 316.0, "mean_idle_time": -9.094947017729282e-13, "mean_delivery_time": 5526.099250426616, "mean_schedule_distance": 54545.3790839504, "mean_schedule_energy": 4.454640999019309, "mean_number_swaps": 5.266666666666667, "drone_utilization": 1.0, "execution_time": 33.26429724693298}