{"completion_time": 3675.4455771009157, "mean_schedule_time": 925.2068585357088, "mean_flight_time": 895.2068585357088, "mean_swap_time": 30.0, "mean_idle_time": 0.0, "mean_delivery_time": 2960.661947314268, "mean_schedule_distance": 6266.448009749963, "mean_schedule_energy": 0.5267778815676456, "mean_number_swaps": 0.5, "drone_utilization": 0.3125, "total_number_parcel_handover": 0, "mean_number_parcel_handover": 0.0, "execution_time": 2.1238343715667725}