{"completion_time": 12984.601637516802, "mean_delivery_time": 5252.111499426203, "total_distance": 695083.1777057834, "consumed_energy": 58.27025667578772, "execution_time": 15.754798412322998}