{"completion_time": 24769.203275033604, "mean_schedule_time": 20795.519363022388, "mean_flight_time": 19859.5193630224, "mean_swap_time": 936.0, "mean_idle_time": -1.0913936421275139e-11, "mean_delivery_time": 10064.222998852405, "mean_schedule_distance": 139016.6355411567, "mean_schedule_energy": 11.654051335157543, "mean_number_swaps": 15.6, "drone_utilization": 1.0, "execution_time": 18.60386347770691}