{"completion_time": 748.7791841274013, "execution_time": 0.0008456707000732422}