{"completion_time": 5153.8217885017275, "mean_schedule_time": 4331.288749718165, "mean_flight_time": 4065.201663983405, "mean_swap_time": 130.0, "mean_idle_time": 136.08708573475906, "mean_delivery_time": 3819.132175987944, "mean_schedule_distance": 28456.411647883855, "mean_schedule_energy": 2.2794754899061656, "mean_number_swaps": 2.1666666666666665, "drone_utilization": 1.0, "execution_time": 977.8568706512451}