{"completion_time": 2654.025569288555, "mean_delivery_time": 1994.8509783121606, "total_distance": 341476.93977460626, "consumed_energy": 27.35370587887398, "execution_time": 644.8771970272064}