{"completion_time": 6343.370106303363, "mean_schedule_time": 2602.737194384082, "mean_flight_time": 2522.737194384082, "mean_swap_time": 80.0, "mean_idle_time": 0.0, "mean_delivery_time": 3385.9127189049445, "mean_schedule_distance": 17659.160360688576, "mean_schedule_energy": 1.4388254996787693, "mean_number_swaps": 1.3333333333333333, "drone_utilization": 0.6666666666666666, "total_number_parcel_handover": 0, "mean_number_parcel_handover": 0.0, "execution_time": 7.530128002166748}