{"completion_time": 3291.6850531516816, "mean_delivery_time": 1740.9563594524723, "total_distance": 211909.92432826292, "consumed_energy": 17.265905996145232, "execution_time": 5.9633965492248535}