{"completion_time": 374.38959206370066, "execution_time": 0.00029087066650390625}