{"completion_time": 6211.841311931644, "mean_schedule_time": 3837.7286149771467, "mean_flight_time": 3428.735290455003, "mean_swap_time": 112.5, "mean_idle_time": 296.49332452214367, "mean_delivery_time": 3829.844152310892, "mean_schedule_distance": 24001.147033185032, "mean_schedule_energy": 2.035804564432825, "mean_number_swaps": 1.875, "drone_utilization": 0.9583333333333334, "total_number_parcel_handover": 5, "mean_number_parcel_handover": 0.2, "execution_time": 497.96448731422424}