{"completion_time": 8129.836666011388, "mean_schedule_time": 7064.598230193833, "mean_flight_time": 5844.634748376937, "mean_swap_time": 228.75, "mean_idle_time": 991.2134818168961, "mean_delivery_time": 5790.018591391286, "mean_schedule_distance": 40912.443238638545, "mean_schedule_energy": 3.353412328594329, "mean_number_swaps": 3.8125, "drone_utilization": 1.0, "total_number_parcel_handover": 12, "mean_number_parcel_handover": 0.6, "execution_time": 740.3194196224213}