{"completion_time": 2024.6073056200212, "execution_time": 6.422469615936279}