{"completion_time": 4625.74795061449, "mean_schedule_time": 923.2340039524764, "mean_flight_time": 895.2340039524763, "mean_swap_time": 28.0, "mean_idle_time": 1.1368683772161603e-13, "mean_delivery_time": 2769.702011857429, "mean_schedule_distance": 6266.638027667332, "mean_schedule_energy": 0.5751154311674598, "mean_number_swaps": 0.4666666666666667, "drone_utilization": 0.3333333333333333, "execution_time": 14.370911121368408}