{"completion_time": 3849.571358597156, "mean_schedule_time": 478.5681837100573, "mean_flight_time": 379.6166232983862, "mean_swap_time": 7.2, "mean_idle_time": 91.75156041167116, "mean_delivery_time": 2851.721237081052, "mean_schedule_distance": 2657.316363088703, "mean_schedule_energy": 0.22177753544347084, "mean_number_swaps": 0.12, "drone_utilization": 0.2, "execution_time": 20.425942182540894}