{"completion_time": 8288.513198733657, "mean_schedule_time": 4028.674951625382, "mean_flight_time": 3901.4749516253833, "mean_swap_time": 127.2, "mean_idle_time": -9.094947017729282e-13, "mean_delivery_time": 4027.519281687229, "mean_schedule_distance": 27310.32466137768, "mean_schedule_energy": 2.1792618156008676, "mean_number_swaps": 2.12, "drone_utilization": 0.92, "execution_time": 45.723788022994995}