{"completion_time": 9939.785230848793, "mean_schedule_time": 9480.936257164349, "mean_flight_time": 8933.638311434872, "mean_swap_time": 402.0, "mean_idle_time": 145.29794572947685, "mean_delivery_time": 5677.914165247174, "mean_schedule_distance": 62535.46818004409, "mean_schedule_energy": 5.6204871110454695, "mean_number_swaps": 6.7, "drone_utilization": 1.0, "execution_time": 299.9368977546692}