{"completion_time": 3928.3043220920445, "mean_delivery_time": 2292.151610165092, "total_distance": 647051.4145199679, "consumed_energy": 56.42553766699498, "execution_time": 978.7759809494019}