{"completion_time": 7616.608644184089, "mean_schedule_time": 4870.530740658476, "mean_flight_time": 4297.645705487883, "mean_swap_time": 158.1818181818182, "mean_idle_time": 414.70321698877524, "mean_delivery_time": 4399.381248709842, "mean_schedule_distance": 30083.519938415164, "mean_schedule_energy": 2.595767762176646, "mean_number_swaps": 2.6363636363636362, "drone_utilization": 1.0, "total_number_parcel_handover": 10, "mean_number_parcel_handover": 0.4, "execution_time": 2260.626494884491}