{"completion_time": 41169.72256938674, "mean_schedule_time": 41123.01367356836, "mean_flight_time": 39293.01367356837, "mean_swap_time": 1830.0, "mean_idle_time": -7.275957614183426e-12, "mean_delivery_time": 16802.39867225071, "mean_schedule_distance": 275051.09571497876, "mean_schedule_energy": 23.087812169338022, "mean_number_swaps": 30.5, "drone_utilization": 1.0, "execution_time": 3060.4563920497894}