{"completion_time": 3570.9056735354134, "mean_schedule_time": 2105.186019922158, "mean_flight_time": 1255.2171211910859, "mean_swap_time": 24.0, "mean_idle_time": 825.9688987310719, "mean_delivery_time": 2829.808831402059, "mean_schedule_distance": 8786.519848337603, "mean_schedule_energy": 0.7669320224298468, "mean_number_swaps": 0.4, "drone_utilization": 0.8, "execution_time": 1.4542605876922607}