{"completion_time": 4798.24618415255, "mean_schedule_time": 2401.0386637027505, "mean_flight_time": 2035.7730952727434, "mean_swap_time": 57.0, "mean_idle_time": 308.2655684300071, "mean_delivery_time": 2909.885485358456, "mean_schedule_distance": 14250.411666909204, "mean_schedule_energy": 1.2161477283701894, "mean_number_swaps": 0.95, "drone_utilization": 0.8, "execution_time": 267.35828948020935}