{"completion_time": 7404.8326668593045, "mean_schedule_time": 6340.621027146372, "mean_flight_time": 6028.385251539575, "mean_swap_time": 231.0, "mean_idle_time": 81.23577560679769, "mean_delivery_time": 5155.469129185425, "mean_schedule_distance": 42198.69676077703, "mean_schedule_energy": 3.4389204911068276, "mean_number_swaps": 3.85, "drone_utilization": 1.0, "execution_time": 2551.5595614910126}