{"completion_time": 7676.608644184089, "mean_schedule_time": 4903.434447581659, "mean_flight_time": 4395.072585136843, "mean_swap_time": 171.8181818181818, "mean_idle_time": 336.54368062663343, "mean_delivery_time": 4548.915685486652, "mean_schedule_distance": 30765.508095957888, "mean_schedule_energy": 2.662681254208469, "mean_number_swaps": 2.8636363636363638, "drone_utilization": 0.9545454545454546, "execution_time": 1322.0365600585938}