{"completion_time": 8705.274549371537, "mean_schedule_time": 8035.497016873339, "mean_flight_time": 7690.180910227502, "mean_swap_time": 336.0, "mean_idle_time": 9.316106645836953, "mean_delivery_time": 4991.045280105082, "mean_schedule_distance": 53831.26637159253, "mean_schedule_energy": 4.681244324721195, "mean_number_swaps": 5.6, "drone_utilization": 1.0, "execution_time": 467.0042631626129}