{"completion_time": 3451.14354906046, "mean_schedule_time": 440.05324367411714, "mean_flight_time": 425.053243674117, "mean_swap_time": 15.0, "mean_idle_time": 1.1368683772161603e-13, "mean_delivery_time": 2464.298164575056, "mean_schedule_distance": 2975.3727057188203, "mean_schedule_energy": 0.26721623100599556, "mean_number_swaps": 0.25, "drone_utilization": 0.17857142857142858, "total_number_parcel_handover": 0, "mean_number_parcel_handover": 0.0, "execution_time": 3.7344918251037598}