{"completion_time": 8034.334866492661, "mean_schedule_time": 7720.571362955537, "mean_flight_time": 7409.66186589288, "mean_swap_time": 300.0, "mean_idle_time": 10.909497062656555, "mean_delivery_time": 5543.0030962925175, "mean_schedule_distance": 51867.63306125014, "mean_schedule_energy": 4.219784044741595, "mean_number_swaps": 5.0, "drone_utilization": 1.0, "execution_time": 4658.123511314392}