{"completion_time": 4167.16743324633, "mean_delivery_time": 2868.7741738805944, "total_distance": 778014.4959187522, "consumed_energy": 63.29676067112393, "execution_time": 2376.3298304080963}