{"completion_time": 9670.251241627948, "mean_schedule_time": 9356.529154172777, "mean_flight_time": 8964.720926332959, "mean_swap_time": 380.0, "mean_idle_time": 11.808227839817846, "mean_delivery_time": 6212.811507581989, "mean_schedule_distance": 62753.046484330735, "mean_schedule_energy": 5.405933716263637, "mean_number_swaps": 6.333333333333333, "drone_utilization": 1.0, "execution_time": 2042.8824648857117}