{"completion_time": 5047.498427196637, "mean_delivery_time": 3151.723033358331, "total_distance": 368444.3138845354, "consumed_energy": 31.669440023467217, "execution_time": 1532.0735573768616}