{"completion_time": 5898.710291510096, "mean_schedule_time": 4847.916642965844, "mean_flight_time": 4263.064883779953, "mean_swap_time": 140.0, "mean_idle_time": 444.85175918589175, "mean_delivery_time": 4334.450896585555, "mean_schedule_distance": 29841.454186459672, "mean_schedule_energy": 2.382390644021413, "mean_number_swaps": 2.3333333333333335, "drone_utilization": 1.0, "execution_time": 820.1494364738464}