{"completion_time": 5396.494289213095, "mean_schedule_time": 4260.1907607132125, "mean_flight_time": 3479.3967931338684, "mean_swap_time": 120.0, "mean_idle_time": 660.7939675793441, "mean_delivery_time": 3877.073305374279, "mean_schedule_distance": 24355.77755193708, "mean_schedule_energy": 2.063721067566273, "mean_number_swaps": 2.0, "drone_utilization": 1.0, "total_number_parcel_handover": 12, "mean_number_parcel_handover": 0.48, "execution_time": 234.0691351890564}