{"completion_time": 7895.499496858395, "mean_schedule_time": 3904.520770028601, "mean_flight_time": 3780.2350557428886, "mean_swap_time": 124.28571428571429, "mean_idle_time": -1.8189894035458565e-12, "mean_delivery_time": 3867.3569127361125, "mean_schedule_distance": 26461.645390200218, "mean_schedule_energy": 2.0980939914393217, "mean_number_swaps": 2.0714285714285716, "drone_utilization": 0.9285714285714286, "total_number_parcel_handover": 0, "mean_number_parcel_handover": 0.0, "execution_time": 15.942299604415894}