{"completion_time": 6457.091060617488, "mean_schedule_time": 1510.4771037371565, "mean_flight_time": 1067.6021472103757, "mean_swap_time": 28.0, "mean_idle_time": 414.8749565267808, "mean_delivery_time": 3285.241349673367, "mean_schedule_distance": 7473.215030472634, "mean_schedule_energy": 0.6270937568131179, "mean_number_swaps": 0.4666666666666667, "drone_utilization": 0.4666666666666667, "total_number_parcel_handover": 8, "mean_number_parcel_handover": 0.8, "execution_time": 60.826555252075195}