{"completion_time": 8720.33920184227, "mean_schedule_time": 7989.460487533268, "mean_flight_time": 7560.826344996247, "mean_swap_time": 294.0, "mean_idle_time": 134.63414253702103, "mean_delivery_time": 6647.58514572737, "mean_schedule_distance": 52925.78441497373, "mean_schedule_energy": 4.046787526250593, "mean_number_swaps": 4.9, "drone_utilization": 1.0, "total_number_parcel_handover": 15, "mean_number_parcel_handover": 1.0, "execution_time": 1183.383942604065}