{"completion_time": 7605.155242057946, "mean_schedule_time": 4689.506484014334, "mean_flight_time": 3824.016522155647, "mean_swap_time": 132.0, "mean_idle_time": 733.4899618586869, "mean_delivery_time": 4738.458521830415, "mean_schedule_distance": 26768.11565508953, "mean_schedule_energy": 2.241516813277566, "mean_number_swaps": 2.2, "drone_utilization": 0.96, "execution_time": 5930.356575965881}