{"completion_time": 4407.27445099916, "mean_delivery_time": 1790.1352438980969, "total_distance": 452219.27770337684, "consumed_energy": 38.435322246771605, "execution_time": 31.37270498275757}