{"completion_time": 4949.514899847842, "mean_schedule_time": 1556.7610251124245, "mean_flight_time": 1506.7610251124242, "mean_swap_time": 50.0, "mean_idle_time": 2.2737367544323206e-13, "mean_delivery_time": 3736.2264602698187, "mean_schedule_distance": 10547.327175786972, "mean_schedule_energy": 0.9095903377546075, "mean_number_swaps": 0.8333333333333334, "drone_utilization": 0.4166666666666667, "execution_time": 1.9384455680847168}