{"completion_time": 9985.101532820641, "mean_schedule_time": 2741.4543827342113, "mean_flight_time": 2650.254382734212, "mean_swap_time": 91.2, "mean_idle_time": -4.547473508864641e-13, "mean_delivery_time": 4283.522473022205, "mean_schedule_distance": 18551.780679139472, "mean_schedule_energy": 1.5498956844554364, "mean_number_swaps": 1.52, "drone_utilization": 0.64, "execution_time": 21.081586122512817}