{"completion_time": 4533.998459769807, "mean_schedule_time": 1121.4939202624453, "mean_flight_time": 931.6565115560085, "mean_swap_time": 19.2, "mean_idle_time": 170.63740870643676, "mean_delivery_time": 2549.0214826171286, "mean_schedule_distance": 6521.59558089206, "mean_schedule_energy": 0.48866265396853037, "mean_number_swaps": 0.32, "drone_utilization": 0.44, "execution_time": 47.3092041015625}