{"completion_time": 10886.452568676903, "mean_schedule_time": 4393.596482294618, "mean_flight_time": 4234.596482294618, "mean_swap_time": 159.0, "mean_idle_time": 0.0, "mean_delivery_time": 4393.596482294618, "mean_schedule_distance": 29642.17537606233, "mean_schedule_energy": 2.544197792341945, "mean_number_swaps": 2.65, "drone_utilization": 1.0, "execution_time": 24.784703731536865}