{"completion_time": 12587.33330181017, "mean_schedule_time": 9507.254339245479, "mean_flight_time": 9147.254339245477, "mean_swap_time": 360.0, "mean_idle_time": 1.8189894035458565e-12, "mean_delivery_time": 6688.320079312779, "mean_schedule_distance": 64030.78037471836, "mean_schedule_energy": 5.065214391108827, "mean_number_swaps": 6.0, "drone_utilization": 1.0, "execution_time": 2.3891594409942627}