{"completion_time": 10000.177763611227, "mean_schedule_time": 7225.562727546595, "mean_flight_time": 6970.562727546596, "mean_swap_time": 255.0, "mean_idle_time": -9.094947017729282e-13, "mean_delivery_time": 6433.3318577867085, "mean_schedule_distance": 48793.939092826164, "mean_schedule_energy": 3.6506638797673867, "mean_number_swaps": 4.25, "drone_utilization": 1.0, "total_number_parcel_handover": 0, "mean_number_parcel_handover": 0.0, "execution_time": 0.5615081787109375}