{"completion_time": 5486.8401364183765, "mean_schedule_time": 2557.523672185765, "mean_flight_time": 2139.781355170351, "mean_swap_time": 68.0, "mean_idle_time": 349.74231701541385, "mean_delivery_time": 3836.2855082786473, "mean_schedule_distance": 14978.469486192454, "mean_schedule_energy": 1.2165125924056361, "mean_number_swaps": 1.1333333333333333, "drone_utilization": 0.6666666666666666, "execution_time": 32.23588991165161}