{"completion_time": 5895.540425619589, "mean_schedule_time": 4177.302116576749, "mean_flight_time": 4030.302116576748, "mean_swap_time": 147.0, "mean_idle_time": 9.094947017729282e-13, "mean_delivery_time": 3820.497347399647, "mean_schedule_distance": 28212.11481603726, "mean_schedule_energy": 2.4207720355895566, "mean_number_swaps": 2.45, "drone_utilization": 1.0, "execution_time": 1087.028395652771}