{"completion_time": 2540.442448573382, "mean_delivery_time": 1626.3013284498622, "total_distance": 283708.064276804, "consumed_energy": 24.34486185302273, "execution_time": 236.5934703350067}