{"completion_time": 5020.884897146764, "mean_schedule_time": 1924.4541058379225, "mean_flight_time": 1621.188938724594, "mean_swap_time": 48.0, "mean_idle_time": 255.26516711332852, "mean_delivery_time": 2921.2724189813625, "mean_schedule_distance": 11348.32257107216, "mean_schedule_energy": 0.9737944741209094, "mean_number_swaps": 0.8, "drone_utilization": 0.64, "execution_time": 263.94191813468933}