{"completion_time": 2020.4106112922927, "mean_schedule_time": 161.1810519834906, "mean_flight_time": 154.7805849640373, "mean_swap_time": 2.4, "mean_idle_time": 4.000467019453282, "mean_delivery_time": 1473.7975602351996, "mean_schedule_distance": 1083.4640947482612, "mean_schedule_energy": 0.09858800866659909, "mean_number_swaps": 0.04, "drone_utilization": 0.12, "execution_time": 1.117762565612793}