{"1": [], "2": [], "3": [{"x": 3, "y": 8, "a": 2, "tau": 1081.9311791168657}], "4": [], "5": [], "6": [], "7": [], "8": [], "9": [], "10": [{"x": 15, "y": 16, "a": 1, "tau": 927.1845091781066}], "11": [], "12": [], "13": [], "14": [], "15": [], "16": [], "17": [], "18": [], "19": [], "20": [], "21": [], "22": [], "23": [], "24": [{"x": 9, "y": 8, "a": 0, "tau": 921.9195036305333}, {"x": 8, "y": 8, "a": -1, "tau": 981.9195036305333}, {"x": 8, "y": 18, "a": 2, "tau": 2020.4106112922927}], "25": []}