{"completion_time": 1785.78065480103, "mean_delivery_time": 1648.3239734600538, "total_distance": 158546.08278701347, "consumed_energy": 12.723445840241467, "execution_time": 104.4541871547699}