{"completion_time": 20580.64968136459, "mean_schedule_time": 17123.077747839947, "mean_flight_time": 16331.077747839943, "mean_swap_time": 792.0, "mean_idle_time": 3.637978807091713e-12, "mean_delivery_time": 8396.144377656452, "mean_schedule_distance": 114317.54423487962, "mean_schedule_energy": 9.917814848762514, "mean_number_swaps": 13.2, "drone_utilization": 1.0, "execution_time": 11.768445491790771}