{"completion_time": 10987.057404942278, "mean_schedule_time": 10347.476845823798, "mean_flight_time": 9712.381687160992, "mean_swap_time": 420.0, "mean_idle_time": 215.09515866280526, "mean_delivery_time": 6639.3845308293685, "mean_schedule_distance": 67986.67181012695, "mean_schedule_energy": 5.714292277247711, "mean_number_swaps": 7.0, "drone_utilization": 1.0, "execution_time": 1949.4440560340881}