{"completion_time": 1670.3597858474518, "mean_delivery_time": 1205.4838998695805, "total_distance": 70033.62506991201, "consumed_energy": 6.250330533701849, "execution_time": 0.18007135391235352}