{"completion_time": 9108.262764986728, "mean_schedule_time": 5464.255753964693, "mean_flight_time": 4254.086301894374, "mean_swap_time": 158.57142857142858, "mean_idle_time": 1051.598023498891, "mean_delivery_time": 5194.791468286736, "mean_schedule_distance": 29778.60411326063, "mean_schedule_energy": 2.5958189069061675, "mean_number_swaps": 2.642857142857143, "drone_utilization": 1.0, "total_number_parcel_handover": 9, "mean_number_parcel_handover": 0.6, "execution_time": 2435.4703648090363}