{"completion_time": 10144.236575592315, "mean_delivery_time": 5342.846645897537, "total_distance": 637007.1088053084, "consumed_energy": 54.65814670728082, "execution_time": 4919.724351882935}