{"completion_time": 4725.622875215307, "mean_delivery_time": 1893.1771109891797, "total_distance": 438143.73305071733, "consumed_energy": 36.27016006436934, "execution_time": 33.91739296913147}