{"completion_time": 1716.7953761771164, "execution_time": 987.8610830307007}