{"completion_time": 8073.247778475847, "mean_schedule_time": 4512.527254645325, "mean_flight_time": 4348.527254645324, "mean_swap_time": 164.0, "mean_idle_time": 9.094947017729282e-13, "mean_delivery_time": 3894.430156606459, "mean_schedule_distance": 30439.690782517286, "mean_schedule_energy": 2.476278971200033, "mean_number_swaps": 2.7333333333333334, "drone_utilization": 1.0, "execution_time": 23.239391088485718}