{"completion_time": 4385.970175302137, "mean_schedule_time": 1797.4422959457377, "mean_flight_time": 1559.0489630752809, "mean_swap_time": 45.6, "mean_idle_time": 192.79333287045688, "mean_delivery_time": 2848.641493589347, "mean_schedule_distance": 10913.342741526965, "mean_schedule_energy": 0.9164292735573735, "mean_number_swaps": 0.76, "drone_utilization": 0.64, "execution_time": 167.65153694152832}