{"completion_time": 6845.766576983099, "mean_schedule_time": 2384.746832549268, "mean_flight_time": 2317.2468325492687, "mean_swap_time": 67.5, "mean_idle_time": -4.547473508864641e-13, "mean_delivery_time": 3815.594932078829, "mean_schedule_distance": 16220.727827844878, "mean_schedule_energy": 1.337619390175073, "mean_number_swaps": 1.125, "drone_utilization": 0.625, "total_number_parcel_handover": 0, "mean_number_parcel_handover": 0.0, "execution_time": 8.12622857093811}