{"completion_time": 7605.155242057946, "mean_schedule_time": 3727.792046026811, "mean_flight_time": 2979.3341542697713, "mean_swap_time": 94.0, "mean_idle_time": 654.4578917570398, "mean_delivery_time": 4405.758167445927, "mean_schedule_distance": 20855.339079888377, "mean_schedule_energy": 1.7064519238437617, "mean_number_swaps": 1.5666666666666667, "drone_utilization": 0.8, "execution_time": 4234.908795118332}