{"completion_time": 10829.331802068597, "mean_schedule_time": 10767.529601362374, "mean_flight_time": 10311.529601362372, "mean_swap_time": 456.0, "mean_idle_time": 1.8189894035458565e-12, "mean_delivery_time": 5907.773831153803, "mean_schedule_distance": 72180.7072095366, "mean_schedule_energy": 5.769443829352392, "mean_number_swaps": 7.6, "drone_utilization": 1.0, "execution_time": 802.6168801784515}