{"completion_time": 8325.219009849197, "mean_schedule_time": 7111.424930884803, "mean_flight_time": 6243.806445883421, "mean_swap_time": 240.0, "mean_idle_time": 627.6184850013824, "mean_delivery_time": 5833.532232802951, "mean_schedule_distance": 43706.64512118392, "mean_schedule_energy": 3.5424188244912407, "mean_number_swaps": 4.0, "drone_utilization": 1.0, "total_number_parcel_handover": 14, "mean_number_parcel_handover": 0.7, "execution_time": 6453.632894039154}