{"completion_time": 5242.266564016443, "mean_schedule_time": 820.9852883638935, "mean_flight_time": 553.3045562786918, "mean_swap_time": 9.0, "mean_idle_time": 258.6807320852016, "mean_delivery_time": 4317.779121013735, "mean_schedule_distance": 3873.1318939508433, "mean_schedule_energy": 0.27288114854023593, "mean_number_swaps": 0.15, "drone_utilization": 0.25, "execution_time": 36.36099028587341}