{"completion_time": 9485.644206628518, "mean_schedule_time": 3749.642073518169, "mean_flight_time": 3617.1420735181687, "mean_swap_time": 132.5, "mean_idle_time": 4.547473508864641e-13, "mean_delivery_time": 4499.570488221803, "mean_schedule_distance": 25319.994514627193, "mean_schedule_energy": 2.2230877300700085, "mean_number_swaps": 2.2083333333333335, "drone_utilization": 0.8333333333333334, "total_number_parcel_handover": 0, "mean_number_parcel_handover": 0.0, "execution_time": 28.67499327659607}