{"completion_time": 19312.294617660387, "mean_schedule_time": 18700.89948489579, "mean_flight_time": 17908.899484895777, "mean_swap_time": 792.0, "mean_idle_time": 1.0913936421275139e-11, "mean_delivery_time": 8776.921742179027, "mean_schedule_distance": 125362.29639427052, "mean_schedule_energy": 10.147352447489281, "mean_number_swaps": 13.2, "drone_utilization": 1.0, "execution_time": 2967.1512224674225}