{"completion_time": 12723.303722797966, "mean_schedule_time": 9145.092260954341, "mean_flight_time": 8761.092260954338, "mean_swap_time": 384.0, "mean_idle_time": 3.637978807091713e-12, "mean_delivery_time": 5279.256706646681, "mean_schedule_distance": 61327.64582668035, "mean_schedule_energy": 5.239170272958035, "mean_number_swaps": 6.4, "drone_utilization": 1.0, "execution_time": 37.4790735244751}