{"completion_time": 3307.4287089011755, "mean_delivery_time": 1481.9393026890452, "total_distance": 97015.75118823317, "consumed_energy": 9.371991786206836, "execution_time": 4.195397853851318}