{"completion_time": 4673.345902469695, "mean_schedule_time": 2937.0208650899453, "mean_flight_time": 2689.260647856834, "mean_swap_time": 95.0, "mean_idle_time": 152.76021723311123, "mean_delivery_time": 3424.5476125459136, "mean_schedule_distance": 18824.824534997835, "mean_schedule_energy": 1.6932834996344575, "mean_number_swaps": 1.5833333333333333, "drone_utilization": 0.8333333333333334, "total_number_parcel_handover": 1, "mean_number_parcel_handover": 0.1, "execution_time": 24.20989727973938}