{"completion_time": 2894.8399477966723, "mean_delivery_time": 2191.5240606579446, "total_distance": 530421.5982762605, "consumed_energy": 45.53671377515156, "execution_time": 49.91149687767029}