{"completion_time": 6263.440958817963, "mean_schedule_time": 4698.207061398547, "mean_flight_time": 4405.111211828985, "mean_swap_time": 167.14285714285714, "mean_idle_time": 125.95299242670535, "mean_delivery_time": 4013.0989454864584, "mean_schedule_distance": 30835.77848280287, "mean_schedule_energy": 2.5213682875582815, "mean_number_swaps": 2.7857142857142856, "drone_utilization": 1.0, "execution_time": 82.30841255187988}