{"completion_time": 6715.266891850244, "mean_schedule_time": 1453.3908391530604, "mean_flight_time": 1398.006223768445, "mean_swap_time": 55.38461538461539, "mean_idle_time": 0.0, "mean_delivery_time": 3778.816181797957, "mean_schedule_distance": 9786.043566379116, "mean_schedule_energy": 0.9280432886410216, "mean_number_swaps": 0.9230769230769231, "drone_utilization": 0.38461538461538464, "total_number_parcel_handover": 0, "mean_number_parcel_handover": 0.0, "execution_time": 9.708841323852539}