{"completion_time": 8563.22116344448, "mean_schedule_time": 6150.454489348617, "mean_flight_time": 5183.1277784929625, "mean_swap_time": 195.0, "mean_idle_time": 772.3267108556547, "mean_delivery_time": 5175.771822442321, "mean_schedule_distance": 36281.894449450745, "mean_schedule_energy": 3.0562447744240417, "mean_number_swaps": 3.25, "drone_utilization": 1.0, "total_number_parcel_handover": 5, "mean_number_parcel_handover": 0.5, "execution_time": 153.2266035079956}