{"completion_time": 8780.973530996709, "mean_schedule_time": 4543.833611973064, "mean_flight_time": 4372.833611973065, "mean_swap_time": 171.0, "mean_idle_time": -9.094947017729282e-13, "mean_delivery_time": 3893.0944997503643, "mean_schedule_distance": 30609.835283811444, "mean_schedule_energy": 2.5677084760425566, "mean_number_swaps": 2.85, "drone_utilization": 1.0, "execution_time": 38.59868359565735}