{"completion_time": 4127.749748429198, "mean_delivery_time": 1943.8159656543976, "total_distance": 351439.97722185124, "consumed_energy": 28.621939187462743, "execution_time": 13.896296262741089}