{"completion_time": 7895.499496858395, "mean_schedule_time": 3459.04740211287, "mean_flight_time": 3347.0474021128707, "mean_swap_time": 112.0, "mean_idle_time": -9.094947017729282e-13, "mean_delivery_time": 3767.631931308795, "mean_schedule_distance": 23429.331814790083, "mean_schedule_energy": 1.9081292791641828, "mean_number_swaps": 1.8666666666666667, "drone_utilization": 0.8666666666666667, "execution_time": 14.538827180862427}