{"completion_time": 15867.738866432564, "mean_schedule_time": 15384.157058917463, "mean_flight_time": 14456.243065335215, "mean_swap_time": 600.0, "mean_idle_time": 327.9139935822477, "mean_delivery_time": 8989.317120354373, "mean_schedule_distance": 101193.70145734648, "mean_schedule_energy": 8.133705476868576, "mean_number_swaps": 10.0, "drone_utilization": 1.0, "execution_time": 4155.550701618195}