{"completion_time": 6752.038770626605, "mean_schedule_time": 2217.362876848447, "mean_flight_time": 2145.8244153099854, "mean_swap_time": 71.53846153846153, "mean_idle_time": 0.0, "mean_delivery_time": 2882.571739902981, "mean_schedule_distance": 15020.770907169897, "mean_schedule_energy": 1.3706064891484597, "mean_number_swaps": 1.1923076923076923, "drone_utilization": 0.7692307692307693, "execution_time": 46.10651874542236}