{"completion_time": 5821.221566738081, "mean_schedule_time": 1712.2214726397651, "mean_flight_time": 1260.2853714832295, "mean_swap_time": 33.6, "mean_idle_time": 418.33610115653573, "mean_delivery_time": 3117.4770390585827, "mean_schedule_distance": 8821.997600382607, "mean_schedule_energy": 0.7240197994764371, "mean_number_swaps": 0.56, "drone_utilization": 0.52, "execution_time": 1162.41681432724}