{"completion_time": 4668.416452350199, "mean_delivery_time": 3214.396922166802, "total_distance": 190527.06465613993, "consumed_energy": 15.436581444537099, "execution_time": 62.620564460754395}