{"completion_time": 4744.982728582742, "mean_schedule_time": 3257.2937313820057, "mean_flight_time": 3020.477965466629, "mean_swap_time": 100.8, "mean_idle_time": 136.0157659153765, "mean_delivery_time": 3236.3733161902305, "mean_schedule_distance": 21143.34575826641, "mean_schedule_energy": 1.813476024637605, "mean_number_swaps": 1.68, "drone_utilization": 0.96, "execution_time": 167.84733176231384}