{"completion_time": 17889.85888731387, "mean_schedule_time": 17498.521006482984, "mean_flight_time": 16766.52100648298, "mean_swap_time": 732.0, "mean_idle_time": 3.637978807091713e-12, "mean_delivery_time": 8733.49454735981, "mean_schedule_distance": 117365.64704538087, "mean_schedule_energy": 9.5081913877399, "mean_number_swaps": 12.2, "drone_utilization": 1.0, "execution_time": 2387.8372523784637}