{"completion_time": 7221.332193472487, "mean_schedule_time": 5796.504634031383, "mean_flight_time": 5592.504634031384, "mean_swap_time": 204.0, "mean_idle_time": -9.094947017729282e-13, "mean_delivery_time": 4769.615967279885, "mean_schedule_distance": 39147.532438219685, "mean_schedule_energy": 3.040528120586554, "mean_number_swaps": 3.4, "drone_utilization": 1.0, "execution_time": 151.5834355354309}