{"completion_time": 60572.455165854095, "mean_schedule_time": 55291.62186029964, "mean_flight_time": 52861.62186029969, "mean_swap_time": 2430.0, "mean_idle_time": -5.093170329928398e-11, "mean_delivery_time": 23324.841228147492, "mean_schedule_distance": 370031.3530220974, "mean_schedule_energy": 30.40626308274572, "mean_number_swaps": 40.5, "drone_utilization": 1.0, "execution_time": 4.588505744934082}