{"completion_time": 9842.113698505478, "mean_schedule_time": 9388.67114499452, "mean_flight_time": 8958.59581737731, "mean_swap_time": 372.0, "mean_idle_time": 58.07532761720904, "mean_delivery_time": 5313.71299351222, "mean_schedule_distance": 62710.170721641174, "mean_schedule_energy": 5.03392067973982, "mean_number_swaps": 6.2, "drone_utilization": 1.0, "execution_time": 196.58017539978027}