{"completion_time": 1586.5326429589609, "execution_time": 601.8332331180573}