{"completion_time": 10731.005534781534, "mean_schedule_time": 1929.9055732622428, "mean_flight_time": 1853.5419368986063, "mean_swap_time": 76.36363636363636, "mean_idle_time": 2.2737367544323206e-13, "mean_delivery_time": 4245.792261176934, "mean_schedule_distance": 12974.793558290246, "mean_schedule_energy": 1.2402612964061015, "mean_number_swaps": 1.2727272727272727, "drone_utilization": 0.45454545454545453, "total_number_parcel_handover": 0, "mean_number_parcel_handover": 0.0, "execution_time": 11.188028812408447}