{"completion_time": 5931.686237277167, "mean_schedule_time": 5588.958355683351, "mean_flight_time": 5100.197095368582, "mean_swap_time": 186.0, "mean_idle_time": 302.76126031476906, "mean_delivery_time": 4763.168533258763, "mean_schedule_distance": 35701.3796675801, "mean_schedule_energy": 2.9561848527496246, "mean_number_swaps": 3.1, "drone_utilization": 1.0, "execution_time": 698.5670297145844}