{"completion_time": 39160.84441975602, "mean_schedule_time": 39103.81210764794, "mean_flight_time": 37483.812107647944, "mean_swap_time": 1620.0, "mean_idle_time": -7.275957614183426e-12, "mean_delivery_time": 19092.129130822523, "mean_schedule_distance": 262386.68475353555, "mean_schedule_energy": 19.76992330864861, "mean_number_swaps": 27.0, "drone_utilization": 1.0, "execution_time": 84.69799590110779}