{"completion_time": 7222.68856633494, "mean_schedule_time": 4096.874077536637, "mean_flight_time": 3770.030917881486, "mean_swap_time": 129.0, "mean_idle_time": 197.84315965515088, "mean_delivery_time": 4398.109541315106, "mean_schedule_distance": 26390.216425170413, "mean_schedule_energy": 2.1984823064611625, "mean_number_swaps": 2.15, "drone_utilization": 0.9, "execution_time": 210.9043571949005}