{"completion_time": 5762.766703172173, "mean_schedule_time": 1951.1474885316463, "mean_flight_time": 1881.5474885316473, "mean_swap_time": 69.6, "mean_idle_time": -9.094947017729282e-13, "mean_delivery_time": 3110.3327365563264, "mean_schedule_distance": 13170.832419721526, "mean_schedule_energy": 1.2480670692601101, "mean_number_swaps": 1.16, "drone_utilization": 0.6, "execution_time": 21.76170825958252}