{"completion_time": 5288.6487109594, "mean_schedule_time": 3916.6649351658502, "mean_flight_time": 3167.520455902437, "mean_swap_time": 115.2, "mean_idle_time": 633.9444792634135, "mean_delivery_time": 4015.434688479676, "mean_schedule_distance": 22172.643191317075, "mean_schedule_energy": 1.9141449711781047, "mean_number_swaps": 1.92, "drone_utilization": 1.0, "execution_time": 930.9480237960815}