{"completion_time": 4705.415940046583, "mean_schedule_time": 3785.2391268081283, "mean_flight_time": 3475.902767744074, "mean_swap_time": 122.5, "mean_idle_time": 186.83635906405425, "mean_delivery_time": 3604.348932482525, "mean_schedule_distance": 24331.319374208528, "mean_schedule_energy": 2.1505707173219597, "mean_number_swaps": 2.0416666666666665, "drone_utilization": 1.0, "execution_time": 1937.3245434761047}