{"completion_time": 7160.952853006109, "mean_schedule_time": 5384.549273568226, "mean_flight_time": 4972.786485595702, "mean_swap_time": 184.0, "mean_idle_time": 227.76278797252417, "mean_delivery_time": 5278.799782723922, "mean_schedule_distance": 34809.50539916991, "mean_schedule_energy": 2.8650307081357034, "mean_number_swaps": 3.066666666666667, "drone_utilization": 0.8666666666666667, "execution_time": 932.5465235710144}