{"completion_time": 22092.90219580022, "mean_schedule_time": 20553.847842168463, "mean_flight_time": 19653.847842168474, "mean_swap_time": 900.0, "mean_idle_time": -1.0913936421275139e-11, "mean_delivery_time": 9950.698871373208, "mean_schedule_distance": 137576.93489517926, "mean_schedule_energy": 11.391100332457796, "mean_number_swaps": 15.0, "drone_utilization": 1.0, "total_number_parcel_handover": 0, "mean_number_parcel_handover": 0.0, "execution_time": 7.3478593826293945}