{"completion_time": 11526.451097900108, "mean_delivery_time": 5173.349435686604, "total_distance": 550307.739580717, "consumed_energy": 45.564401329831185, "execution_time": 7.727576494216919}