{"completion_time": 2277.9228920362325, "mean_delivery_time": 1553.5523292881437, "total_distance": 129802.5874249467, "consumed_energy": 10.888212311563516, "execution_time": 29.753084421157837}