{"completion_time": 4487.467726001004, "mean_schedule_time": 1750.047458362512, "mean_flight_time": 1453.3228793296082, "mean_swap_time": 35.0, "mean_idle_time": 261.7245790329039, "mean_delivery_time": 3060.1094338193448, "mean_schedule_distance": 10173.260155307256, "mean_schedule_energy": 0.8687336981573283, "mean_number_swaps": 0.5833333333333334, "drone_utilization": 0.5833333333333334, "total_number_parcel_handover": 4, "mean_number_parcel_handover": 0.8, "execution_time": 35.996208906173706}