{"completion_time": 7954.801839494531, "mean_schedule_time": 2430.7710842508327, "mean_flight_time": 2340.7710842508336, "mean_swap_time": 90.0, "mean_idle_time": -9.094947017729282e-13, "mean_delivery_time": 3027.432383736972, "mean_schedule_distance": 16385.397589755834, "mean_schedule_energy": 1.5656516113297962, "mean_number_swaps": 1.5, "drone_utilization": 0.7333333333333333, "execution_time": 50.9366672039032}