{"completion_time": 8390.637020274411, "mean_schedule_time": 6213.730744398275, "mean_flight_time": 5525.712813244984, "mean_swap_time": 210.0, "mean_idle_time": 478.0179311532911, "mean_delivery_time": 5788.532832331775, "mean_schedule_distance": 38679.9896927149, "mean_schedule_energy": 3.225988376650552, "mean_number_swaps": 3.5, "drone_utilization": 1.0, "execution_time": 32.25747466087341}