{"completion_time": 3766.49536828512, "mean_delivery_time": 2684.444132415494, "total_distance": 161801.32671889797, "consumed_energy": 13.275052461909922, "execution_time": 23.435707569122314}