{"completion_time": 6495.222934160992, "mean_schedule_time": 2487.006568622239, "mean_flight_time": 2413.0065686222383, "mean_swap_time": 74.0, "mean_idle_time": 4.547473508864641e-13, "mean_delivery_time": 3061.1739346596855, "mean_schedule_distance": 16891.045980355662, "mean_schedule_energy": 1.4625097472220854, "mean_number_swaps": 1.2333333333333334, "drone_utilization": 0.8, "execution_time": 54.480916023254395}