{"completion_time": 5273.957390345963, "mean_schedule_time": 3249.695409959994, "mean_flight_time": 2690.0607193545666, "mean_swap_time": 85.0, "mean_idle_time": 474.6346906054273, "mean_delivery_time": 3365.1891435469042, "mean_schedule_distance": 18830.42503548197, "mean_schedule_energy": 1.575649196078234, "mean_number_swaps": 1.4166666666666667, "drone_utilization": 0.9166666666666666, "total_number_parcel_handover": 7, "mean_number_parcel_handover": 0.7, "execution_time": 255.9141139984131}