{"completion_time": 4968.156682018174, "mean_delivery_time": 2123.2737358703025, "total_distance": 471643.90626304667, "consumed_energy": 38.71793334061805, "execution_time": 26.109699249267578}