{"completion_time": 9516.313364036349, "mean_schedule_time": 4979.835778194353, "mean_flight_time": 4812.692921051498, "mean_swap_time": 167.14285714285714, "mean_idle_time": -1.8189894035458565e-12, "mean_delivery_time": 4117.547471740605, "mean_schedule_distance": 33688.85044736048, "mean_schedule_energy": 2.7655666671870036, "mean_number_swaps": 2.7857142857142856, "drone_utilization": 1.0, "execution_time": 26.78046154975891}