{"completion_time": 7473.640468775041, "mean_schedule_time": 4994.3967833685365, "mean_flight_time": 4821.8967833685365, "mean_swap_time": 172.5, "mean_idle_time": 0.0, "mean_delivery_time": 4538.4042972645275, "mean_schedule_distance": 33753.27748357976, "mean_schedule_energy": 2.653832756410366, "mean_number_swaps": 2.875, "drone_utilization": 0.875, "total_number_parcel_handover": 0, "mean_number_parcel_handover": 0.0, "execution_time": 3.103018045425415}