{"completion_time": 10230.057379925425, "mean_schedule_time": 6697.780604536376, "mean_flight_time": 6437.780604536377, "mean_swap_time": 260.0, "mean_idle_time": -9.094947017729282e-13, "mean_delivery_time": 4943.526560900576, "mean_schedule_distance": 45064.464231754624, "mean_schedule_energy": 3.631745624155874, "mean_number_swaps": 4.333333333333333, "drone_utilization": 1.0, "execution_time": 17.22933006286621}