{"completion_time": 12096.628652554835, "mean_schedule_time": 11700.290692016802, "mean_flight_time": 10850.08483347781, "mean_swap_time": 450.0, "mean_idle_time": 400.2058585389932, "mean_delivery_time": 7052.809846167061, "mean_schedule_distance": 75950.59383434466, "mean_schedule_energy": 6.150702161972333, "mean_number_swaps": 7.5, "drone_utilization": 1.0, "execution_time": 618.4951183795929}