{"completion_time": 4595.831213201423, "mean_schedule_time": 1931.8734639720574, "mean_flight_time": 1537.328395181566, "mean_swap_time": 37.5, "mean_idle_time": 357.0450687904913, "mean_delivery_time": 3664.709950857592, "mean_schedule_distance": 10761.298766270962, "mean_schedule_energy": 0.8753030182937381, "mean_number_swaps": 0.625, "drone_utilization": 0.625, "execution_time": 15.636036157608032}