{"completion_time": 17425.39526580508, "mean_schedule_time": 12557.29443672243, "mean_flight_time": 12017.29443672243, "mean_swap_time": 540.0, "mean_idle_time": 0.0, "mean_delivery_time": 7554.608942589258, "mean_schedule_distance": 84121.06105705703, "mean_schedule_energy": 6.910547957138131, "mean_number_swaps": 9.0, "drone_utilization": 1.0, "execution_time": 5.142037868499756}