{"completion_time": 4650.8478926180815, "mean_schedule_time": 2988.2960162028835, "mean_flight_time": 2787.587709739835, "mean_swap_time": 80.0, "mean_idle_time": 120.7083064630483, "mean_delivery_time": 3387.848647019058, "mean_schedule_distance": 19513.113968178848, "mean_schedule_energy": 1.586509823508141, "mean_number_swaps": 1.3333333333333333, "drone_utilization": 0.9333333333333333, "execution_time": 137.9197633266449}