{"completion_time": 7222.68856633494, "mean_schedule_time": 5086.094440663308, "mean_flight_time": 4573.919084499118, "mean_swap_time": 160.0, "mean_idle_time": 352.1753561641899, "mean_delivery_time": 4876.330622817293, "mean_schedule_distance": 32017.433591493827, "mean_schedule_energy": 2.5671610070161943, "mean_number_swaps": 2.6666666666666665, "drone_utilization": 0.9444444444444444, "execution_time": 2943.4229118824005}