{"completion_time": 3451.14354906046, "mean_schedule_time": 1141.7910762404736, "mean_flight_time": 1109.0638035132008, "mean_swap_time": 32.72727272727273, "mean_idle_time": 0.0, "mean_delivery_time": 2511.940367729042, "mean_schedule_distance": 7763.446624592404, "mean_schedule_energy": 0.6501661285741557, "mean_number_swaps": 0.5454545454545454, "drone_utilization": 0.45454545454545453, "execution_time": 11.16007661819458}