{"completion_time": 7477.093956353379, "mean_schedule_time": 3621.4705488664085, "mean_flight_time": 3507.470548866409, "mean_swap_time": 114.0, "mean_idle_time": -4.547473508864641e-13, "mean_delivery_time": 3912.913519770425, "mean_schedule_distance": 24552.293842064875, "mean_schedule_energy": 2.089001623429826, "mean_number_swaps": 1.9, "drone_utilization": 0.9, "total_number_parcel_handover": 0, "mean_number_parcel_handover": 0.0, "execution_time": 4.888090133666992}