{"completion_time": 6739.806421862157, "mean_schedule_time": 5794.749316446096, "mean_flight_time": 5384.999465732023, "mean_swap_time": 196.0, "mean_idle_time": 213.74985071407264, "mean_delivery_time": 4561.361034005521, "mean_schedule_distance": 37694.99626012415, "mean_schedule_energy": 3.0760380317918385, "mean_number_swaps": 3.2666666666666666, "drone_utilization": 1.0, "execution_time": 1295.5871441364288}