{"completion_time": 5371.468626064821, "mean_schedule_time": 4430.214519014567, "mean_flight_time": 4022.751460387578, "mean_swap_time": 124.0, "mean_idle_time": 283.46305862698864, "mean_delivery_time": 4163.2965072931365, "mean_schedule_distance": 28159.260222713052, "mean_schedule_energy": 2.285212338471318, "mean_number_swaps": 2.066666666666667, "drone_utilization": 0.9333333333333333, "execution_time": 409.6676650047302}