{"completion_time": 16677.062527319482, "mean_schedule_time": 16407.989825448443, "mean_flight_time": 15679.227290122824, "mean_swap_time": 684.0, "mean_idle_time": 44.762535325618956, "mean_delivery_time": 8383.853674058942, "mean_schedule_distance": 109754.59103085981, "mean_schedule_energy": 9.03283721091655, "mean_number_swaps": 11.4, "drone_utilization": 1.0, "execution_time": 3116.6832146644592}