{"completion_time": 5234.41113672519, "mean_schedule_time": 3183.415013618399, "mean_flight_time": 2618.5892559278363, "mean_swap_time": 87.6923076923077, "mean_idle_time": 477.13344999825495, "mean_delivery_time": 3582.75711654873, "mean_schedule_distance": 18330.124791494858, "mean_schedule_energy": 1.5823383086682232, "mean_number_swaps": 1.4615384615384615, "drone_utilization": 0.8461538461538461, "execution_time": 316.5554187297821}