{"completion_time": 1136.5581766357877, "execution_time": 0.0015256404876708984}