{"completion_time": 5715.411135411561, "mean_schedule_time": 3665.407535817184, "mean_flight_time": 2985.4146888374385, "mean_swap_time": 108.0, "mean_idle_time": 571.9928469797455, "mean_delivery_time": 3914.8766602081096, "mean_schedule_distance": 20897.902821862066, "mean_schedule_energy": 1.7966782033248034, "mean_number_swaps": 1.8, "drone_utilization": 0.9, "execution_time": 247.9251937866211}