{"completion_time": 2887.7055677057806, "mean_delivery_time": 1959.7639049184518, "total_distance": 445023.5271382341, "consumed_energy": 37.60523901501092, "execution_time": 205.81868362426758}