{"completion_time": 7521.862707297128, "mean_schedule_time": 6874.027296226832, "mean_flight_time": 6634.027296226832, "mean_swap_time": 240.0, "mean_idle_time": 0.0, "mean_delivery_time": 5370.231854056991, "mean_schedule_distance": 46438.191073587834, "mean_schedule_energy": 3.5739044492625904, "mean_number_swaps": 4.0, "drone_utilization": 1.0, "execution_time": 36.95385241508484}