{"completion_time": 4385.970175302137, "mean_schedule_time": 1631.4479862794594, "mean_flight_time": 1443.0840185165298, "mean_swap_time": 40.0, "mean_idle_time": 148.36396776292963, "mean_delivery_time": 3301.3990400944194, "mean_schedule_distance": 10101.588129615711, "mean_schedule_energy": 0.8305324334769434, "mean_number_swaps": 0.6666666666666666, "drone_utilization": 0.5, "execution_time": 95.36536908149719}