{"completion_time": 1521.4736919959887, "execution_time": 0.010791540145874023}