{"completion_time": 12821.714054852253, "mean_schedule_time": 12143.983056124367, "mean_flight_time": 11109.967278661705, "mean_swap_time": 480.0, "mean_idle_time": 554.0157774626623, "mean_delivery_time": 7288.899161465203, "mean_schedule_distance": 77769.77095063191, "mean_schedule_energy": 6.5404835382166455, "mean_number_swaps": 8.0, "drone_utilization": 1.0, "total_number_parcel_handover": 15, "mean_number_parcel_handover": 0.6, "execution_time": 4048.626997947693}