{"completion_time": 4613.345902469695, "mean_schedule_time": 1601.1400848444587, "mean_flight_time": 1510.93051792953, "mean_swap_time": 40.90909090909091, "mean_idle_time": 49.30047600583771, "mean_delivery_time": 2972.974122159093, "mean_schedule_distance": 10576.513625506706, "mean_schedule_energy": 0.8916365329838242, "mean_number_swaps": 0.6818181818181818, "drone_utilization": 0.5909090909090909, "execution_time": 170.914208650589}