{"completion_time": 6160.82451434056, "mean_schedule_time": 4790.861011969158, "mean_flight_time": 4584.7062289031, "mean_swap_time": 156.0, "mean_idle_time": 50.15478306605837, "mean_delivery_time": 4267.158916462392, "mean_schedule_distance": 32092.943602321717, "mean_schedule_energy": 2.5129810928183467, "mean_number_swaps": 2.6, "drone_utilization": 1.0, "execution_time": 272.46016907691956}