{"completion_time": 7667.032769324585, "mean_schedule_time": 2692.2979682668215, "mean_flight_time": 2603.4979682668227, "mean_swap_time": 88.8, "mean_idle_time": -1.3642420526593924e-12, "mean_delivery_time": 3491.2190526368977, "mean_schedule_distance": 18224.485777867754, "mean_schedule_energy": 1.572022793384095, "mean_number_swaps": 1.48, "drone_utilization": 0.76, "execution_time": 45.12342882156372}