{"completion_time": 12763.572860444376, "mean_schedule_time": 7092.146015052336, "mean_flight_time": 6810.14601505234, "mean_swap_time": 282.0, "mean_idle_time": -3.637978807091713e-12, "mean_delivery_time": 5017.411468995868, "mean_schedule_distance": 47671.02210536638, "mean_schedule_energy": 3.7827495097659805, "mean_number_swaps": 4.7, "drone_utilization": 1.0, "execution_time": 10.600807666778564}