{"completion_time": 24341.49143381403, "mean_schedule_time": 23996.278112590502, "mean_flight_time": 22661.173346669948, "mean_swap_time": 1080.0, "mean_idle_time": 255.1047659205542, "mean_delivery_time": 10815.650045225855, "mean_schedule_distance": 158628.2134266897, "mean_schedule_energy": 13.43593977567513, "mean_number_swaps": 18.0, "drone_utilization": 1.0, "execution_time": 709.7064719200134}