{"completion_time": 6588.338175487357, "mean_schedule_time": 6010.073597593803, "mean_flight_time": 5697.691675393049, "mean_swap_time": 200.0, "mean_idle_time": 112.38192220075416, "mean_delivery_time": 4549.524852489189, "mean_schedule_distance": 39883.84172775135, "mean_schedule_energy": 3.2014783293360334, "mean_number_swaps": 3.3333333333333335, "drone_utilization": 1.0, "execution_time": 1755.945164680481}