{"completion_time": 21014.905721564202, "mean_schedule_time": 13583.667126525474, "mean_flight_time": 12989.667126525466, "mean_swap_time": 594.0, "mean_idle_time": 7.275957614183426e-12, "mean_delivery_time": 7533.663989564457, "mean_schedule_distance": 90927.66988567835, "mean_schedule_energy": 7.855669267942602, "mean_number_swaps": 9.9, "drone_utilization": 1.0, "execution_time": 27.895223140716553}