{"completion_time": 9966.813598420744, "mean_schedule_time": 3183.165111395138, "mean_flight_time": 3078.165111395138, "mean_swap_time": 105.0, "mean_idle_time": 0.0, "mean_delivery_time": 3395.3761188214803, "mean_schedule_distance": 21547.155779765963, "mean_schedule_energy": 1.7873340221545864, "mean_number_swaps": 1.75, "drone_utilization": 0.9375, "execution_time": 16.5755672454834}