{"completion_time": 5821.521767570258, "mean_schedule_time": 5367.405557476932, "mean_flight_time": 4953.49272752187, "mean_swap_time": 188.0, "mean_idle_time": 225.91282995506208, "mean_delivery_time": 4507.5735173977, "mean_schedule_distance": 34674.44909265309, "mean_schedule_energy": 2.870921143910232, "mean_number_swaps": 3.1333333333333333, "drone_utilization": 1.0, "execution_time": 1057.7386753559113}