{"completion_time": 6392.306169613991, "mean_schedule_time": 6037.213424546398, "mean_flight_time": 5833.2134245463985, "mean_swap_time": 204.0, "mean_idle_time": -9.094947017729282e-13, "mean_delivery_time": 4871.003598491735, "mean_schedule_distance": 40832.49397182478, "mean_schedule_energy": 3.2143326772249994, "mean_number_swaps": 3.4, "drone_utilization": 1.0, "execution_time": 43.364001989364624}