{"completion_time": 4674.073841369784, "mean_schedule_time": 1619.0790838065022, "mean_flight_time": 1481.507471802187, "mean_swap_time": 43.2, "mean_idle_time": 94.37161200431524, "mean_delivery_time": 3500.956326923372, "mean_schedule_distance": 10370.552302615304, "mean_schedule_energy": 0.8249940596550034, "mean_number_swaps": 0.72, "drone_utilization": 0.48, "execution_time": 149.05172204971313}