{"completion_time": 9811.336926935692, "mean_schedule_time": 9371.304006864702, "mean_flight_time": 8696.592065109091, "mean_swap_time": 360.0, "mean_idle_time": 314.7119417556114, "mean_delivery_time": 6339.977786251414, "mean_schedule_distance": 60876.14445576368, "mean_schedule_energy": 5.031064018830689, "mean_number_swaps": 6.0, "drone_utilization": 1.0, "execution_time": 8596.734905004501}