{"completion_time": 4385.970175302137, "mean_schedule_time": 3021.4917747775526, "mean_flight_time": 2751.260704242544, "mean_swap_time": 81.81818181818181, "mean_idle_time": 188.41288871682673, "mean_delivery_time": 3047.941224626694, "mean_schedule_distance": 19258.824929697803, "mean_schedule_energy": 1.560056219928034, "mean_number_swaps": 1.3636363636363635, "drone_utilization": 0.9545454545454546, "total_number_parcel_handover": 4, "mean_number_parcel_handover": 0.2, "execution_time": 278.05178451538086}