{"completion_time": 2803.7208808687037, "mean_schedule_time": 270.12611199114923, "mean_flight_time": 242.9447481427106, "mean_swap_time": 7.2, "mean_idle_time": 19.981363848438633, "mean_delivery_time": 2782.0084803130303, "mean_schedule_distance": 1700.6132369989741, "mean_schedule_energy": 0.15633558395977454, "mean_number_swaps": 0.12, "drone_utilization": 0.12, "execution_time": 2.478285074234009}