{"completion_time": 6805.523094128889, "mean_delivery_time": 3809.607576202495, "total_distance": 831090.5861144491, "consumed_energy": 69.8584737490906, "execution_time": 2945.9840354919434}