{"completion_time": 12975.031891441524, "mean_schedule_time": 11980.703497497207, "mean_flight_time": 11181.596212677, "mean_swap_time": 516.0, "mean_idle_time": 283.1072848202075, "mean_delivery_time": 6885.818774636322, "mean_schedule_distance": 78271.1734887389, "mean_schedule_energy": 6.709429151981664, "mean_number_swaps": 8.6, "drone_utilization": 1.0, "execution_time": 3358.620461463928}