{"completion_time": 2756.784373163826, "mean_delivery_time": 1960.0816811857171, "total_distance": 242173.7958687345, "consumed_energy": 21.187228754383966, "execution_time": 110.18675518035889}