{"completion_time": 5333.568746327652, "mean_schedule_time": 4486.320769180643, "mean_flight_time": 4324.532069084544, "mean_swap_time": 150.0, "mean_idle_time": 11.788700096099092, "mean_delivery_time": 3800.1633623714342, "mean_schedule_distance": 30271.724483591814, "mean_schedule_energy": 2.6484035942979958, "mean_number_swaps": 2.5, "drone_utilization": 1.0, "total_number_parcel_handover": 4, "mean_number_parcel_handover": 0.4, "execution_time": 155.79740977287292}