{"completion_time": 8592.753394412859, "mean_schedule_time": 6027.133116522375, "mean_flight_time": 5689.764086798808, "mean_swap_time": 216.0, "mean_idle_time": 121.3690297235662, "mean_delivery_time": 5086.296311648286, "mean_schedule_distance": 39828.34860759164, "mean_schedule_energy": 3.2457426280445083, "mean_number_swaps": 3.6, "drone_utilization": 1.0, "execution_time": 64.47306036949158}