{"completion_time": 4222.208564612312, "mean_schedule_time": 611.6250895873303, "mean_flight_time": 431.5490117012854, "mean_swap_time": 3.0, "mean_idle_time": 177.0760778860449, "mean_delivery_time": 2854.8208406482418, "mean_schedule_distance": 3020.8430819089976, "mean_schedule_energy": 0.21113750233347917, "mean_number_swaps": 0.05, "drone_utilization": 0.25, "execution_time": 2.477569103240967}