{"completion_time": 6997.967795139055, "mean_schedule_time": 5127.835851367521, "mean_flight_time": 4830.169508551953, "mean_swap_time": 192.0, "mean_idle_time": 105.66634281556799, "mean_delivery_time": 4308.437373204257, "mean_schedule_distance": 33811.186559863665, "mean_schedule_energy": 2.905554045990684, "mean_number_swaps": 3.2, "drone_utilization": 1.0, "execution_time": 852.5751957893372}