{"completion_time": 5565.66238315158, "mean_schedule_time": 3595.7515500506297, "mean_flight_time": 3410.650284474106, "mean_swap_time": 114.0, "mean_idle_time": 71.10126557652393, "mean_delivery_time": 4494.689437563287, "mean_schedule_distance": 23874.551991318738, "mean_schedule_energy": 1.8729815075152896, "mean_number_swaps": 1.9, "drone_utilization": 0.8, "execution_time": 134.89816808700562}