{"completion_time": 6351.823140359873, "mean_schedule_time": 2724.2272776936484, "mean_flight_time": 2333.378652563642, "mean_swap_time": 75.0, "mean_idle_time": 315.84862513000644, "mean_delivery_time": 3148.093253506342, "mean_schedule_distance": 16333.650567945497, "mean_schedule_energy": 1.3946904578374004, "mean_number_swaps": 1.25, "drone_utilization": 0.7857142857142857, "total_number_parcel_handover": 4, "mean_number_parcel_handover": 0.16, "execution_time": 197.57464027404785}