{"completion_time": 5152.608660385484, "mean_schedule_time": 1809.8614493526277, "mean_flight_time": 1404.0539574008853, "mean_swap_time": 46.36363636363637, "mean_idle_time": 359.4438555881061, "mean_delivery_time": 3551.7378858856187, "mean_schedule_distance": 9828.377701806201, "mean_schedule_energy": 0.9136587799186434, "mean_number_swaps": 0.7727272727272727, "drone_utilization": 0.5, "execution_time": 154.17521858215332}