{"completion_time": 9168.262764986728, "mean_schedule_time": 7552.903260106859, "mean_flight_time": 6526.130241160939, "mean_swap_time": 276.0, "mean_idle_time": 750.7730189459207, "mean_delivery_time": 5455.931805845673, "mean_schedule_distance": 45682.91168812658, "mean_schedule_energy": 3.9488473781625744, "mean_number_swaps": 4.6, "drone_utilization": 1.0, "execution_time": 637.2154948711395}