{"completion_time": 8807.614976655117, "mean_schedule_time": 8330.241593751622, "mean_flight_time": 7954.593950527694, "mean_swap_time": 342.0, "mean_idle_time": 33.647643223926934, "mean_delivery_time": 5172.606530494659, "mean_schedule_distance": 55682.15765369387, "mean_schedule_energy": 4.678262312379202, "mean_number_swaps": 5.7, "drone_utilization": 1.0, "execution_time": 633.7810137271881}