{"completion_time": 9642.051105006509, "mean_schedule_time": 7257.040291151982, "mean_flight_time": 6580.725248496292, "mean_swap_time": 300.0, "mean_idle_time": 376.3150426556904, "mean_delivery_time": 5572.869786144478, "mean_schedule_distance": 46065.07673947405, "mean_schedule_energy": 4.107074963870219, "mean_number_swaps": 5.0, "drone_utilization": 1.0, "total_number_parcel_handover": 2, "mean_number_parcel_handover": 0.2, "execution_time": 137.39093494415283}