{"completion_time": 6860.395117532032, "mean_schedule_time": 1691.9070231109101, "mean_flight_time": 1176.2657408952994, "mean_swap_time": 30.0, "mean_idle_time": 485.6412822156108, "mean_delivery_time": 4250.125031916179, "mean_schedule_distance": 8233.860186267097, "mean_schedule_energy": 0.6791815068944235, "mean_number_swaps": 0.5, "drone_utilization": 0.4, "total_number_parcel_handover": 5, "mean_number_parcel_handover": 1.0, "execution_time": 13.258684396743774}