{"completion_time": 4847.791338929941, "mean_schedule_time": 2707.404153875965, "mean_flight_time": 2444.632075016065, "mean_swap_time": 71.53846153846153, "mean_idle_time": 191.23361732143894, "mean_delivery_time": 3467.7163965696295, "mean_schedule_distance": 17112.42452511245, "mean_schedule_energy": 1.431307092600484, "mean_number_swaps": 1.1923076923076923, "drone_utilization": 0.7692307692307693, "total_number_parcel_handover": 6, "mean_number_parcel_handover": 0.3, "execution_time": 540.8351786136627}