{"completion_time": 748.7791841274005, "execution_time": 0.043743133544921875}