{"completion_time": 4254.120752004098, "mean_schedule_time": 885.9365279400646, "mean_flight_time": 764.4265424146087, "mean_swap_time": 19.09090909090909, "mean_idle_time": 102.41907643454681, "mean_delivery_time": 3049.250363721675, "mean_schedule_distance": 5350.98579690226, "mean_schedule_energy": 0.42397803283716295, "mean_number_swaps": 0.3181818181818182, "drone_utilization": 0.3181818181818182, "total_number_parcel_handover": 2, "mean_number_parcel_handover": 0.4, "execution_time": 56.68515467643738}