{"completion_time": 2228.130185893443, "mean_schedule_time": 162.33670311715218, "mean_flight_time": 159.33670311715215, "mean_swap_time": 3.0, "mean_idle_time": 2.842170943040401e-14, "mean_delivery_time": 1623.3670311715218, "mean_schedule_distance": 1115.356921820065, "mean_schedule_energy": 0.08755578698231722, "mean_number_swaps": 0.05, "drone_utilization": 0.1, "execution_time": 0.5903418064117432}