{"completion_time": 7458.417333981829, "mean_schedule_time": 2712.68507188637, "mean_flight_time": 2620.685071886371, "mean_swap_time": 92.0, "mean_idle_time": -9.094947017729282e-13, "mean_delivery_time": 3362.3492220992903, "mean_schedule_distance": 18344.795503204597, "mean_schedule_energy": 1.5495895370605126, "mean_number_swaps": 1.5333333333333334, "drone_utilization": 0.7666666666666667, "execution_time": 50.92112421989441}