{"1": [{"x": 1, "y": 2, "a": 2, "tau": 403.1230113776258}], "2": [{"x": 1, "y": 3, "a": 0, "tau": 361.13208460354656}, {"x": 3, "y": 2, "a": 1, "tau": 891.1325450950727}], "3": []}