{"completion_time": 8457.840633148568, "mean_schedule_time": 7787.532634273191, "mean_flight_time": 7487.5326342731905, "mean_swap_time": 300.0, "mean_idle_time": 9.094947017729282e-13, "mean_delivery_time": 5679.812133770045, "mean_schedule_distance": 52412.72843991235, "mean_schedule_energy": 4.275414681960984, "mean_number_swaps": 5.0, "drone_utilization": 1.0, "execution_time": 19.136085271835327}