{"completion_time": 7826.063437665947, "execution_time": 0.04662585258483887}