{"completion_time": 9436.061013266286, "mean_schedule_time": 8611.057639157381, "mean_flight_time": 8263.057639157381, "mean_swap_time": 348.0, "mean_idle_time": 0.0, "mean_delivery_time": 5759.197091183429, "mean_schedule_distance": 57841.403474101695, "mean_schedule_energy": 4.721357308349185, "mean_number_swaps": 5.8, "drone_utilization": 1.0, "execution_time": 48.23390531539917}