{"completion_time": 12263.804523307195, "mean_schedule_time": 3727.917500464778, "mean_flight_time": 3600.717500464779, "mean_swap_time": 127.2, "mean_idle_time": -4.547473508864641e-13, "mean_delivery_time": 3883.2473963174775, "mean_schedule_distance": 25205.022503253454, "mean_schedule_energy": 2.114868826204176, "mean_number_swaps": 2.12, "drone_utilization": 0.96, "execution_time": 54.338194608688354}