{"completion_time": 17201.926019331993, "mean_schedule_time": 17063.015446028247, "mean_flight_time": 15779.009444844934, "mean_swap_time": 684.0, "mean_idle_time": 600.006001183312, "mean_delivery_time": 9639.460261909551, "mean_schedule_distance": 110453.06611391455, "mean_schedule_energy": 9.048924740920677, "mean_number_swaps": 11.4, "drone_utilization": 1.0, "execution_time": 191.09482836723328}