{"completion_time": 11249.239313499049, "mean_schedule_time": 7337.223620660518, "mean_flight_time": 7025.223620660514, "mean_swap_time": 312.0, "mean_idle_time": 3.637978807091713e-12, "mean_delivery_time": 4867.4209919652585, "mean_schedule_distance": 49176.565344623625, "mean_schedule_energy": 4.114001633717335, "mean_number_swaps": 5.2, "drone_utilization": 1.0, "execution_time": 2.2970969676971436}