{"completion_time": 13654.647212589956, "mean_schedule_time": 12893.803415222288, "mean_flight_time": 11577.037335918098, "mean_swap_time": 510.0, "mean_idle_time": 806.7660793041905, "mean_delivery_time": 7600.242697044513, "mean_schedule_distance": 81039.2613514267, "mean_schedule_energy": 6.631857250529302, "mean_number_swaps": 8.5, "drone_utilization": 1.0, "total_number_parcel_handover": 9, "mean_number_parcel_handover": 0.45, "execution_time": 664.2641966342926}