{"completion_time": 5242.919781845207, "mean_schedule_time": 3361.5299836728464, "mean_flight_time": 3230.9187123673314, "mean_swap_time": 115.0, "mean_idle_time": 15.611271305514947, "mean_delivery_time": 4033.8359804074157, "mean_schedule_distance": 22616.43098657132, "mean_schedule_energy": 1.7880910335251146, "mean_number_swaps": 1.9166666666666667, "drone_utilization": 0.8333333333333334, "total_number_parcel_handover": 5, "mean_number_parcel_handover": 0.5, "execution_time": 38.868757486343384}