{"completion_time": 4744.982728582742, "mean_schedule_time": 3014.7759438606063, "mean_flight_time": 2781.4828412834963, "mean_swap_time": 96.0, "mean_idle_time": 137.29310257710995, "mean_delivery_time": 3216.8860226074053, "mean_schedule_distance": 19470.379888984477, "mean_schedule_energy": 1.6765277252744348, "mean_number_swaps": 1.6, "drone_utilization": 0.92, "execution_time": 332.91638374328613}