{"completion_time": 6576.027570362395, "mean_schedule_time": 5552.6322340460565, "mean_flight_time": 5240.313437338372, "mean_swap_time": 200.0, "mean_idle_time": 112.31879670768467, "mean_delivery_time": 4119.315228391953, "mean_schedule_distance": 36682.194061368595, "mean_schedule_energy": 3.026373559940483, "mean_number_swaps": 3.3333333333333335, "drone_utilization": 1.0, "total_number_parcel_handover": 4, "mean_number_parcel_handover": 0.2, "execution_time": 225.53228330612183}