{"completion_time": 7790.643644643709, "mean_schedule_time": 6179.002088520921, "mean_flight_time": 5555.873017167161, "mean_swap_time": 204.0, "mean_idle_time": 419.1290713537592, "mean_delivery_time": 5415.140457080238, "mean_schedule_distance": 38891.11112017018, "mean_schedule_energy": 3.3007412090857633, "mean_number_swaps": 3.4, "drone_utilization": 1.0, "execution_time": 993.9913139343262}