{"completion_time": 2772.4941627698545, "mean_schedule_time": 739.6273500843103, "mean_flight_time": 714.5469046902936, "mean_swap_time": 10.714285714285714, "mean_idle_time": 14.366159679731027, "mean_delivery_time": 1647.6802941489082, "mean_schedule_distance": 5001.828332832055, "mean_schedule_energy": 0.4001155186047129, "mean_number_swaps": 0.17857142857142858, "drone_utilization": 0.4642857142857143, "execution_time": 38.83262324333191}