{"completion_time": 8416.218741217292, "mean_schedule_time": 6171.11691203716, "mean_flight_time": 5128.035326568156, "mean_swap_time": 183.75, "mean_idle_time": 859.3315854690036, "mean_delivery_time": 5248.863056904055, "mean_schedule_distance": 35896.24728597712, "mean_schedule_energy": 2.958730384181857, "mean_number_swaps": 3.0625, "drone_utilization": 1.0, "execution_time": 805.0730471611023}