{"completion_time": 5600.553670256258, "mean_schedule_time": 2860.9135233365087, "mean_flight_time": 2774.6635233365078, "mean_swap_time": 86.25, "mean_idle_time": 9.094947017729282e-13, "mean_delivery_time": 3125.1979064280818, "mean_schedule_distance": 19422.644663355557, "mean_schedule_energy": 1.6406486310378212, "mean_number_swaps": 1.4375, "drone_utilization": 0.875, "total_number_parcel_handover": 0, "mean_number_parcel_handover": 0.0, "execution_time": 19.702441930770874}