{"completion_time": 2860.276835128129, "mean_delivery_time": 1608.598953214041, "total_distance": 310762.3146136889, "consumed_energy": 26.25037809660514, "execution_time": 19.881096363067627}