{"completion_time": 7391.063910542255, "mean_schedule_time": 2500.4610610752134, "mean_flight_time": 2418.4610610752125, "mean_swap_time": 82.0, "mean_idle_time": 9.094947017729282e-13, "mean_delivery_time": 3029.809827687351, "mean_schedule_distance": 16929.227427526486, "mean_schedule_energy": 1.4858423309749973, "mean_number_swaps": 1.3666666666666667, "drone_utilization": 0.8, "execution_time": 69.17339205741882}