{"completion_time": 7679.513833161006, "mean_schedule_time": 4762.375062731653, "mean_flight_time": 3642.3203051373134, "mean_swap_time": 123.75, "mean_idle_time": 996.3047575943397, "mean_delivery_time": 4618.466515474673, "mean_schedule_distance": 25496.24213596118, "mean_schedule_energy": 2.065474419837596, "mean_number_swaps": 2.0625, "drone_utilization": 1.0, "execution_time": 1574.9230060577393}