{"completion_time": 8026.96230233141, "mean_schedule_time": 7623.158642664163, "mean_flight_time": 7304.7667399289785, "mean_swap_time": 282.0, "mean_idle_time": 36.391902735184885, "mean_delivery_time": 5876.564244571258, "mean_schedule_distance": 51133.36717950285, "mean_schedule_energy": 3.941323374180326, "mean_number_swaps": 4.7, "drone_utilization": 1.0, "execution_time": 820.1337168216705}