{"completion_time": 5218.020233321958, "mean_schedule_time": 2046.9201751144249, "mean_flight_time": 1759.1962266252217, "mean_swap_time": 52.8, "mean_idle_time": 234.9239484892032, "mean_delivery_time": 3722.3203025802627, "mean_schedule_distance": 12314.373586376547, "mean_schedule_energy": 1.0648529821434236, "mean_number_swaps": 0.88, "drone_utilization": 0.56, "execution_time": 1013.3193991184235}