{"completion_time": 11858.828241902183, "mean_delivery_time": 5301.6241744022755, "total_distance": 278071.5726643368, "consumed_energy": 21.966235966213493, "execution_time": 0.7593643665313721}