{"completion_time": 7057.919501346051, "mean_schedule_time": 6333.906943450039, "mean_flight_time": 5726.706691690976, "mean_swap_time": 231.0, "mean_idle_time": 376.20025175906267, "mean_delivery_time": 4973.832014825885, "mean_schedule_distance": 40086.94684183684, "mean_schedule_energy": 3.427240207872316, "mean_number_swaps": 3.85, "drone_utilization": 1.0, "execution_time": 1025.0883467197418}