{"completion_time": 11823.092856564917, "mean_schedule_time": 4047.2118568172855, "mean_flight_time": 3903.2118568172855, "mean_swap_time": 144.0, "mean_idle_time": 0.0, "mean_delivery_time": 3703.6532771869206, "mean_schedule_distance": 27322.482997720996, "mean_schedule_energy": 2.352635621659871, "mean_number_swaps": 2.4, "drone_utilization": 1.0, "execution_time": 7.540558099746704}