{"completion_time": 6151.546428282459, "mean_delivery_time": 1914.3266385934603, "total_distance": 273224.82997720997, "consumed_energy": 23.52635621659871, "execution_time": 6.75276517868042}