{"completion_time": 13115.230090270317, "mean_schedule_time": 12837.111036685477, "mean_flight_time": 12252.111036685477, "mean_swap_time": 585.0, "mean_idle_time": 0.0, "mean_delivery_time": 8106.445994855082, "mean_schedule_distance": 85764.77725679835, "mean_schedule_energy": 7.197859960375923, "mean_number_swaps": 9.75, "drone_utilization": 1.0, "execution_time": 256.098596572876}