{"completion_time": 6030.635061767727, "mean_schedule_time": 3144.5850342680965, "mean_flight_time": 3035.4941251771884, "mean_swap_time": 109.0909090909091, "mean_idle_time": -9.094947017729282e-13, "mean_delivery_time": 3498.1826063673316, "mean_schedule_distance": 21248.458876240325, "mean_schedule_energy": 1.8302093902738035, "mean_number_swaps": 1.8181818181818181, "drone_utilization": 0.8636363636363636, "total_number_parcel_handover": 0, "mean_number_parcel_handover": 0.0, "execution_time": 28.412868976593018}