{"completion_time": 3259.509216969928, "mean_schedule_time": 349.7828749790218, "mean_flight_time": 232.21269760799532, "mean_swap_time": 2.4, "mean_idle_time": 115.17017737102648, "mean_delivery_time": 2932.6587200999415, "mean_schedule_distance": 1625.4888832559673, "mean_schedule_energy": 0.14489629083141556, "mean_number_swaps": 0.04, "drone_utilization": 0.16, "execution_time": 3.739672899246216}