{"completion_time": 6767.525517323361, "mean_schedule_time": 4355.635316823217, "mean_flight_time": 3826.9345363572897, "mean_swap_time": 132.0, "mean_idle_time": 396.70078046592744, "mean_delivery_time": 4663.172440646006, "mean_schedule_distance": 26788.541754501046, "mean_schedule_energy": 2.3010590230969483, "mean_number_swaps": 2.2, "drone_utilization": 0.96, "execution_time": 796.1774768829346}