{"1": [{"x": 1, "y": 2, "a": 1, "tau": 557.2257429815876}], "2": [], "3": [{"x": 2, "y": 3, "a": 0, "tau": 411.02666591398264}, {"x": 3, "y": 1, "a": 2, "tau": 922.6872738037266}]}