{"completion_time": 4898.682502404293, "mean_schedule_time": 3505.3049830452296, "mean_flight_time": 3018.8184370311133, "mean_swap_time": 71.53846153846153, "mean_idle_time": 414.9480844756549, "mean_delivery_time": 3545.113665793292, "mean_schedule_distance": 21131.72905921779, "mean_schedule_energy": 1.6851382958728378, "mean_number_swaps": 1.1923076923076923, "drone_utilization": 1.0, "total_number_parcel_handover": 13, "mean_number_parcel_handover": 0.65, "execution_time": 1397.3238735198975}