{"completion_time": 8426.372782426746, "mean_schedule_time": 7208.877473774497, "mean_flight_time": 6522.197152426573, "mean_swap_time": 255.0, "mean_idle_time": 431.6803213479243, "mean_delivery_time": 5649.905532475795, "mean_schedule_distance": 45655.380066986, "mean_schedule_energy": 3.6295844079073696, "mean_number_swaps": 4.25, "drone_utilization": 1.0, "execution_time": 895.9879558086395}