{"completion_time": 3180.6107833690403, "mean_delivery_time": 2405.0610826938237, "total_distance": 61461.71031542706, "consumed_energy": 5.408558127404912, "execution_time": 1.000298023223877}