{"completion_time": 6061.221566738081, "mean_schedule_time": 368.00977323101176, "mean_flight_time": 351.2097732310118, "mean_swap_time": 16.8, "mean_idle_time": -5.684341886080802e-14, "mean_delivery_time": 4600.122165387647, "mean_schedule_distance": 2458.4684126170823, "mean_schedule_energy": 0.21634232509619647, "mean_number_swaps": 0.28, "drone_utilization": 0.08, "execution_time": 0.9493827819824219}