{"completion_time": 5178.855789017156, "mean_schedule_time": 2998.5070083136943, "mean_flight_time": 2697.250605045172, "mean_swap_time": 102.0, "mean_idle_time": 199.25640326852226, "mean_delivery_time": 3598.208409976433, "mean_schedule_distance": 18880.754235316203, "mean_schedule_energy": 1.6838716232074589, "mean_number_swaps": 1.7, "drone_utilization": 0.8333333333333334, "total_number_parcel_handover": 11, "mean_number_parcel_handover": 0.44, "execution_time": 933.9992456436157}