{"completion_time": 12412.310741454352, "mean_schedule_time": 12236.317177386858, "mean_flight_time": 11624.576776748207, "mean_swap_time": 504.0, "mean_idle_time": 107.74040063865141, "mean_delivery_time": 7293.596892194988, "mean_schedule_distance": 81372.0374372375, "mean_schedule_energy": 6.7969835782428465, "mean_number_swaps": 8.4, "drone_utilization": 1.0, "execution_time": 332.0358612537384}