{"completion_time": 3529.0615329781704, "mean_schedule_time": 2738.422444830111, "mean_flight_time": 2389.253627547966, "mean_swap_time": 60.0, "mean_idle_time": 289.168817282145, "mean_delivery_time": 3518.198881111995, "mean_schedule_distance": 16724.775392835763, "mean_schedule_energy": 1.3483701670389494, "mean_number_swaps": 1.0, "drone_utilization": 1.0, "execution_time": 1.5928444862365723}