{"completion_time": 10355.384112137368, "mean_schedule_time": 2031.6426810100754, "mean_flight_time": 1959.6426810100756, "mean_swap_time": 72.0, "mean_idle_time": -2.2737367544323206e-13, "mean_delivery_time": 3809.3300268938915, "mean_schedule_distance": 13717.49876707053, "mean_schedule_energy": 1.2707700551541425, "mean_number_swaps": 1.2, "drone_utilization": 0.5333333333333333, "execution_time": 5.131966829299927}