{"completion_time": 6069.086946701664, "mean_schedule_time": 2956.100734579508, "mean_flight_time": 2866.1007345795083, "mean_swap_time": 90.0, "mean_idle_time": -4.547473508864641e-13, "mean_delivery_time": 2885.7969831566493, "mean_schedule_distance": 20062.705142056562, "mean_schedule_energy": 1.7148121125205027, "mean_number_swaps": 1.5, "drone_utilization": 0.9285714285714286, "execution_time": 17.52554750442505}