{"completion_time": 5465.717311404156, "mean_schedule_time": 3395.173139788633, "mean_flight_time": 2872.6249570603645, "mean_swap_time": 96.42857142857143, "mean_idle_time": 426.11961129969677, "mean_delivery_time": 3523.265440869698, "mean_schedule_distance": 20108.374699422537, "mean_schedule_energy": 1.7620540428304203, "mean_number_swaps": 1.6071428571428572, "drone_utilization": 0.8928571428571429, "total_number_parcel_handover": 12, "mean_number_parcel_handover": 0.48, "execution_time": 1557.400583267212}