{"completion_time": 5708.010353604019, "mean_schedule_time": 3033.1956094121733, "mean_flight_time": 2933.195609412173, "mean_swap_time": 100.0, "mean_idle_time": 4.547473508864641e-13, "mean_delivery_time": 2966.2841259374363, "mean_schedule_distance": 20532.369265885216, "mean_schedule_energy": 1.749113996217607, "mean_number_swaps": 1.6666666666666667, "drone_utilization": 0.8888888888888888, "execution_time": 29.90386199951172}