{"completion_time": 2352.6475470526652, "mean_delivery_time": 1263.871866863117, "total_distance": 84271.0306804182, "consumed_energy": 7.141023919742608, "execution_time": 4.28880500793457}