{"completion_time": 4585.2950941053305, "mean_schedule_time": 411.2906222877057, "mean_flight_time": 401.2906222877057, "mean_swap_time": 10.0, "mean_idle_time": 0.0, "mean_delivery_time": 2467.743733726234, "mean_schedule_distance": 2809.03435601394, "mean_schedule_energy": 0.23803413065808693, "mean_number_swaps": 0.16666666666666666, "drone_utilization": 0.16666666666666666, "execution_time": 4.589270353317261}