{"completion_time": 6217.372676605271, "mean_schedule_time": 5283.0054371515325, "mean_flight_time": 5076.522229415901, "mean_swap_time": 187.5, "mean_idle_time": 18.983207735631368, "mean_delivery_time": 4038.2633465819904, "mean_schedule_distance": 35535.655605911306, "mean_schedule_energy": 2.9102580892229035, "mean_number_swaps": 3.125, "drone_utilization": 1.0, "total_number_parcel_handover": 4, "mean_number_parcel_handover": 0.16, "execution_time": 2418.2019822597504}