{"completion_time": 2915.4632362588827, "mean_delivery_time": 2260.0102012822026, "total_distance": 422938.0381417228, "consumed_energy": 35.391178323623144, "execution_time": 803.022533416748}