{"completion_time": 39560.330529800754, "mean_schedule_time": 39534.785924721626, "mean_flight_time": 37648.65799628579, "mean_swap_time": 1860.0, "mean_idle_time": 26.12792843583884, "mean_delivery_time": 17619.6836879068, "mean_schedule_distance": 263540.6059740004, "mean_schedule_energy": 21.880442260679164, "mean_number_swaps": 31.0, "drone_utilization": 1.0, "execution_time": 153.43301057815552}