{"completion_time": 20740.165264900377, "mean_delivery_time": 9208.8418439534, "total_distance": 527081.2119480008, "consumed_energy": 43.76088452135833, "execution_time": 120.20254445075989}