{"completion_time": 12677.599388822397, "mean_delivery_time": 6519.9279613281215, "total_distance": 646884.2715012847, "consumed_energy": 51.29101125831004, "execution_time": 823.3617234230042}