{"completion_time": 24283.81352464781, "mean_schedule_time": 24123.009696474448, "mean_flight_time": 23103.009696474448, "mean_swap_time": 1020.0, "mean_idle_time": 0.0, "mean_delivery_time": 12535.855922656243, "mean_schedule_distance": 161721.06787532117, "mean_schedule_energy": 12.82275281457751, "mean_number_swaps": 17.0, "drone_utilization": 1.0, "total_number_parcel_handover": 1, "mean_number_parcel_handover": 0.04, "execution_time": 988.404411315918}