{"completion_time": 5470.71677216409, "mean_schedule_time": 4752.320185669885, "mean_flight_time": 4334.116280293032, "mean_swap_time": 160.0, "mean_idle_time": 258.2039053768531, "mean_delivery_time": 3768.712508805952, "mean_schedule_distance": 30338.813962051212, "mean_schedule_energy": 2.5209203498115182, "mean_number_swaps": 2.6666666666666665, "drone_utilization": 1.0, "execution_time": 276.03195095062256}