{"completion_time": 1148.4599612624029, "execution_time": 0.00313568115234375}