{"completion_time": 6230.9744441302955, "mean_schedule_time": 4301.6014403966865, "mean_flight_time": 3966.877495825568, "mean_swap_time": 126.0, "mean_idle_time": 208.7239445711184, "mean_delivery_time": 3968.53457341553, "mean_schedule_distance": 27768.142470778967, "mean_schedule_energy": 2.2282143200029783, "mean_number_swaps": 2.1, "drone_utilization": 1.0, "execution_time": 424.2643723487854}