{"completion_time": 7501.089906633217, "mean_schedule_time": 3911.7366869486873, "mean_flight_time": 2898.12112454971, "mean_swap_time": 92.0, "mean_idle_time": 921.6155623989771, "mean_delivery_time": 4125.009137917164, "mean_schedule_distance": 20286.847871847975, "mean_schedule_energy": 1.7115009310085714, "mean_number_swaps": 1.5333333333333334, "drone_utilization": 0.9, "execution_time": 10124.961548805237}