{"completion_time": 8924.86824489133, "mean_schedule_time": 8299.480666977744, "mean_flight_time": 7455.819477301998, "mean_swap_time": 324.0, "mean_idle_time": 519.6611896757468, "mean_delivery_time": 6057.855954271469, "mean_schedule_distance": 52190.736341113996, "mean_schedule_energy": 4.369040504168409, "mean_number_swaps": 5.4, "drone_utilization": 1.0, "execution_time": 15782.161121606827}