{"completion_time": 9982.595278359971, "mean_schedule_time": 5805.715545152472, "mean_flight_time": 5589.715545152473, "mean_swap_time": 216.0, "mean_idle_time": -9.094947017729282e-13, "mean_delivery_time": 4929.271033543036, "mean_schedule_distance": 39128.00881606729, "mean_schedule_energy": 3.203722240553047, "mean_number_swaps": 3.6, "drone_utilization": 1.0, "execution_time": 7.539055585861206}