{"completion_time": 4176.580795522605, "mean_schedule_time": 1105.0858949045444, "mean_flight_time": 977.4983557781744, "mean_swap_time": 26.0, "mean_idle_time": 101.58753912636996, "mean_delivery_time": 2813.9410111314505, "mean_schedule_distance": 6842.488490447221, "mean_schedule_energy": 0.5767559120567588, "mean_number_swaps": 0.43333333333333335, "drone_utilization": 0.4, "execution_time": 23.905867099761963}