{"completion_time": 6593.983493001486, "mean_delivery_time": 3662.7747112349757, "total_distance": 655872.5660964949, "consumed_energy": 57.26538655824978, "execution_time": 1419.4351365566254}