{"completion_time": 13169.413166756538, "mean_schedule_time": 12463.499868411209, "mean_flight_time": 11770.986803090478, "mean_swap_time": 547.5, "mean_idle_time": 145.01306532073068, "mean_delivery_time": 7059.377047377227, "mean_schedule_distance": 82396.90762163335, "mean_schedule_energy": 7.220964847948118, "mean_number_swaps": 9.125, "drone_utilization": 1.0, "execution_time": 1964.0677206516266}