{"completion_time": 11826.68982053689, "mean_schedule_time": 11577.132550480876, "mean_flight_time": 10978.495119951516, "mean_swap_time": 474.0, "mean_idle_time": 124.63743052935934, "mean_delivery_time": 7290.750833754413, "mean_schedule_distance": 76849.46583966058, "mean_schedule_energy": 6.259541269593149, "mean_number_swaps": 7.9, "drone_utilization": 1.0, "execution_time": 8042.433725595474}