{"completion_time": 2322.8963288054547, "mean_delivery_time": 1650.0630983229332, "total_distance": 173887.06701216853, "consumed_energy": 14.599352320148382, "execution_time": 6.912582635879517}