{"completion_time": 6387.959106909593, "mean_schedule_time": 5824.674773316501, "mean_flight_time": 5429.408320028084, "mean_swap_time": 220.0, "mean_idle_time": 175.26645328841732, "mean_delivery_time": 4614.782952483996, "mean_schedule_distance": 38005.85824019658, "mean_schedule_energy": 3.2773299906219098, "mean_number_swaps": 3.6666666666666665, "drone_utilization": 1.0, "execution_time": 1040.1298489570618}