{"completion_time": 9065.64420662852, "mean_schedule_time": 4237.363752630462, "mean_flight_time": 3138.198829099182, "mean_swap_time": 117.6, "mean_idle_time": 981.5649235312799, "mean_delivery_time": 5676.134054850839, "mean_schedule_distance": 21967.391803694278, "mean_schedule_energy": 1.917292515609931, "mean_number_swaps": 1.96, "drone_utilization": 0.76, "execution_time": 415.4357841014862}