{"completion_time": 6814.198219397895, "mean_schedule_time": 6443.050436988888, "mean_flight_time": 6188.0504369888895, "mean_swap_time": 255.0, "mean_idle_time": -1.8189894035458565e-12, "mean_delivery_time": 5800.429837651993, "mean_schedule_distance": 43316.353058922214, "mean_schedule_energy": 3.345771022798562, "mean_number_swaps": 4.25, "drone_utilization": 1.0, "total_number_parcel_handover": 0, "mean_number_parcel_handover": 0.0, "execution_time": 69.49609637260437}