{"completion_time": 3557.0991096989474, "mean_delivery_time": 3014.2149188259964, "total_distance": 173265.41223568885, "consumed_energy": 13.383084091194249, "execution_time": 70.7663893699646}