{"completion_time": 9812.02219448716, "mean_schedule_time": 2136.1298159200865, "mean_flight_time": 2062.129815920087, "mean_swap_time": 74.0, "mean_idle_time": -4.547473508864641e-13, "mean_delivery_time": 3333.6560740143004, "mean_schedule_distance": 14434.908711440605, "mean_schedule_energy": 1.2502379847877059, "mean_number_swaps": 1.2333333333333334, "drone_utilization": 0.6, "total_number_parcel_handover": 0, "mean_number_parcel_handover": 0.0, "execution_time": 39.87116360664368}