{"completion_time": 10653.546053861939, "mean_schedule_time": 10151.39806082618, "mean_flight_time": 9612.930228821839, "mean_swap_time": 420.0, "mean_idle_time": 118.4678320043422, "mean_delivery_time": 6144.280474706301, "mean_schedule_distance": 67290.51160175283, "mean_schedule_energy": 5.603019482170405, "mean_number_swaps": 7.0, "drone_utilization": 1.0, "execution_time": 315.4893436431885}