{"completion_time": 12078.568088986118, "mean_schedule_time": 6125.17323754368, "mean_flight_time": 5873.17323754368, "mean_swap_time": 252.0, "mean_idle_time": 0.0, "mean_delivery_time": 4465.180535498483, "mean_schedule_distance": 41112.21266280575, "mean_schedule_energy": 3.6985286176219816, "mean_number_swaps": 4.2, "drone_utilization": 1.0, "execution_time": 43.884788274765015}