{"completion_time": 6309.284044493059, "mean_delivery_time": 2315.667190826164, "total_distance": 616683.1899420862, "consumed_energy": 55.477929264329724, "execution_time": 37.159796714782715}