{"completion_time": 8941.977305884411, "mean_schedule_time": 4305.221862037024, "mean_flight_time": 4155.221862037023, "mean_swap_time": 150.0, "mean_idle_time": 9.094947017729282e-13, "mean_delivery_time": 4102.283833625576, "mean_schedule_distance": 29086.553034259174, "mean_schedule_energy": 2.3784409234265254, "mean_number_swaps": 2.5, "drone_utilization": 1.0, "total_number_parcel_handover": 0, "mean_number_parcel_handover": 0.0, "execution_time": 0.5285439491271973}