{"completion_time": 2127.060376002049, "mean_delivery_time": 2095.4883317590484, "total_distance": 66024.67882731973, "consumed_energy": 4.4703734628825345, "execution_time": 14.846528768539429}