{"completion_time": 4176.580795522605, "mean_schedule_time": 628.0432912068283, "mean_flight_time": 535.1732427916954, "mean_swap_time": 12.0, "mean_idle_time": 80.87004841513283, "mean_delivery_time": 2765.6264000766037, "mean_schedule_distance": 3746.2126995418676, "mean_schedule_energy": 0.2834555003929567, "mean_number_swaps": 0.2, "drone_utilization": 0.23333333333333334, "total_number_parcel_handover": 2, "mean_number_parcel_handover": 0.4, "execution_time": 31.368812799453735}