{"completion_time": 21259.508541154173, "mean_schedule_time": 21080.155757821387, "mean_flight_time": 20101.645480686017, "mean_swap_time": 915.0, "mean_idle_time": 63.510277135370416, "mean_delivery_time": 9523.496308573407, "mean_schedule_distance": 140711.51836480215, "mean_schedule_energy": 11.436022022885123, "mean_number_swaps": 15.25, "drone_utilization": 1.0, "execution_time": 452.12576818466187}