{"completion_time": 12319.672447458672, "mean_schedule_time": 12126.236902857165, "mean_flight_time": 11646.236902857167, "mean_swap_time": 480.0, "mean_idle_time": -1.8189894035458565e-12, "mean_delivery_time": 8355.37117502243, "mean_schedule_distance": 81523.65832000019, "mean_schedule_energy": 6.540196511989817, "mean_number_swaps": 8.0, "drone_utilization": 1.0, "total_number_parcel_handover": 3, "mean_number_parcel_handover": 0.3, "execution_time": 234.5907325744629}