{"completion_time": 5355.219053173302, "mean_delivery_time": 2203.7102710128315, "total_distance": 616662.5447616506, "consumed_energy": 51.22895430107159, "execution_time": 45.954442501068115}