{"completion_time": 5019.253149316733, "mean_delivery_time": 1829.1536341847386, "total_distance": 628542.2669403023, "consumed_energy": 53.63427080392433, "execution_time": 66.62275266647339}