{"completion_time": 8827.289503983173, "mean_schedule_time": 8100.855715185485, "mean_flight_time": 7733.034931879367, "mean_swap_time": 307.5, "mean_idle_time": 60.320783306117846, "mean_delivery_time": 6093.949117019971, "mean_schedule_distance": 54131.24452315556, "mean_schedule_energy": 4.348480369516505, "mean_number_swaps": 5.125, "drone_utilization": 1.0, "execution_time": 702.01402759552}