{"completion_time": 5545.386404533253, "mean_schedule_time": 4888.175794193396, "mean_flight_time": 4656.554798183624, "mean_swap_time": 180.0, "mean_idle_time": 51.62099600977126, "mean_delivery_time": 4143.847228360775, "mean_schedule_distance": 32595.883587285352, "mean_schedule_energy": 2.6210767062318014, "mean_number_swaps": 3.0, "drone_utilization": 1.0, "execution_time": 322.6950407028198}