{"completion_time": 10106.810986724058, "mean_schedule_time": 9629.515630136579, "mean_flight_time": 9269.515630136577, "mean_swap_time": 360.0, "mean_idle_time": 1.8189894035458565e-12, "mean_delivery_time": 6606.30371357308, "mean_schedule_distance": 64886.60941095605, "mean_schedule_energy": 5.117981549741612, "mean_number_swaps": 6.0, "drone_utilization": 1.0, "execution_time": 115.33033728599548}