{"completion_time": 9797.40154891923, "mean_schedule_time": 8661.937414272867, "mean_flight_time": 8361.937414272867, "mean_swap_time": 300.0, "mean_idle_time": 0.0, "mean_delivery_time": 5805.905735431035, "mean_schedule_distance": 58533.56189991006, "mean_schedule_energy": 4.163490068229765, "mean_number_swaps": 5.0, "drone_utilization": 1.0, "total_number_parcel_handover": 0, "mean_number_parcel_handover": 0.0, "execution_time": 0.43777990341186523}