{"completion_time": 2767.5615868832892, "mean_delivery_time": 2161.808784365229, "total_distance": 383705.8092070362, "consumed_energy": 30.434212351960976, "execution_time": 177.54305982589722}