{"completion_time": 802.9261687914598, "execution_time": 0.0005629062652587891}