{"completion_time": 8083.9258349844395, "mean_schedule_time": 7698.897518387754, "mean_flight_time": 7259.129220882447, "mean_swap_time": 300.0, "mean_idle_time": 139.7682975053067, "mean_delivery_time": 5338.754419486751, "mean_schedule_distance": 50813.90454617713, "mean_schedule_energy": 4.306686498638201, "mean_number_swaps": 5.0, "drone_utilization": 1.0, "execution_time": 1497.118469953537}