{"completion_time": 1509.3445791279755, "execution_time": 0.03752303123474121}