{"completion_time": 9048.262764986728, "mean_schedule_time": 4084.4633298277886, "mean_flight_time": 2941.186252143997, "mean_swap_time": 93.0, "mean_idle_time": 1050.2770776837915, "mean_delivery_time": 3852.712651266657, "mean_schedule_distance": 20588.303765007986, "mean_schedule_energy": 1.772151377585864, "mean_number_swaps": 1.55, "drone_utilization": 0.95, "total_number_parcel_handover": 5, "mean_number_parcel_handover": 0.3333333333333333, "execution_time": 1259.0223999023438}