{"completion_time": 3552.140493680061, "mean_delivery_time": 2044.3934817587578, "total_distance": 127322.47020487789, "consumed_energy": 10.81347665139056, "execution_time": 2.8275198936462402}