{"completion_time": 6068.112546629164, "mean_schedule_time": 4805.034941874803, "mean_flight_time": 4623.266382552098, "mean_swap_time": 156.0, "mean_idle_time": 25.768559322705187, "mean_delivery_time": 4244.893512257323, "mean_schedule_distance": 32362.86467786467, "mean_schedule_energy": 2.556515755880806, "mean_number_swaps": 2.6, "drone_utilization": 1.0, "total_number_parcel_handover": 3, "mean_number_parcel_handover": 0.12, "execution_time": 231.33462858200073}