{"completion_time": 980.365270430978, "execution_time": 0.0013647079467773438}