{"completion_time": 11704.689277353626, "mean_schedule_time": 9698.690209216531, "mean_flight_time": 8476.396234396489, "mean_swap_time": 336.0, "mean_idle_time": 886.2939748200424, "mean_delivery_time": 7026.143232904664, "mean_schedule_distance": 59334.77364077541, "mean_schedule_energy": 4.862306318567502, "mean_number_swaps": 5.6, "drone_utilization": 1.0, "execution_time": 16.68459725379944}