{"completion_time": 7913.003096750972, "mean_schedule_time": 3110.533420806363, "mean_flight_time": 2966.533420806363, "mean_swap_time": 144.0, "mean_idle_time": 0.0, "mean_delivery_time": 7776.333552015908, "mean_schedule_distance": 20765.733945644548, "mean_schedule_energy": 2.1500861385329633, "mean_number_swaps": 2.4, "drone_utilization": 0.4, "execution_time": 0.14310288429260254}