{"completion_time": 39047.20259863157, "mean_schedule_time": 38945.72210734291, "mean_flight_time": 37145.722107342895, "mean_swap_time": 1800.0, "mean_idle_time": 1.4551915228366852e-11, "mean_delivery_time": 16967.591812085044, "mean_schedule_distance": 260020.0547514003, "mean_schedule_energy": 22.389259348352287, "mean_number_swaps": 30.0, "drone_utilization": 1.0, "total_number_parcel_handover": 1, "mean_number_parcel_handover": 0.04, "execution_time": 58.191245317459106}