{"completion_time": 20283.016915544948, "mean_schedule_time": 19285.047287872767, "mean_flight_time": 18334.01655778514, "mean_swap_time": 900.0, "mean_idle_time": 51.03073008762658, "mean_delivery_time": 9511.51829974091, "mean_schedule_distance": 128338.11590449605, "mean_schedule_energy": 11.32100641886387, "mean_number_swaps": 15.0, "drone_utilization": 1.0, "execution_time": 226.81607842445374}