{"completion_time": 2980.307514895762, "mean_schedule_time": 184.56493125933542, "mean_flight_time": 182.16493125933542, "mean_swap_time": 2.4, "mean_idle_time": 0.0, "mean_delivery_time": 2307.061640741693, "mean_schedule_distance": 1275.154518815348, "mean_schedule_energy": 0.08945103979461778, "mean_number_swaps": 0.04, "drone_utilization": 0.08, "execution_time": 0.861764669418335}