{"completion_time": 5526.33489417477, "mean_schedule_time": 1299.073887082053, "mean_flight_time": 1258.3596013677673, "mean_swap_time": 40.714285714285715, "mean_idle_time": 0.0, "mean_delivery_time": 3637.4068838297485, "mean_schedule_distance": 8808.517209574371, "mean_schedule_energy": 0.7381314530812931, "mean_number_swaps": 0.6785714285714286, "drone_utilization": 0.35714285714285715, "total_number_parcel_handover": 0, "mean_number_parcel_handover": 0.0, "execution_time": 11.729726791381836}