{"completion_time": 3517.2078316131324, "mean_schedule_time": 1065.8674122340235, "mean_flight_time": 1013.0207982486811, "mean_swap_time": 21.428571428571427, "mean_idle_time": 31.41804255677107, "mean_delivery_time": 2984.4287542552656, "mean_schedule_distance": 7091.145587740766, "mean_schedule_energy": 0.548574075966399, "mean_number_swaps": 0.35714285714285715, "drone_utilization": 0.35714285714285715, "total_number_parcel_handover": 3, "mean_number_parcel_handover": 0.6, "execution_time": 4.914652347564697}