{"completion_time": 2590.670921039394, "mean_schedule_time": 390.29006353341816, "mean_flight_time": 385.95910953842866, "mean_swap_time": 4.285714285714286, "mean_idle_time": 0.04523970927522214, "mean_delivery_time": 1662.1049566171957, "mean_schedule_distance": 2701.7137667690013, "mean_schedule_energy": 0.19437363479985792, "mean_number_swaps": 0.07142857142857142, "drone_utilization": 0.25, "execution_time": 16.269593000411987}