{"completion_time": 7853.294168426399, "mean_schedule_time": 7066.818131346588, "mean_flight_time": 6459.4683611350965, "mean_swap_time": 252.85714285714286, "mean_idle_time": 354.49262735434877, "mean_delivery_time": 5936.587403599995, "mean_schedule_distance": 45216.278527945695, "mean_schedule_energy": 3.6174423170457835, "mean_number_swaps": 4.214285714285714, "drone_utilization": 1.0, "execution_time": 705.5762567520142}