{"completion_time": 4480.139159077604, "mean_delivery_time": 2641.3761946351497, "total_distance": 378860.4216340176, "consumed_energy": 32.13731724719846, "execution_time": 127.45692443847656}