{"completion_time": 6061.221566738081, "mean_schedule_time": 776.71085816178, "mean_flight_time": 750.3108581617802, "mean_swap_time": 26.4, "mean_idle_time": -1.1368683772161603e-13, "mean_delivery_time": 3236.29524234075, "mean_schedule_distance": 5252.176007132461, "mean_schedule_energy": 0.43156707690866014, "mean_number_swaps": 0.44, "drone_utilization": 0.24, "execution_time": 5.673327922821045}