{"completion_time": 12834.009123869568, "mean_schedule_time": 11480.12552244744, "mean_flight_time": 10345.825863072569, "mean_swap_time": 462.0, "mean_idle_time": 672.2996593748721, "mean_delivery_time": 7488.847320820278, "mean_schedule_distance": 72420.78104150805, "mean_schedule_energy": 6.1032740300971025, "mean_number_swaps": 7.7, "drone_utilization": 1.0, "execution_time": 1788.7852263450623}