{"completion_time": 6085.636668847435, "mean_schedule_time": 1317.6151036364088, "mean_flight_time": 1114.0420193316263, "mean_swap_time": 33.0, "mean_idle_time": 170.57308430478247, "mean_delivery_time": 3991.792390951373, "mean_schedule_distance": 7798.294135321385, "mean_schedule_energy": 0.6086418413204495, "mean_number_swaps": 0.55, "drone_utilization": 0.35, "total_number_parcel_handover": 2, "mean_number_parcel_handover": 0.4, "execution_time": 56.05369710922241}