{"completion_time": 1086.0118188792228, "execution_time": 0.002437591552734375}