{"completion_time": 11384.385308264766, "mean_schedule_time": 4460.072804233219, "mean_flight_time": 4310.0728042332175, "mean_swap_time": 150.0, "mean_idle_time": 1.8189894035458565e-12, "mean_delivery_time": 4417.109311544535, "mean_schedule_distance": 30170.509629632514, "mean_schedule_energy": 2.550624242302531, "mean_number_swaps": 2.5, "drone_utilization": 0.9444444444444444, "total_number_parcel_handover": 0, "mean_number_parcel_handover": 0.0, "execution_time": 23.69906187057495}