{"completion_time": 9082.38597540238, "mean_schedule_time": 6645.201353391081, "mean_flight_time": 5749.288192966485, "mean_swap_time": 264.0, "mean_idle_time": 631.9131604245958, "mean_delivery_time": 6444.4481296912345, "mean_schedule_distance": 40245.0173507654, "mean_schedule_energy": 3.635452525194701, "mean_number_swaps": 4.4, "drone_utilization": 0.8, "execution_time": 67.21428847312927}