{"completion_time": 2306.6729512348475, "mean_delivery_time": 1512.6065899016528, "total_distance": 308312.01237245696, "consumed_energy": 26.163027149046187, "execution_time": 41.17576241493225}