{"completion_time": 4063.783955198057, "mean_delivery_time": 1618.6218906050437, "total_distance": 254288.47762164735, "consumed_energy": 23.01029519095341, "execution_time": 11.615715265274048}