{"completion_time": 7767.567910396114, "mean_schedule_time": 1879.3462687260526, "mean_flight_time": 1816.346268726053, "mean_swap_time": 63.0, "mean_idle_time": -4.547473508864641e-13, "mean_delivery_time": 3132.2437812100875, "mean_schedule_distance": 12714.423881082368, "mean_schedule_energy": 1.1505147595476706, "mean_number_swaps": 1.05, "drone_utilization": 0.6, "execution_time": 14.480032920837402}