{"completion_time": 8723.042568733621, "mean_delivery_time": 3421.282783477612, "total_distance": 641309.0489344626, "consumed_energy": 56.391575528527824, "execution_time": 16.73083806037903}