{"completion_time": 7859.513833161006, "mean_schedule_time": 7491.178852014296, "mean_flight_time": 6532.808323932137, "mean_swap_time": 252.0, "mean_idle_time": 706.3705280821596, "mean_delivery_time": 5958.816598350757, "mean_schedule_distance": 45729.658267524974, "mean_schedule_energy": 3.5583539386602845, "mean_number_swaps": 4.2, "drone_utilization": 1.0, "execution_time": 938.5851008892059}