{"completion_time": 7609.539281224026, "mean_schedule_time": 2724.9130713847508, "mean_flight_time": 2258.7587436356994, "mean_swap_time": 72.85714285714286, "mean_idle_time": 393.2971848919087, "mean_delivery_time": 4392.79361689231, "mean_schedule_distance": 15811.311205449894, "mean_schedule_energy": 1.3091010048589016, "mean_number_swaps": 1.2142857142857142, "drone_utilization": 0.6071428571428571, "total_number_parcel_handover": 5, "mean_number_parcel_handover": 0.3333333333333333, "execution_time": 175.6258783340454}