{"completion_time": 3806.075232740598, "mean_schedule_time": 1486.8762997674355, "mean_flight_time": 1204.6730556877897, "mean_swap_time": 38.57142857142857, "mean_idle_time": 243.6318155082172, "mean_delivery_time": 3258.531706491136, "mean_schedule_distance": 8432.711389814527, "mean_schedule_energy": 0.8376395780477134, "mean_number_swaps": 0.6428571428571429, "drone_utilization": 0.5, "execution_time": 39.56948733329773}