{"completion_time": 20061.720909052845, "mean_schedule_time": 19860.865235991092, "mean_flight_time": 18936.865235991085, "mean_swap_time": 924.0, "mean_idle_time": 7.275957614183426e-12, "mean_delivery_time": 9910.157056075292, "mean_schedule_distance": 132558.05665193766, "mean_schedule_energy": 11.601532124119752, "mean_number_swaps": 15.4, "drone_utilization": 1.0, "execution_time": 624.5313653945923}