{"completion_time": 7458.417333981829, "mean_schedule_time": 3361.065912712749, "mean_flight_time": 3238.758220405059, "mean_swap_time": 122.3076923076923, "mean_idle_time": -2.2737367544323206e-12, "mean_delivery_time": 3659.2025526593598, "mean_schedule_distance": 22671.307542835402, "mean_schedule_energy": 1.9642252792863495, "mean_number_swaps": 2.0384615384615383, "drone_utilization": 0.8461538461538461, "execution_time": 52.56665873527527}