{"completion_time": 1243.0163896731765, "execution_time": 7200.104249000549}