{"completion_time": 11397.451883815935, "mean_delivery_time": 4339.959707819119, "total_distance": 584229.1435968478, "consumed_energy": 48.19041383595648, "execution_time": 12.933699131011963}