{"completion_time": 4611.533926022815, "mean_schedule_time": 1691.9814265831874, "mean_flight_time": 1309.5727285406372, "mean_swap_time": 40.0, "mean_idle_time": 342.4086980425502, "mean_delivery_time": 3148.743989189052, "mean_schedule_distance": 9167.009099784462, "mean_schedule_energy": 0.8166550874896777, "mean_number_swaps": 0.6666666666666666, "drone_utilization": 0.5416666666666666, "execution_time": 380.07998180389404}