{"completion_time": 2799.2276945470835, "mean_schedule_time": 466.42786701590086, "mean_flight_time": 342.94773050450897, "mean_swap_time": 4.0, "mean_idle_time": 119.48013651139189, "mean_delivery_time": 2602.107978783817, "mean_schedule_distance": 2400.634113531563, "mean_schedule_energy": 0.15705899265982795, "mean_number_swaps": 0.06666666666666667, "drone_utilization": 0.2, "execution_time": 0.5956838130950928}