{"completion_time": 4486.566732042604, "mean_schedule_time": 2766.5005484112203, "mean_flight_time": 2507.7018137394775, "mean_swap_time": 86.4, "mean_idle_time": 172.39873467174266, "mean_delivery_time": 3282.6136973415923, "mean_schedule_distance": 17553.912696176347, "mean_schedule_energy": 1.6122481774244017, "mean_number_swaps": 1.44, "drone_utilization": 0.8, "execution_time": 523.8159673213959}