{"completion_time": 3803.509433085826, "mean_delivery_time": 2107.798038021234, "total_distance": 619683.4064750812, "consumed_energy": 51.45918098245065, "execution_time": 200.1963710784912}