{"completion_time": 5425.566649791343, "mean_schedule_time": 3537.1426602708857, "mean_flight_time": 3249.4634906398933, "mean_swap_time": 114.54545454545455, "mean_idle_time": 173.13371508553792, "mean_delivery_time": 3929.9959949704003, "mean_schedule_distance": 22746.244434479257, "mean_schedule_energy": 1.9337796588936291, "mean_number_swaps": 1.9090909090909092, "drone_utilization": 0.8636363636363636, "total_number_parcel_handover": 6, "mean_number_parcel_handover": 0.3, "execution_time": 525.9282960891724}