{"completion_time": 4205.964284491978, "mean_schedule_time": 2074.898442459741, "mean_flight_time": 1934.4340142230456, "mean_swap_time": 44.0, "mean_idle_time": 96.46442823669554, "mean_delivery_time": 3162.0979692371648, "mean_schedule_distance": 13541.038099561316, "mean_schedule_energy": 1.0831456847419063, "mean_number_swaps": 0.7333333333333333, "drone_utilization": 0.7333333333333333, "execution_time": 16.7082040309906}