{"completion_time": 10078.558324130661, "mean_schedule_time": 9930.818208203898, "mean_flight_time": 9370.387873530479, "mean_swap_time": 372.0, "mean_idle_time": 188.43033467341957, "mean_delivery_time": 6501.094228756842, "mean_schedule_distance": 65592.71511471334, "mean_schedule_energy": 5.006638827696259, "mean_number_swaps": 6.2, "drone_utilization": 1.0, "execution_time": 466.8730502128601}