{"completion_time": 3626.960990142433, "mean_schedule_time": 1610.9476647981492, "mean_flight_time": 1526.5743100242532, "mean_swap_time": 24.0, "mean_idle_time": 60.373354773895926, "mean_delivery_time": 3030.4748121015755, "mean_schedule_distance": 10686.020170169772, "mean_schedule_energy": 0.7725371619781579, "mean_number_swaps": 0.4, "drone_utilization": 0.6, "execution_time": 0.13953614234924316}