{"completion_time": 26700.918262462514, "mean_schedule_time": 22249.43111948401, "mean_flight_time": 21337.43111948402, "mean_swap_time": 912.0, "mean_idle_time": -1.0913936421275139e-11, "mean_delivery_time": 11276.509984872648, "mean_schedule_distance": 149362.01783638806, "mean_schedule_energy": 12.092768240690397, "mean_number_swaps": 15.2, "drone_utilization": 1.0, "execution_time": 10.54862666130066}