{"completion_time": 7246.498384269667, "mean_schedule_time": 1982.9440995325851, "mean_flight_time": 1366.4595793238495, "mean_swap_time": 45.0, "mean_idle_time": 571.4845202087356, "mean_delivery_time": 5562.238694184017, "mean_schedule_distance": 9565.217055266947, "mean_schedule_energy": 0.8480243278621922, "mean_number_swaps": 0.75, "drone_utilization": 0.45, "execution_time": 437.6134488582611}