{"completion_time": 3343.3070471007813, "mean_delivery_time": 2660.479755840564, "total_distance": 208280.84418245277, "consumed_energy": 18.35797312199889, "execution_time": 9.150908946990967}