{"completion_time": 2692.9406637217494, "mean_delivery_time": 2016.9708694143387, "total_distance": 511064.98206453916, "consumed_energy": 41.208018555703276, "execution_time": 388.82397174835205}