{"completion_time": 4214.572922600078, "mean_schedule_time": 1127.6072680794648, "mean_flight_time": 976.4788788752176, "mean_swap_time": 23.333333333333332, "mean_idle_time": 127.79505587091387, "mean_delivery_time": 3534.738768591804, "mean_schedule_distance": 6835.352152126523, "mean_schedule_energy": 0.5254240843132496, "mean_number_swaps": 0.3888888888888889, "drone_utilization": 0.3333333333333333, "execution_time": 29.421821355819702}