{"completion_time": 18295.668776780803, "mean_schedule_time": 17797.895049164443, "mean_flight_time": 17077.89504916445, "mean_swap_time": 720.0, "mean_idle_time": -7.275957614183426e-12, "mean_delivery_time": 9967.007273870711, "mean_schedule_distance": 119545.26534415108, "mean_schedule_energy": 9.314754686161931, "mean_number_swaps": 12.0, "drone_utilization": 1.0, "execution_time": 274.3513493537903}