{"completion_time": 5530.414848469326, "mean_schedule_time": 2996.0659607067023, "mean_flight_time": 2603.8932210526805, "mean_swap_time": 68.18181818181819, "mean_idle_time": 323.9909214722038, "mean_delivery_time": 3957.8026223398133, "mean_schedule_distance": 18227.25254736876, "mean_schedule_energy": 1.5199303842502323, "mean_number_swaps": 1.1363636363636365, "drone_utilization": 0.7727272727272727, "execution_time": 366.6269335746765}