{"completion_time": 8265.319587388438, "mean_schedule_time": 7855.39958688116, "mean_flight_time": 7513.319001506412, "mean_swap_time": 324.0, "mean_idle_time": 18.080585374747898, "mean_delivery_time": 4801.488959543473, "mean_schedule_distance": 52593.23301054489, "mean_schedule_energy": 4.420640842520568, "mean_number_swaps": 5.4, "drone_utilization": 1.0, "execution_time": 278.7696838378906}