{"completion_time": 6349.988832575049, "mean_schedule_time": 984.6970265939968, "mean_flight_time": 948.6970265939968, "mean_swap_time": 36.0, "mean_idle_time": 0.0, "mean_delivery_time": 4923.485132969984, "mean_schedule_distance": 6640.879186157977, "mean_schedule_energy": 0.5452692255307552, "mean_number_swaps": 0.6, "drone_utilization": 0.2, "execution_time": 0.3365020751953125}