{"completion_time": 9168.262764986728, "mean_schedule_time": 8023.143406001831, "mean_flight_time": 6866.504664502738, "mean_swap_time": 282.0, "mean_idle_time": 874.6387414990932, "mean_delivery_time": 6229.9737707010045, "mean_schedule_distance": 48065.532651519185, "mean_schedule_energy": 4.067518788181855, "mean_number_swaps": 4.7, "drone_utilization": 1.0, "execution_time": 3500.1487193107605}