{"completion_time": 7853.003096750972, "mean_schedule_time": 3641.616968147434, "mean_flight_time": 3271.404704062991, "mean_swap_time": 144.0, "mean_idle_time": 226.21226408444272, "mean_delivery_time": 7746.333552015908, "mean_schedule_distance": 22899.83292844094, "mean_schedule_energy": 2.2781320775007474, "mean_number_swaps": 2.4, "drone_utilization": 0.6, "execution_time": 1.437145471572876}