{"completion_time": 7100.395117532032, "mean_schedule_time": 963.9074611176317, "mean_flight_time": 933.9074611176317, "mean_swap_time": 30.0, "mean_idle_time": 0.0, "mean_delivery_time": 3855.6298444705267, "mean_schedule_distance": 6537.352227823421, "mean_schedule_energy": 0.5773910293878032, "mean_number_swaps": 0.5, "drone_utilization": 0.25, "total_number_parcel_handover": 0, "mean_number_parcel_handover": 0.0, "execution_time": 2.7231285572052}