{"completion_time": 6211.841311931644, "mean_schedule_time": 4987.086504834475, "mean_flight_time": 4524.320823595486, "mean_swap_time": 160.9090909090909, "mean_idle_time": 301.8565903298977, "mean_delivery_time": 4496.676019509769, "mean_schedule_distance": 31670.24576516842, "mean_schedule_energy": 2.573507190144764, "mean_number_swaps": 2.6818181818181817, "drone_utilization": 1.0, "total_number_parcel_handover": 6, "mean_number_parcel_handover": 0.24, "execution_time": 2859.2480795383453}