{"completion_time": 7679.513833161006, "mean_schedule_time": 3803.379187564232, "mean_flight_time": 2817.2121668911363, "mean_swap_time": 87.0, "mean_idle_time": 899.1670206730955, "mean_delivery_time": 4277.632320486732, "mean_schedule_distance": 19720.485168237952, "mean_schedule_energy": 1.5967194948340802, "mean_number_swaps": 1.45, "drone_utilization": 0.85, "execution_time": 2597.847418308258}