{"completion_time": 11591.002526170658, "mean_schedule_time": 10638.132860056565, "mean_flight_time": 9740.593711123533, "mean_swap_time": 372.0, "mean_idle_time": 525.5391489330323, "mean_delivery_time": 7722.676623669216, "mean_schedule_distance": 68184.15597786474, "mean_schedule_energy": 5.326208089312791, "mean_number_swaps": 6.2, "drone_utilization": 1.0, "execution_time": 155.19175791740417}