{"completion_time": 18971.48053860097, "mean_schedule_time": 18650.56740480289, "mean_flight_time": 17574.687129748345, "mean_swap_time": 852.0, "mean_idle_time": 223.88027505454374, "mean_delivery_time": 9289.165371897378, "mean_schedule_distance": 123022.80990823839, "mean_schedule_energy": 10.748022530499096, "mean_number_swaps": 14.2, "drone_utilization": 1.0, "execution_time": 165.88967561721802}