{"completion_time": 6495.222934160992, "mean_schedule_time": 2276.030822668168, "mean_flight_time": 2206.430822668168, "mean_swap_time": 69.6, "mean_idle_time": 4.547473508864641e-13, "mean_delivery_time": 2978.9578646172886, "mean_schedule_distance": 15445.015758677171, "mean_schedule_energy": 1.353356659705671, "mean_number_swaps": 1.16, "drone_utilization": 0.72, "execution_time": 32.68013596534729}