{"completion_time": 13507.958500414576, "mean_schedule_time": 12838.519981703324, "mean_flight_time": 12086.379571633308, "mean_swap_time": 504.0, "mean_idle_time": 248.14041007001651, "mean_delivery_time": 7791.078710860649, "mean_schedule_distance": 84604.65700143312, "mean_schedule_energy": 6.904252420967377, "mean_number_swaps": 8.4, "drone_utilization": 1.0, "execution_time": 5710.425254106522}