{"completion_time": 3823.783955198057, "mean_delivery_time": 2048.0330409069156, "total_distance": 448833.1676925861, "consumed_energy": 40.5002983570813, "execution_time": 400.99481201171875}