{"completion_time": 4385.964284491978, "mean_schedule_time": 697.3983352211918, "mean_flight_time": 678.1983352211918, "mean_swap_time": 19.2, "mean_idle_time": 0.0, "mean_delivery_time": 2905.826396754966, "mean_schedule_distance": 4747.388346548341, "mean_schedule_energy": 0.4143155196198665, "mean_number_swaps": 0.32, "drone_utilization": 0.24, "execution_time": 4.5938050746917725}