{"completion_time": 3016.8485342559097, "mean_schedule_time": 316.08303386330806, "mean_flight_time": 309.7772276847596, "mean_swap_time": 4.8, "mean_idle_time": 1.5058061785484256, "mean_delivery_time": 2540.7822289557625, "mean_schedule_distance": 2168.440593793317, "mean_schedule_energy": 0.16834528307626168, "mean_number_swaps": 0.08, "drone_utilization": 0.16, "execution_time": 2.9182851314544678}