{"completion_time": 4282.403246021066, "mean_delivery_time": 2319.1590245647503, "total_distance": 597423.0874524419, "consumed_energy": 50.05453792548556, "execution_time": 263.20716381073}