{"completion_time": 12348.090130352202, "mean_schedule_time": 8278.277047637075, "mean_flight_time": 7938.277047637074, "mean_swap_time": 340.0, "mean_idle_time": 0.0, "mean_delivery_time": 5690.2690248293775, "mean_schedule_distance": 55567.939333459544, "mean_schedule_energy": 4.703817732838712, "mean_number_swaps": 5.666666666666667, "drone_utilization": 1.0, "execution_time": 46.47787022590637}