{"completion_time": 8423.332237912015, "mean_schedule_time": 7853.471131576193, "mean_flight_time": 7349.1065884961, "mean_swap_time": 280.0, "mean_idle_time": 224.36454308009343, "mean_delivery_time": 6038.178432630005, "mean_schedule_distance": 51443.7461194727, "mean_schedule_energy": 4.089747437768863, "mean_number_swaps": 4.666666666666667, "drone_utilization": 1.0, "total_number_parcel_handover": 4, "mean_number_parcel_handover": 0.4, "execution_time": 142.74559783935547}