{"completion_time": 4109.27570696154, "mean_schedule_time": 1317.495959732721, "mean_flight_time": 1287.4959597327213, "mean_swap_time": 30.0, "mean_idle_time": -2.2737367544323206e-13, "mean_delivery_time": 2181.1349215650907, "mean_schedule_distance": 9012.471718129047, "mean_schedule_energy": 0.7466989531621008, "mean_number_swaps": 0.5, "drone_utilization": 0.5625, "execution_time": 8.762400388717651}