{"completion_time": 39416.57496852651, "mean_schedule_time": 38598.200754051475, "mean_flight_time": 36888.20075405147, "mean_swap_time": 1710.0, "mean_idle_time": 7.275957614183426e-12, "mean_delivery_time": 15959.628332920005, "mean_schedule_distance": 258217.4052783602, "mean_schedule_energy": 21.344650320836298, "mean_number_swaps": 28.5, "drone_utilization": 1.0, "total_number_parcel_handover": 0, "mean_number_parcel_handover": 0.0, "execution_time": 4.13735818862915}