{"completion_time": 11231.19623267795, "mean_schedule_time": 4870.791844626293, "mean_flight_time": 4675.791844626293, "mean_swap_time": 195.0, "mean_idle_time": 0.0, "mean_delivery_time": 4179.640212080054, "mean_schedule_distance": 32730.542912384055, "mean_schedule_energy": 2.8819475582390517, "mean_number_swaps": 3.25, "drone_utilization": 1.0, "execution_time": 13.162327289581299}