{"completion_time": 1933.037616370299, "mean_delivery_time": 1242.3568639444218, "total_distance": 48276.956271024756, "consumed_energy": 4.396094332104608, "execution_time": 17.1193106174469}