{"completion_time": 4272.9551742309495, "mean_delivery_time": 3012.624157044197, "total_distance": 514514.6246998114, "consumed_energy": 43.25945479215558, "execution_time": 674.9146909713745}