{"completion_time": 2127.060376002049, "mean_delivery_time": 1653.5640837028786, "total_distance": 98270.59422542757, "consumed_energy": 7.488979667516357, "execution_time": 31.187623739242554}