{"completion_time": 16362.705513263325, "mean_schedule_time": 13848.719523913753, "mean_flight_time": 13288.719523913756, "mean_swap_time": 560.0, "mean_idle_time": -3.637978807091713e-12, "mean_delivery_time": 8115.845853404346, "mean_schedule_distance": 93021.03666739627, "mean_schedule_energy": 7.12336474305441, "mean_number_swaps": 9.333333333333334, "drone_utilization": 1.0, "execution_time": 9.487176179885864}