{"completion_time": 8460.309884786513, "mean_schedule_time": 8157.044047730829, "mean_flight_time": 7857.044047730827, "mean_swap_time": 300.0, "mean_idle_time": 2.7284841053187847e-12, "mean_delivery_time": 6020.151787981565, "mean_schedule_distance": 54999.30833411581, "mean_schedule_energy": 4.188655948488999, "mean_number_swaps": 5.0, "drone_utilization": 1.0, "execution_time": 162.86825394630432}