{"completion_time": 2941.8242167088915, "mean_delivery_time": 2304.4096872505634, "total_distance": 540615.8251449222, "consumed_energy": 44.784306426514334, "execution_time": 470.6267821788788}