{"completion_time": 3377.3779472684037, "mean_delivery_time": 1978.9913703998277, "total_distance": 610406.210711137, "consumed_energy": 54.05421795096233, "execution_time": 896.8024282455444}