{"completion_time": 6376.971436099201, "mean_schedule_time": 3838.587644332231, "mean_flight_time": 3361.764369147603, "mean_swap_time": 120.0, "mean_idle_time": 356.8232751846281, "mean_delivery_time": 3977.9071201949655, "mean_schedule_distance": 23532.350584033204, "mean_schedule_energy": 2.0409741006567343, "mean_number_swaps": 2.0, "drone_utilization": 0.8571428571428571, "total_number_parcel_handover": 9, "mean_number_parcel_handover": 0.36, "execution_time": 3797.618850708008}