{"completion_time": 5991.936783815568, "mean_schedule_time": 2027.7290793294967, "mean_flight_time": 1967.7290793294967, "mean_swap_time": 60.0, "mean_idle_time": 0.0, "mean_delivery_time": 3041.593618994245, "mean_schedule_distance": 13774.103555306478, "mean_schedule_energy": 1.123735836934503, "mean_number_swaps": 1.0, "drone_utilization": 0.6666666666666666, "execution_time": 6.044337272644043}