{"completion_time": 8168.236492425973, "mean_schedule_time": 4979.473204729599, "mean_flight_time": 4799.473204729599, "mean_swap_time": 180.0, "mean_idle_time": 0.0, "mean_delivery_time": 3972.4166918739893, "mean_schedule_distance": 33596.31243310721, "mean_schedule_energy": 2.8294608043343783, "mean_number_swaps": 3.0, "drone_utilization": 1.0, "execution_time": 77.19445824623108}