{"completion_time": 5405.1778062164785, "mean_schedule_time": 4138.518180656678, "mean_flight_time": 3470.5750580842273, "mean_swap_time": 105.0, "mean_idle_time": 562.9431225724506, "mean_delivery_time": 4285.21672747382, "mean_schedule_distance": 24294.025406589593, "mean_schedule_energy": 1.9401274622888507, "mean_number_swaps": 1.75, "drone_utilization": 1.0, "execution_time": 5640.054347753525}