{"completion_time": 10663.086196062794, "mean_schedule_time": 6489.786408437193, "mean_flight_time": 6209.786408437198, "mean_swap_time": 280.0, "mean_idle_time": -4.547473508864641e-12, "mean_delivery_time": 4627.419409875218, "mean_schedule_distance": 43468.50485906037, "mean_schedule_energy": 3.8449689173676, "mean_number_swaps": 4.666666666666667, "drone_utilization": 1.0, "execution_time": 46.48977780342102}