{"completion_time": 5760.8269724138045, "mean_schedule_time": 3601.525010151123, "mean_flight_time": 2936.4668169933857, "mean_swap_time": 87.0, "mean_idle_time": 578.0581931577372, "mean_delivery_time": 3813.6713646984153, "mean_schedule_distance": 20555.267718953703, "mean_schedule_energy": 1.6790055193868565, "mean_number_swaps": 1.45, "drone_utilization": 0.9, "execution_time": 1019.0972447395325}