{"completion_time": 26472.039268050226, "mean_schedule_time": 21366.639012080654, "mean_flight_time": 20376.639012080657, "mean_swap_time": 990.0, "mean_idle_time": -3.637978807091713e-12, "mean_delivery_time": 9804.172184754105, "mean_schedule_distance": 142636.47308456458, "mean_schedule_energy": 12.442492193058829, "mean_number_swaps": 16.5, "drone_utilization": 1.0, "total_number_parcel_handover": 0, "mean_number_parcel_handover": 0.0, "execution_time": 8.153174877166748}