{"completion_time": 12222.157293065498, "mean_schedule_time": 11723.174084776998, "mean_flight_time": 11243.174084777, "mean_swap_time": 480.0, "mean_idle_time": -1.8189894035458565e-12, "mean_delivery_time": 7271.96919724101, "mean_schedule_distance": 78702.21859343899, "mean_schedule_energy": 6.435866091485642, "mean_number_swaps": 8.0, "drone_utilization": 1.0, "execution_time": 2.6480159759521484}