{"completion_time": 3849.571358597156, "mean_schedule_time": 784.0654340417049, "mean_flight_time": 600.0714994942306, "mean_swap_time": 13.636363636363637, "mean_idle_time": 170.35757091111066, "mean_delivery_time": 2607.347926531627, "mean_schedule_distance": 4200.500496459614, "mean_schedule_energy": 0.3798978042286345, "mean_number_swaps": 0.22727272727272727, "drone_utilization": 0.3181818181818182, "total_number_parcel_handover": 3, "mean_number_parcel_handover": 0.6, "execution_time": 26.53779911994934}