{"completion_time": 5427.221341783454, "mean_delivery_time": 3291.1970990741297, "total_distance": 545530.5098765375, "consumed_energy": 45.51988306792964, "execution_time": 968.7965784072876}