{"completion_time": 6903.668665152811, "mean_schedule_time": 3047.7937606113715, "mean_flight_time": 2967.79376061137, "mean_swap_time": 80.0, "mean_idle_time": 1.3642420526593924e-12, "mean_delivery_time": 3657.3525127336457, "mean_schedule_distance": 20774.556324279594, "mean_schedule_energy": 1.7096228194810825, "mean_number_swaps": 1.3333333333333333, "drone_utilization": 0.8333333333333334, "execution_time": 0.8008949756622314}