{"completion_time": 12224.546569206621, "mean_schedule_time": 11696.506830551058, "mean_flight_time": 11146.826151562373, "mean_swap_time": 474.0, "mean_idle_time": 75.68067898868503, "mean_delivery_time": 7571.45015439999, "mean_schedule_distance": 78027.78306093658, "mean_schedule_energy": 6.50034263546507, "mean_number_swaps": 7.9, "drone_utilization": 1.0, "execution_time": 780.0794973373413}