{"completion_time": 5590.690607088874, "mean_schedule_time": 3529.5229972839143, "mean_flight_time": 2822.4617182043557, "mean_swap_time": 108.0, "mean_idle_time": 599.0612790795585, "mean_delivery_time": 5184.647240838801, "mean_schedule_distance": 19757.232027430484, "mean_schedule_energy": 1.673714510641626, "mean_number_swaps": 1.8, "drone_utilization": 0.7, "execution_time": 76.892329454422}