{"completion_time": 7105.577112291618, "mean_delivery_time": 3241.073816532825, "total_distance": 694416.3962757658, "consumed_energy": 58.13861376593759, "execution_time": 34.51471304893494}