{"completion_time": 9703.391759562406, "mean_schedule_time": 9188.437789163896, "mean_flight_time": 8712.50277857838, "mean_swap_time": 366.0, "mean_idle_time": 109.93501058551556, "mean_delivery_time": 6063.475838608367, "mean_schedule_distance": 60987.5194500487, "mean_schedule_energy": 4.965858582781703, "mean_number_swaps": 6.1, "drone_utilization": 1.0, "execution_time": 652.4429090023041}