{"completion_time": 30282.65337789388, "mean_schedule_time": 30275.670395562218, "mean_flight_time": 28955.67039556222, "mean_swap_time": 1320.0, "mean_idle_time": -3.637978807091713e-12, "mean_delivery_time": 14489.864752367492, "mean_schedule_distance": 202689.69276893552, "mean_schedule_energy": 16.40186457325985, "mean_number_swaps": 22.0, "drone_utilization": 1.0, "execution_time": 223.37729001045227}