{"completion_time": 5865.708478018728, "mean_schedule_time": 5028.5724467823875, "mean_flight_time": 4778.152056424982, "mean_swap_time": 174.0, "mean_idle_time": 76.42039035740527, "mean_delivery_time": 4129.289091821797, "mean_schedule_distance": 33447.06439497487, "mean_schedule_energy": 2.74164923413652, "mean_number_swaps": 2.9, "drone_utilization": 1.0, "execution_time": 883.0583629608154}