{"completion_time": 3198.6863383026357, "mean_delivery_time": 2085.401935878643, "total_distance": 660530.8672085773, "consumed_energy": 54.25822038172362, "execution_time": 1147.3631448745728}