{"completion_time": 20584.141162643064, "mean_schedule_time": 20192.388147025595, "mean_flight_time": 19338.92127875685, "mean_swap_time": 852.0, "mean_idle_time": 1.4668682687442924, "mean_delivery_time": 9752.384707990865, "mean_schedule_distance": 135372.44895129788, "mean_schedule_energy": 10.933172445045631, "mean_number_swaps": 14.2, "drone_utilization": 1.0, "execution_time": 639.7963285446167}