{"completion_time": 1148.4599612624029, "execution_time": 0.003188610076904297}