{"completion_time": 9065.64420662852, "mean_schedule_time": 6576.088340532314, "mean_flight_time": 5508.594577516137, "mean_swap_time": 228.0, "mean_idle_time": 839.4937630161767, "mean_delivery_time": 5770.651408962277, "mean_schedule_distance": 38560.16204261294, "mean_schedule_energy": 3.298837995727595, "mean_number_swaps": 3.8, "drone_utilization": 1.0, "execution_time": 1545.6117889881134}