{"completion_time": 2062.066446195133, "execution_time": 0.00792694091796875}