{"completion_time": 11536.371506070585, "mean_schedule_time": 10189.936083679562, "mean_flight_time": 9221.364115121367, "mean_swap_time": 432.0, "mean_idle_time": 536.5719685581953, "mean_delivery_time": 6335.638280722382, "mean_schedule_distance": 64549.548805849554, "mean_schedule_energy": 5.708485647682202, "mean_number_swaps": 7.2, "drone_utilization": 1.0, "execution_time": 1844.9441237449646}