{"completion_time": 19345.743190138033, "mean_schedule_time": 19124.96028696195, "mean_flight_time": 18236.09288904321, "mean_swap_time": 816.0, "mean_idle_time": 72.86739791873697, "mean_delivery_time": 9672.011897593115, "mean_schedule_distance": 127652.65022330247, "mean_schedule_energy": 10.272287060027974, "mean_number_swaps": 13.6, "drone_utilization": 1.0, "execution_time": 303.0346109867096}