{"completion_time": 7145.334073690657, "mean_schedule_time": 4032.7210584197906, "mean_flight_time": 3903.7210584197906, "mean_swap_time": 129.0, "mean_idle_time": 0.0, "mean_delivery_time": 3837.7902620761565, "mean_schedule_distance": 27326.047408938524, "mean_schedule_energy": 2.2379177020758356, "mean_number_swaps": 2.15, "drone_utilization": 0.95, "execution_time": 33.203229904174805}