{"completion_time": 4002.2088392035466, "mean_schedule_time": 1087.9038939725517, "mean_flight_time": 1057.903893972552, "mean_swap_time": 30.0, "mean_idle_time": -2.2737367544323206e-13, "mean_delivery_time": 2828.5501243286344, "mean_schedule_distance": 7405.327257807863, "mean_schedule_energy": 0.6221386603270483, "mean_number_swaps": 0.5, "drone_utilization": 0.38461538461538464, "total_number_parcel_handover": 0, "mean_number_parcel_handover": 0.0, "execution_time": 14.5904221534729}