{"completion_time": 3108.8761128304463, "mean_delivery_time": 2106.456812942938, "total_distance": 615435.7324606705, "consumed_energy": 50.174625098361886, "execution_time": 1755.868145942688}