{"completion_time": 6037.752225660893, "mean_schedule_time": 4436.757823258502, "mean_flight_time": 4218.454580703448, "mean_swap_time": 153.0, "mean_idle_time": 65.30324255505366, "mean_delivery_time": 3921.819268222083, "mean_schedule_distance": 29529.18206492412, "mean_schedule_energy": 2.434174981431531, "mean_number_swaps": 2.55, "drone_utilization": 1.0, "total_number_parcel_handover": 6, "mean_number_parcel_handover": 0.24, "execution_time": 739.6390345096588}