{"completion_time": 15501.231788510608, "mean_schedule_time": 15073.652088223704, "mean_flight_time": 14360.690019828242, "mean_swap_time": 600.0, "mean_idle_time": 112.96206839546176, "mean_delivery_time": 8393.473631656256, "mean_schedule_distance": 100524.83013879768, "mean_schedule_energy": 7.759435846674565, "mean_number_swaps": 10.0, "drone_utilization": 1.0, "execution_time": 193.62872076034546}