{"completion_time": 9507.573189694625, "mean_schedule_time": 9067.058768289979, "mean_flight_time": 8639.485132544038, "mean_swap_time": 354.0, "mean_idle_time": 73.57363574594092, "mean_delivery_time": 6938.449567181347, "mean_schedule_distance": 60476.39592780825, "mean_schedule_energy": 4.750181965286631, "mean_number_swaps": 5.9, "drone_utilization": 1.0, "execution_time": 693.0398986339569}