{"completion_time": 4946.16007714799, "mean_schedule_time": 1892.4600941262527, "mean_flight_time": 1849.126760792919, "mean_swap_time": 43.333333333333336, "mean_idle_time": 4.547473508864641e-13, "mean_delivery_time": 2270.9521129515033, "mean_schedule_distance": 12943.887325550431, "mean_schedule_energy": 1.0869872786390773, "mean_number_swaps": 0.7222222222222222, "drone_utilization": 0.8333333333333334, "execution_time": 21.56380558013916}