{"completion_time": 15207.560401716728, "mean_schedule_time": 9834.839207382896, "mean_flight_time": 9426.839207382895, "mean_swap_time": 408.0, "mean_idle_time": 1.8189894035458565e-12, "mean_delivery_time": 6613.833347608258, "mean_schedule_distance": 65987.87445168025, "mean_schedule_energy": 5.5836579798251975, "mean_number_swaps": 6.8, "drone_utilization": 1.0, "execution_time": 2.3667500019073486}