{"completion_time": 39268.582978352344, "mean_schedule_time": 38983.64042375728, "mean_flight_time": 37123.640423757286, "mean_swap_time": 1860.0, "mean_idle_time": -7.275957614183426e-12, "mean_delivery_time": 17038.319613814503, "mean_schedule_distance": 259865.4829663008, "mean_schedule_energy": 21.659934880217197, "mean_number_swaps": 31.0, "drone_utilization": 1.0, "execution_time": 530.3581256866455}