{"completion_time": 3135.920655965822, "mean_delivery_time": 1870.9951540349327, "total_distance": 561219.5579912553, "consumed_energy": 48.34758189070417, "execution_time": 726.6904063224792}