{"completion_time": 8835.23249098718, "mean_schedule_time": 4964.483557063054, "mean_flight_time": 4767.816890396387, "mean_swap_time": 196.66666666666666, "mean_idle_time": 0.0, "mean_delivery_time": 4089.126862224391, "mean_schedule_distance": 33374.71823277472, "mean_schedule_energy": 2.864291857464708, "mean_number_swaps": 3.2777777777777777, "drone_utilization": 1.0, "total_number_parcel_handover": 0, "mean_number_parcel_handover": 0.0, "execution_time": 36.295082330703735}