{"completion_time": 8149.378787792723, "mean_schedule_time": 6703.899297697358, "mean_flight_time": 4343.045724252903, "mean_swap_time": 140.0, "mean_idle_time": 2220.853573444455, "mean_delivery_time": 6504.169464222795, "mean_schedule_distance": 30401.320069770325, "mean_schedule_energy": 2.450054757215811, "mean_number_swaps": 2.3333333333333335, "drone_utilization": 1.0, "execution_time": 17.22221040725708}