{"completion_time": 4594.320837166964, "mean_schedule_time": 3116.6545647687603, "mean_flight_time": 2985.630785893628, "mean_swap_time": 84.0, "mean_idle_time": 47.02377887513239, "mean_delivery_time": 3895.8182059609503, "mean_schedule_distance": 20899.415501255393, "mean_schedule_energy": 1.5880011398515887, "mean_number_swaps": 1.4, "drone_utilization": 0.8, "execution_time": 26.407456874847412}