{"completion_time": 20576.653373209883, "mean_schedule_time": 20053.721914677102, "mean_flight_time": 19153.72191467709, "mean_swap_time": 900.0, "mean_idle_time": 1.0913936421275139e-11, "mean_delivery_time": 10244.244335239768, "mean_schedule_distance": 134076.05340273975, "mean_schedule_energy": 11.016330123093267, "mean_number_swaps": 15.0, "drone_utilization": 1.0, "execution_time": 1672.7724583148956}