{"completion_time": 7830.474764912739, "mean_schedule_time": 6551.346474662974, "mean_flight_time": 5524.646305823166, "mean_swap_time": 207.0, "mean_idle_time": 819.7001688398086, "mean_delivery_time": 5931.586904179144, "mean_schedule_distance": 38672.52414076221, "mean_schedule_energy": 3.3034118732510622, "mean_number_swaps": 3.45, "drone_utilization": 1.0, "execution_time": 8229.458831071854}