{"completion_time": 13887.983386704402, "mean_schedule_time": 13486.33909820899, "mean_flight_time": 12916.33909820899, "mean_swap_time": 570.0, "mean_idle_time": 0.0, "mean_delivery_time": 7132.0833948979725, "mean_schedule_distance": 90414.37368746288, "mean_schedule_energy": 7.536986115450646, "mean_number_swaps": 9.5, "drone_utilization": 1.0, "execution_time": 202.18452644348145}