{"completion_time": 17562.943449211583, "mean_schedule_time": 17212.41279048636, "mean_flight_time": 16239.274155334995, "mean_swap_time": 696.0, "mean_idle_time": 277.1386351513647, "mean_delivery_time": 9062.368448963784, "mean_schedule_distance": 113674.91908734501, "mean_schedule_energy": 9.335355500653069, "mean_number_swaps": 11.6, "drone_utilization": 1.0, "execution_time": 407.8910529613495}