{"completion_time": 4692.4820904437165, "mean_delivery_time": 2872.4848378934657, "total_distance": 674000.930307729, "consumed_energy": 55.09713680483779, "execution_time": 3408.902407646179}