{"completion_time": 5684.200363209749, "mean_delivery_time": 1956.0684512212458, "total_distance": 590660.8145553349, "consumed_energy": 52.62610705745068, "execution_time": 52.65082621574402}