{"completion_time": 10888.400726419499, "mean_schedule_time": 3372.312167886455, "mean_flight_time": 3245.3890909633783, "mean_swap_time": 126.92307692307692, "mean_idle_time": -4.547473508864641e-13, "mean_delivery_time": 3777.736902442492, "mean_schedule_distance": 22717.72363674365, "mean_schedule_energy": 2.02408104067118, "mean_number_swaps": 2.1153846153846154, "drone_utilization": 0.7692307692307693, "total_number_parcel_handover": 0, "mean_number_parcel_handover": 0.0, "execution_time": 70.17811393737793}