{"completion_time": 4442.664247313218, "mean_schedule_time": 3314.701835156781, "mean_flight_time": 2946.017785870674, "mean_swap_time": 96.0, "mean_idle_time": 272.684049286107, "mean_delivery_time": 3729.406257933955, "mean_schedule_distance": 20622.124501094724, "mean_schedule_energy": 1.6361641073280626, "mean_number_swaps": 1.6, "drone_utilization": 0.9, "execution_time": 32.62042045593262}