{"completion_time": 4385.74795061449, "mean_schedule_time": 1832.9576602757816, "mean_flight_time": 1518.7055939707932, "mean_swap_time": 35.0, "mean_idle_time": 279.2520663049884, "mean_delivery_time": 3333.5224799517273, "mean_schedule_distance": 10630.939157795545, "mean_schedule_energy": 0.8765575001404445, "mean_number_swaps": 0.5833333333333334, "drone_utilization": 0.5833333333333334, "execution_time": 591.1067085266113}