{"completion_time": 7561.648711718206, "mean_schedule_time": 5746.873391004401, "mean_flight_time": 5278.91569862112, "mean_swap_time": 195.0, "mean_idle_time": 272.957692383281, "mean_delivery_time": 5061.4805117263895, "mean_schedule_distance": 36952.40989034784, "mean_schedule_energy": 3.094836425912379, "mean_number_swaps": 3.25, "drone_utilization": 1.0, "execution_time": 18.88615369796753}