{"completion_time": 7605.155242057946, "mean_schedule_time": 4187.728209930691, "mean_flight_time": 3293.2729880004167, "mean_swap_time": 120.0, "mean_idle_time": 774.4552219302745, "mean_delivery_time": 5036.460173577185, "mean_schedule_distance": 23052.910916002886, "mean_schedule_energy": 1.9430876725522508, "mean_number_swaps": 2.0, "drone_utilization": 0.7857142857142857, "total_number_parcel_handover": 15, "mean_number_parcel_handover": 0.75, "execution_time": 945.8449578285217}