{"completion_time": 7534.481419785163, "mean_schedule_time": 5572.492334508197, "mean_flight_time": 5230.338516137367, "mean_swap_time": 186.0, "mean_idle_time": 156.15381837082987, "mean_delivery_time": 4429.380665678106, "mean_schedule_distance": 36612.369612961586, "mean_schedule_energy": 2.926751187638024, "mean_number_swaps": 3.1, "drone_utilization": 1.0, "execution_time": 157.36673712730408}