{"completion_time": 2835.6300136664768, "mean_delivery_time": 1726.504369896232, "total_distance": 219496.0604101004, "consumed_energy": 19.93529195502107, "execution_time": 5.36866569519043}