{"completion_time": 5853.344227698533, "mean_schedule_time": 4623.531496624456, "mean_flight_time": 4345.189384905106, "mean_swap_time": 144.0, "mean_idle_time": 134.3421117193502, "mean_delivery_time": 4036.666590565327, "mean_schedule_distance": 30416.325694335756, "mean_schedule_energy": 2.4283123618939366, "mean_number_swaps": 2.4, "drone_utilization": 1.0, "execution_time": 5297.948237657547}