{"completion_time": 2306.6729512348475, "mean_delivery_time": 1833.3342361060895, "total_distance": 158626.53833589514, "consumed_energy": 13.657060000399138, "execution_time": 62.47249722480774}