{"completion_time": 4200.972928393298, "mean_schedule_time": 995.0521786850642, "mean_flight_time": 965.0521786850642, "mean_swap_time": 30.0, "mean_idle_time": 0.0, "mean_delivery_time": 2786.14610031818, "mean_schedule_distance": 6755.365250795448, "mean_schedule_energy": 0.6276547467226434, "mean_number_swaps": 0.5, "drone_utilization": 0.35714285714285715, "total_number_parcel_handover": 0, "mean_number_parcel_handover": 0.0, "execution_time": 2.1054701805114746}