{"completion_time": 2190.486464196649, "mean_delivery_time": 1435.07305015909, "total_distance": 94575.11351113628, "consumed_energy": 8.787166454117008, "execution_time": 1.339684009552002}