{"completion_time": 9403.96372267477, "mean_schedule_time": 9044.049859609147, "mean_flight_time": 8352.484108465735, "mean_swap_time": 342.0, "mean_idle_time": 349.56575114341285, "mean_delivery_time": 5902.729905449766, "mean_schedule_distance": 58467.38875926016, "mean_schedule_energy": 4.702056142017701, "mean_number_swaps": 5.7, "drone_utilization": 1.0, "execution_time": 989.9315938949585}