{"completion_time": 11919.016964409953, "mean_schedule_time": 11511.8346442284, "mean_flight_time": 10946.991063065221, "mean_swap_time": 486.0, "mean_idle_time": 78.8435811631789, "mean_delivery_time": 6794.628908726667, "mean_schedule_distance": 76628.93744145651, "mean_schedule_energy": 6.625185692301821, "mean_number_swaps": 8.1, "drone_utilization": 1.0, "execution_time": 1523.888816356659}