{"completion_time": 6368.539718944905, "mean_delivery_time": 2987.748821251731, "total_distance": 326819.2811866009, "consumed_energy": 28.703574197260956, "execution_time": 4.639315366744995}