{"completion_time": 12317.07943788981, "mean_schedule_time": 9757.693748188598, "mean_flight_time": 9337.693748188596, "mean_swap_time": 420.0, "mean_idle_time": 1.8189894035458565e-12, "mean_delivery_time": 5756.926213932033, "mean_schedule_distance": 65363.856237320186, "mean_schedule_energy": 5.740714839452191, "mean_number_swaps": 7.0, "drone_utilization": 1.0, "execution_time": 5.364822864532471}