{"completion_time": 3035.4632362588827, "mean_delivery_time": 2082.951103741371, "total_distance": 297492.9137328423, "consumed_energy": 27.95648927945472, "execution_time": 307.6426889896393}