{"completion_time": 3891.0045873743884, "mean_delivery_time": 2352.370702167102, "total_distance": 173329.55696522104, "consumed_energy": 14.57607433926429, "execution_time": 11.20183515548706}