{"completion_time": 4082.1771961417808, "mean_schedule_time": 3811.0123441364944, "mean_flight_time": 3672.9558973713415, "mean_swap_time": 96.0, "mean_idle_time": 42.05644676515294, "mean_delivery_time": 3964.093568528954, "mean_schedule_distance": 25710.691281599393, "mean_schedule_energy": 1.818552151505879, "mean_number_swaps": 1.6, "drone_utilization": 1.0, "execution_time": 14.198187112808228}