{"completion_time": 2101.0885980708904, "mean_delivery_time": 1884.7197439069428, "total_distance": 118613.88771810028, "consumed_energy": 8.496386636135593, "execution_time": 9.168007373809814}