{"completion_time": 8300.34773261651, "mean_schedule_time": 6875.012164643233, "mean_flight_time": 6568.582468732483, "mean_swap_time": 264.0, "mean_idle_time": 42.429695910749615, "mean_delivery_time": 5544.571366958819, "mean_schedule_distance": 45980.07728112735, "mean_schedule_energy": 3.7532079597796772, "mean_number_swaps": 4.4, "drone_utilization": 1.0, "execution_time": 349.57739639282227}