{"completion_time": 5159.945157209584, "mean_schedule_time": 4696.0832194119685, "mean_flight_time": 4540.08321941197, "mean_swap_time": 156.0, "mean_idle_time": -1.8189894035458565e-12, "mean_delivery_time": 4503.556608628902, "mean_schedule_distance": 31780.582535883776, "mean_schedule_energy": 2.509071399507211, "mean_number_swaps": 2.6, "drone_utilization": 1.0, "execution_time": 152.8257486820221}