{"completion_time": 4905.180726101917, "mean_schedule_time": 2448.272905429131, "mean_flight_time": 2365.7729054291303, "mean_swap_time": 82.5, "mean_idle_time": 4.547473508864641e-13, "mean_delivery_time": 3917.2366486866094, "mean_schedule_distance": 16560.410338003916, "mean_schedule_energy": 1.3207246880293066, "mean_number_swaps": 1.375, "drone_utilization": 0.625, "execution_time": 1.5260963439941406}