{"completion_time": 9371.427498160876, "mean_schedule_time": 5322.491941637529, "mean_flight_time": 5126.491941637529, "mean_swap_time": 196.0, "mean_idle_time": 0.0, "mean_delivery_time": 4604.263609904971, "mean_schedule_distance": 35885.44359146269, "mean_schedule_energy": 3.0624197901143644, "mean_number_swaps": 3.2666666666666666, "drone_utilization": 1.0, "execution_time": 14.924339532852173}