{"completion_time": 2305.9116532216585, "mean_delivery_time": 1756.2769183091225, "total_distance": 551732.4823807838, "consumed_energy": 45.33511336989875, "execution_time": 3195.431694984436}