{"completion_time": 5530.690607088874, "mean_schedule_time": 2542.395497191539, "mean_flight_time": 2030.5374440645767, "mean_swap_time": 66.0, "mean_idle_time": 445.85805312696266, "mean_delivery_time": 4119.659225157258, "mean_schedule_distance": 14213.762108452032, "mean_schedule_energy": 1.1982466138898413, "mean_number_swaps": 1.1, "drone_utilization": 0.7, "execution_time": 8.706775188446045}