{"completion_time": 7679.513833161006, "mean_schedule_time": 4595.34027836614, "mean_flight_time": 3468.357286176743, "mean_swap_time": 106.66666666666667, "mean_idle_time": 1020.316325522731, "mean_delivery_time": 4336.481864800511, "mean_schedule_distance": 24278.50100323719, "mean_schedule_energy": 1.9287229606526708, "mean_number_swaps": 1.7777777777777777, "drone_utilization": 1.0, "execution_time": 2007.9759032726288}