{"completion_time": 3798.1926314610564, "mean_schedule_time": 476.0107806969909, "mean_flight_time": 460.0107806969909, "mean_swap_time": 16.0, "mean_idle_time": 0.0, "mean_delivery_time": 3570.0808552274316, "mean_schedule_distance": 3220.075464878936, "mean_schedule_energy": 0.21900972949840297, "mean_number_swaps": 0.26666666666666666, "drone_utilization": 0.13333333333333333, "execution_time": 0.3440513610839844}