{"completion_time": 11937.235762190052, "mean_schedule_time": 11759.005078838201, "mean_flight_time": 11165.394581370518, "mean_swap_time": 528.0, "mean_idle_time": 65.61049746768367, "mean_delivery_time": 6760.579813673546, "mean_schedule_distance": 78157.76206959366, "mean_schedule_energy": 6.752946260149183, "mean_number_swaps": 8.8, "drone_utilization": 1.0, "execution_time": 1904.9957194328308}