{"completion_time": 15196.026863704446, "mean_schedule_time": 7077.790035145255, "mean_flight_time": 6793.7900351452545, "mean_swap_time": 284.0, "mean_idle_time": 9.094947017729282e-13, "mean_delivery_time": 5001.9662489145085, "mean_schedule_distance": 47556.5302460168, "mean_schedule_energy": 4.035809593121756, "mean_number_swaps": 4.733333333333333, "drone_utilization": 1.0, "execution_time": 41.25829792022705}