{"completion_time": 8602.676173125019, "mean_schedule_time": 6236.547590442604, "mean_flight_time": 5387.904437919002, "mean_swap_time": 220.0, "mean_idle_time": 628.6431525236021, "mean_delivery_time": 4606.631134137025, "mean_schedule_distance": 37715.33106543302, "mean_schedule_energy": 3.2388899896167387, "mean_number_swaps": 3.6666666666666665, "drone_utilization": 1.0, "execution_time": 249.17880082130432}