{"completion_time": 9322.25977155107, "mean_schedule_time": 8587.518170301106, "mean_flight_time": 8272.518170301104, "mean_swap_time": 315.0, "mean_idle_time": 1.8189894035458565e-12, "mean_delivery_time": 6082.229328682507, "mean_schedule_distance": 57907.62719210775, "mean_schedule_energy": 4.550706305925958, "mean_number_swaps": 5.25, "drone_utilization": 1.0, "execution_time": 708.6317484378815}