{"completion_time": 4665.180726101917, "mean_schedule_time": 2359.6356301990004, "mean_flight_time": 1729.4419426397958, "mean_swap_time": 48.0, "mean_idle_time": 582.1936875592046, "mean_delivery_time": 3358.1782333212723, "mean_schedule_distance": 12106.093598478572, "mean_schedule_energy": 1.0311559529428054, "mean_number_swaps": 0.8, "drone_utilization": 0.7, "execution_time": 8.36599326133728}