{"completion_time": 2895.446296661954, "execution_time": 1.2349703311920166}