{"completion_time": 8004.314750990494, "mean_schedule_time": 3214.996401382748, "mean_flight_time": 3116.4249728113195, "mean_swap_time": 98.57142857142857, "mean_idle_time": 0.0, "mean_delivery_time": 3749.3731329682864, "mean_schedule_distance": 21814.97480967923, "mean_schedule_energy": 1.7701649543015379, "mean_number_swaps": 1.6428571428571428, "drone_utilization": 0.7857142857142857, "total_number_parcel_handover": 0, "mean_number_parcel_handover": 0.0, "execution_time": 54.2294921875}