{"completion_time": 11009.987359665787, "mean_schedule_time": 10606.614387138901, "mean_flight_time": 10123.617314091649, "mean_swap_time": 435.0, "mean_idle_time": 47.99707304725234, "mean_delivery_time": 6626.903277298491, "mean_schedule_distance": 70865.32119864154, "mean_schedule_energy": 5.898117516819142, "mean_number_swaps": 7.25, "drone_utilization": 1.0, "execution_time": 5648.763587236404}