{"completion_time": 17536.65723299086, "mean_schedule_time": 9696.623692705809, "mean_flight_time": 9284.123692705805, "mean_swap_time": 412.5, "mean_idle_time": 3.637978807091713e-12, "mean_delivery_time": 6227.704919744128, "mean_schedule_distance": 64988.86584894069, "mean_schedule_energy": 5.590473181953674, "mean_number_swaps": 6.875, "drone_utilization": 1.0, "execution_time": 15.362582921981812}