{"completion_time": 13151.075489766414, "mean_schedule_time": 12429.294462769554, "mean_flight_time": 11859.860214117303, "mean_swap_time": 562.5, "mean_idle_time": 6.934248652250972, "mean_delivery_time": 7502.297720377409, "mean_schedule_distance": 83019.02149882106, "mean_schedule_energy": 7.266178469299737, "mean_number_swaps": 9.375, "drone_utilization": 1.0, "total_number_parcel_handover": 8, "mean_number_parcel_handover": 0.32, "execution_time": 5269.851603269577}