{"completion_time": 6912.441697682561, "mean_delivery_time": 3798.0818520798757, "total_distance": 665851.1570312842, "consumed_energy": 58.18426322867029, "execution_time": 2408.272821187973}