{"completion_time": 6609.088649104284, "mean_schedule_time": 1627.9321343592214, "mean_flight_time": 1198.2876266833484, "mean_swap_time": 40.0, "mean_idle_time": 389.644507675873, "mean_delivery_time": 3894.6696000357465, "mean_schedule_distance": 8388.01338678344, "mean_schedule_energy": 0.735843445247894, "mean_number_swaps": 0.6666666666666666, "drone_utilization": 0.4, "total_number_parcel_handover": 7, "mean_number_parcel_handover": 0.7, "execution_time": 244.46468949317932}