{"completion_time": 9522.873510763648, "mean_schedule_time": 9171.821177187847, "mean_flight_time": 8329.752371505314, "mean_swap_time": 375.0, "mean_idle_time": 467.0688056825329, "mean_delivery_time": 6017.052209862819, "mean_schedule_distance": 58308.266600537114, "mean_schedule_energy": 5.18956735628523, "mean_number_swaps": 6.25, "drone_utilization": 1.0, "total_number_parcel_handover": 10, "mean_number_parcel_handover": 0.4, "execution_time": 2911.213870048523}