{"completion_time": 5183.69076133085, "mean_schedule_time": 1728.7341626405891, "mean_flight_time": 1383.0155707342026, "mean_swap_time": 37.5, "mean_idle_time": 308.21859190638656, "mean_delivery_time": 3652.789106397009, "mean_schedule_distance": 9681.108995139415, "mean_schedule_energy": 0.794440665568588, "mean_number_swaps": 0.625, "drone_utilization": 0.5, "total_number_parcel_handover": 3, "mean_number_parcel_handover": 0.6, "execution_time": 35.72725558280945}