{"completion_time": 4938.829647706518, "mean_schedule_time": 3693.144448723101, "mean_flight_time": 3486.588834954373, "mean_swap_time": 120.0, "mean_idle_time": 86.55561376872811, "mean_delivery_time": 3338.1742955680784, "mean_schedule_distance": 24406.12184468061, "mean_schedule_energy": 2.0232383719661264, "mean_number_swaps": 2.0, "drone_utilization": 1.0, "execution_time": 115.20439314842224}