{"completion_time": 6653.804758815277, "mean_schedule_time": 5920.678758584287, "mean_flight_time": 5535.204644139594, "mean_swap_time": 225.0, "mean_idle_time": 160.47411444469253, "mean_delivery_time": 4240.4414453991685, "mean_schedule_distance": 38746.43250897716, "mean_schedule_energy": 3.3316667121175634, "mean_number_swaps": 3.75, "drone_utilization": 1.0, "total_number_parcel_handover": 10, "mean_number_parcel_handover": 0.5, "execution_time": 407.2912826538086}