{"completion_time": 2355.4239463090407, "mean_delivery_time": 1572.6600014866597, "total_distance": 352790.35952165275, "consumed_energy": 29.48259473121957, "execution_time": 421.68107533454895}