{"completion_time": 9348.262764986728, "mean_schedule_time": 1354.8624972380642, "mean_flight_time": 1304.4624972380645, "mean_swap_time": 50.4, "mean_idle_time": -4.547473508864641e-13, "mean_delivery_time": 4233.945303868951, "mean_schedule_distance": 9131.237480666452, "mean_schedule_energy": 0.8408259327786664, "mean_number_swaps": 0.84, "drone_utilization": 0.32, "execution_time": 7.996819972991943}