{"completion_time": 2835.6300136664768, "mean_delivery_time": 1636.6141970216142, "total_distance": 207751.43620765384, "consumed_energy": 19.070669623231357, "execution_time": 7.8708531856536865}