{"completion_time": 17893.33096747013, "mean_schedule_time": 17585.949769683513, "mean_flight_time": 16781.94976968352, "mean_swap_time": 804.0, "mean_idle_time": -7.275957614183426e-12, "mean_delivery_time": 8481.138046521313, "mean_schedule_distance": 117473.64838778457, "mean_schedule_energy": 10.086754364185708, "mean_number_swaps": 13.4, "drone_utilization": 1.0, "execution_time": 157.09568190574646}