{"completion_time": 11176.878555800566, "mean_schedule_time": 4678.5360420627085, "mean_flight_time": 4504.536042062709, "mean_swap_time": 174.0, "mean_idle_time": -9.094947017729282e-13, "mean_delivery_time": 3950.1937198560195, "mean_schedule_distance": 31531.75229443896, "mean_schedule_energy": 2.743353390998843, "mean_number_swaps": 2.9, "drone_utilization": 1.0, "execution_time": 50.104801177978516}