{"completion_time": 13932.447964828136, "mean_schedule_time": 13438.597535337502, "mean_flight_time": 11726.11228687946, "mean_swap_time": 468.0, "mean_idle_time": 1244.4852484580424, "mean_delivery_time": 8095.045892467643, "mean_schedule_distance": 82082.78600815625, "mean_schedule_energy": 6.462045617195524, "mean_number_swaps": 7.8, "drone_utilization": 1.0, "execution_time": 53.75867295265198}