{"completion_time": 3899.517073661902, "mean_schedule_time": 1145.7883185559645, "mean_flight_time": 1047.144636713249, "mean_swap_time": 24.0, "mean_idle_time": 74.64368184271552, "mean_delivery_time": 3276.098676943095, "mean_schedule_distance": 7330.012456992742, "mean_schedule_energy": 0.5366486537303347, "mean_number_swaps": 0.4, "drone_utilization": 0.4, "execution_time": 3.4694716930389404}