{"completion_time": 3763.783955198057, "mean_delivery_time": 1845.4481517232196, "total_distance": 365059.829451332, "consumed_energy": 30.03659316961232, "execution_time": 352.40711879730225}