{"completion_time": 15952.93352423231, "mean_schedule_time": 15671.98461929502, "mean_flight_time": 14546.235669029149, "mean_swap_time": 670.0, "mean_idle_time": 455.7489502658718, "mean_delivery_time": 8645.377822053271, "mean_schedule_distance": 101823.64968320397, "mean_schedule_energy": 8.683048133028578, "mean_number_swaps": 11.166666666666666, "drone_utilization": 1.0, "total_number_parcel_handover": 6, "mean_number_parcel_handover": 0.24, "execution_time": 1781.1627638339996}