{"completion_time": 4002.2088392035466, "mean_schedule_time": 533.6774143873007, "mean_flight_time": 522.1389528488392, "mean_swap_time": 11.538461538461538, "mean_idle_time": 0.0, "mean_delivery_time": 2775.1225548139637, "mean_schedule_distance": 3654.9726699418743, "mean_schedule_energy": 0.29068332352318527, "mean_number_swaps": 0.19230769230769232, "drone_utilization": 0.19230769230769232, "execution_time": 3.692509651184082}