{"completion_time": 5191.772153251459, "mean_schedule_time": 2684.311519168927, "mean_flight_time": 2408.3269822528437, "mean_swap_time": 69.6, "mean_idle_time": 206.38453691608356, "mean_delivery_time": 3205.181099048416, "mean_schedule_distance": 16858.28887576991, "mean_schedule_energy": 1.3612287719065497, "mean_number_swaps": 1.16, "drone_utilization": 0.8, "execution_time": 865.7108645439148}