{"completion_time": 8356.16144077503, "mean_schedule_time": 6450.948407756156, "mean_flight_time": 6210.9484077561565, "mean_swap_time": 240.0, "mean_idle_time": -9.094947017729282e-13, "mean_delivery_time": 4848.821745459155, "mean_schedule_distance": 43476.63885429308, "mean_schedule_energy": 3.581708808599239, "mean_number_swaps": 4.0, "drone_utilization": 1.0, "execution_time": 1.9189462661743164}