{"completion_time": 7594.240891221119, "mean_schedule_time": 6456.268863299329, "mean_flight_time": 6223.7688632993295, "mean_swap_time": 232.5, "mean_idle_time": -9.094947017729282e-13, "mean_delivery_time": 5708.26212082935, "mean_schedule_distance": 43566.382043095306, "mean_schedule_energy": 3.4993200798468598, "mean_number_swaps": 3.875, "drone_utilization": 1.0, "execution_time": 51.81492257118225}