{"completion_time": 5370.329727583795, "mean_schedule_time": 1995.9126093363643, "mean_flight_time": 1459.266182033906, "mean_swap_time": 48.0, "mean_idle_time": 488.6464273024583, "mean_delivery_time": 3294.419880565816, "mean_schedule_distance": 10214.863274237347, "mean_schedule_energy": 0.9539167832524208, "mean_number_swaps": 0.8, "drone_utilization": 0.56, "execution_time": 66.85167050361633}