{"completion_time": 5603.843515921176, "mean_schedule_time": 3730.4076176157414, "mean_flight_time": 3513.3759209016407, "mean_swap_time": 113.07692307692308, "mean_idle_time": 103.95477363717782, "mean_delivery_time": 4028.3805924260682, "mean_schedule_distance": 24593.631446311476, "mean_schedule_energy": 1.9502603329825456, "mean_number_swaps": 1.8846153846153846, "drone_utilization": 0.8846153846153846, "execution_time": 467.0139048099518}