{"completion_time": 12263.804523307195, "mean_schedule_time": 3384.9595580563846, "mean_flight_time": 3262.8167009135277, "mean_swap_time": 122.14285714285714, "mean_idle_time": -4.547473508864641e-13, "mean_delivery_time": 3791.154705023151, "mean_schedule_distance": 22839.716906394697, "mean_schedule_energy": 1.9895787386660617, "mean_number_swaps": 2.0357142857142856, "drone_utilization": 0.8928571428571429, "total_number_parcel_handover": 0, "mean_number_parcel_handover": 0.0, "execution_time": 63.909940242767334}