{"completion_time": 1240.7698782571865, "execution_time": 0.002896547317504883}