{"completion_time": 4562.664247313218, "mean_schedule_time": 1020.9409521537209, "mean_flight_time": 990.9409521537209, "mean_swap_time": 30.0, "mean_idle_time": 0.0, "mean_delivery_time": 2450.2582851689303, "mean_schedule_distance": 6936.586665076046, "mean_schedule_energy": 0.6635800179696659, "mean_number_swaps": 0.5, "drone_utilization": 0.4166666666666667, "execution_time": 1.8138489723205566}