{"completion_time": 6912.759028269221, "mean_schedule_time": 3927.0065659383686, "mean_flight_time": 3578.86245062069, "mean_swap_time": 124.8, "mean_idle_time": 223.3441153176782, "mean_delivery_time": 3529.7093920905268, "mean_schedule_distance": 25052.037154344824, "mean_schedule_energy": 2.1346731943778328, "mean_number_swaps": 2.08, "drone_utilization": 1.0, "execution_time": 376.7367286682129}