{"completion_time": 7681.7988069490475, "mean_schedule_time": 2798.812213360512, "mean_flight_time": 2707.6122133605118, "mean_swap_time": 91.2, "mean_idle_time": 4.547473508864641e-13, "mean_delivery_time": 3887.239185222933, "mean_schedule_distance": 18953.285493523585, "mean_schedule_energy": 1.5703978687059024, "mean_number_swaps": 1.52, "drone_utilization": 0.72, "execution_time": 34.62586808204651}