{"completion_time": 4371.61058172224, "mean_delivery_time": 2711.6562350569648, "total_distance": 420402.5743574646, "consumed_energy": 34.96479628485279, "execution_time": 172.0562436580658}