{"completion_time": 8563.22116344448, "mean_schedule_time": 6491.839415525313, "mean_flight_time": 6005.751062249496, "mean_swap_time": 234.0, "mean_idle_time": 252.0883532758171, "mean_delivery_time": 5259.3124701139295, "mean_schedule_distance": 42040.25743574646, "mean_schedule_energy": 3.496479628485279, "mean_number_swaps": 3.9, "drone_utilization": 1.0, "total_number_parcel_handover": 6, "mean_number_parcel_handover": 0.4, "execution_time": 198.47969126701355}