{"completion_time": 10500.623583007751, "mean_schedule_time": 4492.499862483008, "mean_flight_time": 4349.999862483009, "mean_swap_time": 142.5, "mean_idle_time": -9.094947017729282e-13, "mean_delivery_time": 4238.60132746588, "mean_schedule_distance": 30449.999037381054, "mean_schedule_energy": 2.422185423487762, "mean_number_swaps": 2.375, "drone_utilization": 1.0, "execution_time": 3.717667579650879}