{"completion_time": 10850.046382265444, "mean_schedule_time": 9307.044592257522, "mean_flight_time": 8144.948663756578, "mean_swap_time": 328.0, "mean_idle_time": 834.095928500943, "mean_delivery_time": 6823.200383906434, "mean_schedule_distance": 57014.64064629601, "mean_schedule_energy": 4.6002913069001865, "mean_number_swaps": 5.466666666666667, "drone_utilization": 1.0, "execution_time": 3093.6945757865906}