{"completion_time": 5907.519665210855, "mean_delivery_time": 2631.072276815295, "total_distance": 750712.7111918585, "consumed_energy": 63.39660643830699, "execution_time": 46.80089473724365}