{"completion_time": 7222.68856633494, "mean_schedule_time": 4533.896741459423, "mean_flight_time": 3986.081191970336, "mean_swap_time": 138.0, "mean_idle_time": 409.81554948908706, "mean_delivery_time": 4585.81102653518, "mean_schedule_distance": 27902.568343792344, "mean_schedule_energy": 2.311740749720958, "mean_number_swaps": 2.3, "drone_utilization": 0.95, "total_number_parcel_handover": 4, "mean_number_parcel_handover": 0.2, "execution_time": 789.1003379821777}