{"completion_time": 2186.777439779642, "mean_delivery_time": 1705.008696086303, "total_distance": 348852.38571177213, "consumed_energy": 28.69544705236669, "execution_time": 186.8162169456482}