{"completion_time": 4373.554879559284, "mean_schedule_time": 2092.6082950374434, "mean_flight_time": 1916.7713500646814, "mean_swap_time": 57.69230769230769, "mean_idle_time": 118.14463728045439, "mean_delivery_time": 3322.017392172606, "mean_schedule_distance": 13417.399450452775, "mean_schedule_energy": 1.1036710404756418, "mean_number_swaps": 0.9615384615384616, "drone_utilization": 0.6538461538461539, "execution_time": 195.63267970085144}