{"completion_time": 3662.979424004502, "mean_schedule_time": 826.1662904214969, "mean_flight_time": 683.7107692464851, "mean_swap_time": 13.636363636363637, "mean_idle_time": 128.81915753864814, "mean_delivery_time": 2539.3882160398325, "mean_schedule_distance": 4785.975384725395, "mean_schedule_energy": 0.38010031630632835, "mean_number_swaps": 0.22727272727272727, "drone_utilization": 0.36363636363636365, "total_number_parcel_handover": 3, "mean_number_parcel_handover": 0.6, "execution_time": 16.223581790924072}