{"completion_time": 6495.222934160992, "mean_schedule_time": 2262.584026358752, "mean_flight_time": 2195.084026358751, "mean_swap_time": 67.5, "mean_idle_time": 9.094947017729282e-13, "mean_delivery_time": 2811.0583970217513, "mean_schedule_distance": 15365.588184511254, "mean_schedule_energy": 1.3624744843683418, "mean_number_swaps": 1.125, "drone_utilization": 0.7916666666666666, "total_number_parcel_handover": 0, "mean_number_parcel_handover": 0.0, "execution_time": 33.103702545166016}