{"completion_time": 6499.073076324051, "mean_schedule_time": 3552.990345184797, "mean_flight_time": 3447.9903451847968, "mean_swap_time": 105.0, "mean_idle_time": 4.547473508864641e-13, "mean_delivery_time": 3314.973307991244, "mean_schedule_distance": 24135.93241629358, "mean_schedule_energy": 2.0288873991253698, "mean_number_swaps": 1.75, "drone_utilization": 1.0, "execution_time": 0.4303395748138428}