{"completion_time": 6457.091060617488, "mean_schedule_time": 4356.07738776557, "mean_flight_time": 3655.4409269591474, "mean_swap_time": 128.1818181818182, "mean_idle_time": 572.4546426246047, "mean_delivery_time": 4031.777965874869, "mean_schedule_distance": 25588.086488714034, "mean_schedule_energy": 2.1905764250740773, "mean_number_swaps": 2.1363636363636362, "drone_utilization": 0.9545454545454546, "execution_time": 5710.529806137085}