{"completion_time": 5431.2600273329535, "mean_schedule_time": 1424.0473027326943, "mean_flight_time": 1380.8473027326947, "mean_swap_time": 43.2, "mean_idle_time": -4.547473508864641e-13, "mean_delivery_time": 2966.7652140264468, "mean_schedule_distance": 9665.93111912886, "mean_schedule_energy": 0.8655691400884659, "mean_number_swaps": 0.72, "drone_utilization": 0.48, "execution_time": 16.672474145889282}