{"completion_time": 2284.308553990494, "mean_delivery_time": 1364.9195561734807, "total_distance": 113548.32717463412, "consumed_energy": 9.780289883834492, "execution_time": 10.51572847366333}