{"completion_time": 4150.458410400766, "mean_delivery_time": 1945.6856048838124, "total_distance": 280224.3335358906, "consumed_energy": 23.48277771615566, "execution_time": 6.534820318222046}