{"completion_time": 7621.648711718206, "mean_schedule_time": 5254.933547847559, "mean_flight_time": 5067.433547847558, "mean_swap_time": 187.5, "mean_idle_time": 9.094947017729282e-13, "mean_delivery_time": 4667.928637200915, "mean_schedule_distance": 35472.03483493289, "mean_schedule_energy": 2.9645621530922015, "mean_number_swaps": 3.125, "drone_utilization": 1.0, "total_number_parcel_handover": 0, "mean_number_parcel_handover": 0.0, "execution_time": 3.5215182304382324}