{"completion_time": 7467.567910396114, "mean_schedule_time": 2938.4164739141306, "mean_flight_time": 2363.3719262153354, "mean_swap_time": 73.63636363636364, "mean_idle_time": 501.4081840624317, "mean_delivery_time": 3361.0004272830693, "mean_schedule_distance": 16543.603483507344, "mean_schedule_energy": 1.4215926138812849, "mean_number_swaps": 1.2272727272727273, "drone_utilization": 0.8181818181818182, "total_number_parcel_handover": 6, "mean_number_parcel_handover": 0.4, "execution_time": 893.7078533172607}