{"completion_time": 3763.783955198057, "mean_delivery_time": 1722.5002136415346, "total_distance": 371742.1114682713, "consumed_energy": 31.74200759525485, "execution_time": 560.5869832038879}