{"completion_time": 2390.6611002679133, "mean_delivery_time": 1330.099296447908, "total_distance": 283493.17660751473, "consumed_energy": 22.982945753322976, "execution_time": 89.4623076915741}