{"completion_time": 4781.322200535827, "mean_schedule_time": 1564.4667807498085, "mean_flight_time": 1389.9909141677758, "mean_swap_time": 32.0, "mean_idle_time": 142.47586658203272, "mean_delivery_time": 2766.940900672585, "mean_schedule_distance": 9729.936399174427, "mean_schedule_energy": 0.7829999598917255, "mean_number_swaps": 0.5333333333333333, "drone_utilization": 0.5666666666666667, "execution_time": 181.6491096019745}