{"completion_time": 24159.809822550087, "mean_schedule_time": 23523.64638794896, "mean_flight_time": 22467.646387948946, "mean_swap_time": 1056.0, "mean_idle_time": 1.4551915228366852e-11, "mean_delivery_time": 10881.621722504771, "mean_schedule_distance": 157273.52471564274, "mean_schedule_energy": 13.227960884439138, "mean_number_swaps": 17.6, "drone_utilization": 1.0, "execution_time": 4907.365635633469}