{"completion_time": 17190.894201798146, "mean_schedule_time": 10200.433281633674, "mean_flight_time": 9780.433281633677, "mean_swap_time": 420.0, "mean_idle_time": -3.637978807091713e-12, "mean_delivery_time": 6415.355480945553, "mean_schedule_distance": 68463.03297143572, "mean_schedule_energy": 5.795751516946785, "mean_number_swaps": 7.0, "drone_utilization": 1.0, "execution_time": 1.9214589595794678}