{"completion_time": 3328.405637912085, "mean_delivery_time": 2328.808148324146, "total_distance": 82603.58704229357, "consumed_energy": 6.8953582360750705, "execution_time": 28800.725735902786}