{"completion_time": 6240.536112224208, "mean_schedule_time": 2715.344470047063, "mean_flight_time": 1867.440733536463, "mean_swap_time": 50.0, "mean_idle_time": 797.9037365106001, "mean_delivery_time": 4023.643983983915, "mean_schedule_distance": 13072.08513475524, "mean_schedule_energy": 1.0312235003770187, "mean_number_swaps": 0.8333333333333334, "drone_utilization": 0.6666666666666666, "execution_time": 11.587271213531494}