{"completion_time": 3120.268056112104, "mean_delivery_time": 2053.8219919919575, "total_distance": 156865.02161706288, "consumed_energy": 12.374682004524225, "execution_time": 9.160884380340576}