{"completion_time": 12843.43019681921, "mean_schedule_time": 9646.057157771802, "mean_flight_time": 9262.0571577718, "mean_swap_time": 384.0, "mean_idle_time": 1.8189894035458565e-12, "mean_delivery_time": 6185.40162426989, "mean_schedule_distance": 64834.40010440261, "mean_schedule_energy": 4.961138643766634, "mean_number_swaps": 6.4, "drone_utilization": 1.0, "execution_time": 4.047588586807251}