{"completion_time": 3480.049836352056, "mean_delivery_time": 2714.01881202774, "total_distance": 289473.726292582, "consumed_energy": 22.18171083215803, "execution_time": 498.7797746658325}