{"completion_time": 19091.10569320016, "mean_schedule_time": 14096.631111747824, "mean_flight_time": 13544.631111747824, "mean_swap_time": 552.0, "mean_idle_time": 0.0, "mean_delivery_time": 7142.814179086582, "mean_schedule_distance": 94812.41778223468, "mean_schedule_energy": 7.475869447365345, "mean_number_swaps": 9.2, "drone_utilization": 1.0, "execution_time": 10.158734321594238}