{"completion_time": 4941.548262950051, "mean_schedule_time": 2577.334624133513, "mean_flight_time": 2414.771820591736, "mean_swap_time": 70.71428571428571, "mean_idle_time": 91.84851782749138, "mean_delivery_time": 3445.6893348132894, "mean_schedule_distance": 16903.402744142142, "mean_schedule_energy": 1.3786689181774519, "mean_number_swaps": 1.1785714285714286, "drone_utilization": 0.75, "total_number_parcel_handover": 2, "mean_number_parcel_handover": 0.1, "execution_time": 219.27224469184875}