{"completion_time": 9779.976291080377, "mean_delivery_time": 4735.5998045496635, "total_distance": 600416.3172772329, "consumed_energy": 49.92612874509658, "execution_time": 100.56818079948425}