{"completion_time": 4452.65241419756, "mean_delivery_time": 2674.5621111212417, "total_distance": 715351.0043198104, "consumed_energy": 55.81830967213707, "execution_time": 1453.2620434761047}