{"completion_time": 1002.3230452018561, "execution_time": 0.0001926422119140625}