{"1": [{"x": 1, "y": 2, "a": 0, "tau": 471.161522600928}, {"x": 2, "y": 2, "a": -1, "tau": 531.161522600928}, {"x": 2, "y": 1, "a": 2, "tau": 1002.3230452018561}], "2": [{"x": 2, "y": 1, "a": 1, "tau": 471.161522600928}]}