{"completion_time": 748.7791841274013, "execution_time": 0.0007843971252441406}