{"completion_time": 9511.424597910624, "mean_schedule_time": 7300.312013184215, "mean_flight_time": 6332.969900389159, "mean_swap_time": 258.0, "mean_idle_time": 709.342112795056, "mean_delivery_time": 5627.19626831449, "mean_schedule_distance": 44330.789302724086, "mean_schedule_energy": 3.845743823587333, "mean_number_swaps": 4.3, "drone_utilization": 1.0, "execution_time": 1764.2997772693634}