{"completion_time": 4436.730942602275, "mean_schedule_time": 1314.0824135265702, "mean_flight_time": 1264.0824135265705, "mean_swap_time": 50.0, "mean_idle_time": -2.2737367544323206e-13, "mean_delivery_time": 3153.7977924637685, "mean_schedule_distance": 8848.576894685993, "mean_schedule_energy": 0.7553383735857032, "mean_number_swaps": 0.8333333333333334, "drone_utilization": 0.4166666666666667, "execution_time": 1.6826856136322021}