{"completion_time": 21194.926691039935, "mean_schedule_time": 20962.92186141947, "mean_flight_time": 20010.58312055139, "mean_swap_time": 924.0, "mean_idle_time": 28.338740868079185, "mean_delivery_time": 10420.945642722018, "mean_schedule_distance": 140074.0818438598, "mean_schedule_energy": 11.675590186781951, "mean_number_swaps": 15.4, "drone_utilization": 1.0, "execution_time": 1634.5222554206848}