{"completion_time": 5422.266564016443, "mean_schedule_time": 806.1391887225021, "mean_flight_time": 779.139188722502, "mean_swap_time": 27.0, "mean_idle_time": 1.1368683772161603e-13, "mean_delivery_time": 4030.6959436125107, "mean_schedule_distance": 5453.974321057516, "mean_schedule_energy": 0.43308774295238883, "mean_number_swaps": 0.45, "drone_utilization": 0.2, "execution_time": 1.2752413749694824}