{"completion_time": 3763.783955198057, "mean_delivery_time": 2102.3509356450277, "total_distance": 249040.67690609157, "consumed_energy": 20.23330570713095, "execution_time": 29.377207040786743}