{"completion_time": 4594.320837166964, "mean_schedule_time": 2749.847036647785, "mean_flight_time": 2350.32541935796, "mean_swap_time": 54.0, "mean_idle_time": 345.5216172898249, "mean_delivery_time": 3527.1635605045417, "mean_schedule_distance": 16452.27793550572, "mean_schedule_energy": 1.2217129528408548, "mean_number_swaps": 0.9, "drone_utilization": 0.8, "execution_time": 47.35734415054321}