{"completion_time": 2543.163919614327, "execution_time": 1.0292723178863525}