{"completion_time": 3537.9033809197304, "mean_schedule_time": 584.7186348635801, "mean_flight_time": 500.379154639453, "mean_swap_time": 8.0, "mean_idle_time": 76.33948022412704, "mean_delivery_time": 2191.939221263084, "mean_schedule_distance": 3502.6540824761705, "mean_schedule_energy": 0.2598476311166052, "mean_number_swaps": 0.13333333333333333, "drone_utilization": 0.26666666666666666, "execution_time": 2.1133627891540527}