{"completion_time": 1294.4456838471194, "execution_time": 86.15497899055481}