{"completion_time": 5657.907803759033, "mean_schedule_time": 4493.322789637371, "mean_flight_time": 4323.322789637372, "mean_swap_time": 170.0, "mean_idle_time": -9.094947017729282e-13, "mean_delivery_time": 5391.987347564846, "mean_schedule_distance": 30263.2595274616, "mean_schedule_energy": 2.562257254501898, "mean_number_swaps": 2.8333333333333335, "drone_utilization": 0.8333333333333334, "execution_time": 33.51357388496399}