{"completion_time": 7498.8247112661475, "mean_schedule_time": 5652.076517672369, "mean_flight_time": 4944.302423037907, "mean_swap_time": 210.0, "mean_idle_time": 497.774094634462, "mean_delivery_time": 4294.175523074677, "mean_schedule_distance": 34610.11696126533, "mean_schedule_energy": 3.0662930565544184, "mean_number_swaps": 3.5, "drone_utilization": 1.0, "execution_time": 127.5631947517395}