{"completion_time": 7417.093956353379, "mean_schedule_time": 6733.754278426952, "mean_flight_time": 6327.637631323787, "mean_swap_time": 246.0, "mean_idle_time": 160.11664710316472, "mean_delivery_time": 5090.038844619919, "mean_schedule_distance": 44293.46341926653, "mean_schedule_energy": 3.706312289638851, "mean_number_swaps": 4.1, "drone_utilization": 1.0, "execution_time": 797.4576780796051}