{"completion_time": 6352.849518852574, "mean_schedule_time": 5919.968653097898, "mean_flight_time": 5400.096224301602, "mean_swap_time": 200.0, "mean_idle_time": 319.87242879629594, "mean_delivery_time": 5114.55931200435, "mean_schedule_distance": 37800.673570111205, "mean_schedule_energy": 3.10585644541095, "mean_number_swaps": 3.3333333333333335, "drone_utilization": 1.0, "execution_time": 8222.980242013931}