{"completion_time": 5152.608660385484, "mean_schedule_time": 2038.417183486675, "mean_flight_time": 1787.1201222228606, "mean_swap_time": 48.0, "mean_idle_time": 203.29706126381438, "mean_delivery_time": 2880.4450567601107, "mean_schedule_distance": 12509.840855560025, "mean_schedule_energy": 1.0817146743666115, "mean_number_swaps": 0.8, "drone_utilization": 0.68, "execution_time": 1068.2636864185333}