{"completion_time": 5872.072671577491, "mean_schedule_time": 4182.47410108244, "mean_flight_time": 3828.2236825018063, "mean_swap_time": 90.0, "mean_idle_time": 264.2504185806338, "mean_delivery_time": 4008.0995270807775, "mean_schedule_distance": 26797.565777512646, "mean_schedule_energy": 1.9337639797101427, "mean_number_swaps": 1.5, "drone_utilization": 1.0, "total_number_parcel_handover": 2, "mean_number_parcel_handover": 0.4, "execution_time": 0.29512500762939453}