{"completion_time": 21834.90376763187, "mean_schedule_time": 16463.69210548221, "mean_flight_time": 15767.692105482212, "mean_swap_time": 696.0, "mean_idle_time": -3.637978807091713e-12, "mean_delivery_time": 8142.947493252589, "mean_schedule_distance": 110373.84473837547, "mean_schedule_energy": 9.147736293515921, "mean_number_swaps": 11.6, "drone_utilization": 1.0, "execution_time": 11.592678546905518}