{"completion_time": 4486.566732042604, "mean_schedule_time": 2195.6051906814046, "mean_flight_time": 2003.5881838863188, "mean_swap_time": 69.6, "mean_idle_time": 122.41700679508585, "mean_delivery_time": 3357.667848777722, "mean_schedule_distance": 14025.11728720423, "mean_schedule_energy": 1.2805011875837211, "mean_number_swaps": 1.16, "drone_utilization": 0.68, "execution_time": 157.49726057052612}