{"completion_time": 7939.45604760658, "mean_schedule_time": 1728.0975003564715, "mean_flight_time": 1662.097500356472, "mean_swap_time": 66.0, "mean_idle_time": -4.547473508864641e-13, "mean_delivery_time": 4320.243750891179, "mean_schedule_distance": 11634.682502495303, "mean_schedule_energy": 1.003706276306434, "mean_number_swaps": 1.1, "drone_utilization": 0.4, "execution_time": 0.6908137798309326}