{"completion_time": 2352.6475470526652, "mean_delivery_time": 1052.3667239062902, "total_distance": 112825.07307750452, "consumed_energy": 9.734727833006062, "execution_time": 9.03286337852478}