{"completion_time": 1519.8876220689472, "execution_time": 39.658385038375854}