{"completion_time": 1519.8876220689472, "execution_time": 41.96464800834656}