{"completion_time": 10212.96681446441, "mean_delivery_time": 4837.501730574289, "total_distance": 637763.644392313, "consumed_energy": 54.341631622796434, "execution_time": 681.9164273738861}