{"completion_time": 19756.50956043888, "mean_schedule_time": 19376.133827676167, "mean_flight_time": 18500.133827676174, "mean_swap_time": 876.0, "mean_idle_time": -7.275957614183426e-12, "mean_delivery_time": 9385.808298623322, "mean_schedule_distance": 129500.93679373316, "mean_schedule_energy": 10.960325610489383, "mean_number_swaps": 14.6, "drone_utilization": 1.0, "execution_time": 838.7596349716187}