{"completion_time": 6888.589453474462, "mean_schedule_time": 3697.7389370321443, "mean_flight_time": 3573.738937032144, "mean_swap_time": 124.0, "mean_idle_time": 4.547473508864641e-13, "mean_delivery_time": 3112.640644846872, "mean_schedule_distance": 25016.172559225008, "mean_schedule_energy": 2.0965887489861683, "mean_number_swaps": 2.066666666666667, "drone_utilization": 1.0, "execution_time": 25.22731637954712}