{"completion_time": 5558.0798541160675, "mean_schedule_time": 2994.0138612972296, "mean_flight_time": 2673.7734516993874, "mean_swap_time": 90.0, "mean_idle_time": 230.24040959784224, "mean_delivery_time": 3492.996557661705, "mean_schedule_distance": 18716.414161895726, "mean_schedule_energy": 1.6476281689780121, "mean_number_swaps": 1.5, "drone_utilization": 0.8, "execution_time": 445.7200436592102}