{"completion_time": 928.684297828466, "execution_time": 0.00025844573974609375}