{"completion_time": 475.92453247487674, "execution_time": 0.0002827644348144531}