{"1": [{"x": 1, "y": 3, "a": 2, "tau": 452.75976535358933}], "2": [], "3": [{"x": 3, "y": 2, "a": 1, "tau": 475.92453247487674}]}