{"1": [{"x": 1, "y": 3, "a": 2, "tau": 452.75976535358933}, {"x": 3, "y": 2, "a": 1, "tau": 928.684297828466}], "2": [], "3": []}