{"completion_time": 18010.73516576213, "mean_schedule_time": 17824.291238369522, "mean_flight_time": 17022.913756640606, "mean_swap_time": 768.0, "mean_idle_time": 33.37748172891588, "mean_delivery_time": 8805.927710038646, "mean_schedule_distance": 119160.39629648424, "mean_schedule_energy": 9.76439436253739, "mean_number_swaps": 12.8, "drone_utilization": 1.0, "execution_time": 212.90638184547424}