{"completion_time": 8410.65211096162, "mean_schedule_time": 8074.955686935099, "mean_flight_time": 7769.434844943826, "mean_swap_time": 290.0, "mean_idle_time": 15.5208419912733, "mean_delivery_time": 4744.012677214254, "mean_schedule_distance": 54386.043914606766, "mean_schedule_energy": 4.180447078387187, "mean_number_swaps": 4.833333333333333, "drone_utilization": 1.0, "execution_time": 417.39222383499146}