{"completion_time": 7467.567910396114, "mean_schedule_time": 2519.151126268931, "mean_flight_time": 1993.7234774198848, "mean_swap_time": 64.8, "mean_idle_time": 460.6276488490462, "mean_delivery_time": 3482.044438561317, "mean_schedule_distance": 13956.064341939193, "mean_schedule_energy": 1.2092351273927568, "mean_number_swaps": 1.08, "drone_utilization": 0.68, "execution_time": 1235.6974835395813}