{"completion_time": 9702.051105006509, "mean_schedule_time": 6270.631419919798, "mean_flight_time": 5820.0720148290075, "mean_swap_time": 264.0, "mean_idle_time": 186.55940509079028, "mean_delivery_time": 5191.033978952784, "mean_schedule_distance": 40740.50410380305, "mean_schedule_energy": 3.4733709069231695, "mean_number_swaps": 4.4, "drone_utilization": 1.0, "execution_time": 10.47879147529602}