{"completion_time": 5061.025552503254, "mean_delivery_time": 2700.516989476392, "total_distance": 203702.52051901523, "consumed_energy": 17.366854534615847, "execution_time": 8.981669187545776}