{"completion_time": 4205.964284491978, "mean_schedule_time": 723.194239437838, "mean_flight_time": 653.3155824958208, "mean_swap_time": 12.0, "mean_idle_time": 57.87865694201719, "mean_delivery_time": 3063.2907757367893, "mean_schedule_distance": 4573.209077470744, "mean_schedule_energy": 0.37421971534837667, "mean_number_swaps": 0.2, "drone_utilization": 0.28, "execution_time": 24.28174066543579}