{"completion_time": 10381.045110449119, "mean_delivery_time": 4994.320805596178, "total_distance": 252731.17894889505, "consumed_energy": 21.134102600784377, "execution_time": 0.940087080001831}