{"completion_time": 7826.254061055414, "mean_schedule_time": 6890.617510625826, "mean_flight_time": 6009.229538411941, "mean_swap_time": 216.0, "mean_idle_time": 665.3879722138854, "mean_delivery_time": 5165.600299688358, "mean_schedule_distance": 42064.60676888358, "mean_schedule_energy": 3.168578450671139, "mean_number_swaps": 3.6, "drone_utilization": 1.0, "execution_time": 9.56985068321228}