{"completion_time": 10368.08157355422, "mean_schedule_time": 5410.982782169101, "mean_flight_time": 5223.482782169101, "mean_swap_time": 187.5, "mean_idle_time": 0.0, "mean_delivery_time": 4016.7841753491407, "mean_schedule_distance": 36564.379475183705, "mean_schedule_energy": 2.935236958370525, "mean_number_swaps": 3.125, "drone_utilization": 1.0, "execution_time": 9.188404083251953}