{"completion_time": 6155.291286728202, "mean_schedule_time": 5452.631379942968, "mean_flight_time": 4983.023734145111, "mean_swap_time": 171.0, "mean_idle_time": 298.607645797857, "mean_delivery_time": 4684.317546544094, "mean_schedule_distance": 34881.16613901576, "mean_schedule_energy": 2.7662608288020767, "mean_number_swaps": 2.85, "drone_utilization": 1.0, "execution_time": 631.8383028507233}