{"completion_time": 8550.89366307967, "mean_schedule_time": 7878.366150259203, "mean_flight_time": 7088.194941863002, "mean_swap_time": 300.0, "mean_idle_time": 490.1712083962011, "mean_delivery_time": 5751.969229653781, "mean_schedule_distance": 49617.364593041035, "mean_schedule_energy": 4.26495782534667, "mean_number_swaps": 5.0, "drone_utilization": 1.0, "total_number_parcel_handover": 4, "mean_number_parcel_handover": 0.4, "execution_time": 75.99617457389832}