{"completion_time": 5819.695311041272, "mean_schedule_time": 1815.4119928834377, "mean_flight_time": 1521.9739060843428, "mean_swap_time": 40.90909090909091, "mean_idle_time": 252.5289958900039, "mean_delivery_time": 3096.5459753786404, "mean_schedule_distance": 10653.8173425904, "mean_schedule_energy": 0.8928122990717824, "mean_number_swaps": 0.6818181818181818, "drone_utilization": 0.5909090909090909, "total_number_parcel_handover": 2, "mean_number_parcel_handover": 0.2, "execution_time": 83.86058783531189}