{"completion_time": 4613.345902469695, "mean_schedule_time": 1359.3953739210065, "mean_flight_time": 1241.9658404646743, "mean_swap_time": 36.0, "mean_idle_time": 81.42953345633214, "mean_delivery_time": 2985.2129859358984, "mean_schedule_distance": 8693.760883252717, "mean_schedule_energy": 0.7551744166104173, "mean_number_swaps": 0.6, "drone_utilization": 0.48, "execution_time": 35.72059345245361}