{"completion_time": 7998.220665274397, "mean_schedule_time": 7327.270698334935, "mean_flight_time": 6968.689381198838, "mean_swap_time": 300.0, "mean_idle_time": 58.581317136096914, "mean_delivery_time": 5241.546268049392, "mean_schedule_distance": 48780.825668391815, "mean_schedule_energy": 4.275507366228236, "mean_number_swaps": 5.0, "drone_utilization": 1.0, "execution_time": 3970.061459302902}