{"completion_time": 28725.129895437116, "mean_schedule_time": 26364.53902458411, "mean_flight_time": 25314.539024584108, "mean_swap_time": 1050.0, "mean_idle_time": 3.637978807091713e-12, "mean_delivery_time": 14091.56767854575, "mean_schedule_distance": 177201.7731720887, "mean_schedule_energy": 13.648607080196625, "mean_number_swaps": 17.5, "drone_utilization": 1.0, "total_number_parcel_handover": 0, "mean_number_parcel_handover": 0.0, "execution_time": 1.0021295547485352}