{"completion_time": 9089.343483033806, "mean_schedule_time": 8809.076044886338, "mean_flight_time": 8357.978255219192, "mean_swap_time": 330.0, "mean_idle_time": 121.09778966714657, "mean_delivery_time": 6255.260675005829, "mean_schedule_distance": 58505.84778653435, "mean_schedule_energy": 4.610956565319231, "mean_number_swaps": 5.5, "drone_utilization": 1.0, "execution_time": 266.19752621650696}