{"completion_time": 4694.671741516903, "mean_delivery_time": 3225.6303375029147, "total_distance": 468046.7822922748, "consumed_energy": 36.88765252255385, "execution_time": 211.22344517707825}