{"completion_time": 3836.1905185625815, "mean_delivery_time": 2939.5008933197323, "total_distance": 299496.4349934783, "consumed_energy": 26.91580422360626, "execution_time": 23.652169227600098}