{"completion_time": 3811.7571174074437, "mean_delivery_time": 2574.2804400131104, "total_distance": 787054.324876415, "consumed_energy": 64.41284091757451, "execution_time": 711.9136159420013}