{"completion_time": 13648.682795955718, "mean_schedule_time": 13056.90576447131, "mean_flight_time": 11835.210053517476, "mean_swap_time": 522.0, "mean_idle_time": 699.6957109538344, "mean_delivery_time": 7654.892387152471, "mean_schedule_distance": 82846.4703746224, "mean_schedule_energy": 7.049126765397633, "mean_number_swaps": 8.7, "drone_utilization": 1.0, "execution_time": 2735.2787568569183}