{"completion_time": 3152.2135708467813, "mean_delivery_time": 2013.53615085125, "total_distance": 265095.06111917493, "consumed_energy": 20.775455327175, "execution_time": 0.4465327262878418}