{"completion_time": 5553.876774929229, "mean_schedule_time": 5003.064920396544, "mean_flight_time": 4699.12478286927, "mean_swap_time": 192.0, "mean_idle_time": 111.94013752727369, "mean_delivery_time": 3459.147450596415, "mean_schedule_distance": 32893.87348008487, "mean_schedule_energy": 2.787656851417653, "mean_number_swaps": 3.2, "drone_utilization": 1.0, "execution_time": 91.57149767875671}