{"completion_time": 9108.262764986728, "mean_schedule_time": 6810.60799518127, "mean_flight_time": 5874.915319277141, "mean_swap_time": 231.0, "mean_idle_time": 704.6926759041289, "mean_delivery_time": 5641.9094620438, "mean_schedule_distance": 41124.40723494002, "mean_schedule_energy": 3.429580182600591, "mean_number_swaps": 3.85, "drone_utilization": 1.0, "execution_time": 1319.4005670547485}