{"completion_time": 13593.212463439038, "mean_schedule_time": 8736.655573125785, "mean_flight_time": 8392.655573125787, "mean_swap_time": 344.0, "mean_idle_time": -1.8189894035458565e-12, "mean_delivery_time": 5794.581204307675, "mean_schedule_distance": 58748.589011880445, "mean_schedule_energy": 5.026826271723981, "mean_number_swaps": 5.733333333333333, "drone_utilization": 1.0, "execution_time": 33.422356367111206}