{"completion_time": 3135.920655965822, "mean_delivery_time": 1807.8215183481288, "total_distance": 494589.8019725092, "consumed_energy": 43.301900241641135, "execution_time": 214.3419008255005}