{"completion_time": 12193.240408634976, "mean_schedule_time": 11143.098039476661, "mean_flight_time": 10479.696518966459, "mean_swap_time": 450.0, "mean_idle_time": 213.40152051020232, "mean_delivery_time": 6711.120739948701, "mean_schedule_distance": 73357.8756327652, "mean_schedule_energy": 5.871866657575765, "mean_number_swaps": 7.5, "drone_utilization": 1.0, "execution_time": 208.51305294036865}