{"completion_time": 6311.2138185844, "mean_schedule_time": 1981.0976739681919, "mean_flight_time": 1553.6193151445023, "mean_swap_time": 50.0, "mean_idle_time": 377.47835882368963, "mean_delivery_time": 3825.867792339746, "mean_schedule_distance": 10875.335206011518, "mean_schedule_energy": 0.9185030121012447, "mean_number_swaps": 0.8333333333333334, "drone_utilization": 0.5, "total_number_parcel_handover": 5, "mean_number_parcel_handover": 0.5, "execution_time": 113.47500038146973}