{"completion_time": 4847.791338929941, "mean_schedule_time": 2440.700758646209, "mean_flight_time": 2155.114063507191, "mean_swap_time": 54.0, "mean_idle_time": 231.58669513901805, "mean_delivery_time": 3285.687289460429, "mean_schedule_distance": 15085.798444550335, "mean_schedule_energy": 1.2448978591677924, "mean_number_swaps": 0.9, "drone_utilization": 0.7666666666666667, "execution_time": 233.3345067501068}