{"completion_time": 4463.259599105048, "mean_delivery_time": 2450.4194607217696, "total_distance": 685561.7241979731, "consumed_energy": 58.55395097997056, "execution_time": 632.1282169818878}