{"completion_time": 10670.928667523056, "mean_schedule_time": 10096.773623136387, "mean_flight_time": 9499.088095438294, "mean_swap_time": 438.0, "mean_idle_time": 159.6855276980932, "mean_delivery_time": 6093.4442948478145, "mean_schedule_distance": 66493.61666806808, "mean_schedule_energy": 5.529943805003272, "mean_number_swaps": 7.3, "drone_utilization": 1.0, "execution_time": 4148.020347595215}