{"1": [{"x": 2, "y": 4, "a": 1, "tau": 486.6097283895072}], "2": [], "3": [{"x": 2, "y": 1, "a": 3, "tau": 557.2257429815876}, {"x": 1, "y": 1, "a": -1, "tau": 617.2257429815876}, {"x": 1, "y": 5, "a": 3, "tau": 1148.4599612624029}], "4": [{"x": 1, "y": 5, "a": 2, "tau": 531.2342182808153}]}