{"completion_time": 5493.852528302802, "mean_schedule_time": 3236.2380596565463, "mean_flight_time": 2340.8976783851067, "mean_swap_time": 60.0, "mean_idle_time": 835.3403812714396, "mean_delivery_time": 4198.313685614577, "mean_schedule_distance": 16386.28374869575, "mean_schedule_energy": 1.3054924532847296, "mean_number_swaps": 1.0, "drone_utilization": 0.8, "execution_time": 1.0394806861877441}