{"completion_time": 8747.35482508381, "mean_schedule_time": 6908.402627108298, "mean_flight_time": 6595.3127242853025, "mean_swap_time": 268.0, "mean_idle_time": 45.0899028229951, "mean_delivery_time": 4657.219377903754, "mean_schedule_distance": 46167.18906999714, "mean_schedule_energy": 3.8552879686286543, "mean_number_swaps": 4.466666666666667, "drone_utilization": 1.0, "execution_time": 648.6559083461761}