{"completion_time": 2940.6107833690403, "mean_delivery_time": 1656.7474521367865, "total_distance": 197584.27173232535, "consumed_energy": 15.96899541740435, "execution_time": 127.74163842201233}