{"completion_time": 5595.235259517608, "mean_schedule_time": 2794.3022167558966, "mean_flight_time": 2526.4779563524744, "mean_swap_time": 72.0, "mean_idle_time": 195.82426040342216, "mean_delivery_time": 3459.1819957300363, "mean_schedule_distance": 17685.34569446732, "mean_schedule_energy": 1.4065998044900154, "mean_number_swaps": 1.2, "drone_utilization": 0.75, "execution_time": 186.79011011123657}