{"completion_time": 6016.720803032732, "mean_schedule_time": 4641.432730335596, "mean_flight_time": 4418.537058967687, "mean_swap_time": 147.0, "mean_idle_time": 75.89567136790902, "mean_delivery_time": 4194.040113241946, "mean_schedule_distance": 30929.759412773805, "mean_schedule_energy": 2.468384958549902, "mean_number_swaps": 2.45, "drone_utilization": 1.0, "execution_time": 339.8651387691498}