{"completion_time": 11967.21677386823, "mean_schedule_time": 11885.55147779896, "mean_flight_time": 11405.55147779896, "mean_swap_time": 480.0, "mean_idle_time": 0.0, "mean_delivery_time": 8159.661197404634, "mean_schedule_distance": 79838.86034459273, "mean_schedule_energy": 6.326537724438043, "mean_number_swaps": 8.0, "drone_utilization": 1.0, "total_number_parcel_handover": 1, "mean_number_parcel_handover": 0.2, "execution_time": 1.9729945659637451}