{"completion_time": 9488.617622411679, "mean_schedule_time": 8915.215000664231, "mean_flight_time": 7720.998147393509, "mean_swap_time": 330.0, "mean_idle_time": 864.2168532707228, "mean_delivery_time": 6242.1359714599275, "mean_schedule_distance": 54046.987031754536, "mean_schedule_energy": 4.586314677181154, "mean_number_swaps": 5.5, "drone_utilization": 1.0, "execution_time": 4059.5926094055176}