{"completion_time": 12136.667346653423, "mean_schedule_time": 11744.862935796187, "mean_flight_time": 11288.862935796189, "mean_swap_time": 456.0, "mean_idle_time": -1.8189894035458565e-12, "mean_delivery_time": 7492.180217623486, "mean_schedule_distance": 79022.04055057332, "mean_schedule_energy": 6.096681590946779, "mean_number_swaps": 7.6, "drone_utilization": 1.0, "execution_time": 60.902305603027344}