{"completion_time": 6254.150127131734, "mean_schedule_time": 1944.8343357581118, "mean_flight_time": 1622.4691048505047, "mean_swap_time": 46.15384615384615, "mean_idle_time": 276.21138475376097, "mean_delivery_time": 3743.5440074159465, "mean_schedule_distance": 11357.283733953529, "mean_schedule_energy": 0.9078695060477275, "mean_number_swaps": 0.7692307692307693, "drone_utilization": 0.5384615384615384, "total_number_parcel_handover": 4, "mean_number_parcel_handover": 0.4, "execution_time": 841.3679800033569}