{"completion_time": 3823.783955198057, "mean_delivery_time": 2181.284747867606, "total_distance": 385899.1742818761, "consumed_energy": 31.60497000722164, "execution_time": 326.21466970443726}