{"completion_time": 7113.809705418483, "mean_schedule_time": 5673.399038929805, "mean_flight_time": 5006.077152586965, "mean_swap_time": 180.0, "mean_idle_time": 487.3218863428401, "mean_delivery_time": 5527.203518026694, "mean_schedule_distance": 35042.54006810879, "mean_schedule_energy": 2.8922092887159097, "mean_number_swaps": 3.0, "drone_utilization": 1.0, "total_number_parcel_handover": 31, "mean_number_parcel_handover": 1.24, "execution_time": 13928.452343940735}