{"completion_time": 6039.531416447228, "mean_schedule_time": 4969.339741576062, "mean_flight_time": 4659.38312269855, "mean_swap_time": 170.0, "mean_idle_time": 139.95661887751157, "mean_delivery_time": 4204.448582223314, "mean_schedule_distance": 32615.681858889864, "mean_schedule_energy": 2.7481118329441885, "mean_number_swaps": 2.8333333333333335, "drone_utilization": 1.0, "execution_time": 341.210205078125}