{"completion_time": 5595.235259517608, "mean_schedule_time": 894.4507024961048, "mean_flight_time": 733.6267700535076, "mean_swap_time": 16.153846153846153, "mean_idle_time": 144.670086288751, "mean_delivery_time": 3057.4796845912474, "mean_schedule_distance": 5135.387390374552, "mean_schedule_energy": 0.3629314612495044, "mean_number_swaps": 0.2692307692307692, "drone_utilization": 0.2692307692307692, "total_number_parcel_handover": 2, "mean_number_parcel_handover": 0.4, "execution_time": 37.46276068687439}