{"completion_time": 7589.8733581885335, "mean_schedule_time": 3927.4987741087252, "mean_flight_time": 3784.1654407753927, "mean_swap_time": 143.33333333333334, "mean_idle_time": -9.094947017729282e-13, "mean_delivery_time": 3799.411404585985, "mean_schedule_distance": 26489.158085427734, "mean_schedule_energy": 2.2379949766746177, "mean_number_swaps": 2.388888888888889, "drone_utilization": 0.9444444444444444, "total_number_parcel_handover": 0, "mean_number_parcel_handover": 0.0, "execution_time": 34.77184009552002}