{"completion_time": 2699.4499798166034, "mean_delivery_time": 1619.022764057028, "total_distance": 369856.03971653816, "consumed_energy": 30.947436056139637, "execution_time": 964.4357178211212}