{"completion_time": 7044.43464676359, "mean_schedule_time": 5104.77124731918, "mean_flight_time": 4149.895441597418, "mean_swap_time": 159.0, "mean_idle_time": 795.8758057217619, "mean_delivery_time": 4469.744685199373, "mean_schedule_distance": 29049.268091181933, "mean_schedule_energy": 2.548082988517129, "mean_number_swaps": 2.65, "drone_utilization": 1.0, "execution_time": 1045.8784437179565}