{"completion_time": 8683.22116344448, "mean_schedule_time": 6616.416847895603, "mean_flight_time": 6087.450206580907, "mean_swap_time": 240.0, "mean_idle_time": 288.96664131469515, "mean_delivery_time": 5408.1897704156845, "mean_schedule_distance": 42612.151446066346, "mean_schedule_energy": 3.5976714822655502, "mean_number_swaps": 4.0, "drone_utilization": 1.0, "execution_time": 4753.2278881073}