{"completion_time": 4530.115500469667, "mean_delivery_time": 2736.217398080295, "total_distance": 417049.93110916123, "consumed_energy": 35.432419821565375, "execution_time": 2660.797035932541}