{"1": [{"x": 1, "y": 3, "a": 2, "tau": 829.5586195806183}, {"x": 3, "y": 3, "a": -1, "tau": 889.5586195806183}, {"x": 3, "y": 2, "a": 1, "tau": 1359.1408204320744}], "2": []}