{"completion_time": 7851.685055999958, "mean_schedule_time": 7341.657244329474, "mean_flight_time": 6760.656271137339, "mean_swap_time": 252.0, "mean_idle_time": 329.00097319213546, "mean_delivery_time": 6085.7430464680565, "mean_schedule_distance": 47324.593897961364, "mean_schedule_energy": 3.65648574943571, "mean_number_swaps": 4.2, "drone_utilization": 1.0, "execution_time": 1483.2390248775482}