{"completion_time": 6469.7475914648985, "mean_schedule_time": 5427.830249681923, "mean_flight_time": 5133.61833131393, "mean_swap_time": 180.0, "mean_idle_time": 114.21191836799335, "mean_delivery_time": 4301.3385896897835, "mean_schedule_distance": 35935.32831919748, "mean_schedule_energy": 2.8414655635060453, "mean_number_swaps": 3.0, "drone_utilization": 1.0, "execution_time": 254.29911851882935}