{"completion_time": 18127.33717444283, "mean_schedule_time": 17333.572564881495, "mean_flight_time": 16623.572564881495, "mean_swap_time": 710.0, "mean_idle_time": 0.0, "mean_delivery_time": 9696.668214984174, "mean_schedule_distance": 116365.00795417042, "mean_schedule_energy": 8.996810469825474, "mean_number_swaps": 11.833333333333334, "drone_utilization": 1.0, "execution_time": 239.39426040649414}