{"completion_time": 8667.724301713995, "mean_schedule_time": 1331.7129823297762, "mean_flight_time": 1289.2129823297755, "mean_swap_time": 42.5, "mean_idle_time": 6.821210263296962e-13, "mean_delivery_time": 3196.111157591463, "mean_schedule_distance": 9024.49087630843, "mean_schedule_energy": 0.6991481153519281, "mean_number_swaps": 0.7083333333333334, "drone_utilization": 0.4166666666666667, "total_number_parcel_handover": 0, "mean_number_parcel_handover": 0.0, "execution_time": 11.376399755477905}