{"completion_time": 4480.036689429869, "mean_schedule_time": 4061.102053021917, "mean_flight_time": 3611.3532790697964, "mean_swap_time": 112.0, "mean_idle_time": 337.7487739521207, "mean_delivery_time": 3824.9305582831657, "mean_schedule_distance": 25279.472953488566, "mean_schedule_energy": 2.0008346905915686, "mean_number_swaps": 1.8666666666666667, "drone_utilization": 1.0, "execution_time": 1033.5171785354614}