{"completion_time": 7988.90637185205, "mean_schedule_time": 5973.529199068881, "mean_flight_time": 5470.480978610541, "mean_swap_time": 210.0, "mean_idle_time": 293.04822045834044, "mean_delivery_time": 4990.306993725367, "mean_schedule_distance": 38293.36685027381, "mean_schedule_energy": 3.26886489284621, "mean_number_swaps": 3.5, "drone_utilization": 1.0, "execution_time": 905.1987528800964}