{"completion_time": 2803.7208808687037, "mean_schedule_time": 420.23315294589725, "mean_flight_time": 391.6823517166452, "mean_swap_time": 7.2, "mean_idle_time": 21.350801229252056, "mean_delivery_time": 2719.0192916327105, "mean_schedule_distance": 2741.7764620165167, "mean_schedule_energy": 0.2188053774608271, "mean_number_swaps": 0.12, "drone_utilization": 0.2, "execution_time": 25.623840808868408}