{"completion_time": 1401.8604404343519, "mean_delivery_time": 1389.5096458163553, "total_distance": 68544.41155041291, "consumed_energy": 5.470134436520677, "execution_time": 21.494718313217163}