{"completion_time": 4160.669238174999, "mean_delivery_time": 3071.8159219500876, "total_distance": 107441.96770343871, "consumed_energy": 7.537707685378924, "execution_time": 0.019534826278686523}