{"completion_time": 2357.540005614375, "mean_delivery_time": 1644.1945669364673, "total_distance": 327631.4094084542, "consumed_energy": 26.32692143639628, "execution_time": 71.93753790855408}