{"completion_time": 12517.511661178942, "mean_schedule_time": 11909.474872923622, "mean_flight_time": 10903.346022700269, "mean_swap_time": 450.0, "mean_idle_time": 556.1288502233529, "mean_delivery_time": 7223.933618078772, "mean_schedule_distance": 76323.42215890196, "mean_schedule_energy": 6.0908788784851815, "mean_number_swaps": 7.5, "drone_utilization": 1.0, "execution_time": 4083.614706516266}