{"completion_time": 7892.284957442287, "mean_schedule_time": 2297.9537899854686, "mean_flight_time": 2217.1845592162376, "mean_swap_time": 80.76923076923077, "mean_idle_time": 0.0, "mean_delivery_time": 3983.1199026414783, "mean_schedule_distance": 15520.291914513658, "mean_schedule_energy": 1.3322871299079952, "mean_number_swaps": 1.3461538461538463, "drone_utilization": 0.5769230769230769, "total_number_parcel_handover": 0, "mean_number_parcel_handover": 0.0, "execution_time": 20.36586880683899}