{"completion_time": 29311.23041207801, "mean_schedule_time": 28853.970058158153, "mean_flight_time": 27593.97005815815, "mean_swap_time": 1260.0, "mean_idle_time": 3.637978807091713e-12, "mean_delivery_time": 13928.68622106889, "mean_schedule_distance": 193157.79040710718, "mean_schedule_energy": 16.07898226369434, "mean_number_swaps": 21.0, "drone_utilization": 1.0, "execution_time": 1639.652935743332}