{"completion_time": 6827.926022399028, "execution_time": 0.403331995010376}