{"completion_time": 5977.589306410375, "mean_schedule_time": 1355.1042141026799, "mean_flight_time": 858.9348047396892, "mean_swap_time": 32.5, "mean_idle_time": 463.6694093629907, "mean_delivery_time": 3628.296803031439, "mean_schedule_distance": 6012.543633177825, "mean_schedule_energy": 0.5554127211367826, "mean_number_swaps": 0.5416666666666666, "drone_utilization": 0.375, "execution_time": 75.50498652458191}