{"completion_time": 5595.235259517608, "mean_schedule_time": 2200.521027500962, "mean_flight_time": 1796.402733232763, "mean_swap_time": 50.0, "mean_idle_time": 354.1182942681992, "mean_delivery_time": 3375.689905761216, "mean_schedule_distance": 12574.81913262934, "mean_schedule_energy": 1.0212694361339658, "mean_number_swaps": 0.8333333333333334, "drone_utilization": 0.6, "total_number_parcel_handover": 6, "mean_number_parcel_handover": 0.4, "execution_time": 331.5379092693329}