{"completion_time": 5061.548262950051, "mean_schedule_time": 1980.9982557560531, "mean_flight_time": 1928.9982557560531, "mean_swap_time": 52.0, "mean_idle_time": 0.0, "mean_delivery_time": 2971.4973836340796, "mean_schedule_distance": 13502.987790292367, "mean_schedule_energy": 1.0982195717523537, "mean_number_swaps": 0.8666666666666667, "drone_utilization": 0.6666666666666666, "execution_time": 44.0268394947052}