{"completion_time": 2590.7741314750256, "mean_delivery_time": 1524.7486918170398, "total_distance": 405089.633708771, "consumed_energy": 32.946587152570615, "execution_time": 34.385637521743774}