{"completion_time": 26794.639931420716, "mean_schedule_time": 26593.923774895236, "mean_flight_time": 25328.269260166697, "mean_swap_time": 1164.0, "mean_idle_time": 101.65451472853965, "mean_delivery_time": 11579.567370203522, "mean_schedule_distance": 177297.88482116684, "mean_schedule_energy": 14.239150627351961, "mean_number_swaps": 19.4, "drone_utilization": 1.0, "execution_time": 7372.775604724884}