{"completion_time": 2284.308553990494, "mean_delivery_time": 1140.0055451507808, "total_distance": 78822.04275605464, "consumed_energy": 5.993260921594031, "execution_time": 10.75723671913147}