{"completion_time": 6579.120301195762, "mean_schedule_time": 6139.68660651997, "mean_flight_time": 5747.631433507277, "mean_swap_time": 222.0, "mean_idle_time": 170.05517301269356, "mean_delivery_time": 5151.331024393514, "mean_schedule_distance": 40233.42003455093, "mean_schedule_energy": 3.2553563498778066, "mean_number_swaps": 3.7, "drone_utilization": 1.0, "execution_time": 11812.0718729496}