{"completion_time": 5165.407712580159, "mean_schedule_time": 2720.351503207054, "mean_flight_time": 2184.7406431392446, "mean_swap_time": 57.857142857142854, "mean_idle_time": 477.75371721066676, "mean_delivery_time": 3486.494427797037, "mean_schedule_distance": 15293.184501974714, "mean_schedule_energy": 1.2176222085163328, "mean_number_swaps": 0.9642857142857143, "drone_utilization": 0.7857142857142857, "total_number_parcel_handover": 11, "mean_number_parcel_handover": 0.7333333333333333, "execution_time": 705.435094833374}