{"completion_time": 11679.41744416055, "mean_schedule_time": 7930.154153981403, "mean_flight_time": 7636.154153981406, "mean_swap_time": 294.0, "mean_idle_time": -2.7284841053187847e-12, "mean_delivery_time": 5144.430353826541, "mean_schedule_distance": 53453.079077869814, "mean_schedule_energy": 4.290291309654079, "mean_number_swaps": 4.9, "drone_utilization": 1.0, "execution_time": 25.741437911987305}