{"completion_time": 4588.554656409205, "mean_delivery_time": 3207.2917808767925, "total_distance": 296020.4200917869, "consumed_energy": 25.748092370710545, "execution_time": 47.41987204551697}