{"completion_time": 4357.6457307103665, "mean_schedule_time": 2558.4079950665855, "mean_flight_time": 2240.3578640859587, "mean_swap_time": 56.666666666666664, "mean_idle_time": 261.3834643139603, "mean_delivery_time": 2719.9427212870173, "mean_schedule_distance": 15682.50504860171, "mean_schedule_energy": 1.2971741059825688, "mean_number_swaps": 0.9444444444444444, "drone_utilization": 0.8888888888888888, "execution_time": 232.8885941505432}