{"completion_time": 9108.262764986728, "mean_schedule_time": 6791.734671425221, "mean_flight_time": 5792.142541182677, "mean_swap_time": 224.0, "mean_idle_time": 775.592130242544, "mean_delivery_time": 5568.70621669947, "mean_schedule_distance": 40544.99778827876, "mean_schedule_energy": 3.4450732207802934, "mean_number_swaps": 3.7333333333333334, "drone_utilization": 1.0, "execution_time": 1727.0003015995026}