{"completion_time": 6551.2138185844, "mean_schedule_time": 2714.951323284294, "mean_flight_time": 2624.9513232842946, "mean_swap_time": 90.0, "mean_idle_time": -4.547473508864641e-13, "mean_delivery_time": 3257.941587941153, "mean_schedule_distance": 18374.65926299006, "mean_schedule_energy": 1.5775387465205521, "mean_number_swaps": 1.5, "drone_utilization": 0.8333333333333334, "execution_time": 15.663045406341553}