{"completion_time": 14978.376917370797, "mean_schedule_time": 12308.630565656113, "mean_flight_time": 11357.075481221302, "mean_swap_time": 474.0, "mean_idle_time": 477.55508443481085, "mean_delivery_time": 7623.523241187325, "mean_schedule_distance": 79499.52836854906, "mean_schedule_energy": 6.418735148854876, "mean_number_swaps": 7.9, "drone_utilization": 1.0, "execution_time": 279.1406466960907}