{"completion_time": 10640.510424042735, "mean_schedule_time": 10530.280526345425, "mean_flight_time": 9933.735367177836, "mean_swap_time": 420.0, "mean_idle_time": 176.54515916758828, "mean_delivery_time": 6484.57361559195, "mean_schedule_distance": 69536.14757024482, "mean_schedule_energy": 5.7117141991135885, "mean_number_swaps": 7.0, "drone_utilization": 1.0, "execution_time": 4197.223336458206}