{"completion_time": 4385.970175302137, "mean_schedule_time": 3152.580698024461, "mean_flight_time": 2930.477276761885, "mean_swap_time": 90.0, "mean_idle_time": 132.10342126257592, "mean_delivery_time": 3404.9640533033466, "mean_schedule_distance": 20513.340937333203, "mean_schedule_energy": 1.62106231863854, "mean_number_swaps": 1.5, "drone_utilization": 0.9583333333333334, "execution_time": 706.9341776371002}