{"completion_time": 8120.916820801532, "mean_schedule_time": 5310.253935809442, "mean_flight_time": 5118.253935809442, "mean_swap_time": 192.0, "mean_idle_time": 0.0, "mean_delivery_time": 4201.45835277264, "mean_schedule_distance": 35827.777550666084, "mean_schedule_energy": 3.097256803273193, "mean_number_swaps": 3.2, "drone_utilization": 1.0, "execution_time": 10.279765367507935}