{"completion_time": 5191.772153251459, "mean_schedule_time": 3357.2142312895157, "mean_flight_time": 2935.960483412171, "mean_swap_time": 86.4, "mean_idle_time": 334.85374787734463, "mean_delivery_time": 3456.2637377973033, "mean_schedule_distance": 20551.723383885193, "mean_schedule_energy": 1.6231745518100922, "mean_number_swaps": 1.44, "drone_utilization": 0.92, "execution_time": 1158.8416185379028}