{"completion_time": 5678.290534080852, "mean_delivery_time": 3311.205442641681, "total_distance": 419842.1586960906, "consumed_energy": 32.74730562133582, "execution_time": 73.73476791381836}