{"completion_time": 3583.3070471007813, "execution_time": 0.5226414203643799}