{"completion_time": 4750.224468378529, "mean_schedule_time": 1163.9718596429975, "mean_flight_time": 1122.7218596429977, "mean_swap_time": 41.25, "mean_idle_time": -2.2737367544323206e-13, "mean_delivery_time": 3724.709950857592, "mean_schedule_distance": 7859.0530175009835, "mean_schedule_energy": 0.7011682733675395, "mean_number_swaps": 0.6875, "drone_utilization": 0.3125, "total_number_parcel_handover": 0, "mean_number_parcel_handover": 0.0, "execution_time": 2.269595146179199}