{"1": [], "2": [{"x": 4, "y": 5, "a": 0, "tau": 717.7778473035665}, {"x": 5, "y": 5, "a": -1, "tau": 777.7778473035665}, {"x": 5, "y": 1, "a": 1, "tau": 1170.6222187101207}], "3": [{"x": 2, "y": 5, "a": 0, "tau": 368.23397157565626}, {"x": 5, "y": 2, "a": 2, "tau": 736.4679431513125}]}