{"completion_time": 14954.980725481224, "mean_schedule_time": 14636.612317871706, "mean_flight_time": 14051.612317871706, "mean_swap_time": 585.0, "mean_idle_time": 0.0, "mean_delivery_time": 8218.861746913091, "mean_schedule_distance": 98361.28622510195, "mean_schedule_energy": 7.428691587472064, "mean_number_swaps": 9.75, "drone_utilization": 1.0, "total_number_parcel_handover": 0, "mean_number_parcel_handover": 0.0, "execution_time": 234.50953936576843}