{"completion_time": 3806.075232740598, "mean_schedule_time": 471.6518560033055, "mean_flight_time": 344.94729301374497, "mean_swap_time": 6.0, "mean_idle_time": 120.70456298956054, "mean_delivery_time": 2454.7137278888436, "mean_schedule_distance": 2414.631051096215, "mean_schedule_energy": 0.21985171085792898, "mean_number_swaps": 0.1, "drone_utilization": 0.2, "execution_time": 5.393435001373291}