{"completion_time": 1933.037616370299, "mean_delivery_time": 1242.3568639444218, "total_distance": 48292.62102192429, "consumed_energy": 4.39703421715858, "execution_time": 5.489176511764526}