{"completion_time": 835.7471551140103, "execution_time": 0.00033974647521972656}