{"completion_time": 6254.150127131734, "mean_schedule_time": 1782.4222746589492, "mean_flight_time": 1400.1392256279466, "mean_swap_time": 40.8, "mean_idle_time": 341.48304903100257, "mean_delivery_time": 4444.894037354029, "mean_schedule_distance": 9800.974579395628, "mean_schedule_energy": 0.7706452159389218, "mean_number_swaps": 0.68, "drone_utilization": 0.4, "execution_time": 154.34724378585815}