{"completion_time": 4445.970175302137, "mean_schedule_time": 3065.6639159218835, "mean_flight_time": 2893.6641975124485, "mean_swap_time": 84.0, "mean_idle_time": 87.99971840943499, "mean_delivery_time": 3499.817182997966, "mean_schedule_distance": 20255.649382587137, "mean_schedule_energy": 1.584288179528892, "mean_number_swaps": 1.4, "drone_utilization": 0.9, "execution_time": 11.452948331832886}