{"completion_time": 8666.372782426746, "mean_schedule_time": 2704.226419854436, "mean_flight_time": 2616.226419854436, "mean_swap_time": 88.0, "mean_idle_time": 0.0, "mean_delivery_time": 3380.283024818045, "mean_schedule_distance": 18313.584938981054, "mean_schedule_energy": 1.5470578933452404, "mean_number_swaps": 1.4666666666666666, "drone_utilization": 0.8, "execution_time": 10.06555438041687}