{"completion_time": 6707.525517323361, "mean_schedule_time": 3096.315509333796, "mean_flight_time": 2629.1372896117446, "mean_swap_time": 90.0, "mean_idle_time": 377.1782197220514, "mean_delivery_time": 4354.825599956688, "mean_schedule_distance": 18403.961027282206, "mean_schedule_energy": 1.6128360968766193, "mean_number_swaps": 1.5, "drone_utilization": 0.7, "execution_time": 741.6856229305267}