{"completion_time": 47884.59967662469, "mean_schedule_time": 47843.89581597212, "mean_flight_time": 45593.89581597212, "mean_swap_time": 2250.0, "mean_idle_time": 0.0, "mean_delivery_time": 20917.602060022924, "mean_schedule_distance": 319157.2707118048, "mean_schedule_energy": 26.429401883626262, "mean_number_swaps": 37.5, "drone_utilization": 1.0, "total_number_parcel_handover": 0, "mean_number_parcel_handover": 0.0, "execution_time": 1434.291133403778}