{"completion_time": 4025.4556605631315, "mean_schedule_time": 388.829725329108, "mean_flight_time": 362.3292890037056, "mean_swap_time": 7.2, "mean_idle_time": 19.300436325402416, "mean_delivery_time": 3091.867208892863, "mean_schedule_distance": 2536.305023025939, "mean_schedule_energy": 0.1885654230557134, "mean_number_swaps": 0.12, "drone_utilization": 0.16, "execution_time": 2.2757606506347656}