{"completion_time": 4109.27570696154, "mean_schedule_time": 772.2064379870877, "mean_flight_time": 754.2064379870876, "mean_swap_time": 18.0, "mean_idle_time": 1.1368683772161603e-13, "mean_delivery_time": 2021.9428274586403, "mean_schedule_distance": 5279.445065909613, "mean_schedule_energy": 0.4676399165184377, "mean_number_swaps": 0.3, "drone_utilization": 0.35, "execution_time": 7.03120493888855}