{"completion_time": 3446.812602100289, "mean_schedule_time": 897.345586574974, "mean_flight_time": 803.030368078619, "mean_swap_time": 24.0, "mean_idle_time": 70.3152184963551, "mean_delivery_time": 3337.2675120062895, "mean_schedule_distance": 5621.212576550332, "mean_schedule_energy": 0.4461095284091572, "mean_number_swaps": 0.4, "drone_utilization": 0.3, "execution_time": 1.1311299800872803}