{"completion_time": 6180.018260368646, "mean_schedule_time": 2363.53992072408, "mean_flight_time": 2282.5399207240803, "mean_swap_time": 81.0, "mean_idle_time": -4.547473508864641e-13, "mean_delivery_time": 3376.4856010344, "mean_schedule_distance": 15977.779445068565, "mean_schedule_energy": 1.4183715840000166, "mean_number_swaps": 1.35, "drone_utilization": 0.7, "execution_time": 16.821667432785034}