{"completion_time": 6263.260343813089, "mean_schedule_time": 5826.860809878008, "mean_flight_time": 5275.195139497724, "mean_swap_time": 216.0, "mean_idle_time": 335.6656703802837, "mean_delivery_time": 4709.692966034735, "mean_schedule_distance": 36926.365976484056, "mean_schedule_energy": 3.1861521098431926, "mean_number_swaps": 3.6, "drone_utilization": 1.0, "execution_time": 1177.9553911685944}