{"completion_time": 11064.143249649433, "mean_schedule_time": 10796.609092057613, "mean_flight_time": 10214.412614499506, "mean_swap_time": 457.5, "mean_idle_time": 124.69647755810729, "mean_delivery_time": 6427.835204711125, "mean_schedule_distance": 71500.88830149654, "mean_schedule_energy": 6.109869847721745, "mean_number_swaps": 7.625, "drone_utilization": 1.0, "execution_time": 889.6387529373169}