{"completion_time": 5456.10347419763, "mean_schedule_time": 4336.7382755614435, "mean_flight_time": 4186.7382755614435, "mean_swap_time": 150.0, "mean_idle_time": 0.0, "mean_delivery_time": 3347.4572950695406, "mean_schedule_distance": 29307.1679289301, "mean_schedule_energy": 2.428488460264935, "mean_number_swaps": 2.5, "drone_utilization": 1.0, "execution_time": 139.89487600326538}