{"completion_time": 11659.922759923908, "mean_schedule_time": 11508.70780478767, "mean_flight_time": 10971.261398303344, "mean_swap_time": 444.0, "mean_idle_time": 93.44640648432505, "mean_delivery_time": 6581.587711453931, "mean_schedule_distance": 76798.8297881234, "mean_schedule_energy": 6.1170049507542945, "mean_number_swaps": 7.4, "drone_utilization": 1.0, "execution_time": 1236.8339080810547}