{"completion_time": 6222.462911218679, "mean_delivery_time": 3354.9085353759315, "total_distance": 388677.4703193522, "consumed_energy": 30.96517126066602, "execution_time": 523.6014862060547}