{"completion_time": 3923.634249572458, "mean_schedule_time": 1547.8361349973427, "mean_flight_time": 1452.4863389158083, "mean_swap_time": 36.0, "mean_idle_time": 59.34979608153435, "mean_delivery_time": 3185.16579641375, "mean_schedule_distance": 10167.404372410656, "mean_schedule_energy": 0.7861838771228952, "mean_number_swaps": 0.6, "drone_utilization": 0.5333333333333333, "execution_time": 10.559723377227783}