{"completion_time": 9021.472893321885, "mean_schedule_time": 4658.693581503294, "mean_flight_time": 4481.693581503292, "mean_swap_time": 177.0, "mean_idle_time": 1.8189894035458565e-12, "mean_delivery_time": 3913.9066375472307, "mean_schedule_distance": 31371.855070523045, "mean_schedule_energy": 2.641507313149043, "mean_number_swaps": 2.95, "drone_utilization": 1.0, "execution_time": 47.964502573013306}