{"completion_time": 7605.155242057946, "mean_schedule_time": 4562.42717369079, "mean_flight_time": 3734.115894052999, "mean_swap_time": 137.14285714285714, "mean_idle_time": 691.168422494934, "mean_delivery_time": 4608.526474103802, "mean_schedule_distance": 26138.81125837096, "mean_schedule_energy": 2.2112061862942634, "mean_number_swaps": 2.2857142857142856, "drone_utilization": 0.8571428571428571, "total_number_parcel_handover": 16, "mean_number_parcel_handover": 0.64, "execution_time": 7207.395709991455}