{"completion_time": 9048.262764986728, "mean_schedule_time": 6778.65711796613, "mean_flight_time": 5476.986250397579, "mean_swap_time": 215.0, "mean_idle_time": 1086.6708675685504, "mean_delivery_time": 5818.743420686908, "mean_schedule_distance": 38338.90375278306, "mean_schedule_energy": 3.2835241493451046, "mean_number_swaps": 3.5833333333333335, "drone_utilization": 1.0, "total_number_parcel_handover": 9, "mean_number_parcel_handover": 0.6, "execution_time": 748.5395288467407}