{"completion_time": 8076.783541817515, "mean_schedule_time": 6062.742718973283, "mean_flight_time": 5681.462567672753, "mean_swap_time": 192.0, "mean_idle_time": 189.28015130053063, "mean_delivery_time": 5438.555267911741, "mean_schedule_distance": 39770.23797370928, "mean_schedule_energy": 3.0444654513006726, "mean_number_swaps": 3.2, "drone_utilization": 1.0, "execution_time": 177.35140919685364}