{"completion_time": 6319.2867318614735, "mean_schedule_time": 4791.20469151464, "mean_flight_time": 4500.138758303348, "mean_swap_time": 153.0, "mean_idle_time": 138.06593321129185, "mean_delivery_time": 4019.637873408871, "mean_schedule_distance": 31500.971308123455, "mean_schedule_energy": 2.5523087521686687, "mean_number_swaps": 2.55, "drone_utilization": 1.0, "execution_time": 631.0088894367218}