{"completion_time": 5330.3384504273145, "mean_schedule_time": 2046.7701677980428, "mean_flight_time": 1573.6617746963568, "mean_swap_time": 40.0, "mean_idle_time": 433.10839310168603, "mean_delivery_time": 3049.7392805105774, "mean_schedule_distance": 11015.6324228745, "mean_schedule_energy": 0.8735142758913103, "mean_number_swaps": 0.6666666666666666, "drone_utilization": 0.6666666666666666, "total_number_parcel_handover": 3, "mean_number_parcel_handover": 0.6, "execution_time": 4.802878379821777}