{"completion_time": 5821.221566738081, "mean_schedule_time": 1196.1237243028556, "mean_flight_time": 703.9541607533484, "mean_swap_time": 14.4, "mean_idle_time": 477.7695635495072, "mean_delivery_time": 3780.9464702425785, "mean_schedule_distance": 4927.679125273438, "mean_schedule_energy": 0.3687067162848065, "mean_number_swaps": 0.24, "drone_utilization": 0.32, "execution_time": 368.1716070175171}