{"completion_time": 4613.345902469695, "mean_schedule_time": 1748.0818273334182, "mean_flight_time": 1595.2949105130028, "mean_swap_time": 51.0, "mean_idle_time": 101.7869168204154, "mean_delivery_time": 3082.8882058002187, "mean_schedule_distance": 11167.06437359102, "mean_schedule_energy": 0.9835628018022968, "mean_number_swaps": 0.85, "drone_utilization": 0.6, "execution_time": 35.66339635848999}