{"completion_time": 9702.88252158201, "mean_schedule_time": 7820.092534403397, "mean_flight_time": 7550.092534403396, "mean_swap_time": 270.0, "mean_idle_time": 9.094947017729282e-13, "mean_delivery_time": 5192.839724652096, "mean_schedule_distance": 52850.64774082377, "mean_schedule_energy": 3.6808923084420044, "mean_number_swaps": 4.5, "drone_utilization": 1.0, "total_number_parcel_handover": 0, "mean_number_parcel_handover": 0.0, "execution_time": 0.29265499114990234}