{"completion_time": 3988.3043220920445, "mean_delivery_time": 2624.3043114098623, "total_distance": 634439.8840135875, "consumed_energy": 56.28514089016519, "execution_time": 1857.5882980823517}