{"completion_time": 8518.585650306743, "mean_schedule_time": 6870.944275446706, "mean_flight_time": 6002.147599609509, "mean_swap_time": 252.0, "mean_idle_time": 616.7966758371977, "mean_delivery_time": 5104.67001152866, "mean_schedule_distance": 42015.033197266544, "mean_schedule_energy": 3.7503962707055294, "mean_number_swaps": 4.2, "drone_utilization": 1.0, "execution_time": 2085.7278475761414}