{"completion_time": 2306.6729512348475, "mean_delivery_time": 1930.333433221568, "total_distance": 146872.03171119202, "consumed_energy": 11.586368266715064, "execution_time": 79.69853472709656}