{"completion_time": 4613.345902469695, "mean_schedule_time": 827.9203244303882, "mean_flight_time": 783.8653859884789, "mean_swap_time": 19.2, "mean_idle_time": 24.854938441909212, "mean_delivery_time": 3800.666866443136, "mean_schedule_distance": 5487.057701919353, "mean_schedule_energy": 0.44018531667690297, "mean_number_swaps": 0.32, "drone_utilization": 0.28, "execution_time": 73.5705816745758}