{"completion_time": 5303.69076133085, "mean_schedule_time": 4316.1461262426255, "mean_flight_time": 3730.6618855873653, "mean_swap_time": 120.0, "mean_idle_time": 465.48424065526024, "mean_delivery_time": 4868.30353268098, "mean_schedule_distance": 26114.63319911156, "mean_schedule_energy": 2.0601620999616346, "mean_number_swaps": 2.0, "drone_utilization": 0.9, "execution_time": 42.60400056838989}