{"completion_time": 24750.585941547422, "mean_schedule_time": 19519.056586387047, "mean_flight_time": 18667.05658638704, "mean_swap_time": 852.0, "mean_idle_time": 7.275957614183426e-12, "mean_delivery_time": 9732.412106965898, "mean_schedule_distance": 130669.39610470933, "mean_schedule_energy": 10.626414394253473, "mean_number_swaps": 14.2, "drone_utilization": 1.0, "execution_time": 9.252683639526367}