{"completion_time": 6804.987085495268, "mean_schedule_time": 2699.464242640144, "mean_flight_time": 2600.464242640144, "mean_swap_time": 99.0, "mean_idle_time": 0.0, "mean_delivery_time": 3423.2541391407126, "mean_schedule_distance": 18203.249698481017, "mean_schedule_energy": 1.685316838461171, "mean_number_swaps": 1.65, "drone_utilization": 0.75, "execution_time": 21.812000274658203}