{"completion_time": 2489.471408290736, "mean_delivery_time": 1776.3242858146596, "total_distance": 226113.4357834208, "consumed_energy": 17.938053525241816, "execution_time": 247.9156515598297}