{"completion_time": 2292.6475470526652, "mean_delivery_time": 1251.871866863117, "total_distance": 90320.10458026681, "consumed_energy": 7.503968353733525, "execution_time": 12.40687894821167}