{"completion_time": 1170.6222187101207, "execution_time": 0.0005748271942138672}