{"completion_time": 8988.262764986728, "mean_schedule_time": 2678.1282614438965, "mean_flight_time": 2016.756051353889, "mean_swap_time": 77.14285714285714, "mean_idle_time": 584.2293529471503, "mean_delivery_time": 4851.076119942595, "mean_schedule_distance": 14117.292359477224, "mean_schedule_energy": 1.261068319777782, "mean_number_swaps": 1.2857142857142858, "drone_utilization": 0.5714285714285714, "total_number_parcel_handover": 10, "mean_number_parcel_handover": 0.6666666666666666, "execution_time": 207.1797432899475}