{"completion_time": 11101.024124732836, "mean_schedule_time": 10971.828960983317, "mean_flight_time": 10581.828960983317, "mean_swap_time": 390.0, "mean_idle_time": 0.0, "mean_delivery_time": 6982.913073495611, "mean_schedule_distance": 74072.80272688321, "mean_schedule_energy": 5.249921813046123, "mean_number_swaps": 6.5, "drone_utilization": 1.0, "total_number_parcel_handover": 1, "mean_number_parcel_handover": 0.2, "execution_time": 3.9208016395568848}