{"completion_time": 7890.97721244573, "mean_schedule_time": 7244.098228690002, "mean_flight_time": 6187.0822581911325, "mean_swap_time": 248.57142857142858, "mean_idle_time": 808.4445419274407, "mean_delivery_time": 5682.849613017251, "mean_schedule_distance": 43309.57580733792, "mean_schedule_energy": 3.560596473842225, "mean_number_swaps": 4.142857142857143, "drone_utilization": 1.0, "execution_time": 3222.23734664917}