{"completion_time": 7222.68856633494, "mean_schedule_time": 5266.287213542691, "mean_flight_time": 4656.908071980801, "mean_swap_time": 170.0, "mean_idle_time": 439.3791415618898, "mean_delivery_time": 5038.504118408738, "mean_schedule_distance": 32598.35650386563, "mean_schedule_energy": 2.5881067754069926, "mean_number_swaps": 2.8333333333333335, "drone_utilization": 0.9444444444444444, "execution_time": 416.39224767684937}