{"completion_time": 4284.104571464138, "mean_schedule_time": 3680.4388771684557, "mean_flight_time": 3548.802945354666, "mean_swap_time": 102.0, "mean_idle_time": 29.63593181378974, "mean_delivery_time": 3483.4293459549394, "mean_schedule_distance": 24841.620617482673, "mean_schedule_energy": 2.0513453336877943, "mean_number_swaps": 1.7, "drone_utilization": 1.0, "execution_time": 179.46461820602417}