{"completion_time": 4002.2088392035466, "mean_schedule_time": 477.01963883237215, "mean_flight_time": 464.1624959752294, "mean_swap_time": 12.857142857142858, "mean_idle_time": -5.684341886080802e-14, "mean_delivery_time": 2671.3099774612842, "mean_schedule_distance": 3249.1374718266056, "mean_schedule_energy": 0.25832016081551246, "mean_number_swaps": 0.21428571428571427, "drone_utilization": 0.17857142857142858, "total_number_parcel_handover": 0, "mean_number_parcel_handover": 0.0, "execution_time": 4.571675539016724}