{"completion_time": 12637.511661178942, "mean_schedule_time": 8212.47325678477, "mean_flight_time": 7897.473256784771, "mean_swap_time": 315.0, "mean_idle_time": -1.8189894035458565e-12, "mean_delivery_time": 5532.833428396612, "mean_schedule_distance": 55282.3127974934, "mean_schedule_energy": 4.356895159994245, "mean_number_swaps": 5.25, "drone_utilization": 1.0, "execution_time": 9.241716384887695}