{"completion_time": 1400.6236019334624, "execution_time": 7200.170310020447}