{"completion_time": 31364.97265432595, "mean_schedule_time": 30751.506625913986, "mean_flight_time": 29401.506625913982, "mean_swap_time": 1350.0, "mean_idle_time": 3.637978807091713e-12, "mean_delivery_time": 13646.27435566512, "mean_schedule_distance": 205810.54638139778, "mean_schedule_energy": 16.477193324081295, "mean_number_swaps": 22.5, "drone_utilization": 1.0, "total_number_parcel_handover": 0, "mean_number_parcel_handover": 0.0, "execution_time": 41.039469718933105}