{"completion_time": 5590.690607088874, "mean_schedule_time": 3609.346600405747, "mean_flight_time": 2832.5534788678215, "mean_swap_time": 108.0, "mean_idle_time": 668.7931215379253, "mean_delivery_time": 5184.647240838801, "mean_schedule_distance": 19827.874352074745, "mean_schedule_energy": 1.6779530501202817, "mean_number_swaps": 1.8, "drone_utilization": 0.7, "execution_time": 219.0406632423401}