{"completion_time": 2230.384412100501, "mean_delivery_time": 1451.356898149614, "total_distance": 153311.97259275676, "consumed_energy": 13.79366201448467, "execution_time": 6.716883182525635}