{"completion_time": 4284.104571464138, "mean_schedule_time": 1128.085518519691, "mean_flight_time": 1095.085518519691, "mean_swap_time": 33.0, "mean_idle_time": 0.0, "mean_delivery_time": 2820.213796299228, "mean_schedule_distance": 7665.598629637838, "mean_schedule_energy": 0.6896831007242336, "mean_number_swaps": 0.55, "drone_utilization": 0.4, "execution_time": 7.44318151473999}