{"completion_time": 6037.752225660893, "mean_schedule_time": 4436.612329063708, "mean_flight_time": 4270.481542583159, "mean_swap_time": 153.0, "mean_idle_time": 13.130786480548522, "mean_delivery_time": 3974.8948585224043, "mean_schedule_distance": 29893.37079808211, "mean_schedule_energy": 2.4594330694177193, "mean_number_swaps": 2.55, "drone_utilization": 1.0, "total_number_parcel_handover": 3, "mean_number_parcel_handover": 0.12, "execution_time": 694.2184481620789}