{"completion_time": 5147.463123642941, "mean_schedule_time": 497.5320427188029, "mean_flight_time": 480.7320427188029, "mean_swap_time": 16.8, "mean_idle_time": 0.0, "mean_delivery_time": 3109.575266992518, "mean_schedule_distance": 3365.12429903162, "mean_schedule_energy": 0.26242938203991245, "mean_number_swaps": 0.28, "drone_utilization": 0.16, "execution_time": 2.7173256874084473}