{"completion_time": 5595.235259517608, "mean_schedule_time": 3062.3255868385036, "mean_flight_time": 2769.7344739911923, "mean_swap_time": 87.0, "mean_idle_time": 205.59111284731125, "mean_delivery_time": 3826.173314924873, "mean_schedule_distance": 19388.141317938353, "mean_schedule_energy": 1.576187411246349, "mean_number_swaps": 1.45, "drone_utilization": 0.75, "execution_time": 107.03729128837585}