{"completion_time": 3943.5407907570752, "mean_delivery_time": 2499.8943197187887, "total_distance": 245936.8355871937, "consumed_energy": 20.979702545333755, "execution_time": 105.18704128265381}