{"completion_time": 7502.280127543328, "mean_schedule_time": 6266.815479241787, "mean_flight_time": 5826.426791726885, "mean_swap_time": 210.0, "mean_idle_time": 230.3886875149019, "mean_delivery_time": 4880.005389266233, "mean_schedule_distance": 40784.98754208821, "mean_schedule_energy": 3.181014303231986, "mean_number_swaps": 3.5, "drone_utilization": 1.0, "total_number_parcel_handover": 9, "mean_number_parcel_handover": 0.45, "execution_time": 504.15790152549744}