{"completion_time": 13143.284041232686, "mean_schedule_time": 10156.05479995825, "mean_flight_time": 9742.054799958249, "mean_swap_time": 414.0, "mean_idle_time": 1.8189894035458565e-12, "mean_delivery_time": 6193.991642253349, "mean_schedule_distance": 68194.38359970774, "mean_schedule_energy": 5.740808722803051, "mean_number_swaps": 6.9, "drone_utilization": 1.0, "total_number_parcel_handover": 0, "mean_number_parcel_handover": 0.0, "execution_time": 31.618478536605835}