{"completion_time": 6841.642020616343, "mean_delivery_time": 3210.9958211266744, "total_distance": 681943.8359970774, "consumed_energy": 57.4080872280305, "execution_time": 28.55236268043518}