{"completion_time": 8453.771703888831, "mean_delivery_time": 4317.4303597918915, "total_distance": 514849.5451792368, "consumed_energy": 44.27915847538427, "execution_time": 251.43504858016968}