{"completion_time": 10024.9461930286, "mean_schedule_time": 9736.76982910066, "mean_flight_time": 9204.79112623135, "mean_swap_time": 414.0, "mean_idle_time": 117.97870286930993, "mean_delivery_time": 6223.251034006965, "mean_schedule_distance": 64433.53788361944, "mean_schedule_energy": 5.332704799144828, "mean_number_swaps": 6.9, "drone_utilization": 1.0, "execution_time": 6993.757246017456}