{"completion_time": 4842.448464850486, "mean_schedule_time": 4447.508554053236, "mean_flight_time": 4257.728371526917, "mean_swap_time": 156.0, "mean_idle_time": 33.78018252631955, "mean_delivery_time": 4035.52239151034, "mean_schedule_distance": 29804.09860068842, "mean_schedule_energy": 2.5475195370086228, "mean_number_swaps": 2.6, "drone_utilization": 1.0, "execution_time": 657.870245218277}