{"completion_time": 8177.667087932067, "mean_delivery_time": 4172.572510937294, "total_distance": 512290.8623491208, "consumed_energy": 42.76944907620075, "execution_time": 308.96040439605713}