{"completion_time": 6264.350487239503, "mean_schedule_time": 2602.096586369906, "mean_flight_time": 2522.896586369907, "mean_swap_time": 79.2, "mean_idle_time": -4.547473508864641e-13, "mean_delivery_time": 3703.7817836739205, "mean_schedule_distance": 17660.27610458935, "mean_schedule_energy": 1.4739699378372548, "mean_number_swaps": 1.32, "drone_utilization": 0.68, "execution_time": 31.03180980682373}