{"completion_time": 1470.9626381747219, "mean_delivery_time": 1058.5292911110705, "total_distance": 69435.20173625047, "consumed_energy": 6.070249796470439, "execution_time": 4.71325159072876}