{"completion_time": 14829.427081693815, "mean_schedule_time": 10883.734109428198, "mean_flight_time": 10439.734109428198, "mean_swap_time": 444.0, "mean_idle_time": 0.0, "mean_delivery_time": 6687.425432557997, "mean_schedule_distance": 73078.1387659974, "mean_schedule_energy": 5.908313150441695, "mean_number_swaps": 7.4, "drone_utilization": 1.0, "execution_time": 27.337408781051636}