{"completion_time": 8002.062699512952, "mean_schedule_time": 2608.205433745745, "mean_flight_time": 2521.8054337457434, "mean_swap_time": 86.4, "mean_idle_time": 1.3642420526593924e-12, "mean_delivery_time": 4075.3209902277263, "mean_schedule_distance": 17652.638036220204, "mean_schedule_energy": 1.5032452998551693, "mean_number_swaps": 1.44, "drone_utilization": 0.64, "execution_time": 19.50000262260437}