{"completion_time": 11675.988518135138, "mean_schedule_time": 11225.459848783354, "mean_flight_time": 10694.72473445561, "mean_swap_time": 450.0, "mean_idle_time": 80.73511432774285, "mean_delivery_time": 7139.567619140498, "mean_schedule_distance": 74863.07314118932, "mean_schedule_energy": 6.211359931048687, "mean_number_swaps": 7.5, "drone_utilization": 1.0, "total_number_parcel_handover": 8, "mean_number_parcel_handover": 0.4, "execution_time": 907.7185709476471}