{"completion_time": 1586.5326429589609, "execution_time": 0.0031981468200683594}