{"completion_time": 5058.157931520413, "mean_delivery_time": 2252.229161064754, "total_distance": 426586.63549551996, "consumed_energy": 35.11349523158434, "execution_time": 18.568179845809937}