{"completion_time": 5390.293715877626, "mean_schedule_time": 1493.3130959358616, "mean_flight_time": 1443.3130959358616, "mean_swap_time": 50.0, "mean_idle_time": 0.0, "mean_delivery_time": 3583.951430246068, "mean_schedule_distance": 10103.191671551032, "mean_schedule_energy": 0.8744091947160824, "mean_number_swaps": 0.8333333333333334, "drone_utilization": 0.4166666666666667, "total_number_parcel_handover": 1, "mean_number_parcel_handover": 0.2, "execution_time": 19.91603922843933}