{"completion_time": 5338.899959633207, "mean_schedule_time": 3312.9226092511276, "mean_flight_time": 2924.432571561974, "mean_swap_time": 102.5, "mean_idle_time": 285.9900376891537, "mean_delivery_time": 3879.5844254338945, "mean_schedule_distance": 20471.028000933817, "mean_schedule_energy": 1.7216565426847197, "mean_number_swaps": 1.7083333333333333, "drone_utilization": 0.8333333333333334, "total_number_parcel_handover": 8, "mean_number_parcel_handover": 0.4, "execution_time": 426.94552969932556}