{"completion_time": 5470.71677216409, "mean_schedule_time": 4789.533037434101, "mean_flight_time": 4294.668225299031, "mean_swap_time": 164.0, "mean_idle_time": 330.86481213506977, "mean_delivery_time": 3758.5288476484507, "mean_schedule_distance": 30062.67757709321, "mean_schedule_energy": 2.504352166714038, "mean_number_swaps": 2.7333333333333334, "drone_utilization": 1.0, "execution_time": 738.8633003234863}