{"completion_time": 11727.362552883753, "mean_schedule_time": 11055.317403009634, "mean_flight_time": 10433.176041776793, "mean_swap_time": 432.0, "mean_idle_time": 190.14136123284152, "mean_delivery_time": 6909.364731891053, "mean_schedule_distance": 73032.23229243756, "mean_schedule_energy": 5.842679664434335, "mean_number_swaps": 7.2, "drone_utilization": 1.0, "execution_time": 442.3635094165802}