{"completion_time": 3608.968948432277, "mean_delivery_time": 2153.6255345916825, "total_distance": 296569.83112750686, "consumed_energy": 25.39020536296302, "execution_time": 43.25955581665039}