{"completion_time": 2964.4085789051137, "mean_delivery_time": 1898.548059895914, "total_distance": 471011.8949949479, "consumed_energy": 37.77076365375637, "execution_time": 202.66510200500488}