{"completion_time": 7854.630549010342, "mean_schedule_time": 3393.241453407151, "mean_flight_time": 2626.2556319223163, "mean_swap_time": 92.14285714285714, "mean_idle_time": 674.8429643419772, "mean_delivery_time": 5599.174965274543, "mean_schedule_distance": 18383.789423456208, "mean_schedule_energy": 1.5090499957255372, "mean_number_swaps": 1.5357142857142858, "drone_utilization": 0.6071428571428571, "total_number_parcel_handover": 9, "mean_number_parcel_handover": 0.6, "execution_time": 1080.7022004127502}