{"completion_time": 5237.088777002258, "mean_delivery_time": 3270.274638961942, "total_distance": 629049.5212131419, "consumed_energy": 52.51659672372432, "execution_time": 626.8641333580017}