{"completion_time": 25431.738030060624, "mean_schedule_time": 25353.01131451456, "mean_flight_time": 24146.522811654017, "mean_swap_time": 1092.0, "mean_idle_time": 114.48850286054221, "mean_delivery_time": 11847.306854623263, "mean_schedule_distance": 169025.65968157828, "mean_schedule_energy": 13.930185306356023, "mean_number_swaps": 18.2, "drone_utilization": 1.0, "execution_time": 560.639660358429}