{"completion_time": 13203.445576868962, "mean_schedule_time": 6942.120070592767, "mean_flight_time": 6678.120070592764, "mean_swap_time": 264.0, "mean_idle_time": 2.7284841053187847e-12, "mean_delivery_time": 5142.619864082823, "mean_schedule_distance": 46746.8404941494, "mean_schedule_energy": 3.928049258918002, "mean_number_swaps": 4.4, "drone_utilization": 1.0, "execution_time": 27.83475923538208}