{"completion_time": 4679.928183238491, "mean_schedule_time": 1222.136449842565, "mean_flight_time": 1006.4667987647327, "mean_swap_time": 20.0, "mean_idle_time": 195.66965107783244, "mean_delivery_time": 3827.0183846872997, "mean_schedule_distance": 7045.267591353129, "mean_schedule_energy": 0.5433935074276157, "mean_number_swaps": 0.3333333333333333, "drone_utilization": 0.4, "total_number_parcel_handover": 6, "mean_number_parcel_handover": 1.2, "execution_time": 361.1760604381561}