{"completion_time": 14534.79394939113, "mean_schedule_time": 11152.842227513356, "mean_flight_time": 10672.84222751336, "mean_swap_time": 480.0, "mean_idle_time": -3.637978807091713e-12, "mean_delivery_time": 6158.100291158518, "mean_schedule_distance": 74709.8955925935, "mean_schedule_energy": 6.300336599211825, "mean_number_swaps": 8.0, "drone_utilization": 1.0, "execution_time": 4.879899501800537}