{"completion_time": 4487.15606869213, "mean_delivery_time": 1758.1922126072284, "total_distance": 436260.8474161739, "consumed_energy": 35.666446456150474, "execution_time": 34.060057401657104}