{"completion_time": 6529.117099324131, "mean_schedule_time": 4861.028195058823, "mean_flight_time": 4001.167019154151, "mean_swap_time": 150.0, "mean_idle_time": 709.8611759046726, "mean_delivery_time": 4506.792849412449, "mean_schedule_distance": 28008.16913407907, "mean_schedule_energy": 2.4413107962512255, "mean_number_swaps": 2.5, "drone_utilization": 1.0, "execution_time": 1212.70565867424}