{"completion_time": 6215.053119223215, "mean_schedule_time": 1798.0468078459255, "mean_flight_time": 1512.023787207064, "mean_swap_time": 47.142857142857146, "mean_idle_time": 238.88016349600434, "mean_delivery_time": 4102.425152861067, "mean_schedule_distance": 10584.166510449448, "mean_schedule_energy": 0.8946620504088179, "mean_number_swaps": 0.7857142857142857, "drone_utilization": 0.42857142857142855, "total_number_parcel_handover": 4, "mean_number_parcel_handover": 0.4, "execution_time": 184.65370202064514}