{"completion_time": 5486.8401364183765, "mean_schedule_time": 2381.3403653317455, "mean_flight_time": 2018.535313665633, "mean_swap_time": 56.0, "mean_idle_time": 306.8050516661124, "mean_delivery_time": 3564.719994981459, "mean_schedule_distance": 14129.747195659433, "mean_schedule_energy": 1.1172062052147795, "mean_number_swaps": 0.9333333333333333, "drone_utilization": 0.6666666666666666, "execution_time": 131.38821601867676}