{"completion_time": 58947.31373705749, "mean_schedule_time": 58825.35015110565, "mean_flight_time": 56305.350151105646, "mean_swap_time": 2520.0, "mean_idle_time": 7.275957614183426e-12, "mean_delivery_time": 27255.8783197484, "mean_schedule_distance": 394137.45105773915, "mean_schedule_energy": 32.006868246171216, "mean_number_swaps": 42.0, "drone_utilization": 1.0, "total_number_parcel_handover": 1, "mean_number_parcel_handover": 0.04, "execution_time": 1217.4863419532776}