{"completion_time": 16244.372636870548, "mean_schedule_time": 15867.521886099736, "mean_flight_time": 15189.624398321044, "mean_swap_time": 660.0, "mean_idle_time": 17.897487778691357, "mean_delivery_time": 8745.51243318478, "mean_schedule_distance": 106327.3707882473, "mean_schedule_energy": 8.322554918468304, "mean_number_swaps": 11.0, "drone_utilization": 1.0, "execution_time": 780.1083292961121}