{"completion_time": 25454.48114838818, "mean_schedule_time": 25123.653490419932, "mean_flight_time": 23979.61078651626, "mean_swap_time": 1104.0, "mean_idle_time": 40.0427039036731, "mean_delivery_time": 11526.955244497434, "mean_schedule_distance": 167857.27550561388, "mean_schedule_energy": 13.804547701594208, "mean_number_swaps": 18.4, "drone_utilization": 1.0, "execution_time": 10236.912958621979}