{"completion_time": 5431.2600273329535, "mean_schedule_time": 1079.0798890863014, "mean_flight_time": 1043.0798890863014, "mean_swap_time": 36.0, "mean_idle_time": 0.0, "mean_delivery_time": 3372.124653394692, "mean_schedule_distance": 7301.55922360411, "mean_schedule_energy": 0.653498025538712, "mean_number_swaps": 0.6, "drone_utilization": 0.32, "execution_time": 7.3600013256073}