{"completion_time": 2835.6300136664768, "mean_delivery_time": 1742.312326697346, "total_distance": 182538.98059010276, "consumed_energy": 16.3374506384678, "execution_time": 6.892815589904785}