{"completion_time": 14573.851456694963, "mean_schedule_time": 12493.872220426345, "mean_flight_time": 11965.872220426343, "mean_swap_time": 528.0, "mean_idle_time": 1.8189894035458565e-12, "mean_delivery_time": 7018.475708916256, "mean_schedule_distance": 83761.10554298444, "mean_schedule_energy": 7.179795651669059, "mean_number_swaps": 8.8, "drone_utilization": 1.0, "execution_time": 6.938580274581909}