{"completion_time": 4888.036412597488, "mean_delivery_time": 2652.2621885198037, "total_distance": 512928.0050944714, "consumed_energy": 45.01309139622988, "execution_time": 447.94190883636475}