{"completion_time": 47725.87310829785, "mean_schedule_time": 45999.9003099386, "mean_flight_time": 44049.90030993857, "mean_swap_time": 1950.0, "mean_idle_time": 2.9103830456733704e-11, "mean_delivery_time": 20883.847652139888, "mean_schedule_distance": 308349.30216957023, "mean_schedule_energy": 25.186576345262676, "mean_number_swaps": 32.5, "drone_utilization": 1.0, "total_number_parcel_handover": 0, "mean_number_parcel_handover": 0.0, "execution_time": 3.110708236694336}