{"completion_time": 4466.3652115401155, "mean_schedule_time": 1476.6506242655967, "mean_flight_time": 1036.528637877254, "mean_swap_time": 12.0, "mean_idle_time": 428.12198638834275, "mean_delivery_time": 4215.508619602686, "mean_schedule_distance": 7255.700465140777, "mean_schedule_energy": 0.503142935746503, "mean_number_swaps": 0.2, "drone_utilization": 0.4, "execution_time": 9.799468755722046}