{"completion_time": 2540.442448573382, "mean_delivery_time": 1391.5924476815994, "total_distance": 202635.46268818702, "consumed_energy": 17.235715118226548, "execution_time": 300.1479115486145}