{"completion_time": 6132.9644288762365, "mean_schedule_time": 5551.73834568159, "mean_flight_time": 4861.778776400599, "mean_swap_time": 191.25, "mean_idle_time": 498.70956928099076, "mean_delivery_time": 4751.264685795218, "mean_schedule_distance": 34032.4514348042, "mean_schedule_energy": 2.9020791357191236, "mean_number_swaps": 3.1875, "drone_utilization": 1.0, "execution_time": 972.0421073436737}