{"completion_time": 6128.112546629164, "mean_schedule_time": 3086.6117941071234, "mean_flight_time": 2993.6117941071234, "mean_swap_time": 93.0, "mean_idle_time": 0.0, "mean_delivery_time": 3476.511201869698, "mean_schedule_distance": 20955.282558749863, "mean_schedule_energy": 1.7293836422211004, "mean_number_swaps": 1.55, "drone_utilization": 0.85, "execution_time": 22.558058977127075}