{"completion_time": 46072.250848036754, "mean_schedule_time": 45969.9003099386, "mean_flight_time": 44049.90030993859, "mean_swap_time": 1920.0, "mean_idle_time": 1.4551915228366852e-11, "mean_delivery_time": 20862.84765213989, "mean_schedule_distance": 308349.3021695703, "mean_schedule_energy": 25.18657634526267, "mean_number_swaps": 32.0, "drone_utilization": 1.0, "total_number_parcel_handover": 1, "mean_number_parcel_handover": 0.05, "execution_time": 102.05567979812622}