{"completion_time": 7420.991094639672, "mean_schedule_time": 6121.111872669923, "mean_flight_time": 5905.111872669923, "mean_swap_time": 216.0, "mean_idle_time": 0.0, "mean_delivery_time": 4399.0380260024285, "mean_schedule_distance": 41335.78310868946, "mean_schedule_energy": 3.288994739374014, "mean_number_swaps": 3.6, "drone_utilization": 1.0, "execution_time": 2.701949119567871}