{"completion_time": 6277.657356370107, "mean_schedule_time": 4767.637617731501, "mean_flight_time": 4248.443318828423, "mean_swap_time": 150.0, "mean_idle_time": 369.19429890307856, "mean_delivery_time": 4625.885181712197, "mean_schedule_distance": 29739.10323179895, "mean_schedule_energy": 2.4204778991777482, "mean_number_swaps": 2.5, "drone_utilization": 0.9642857142857143, "total_number_parcel_handover": 28, "mean_number_parcel_handover": 1.12, "execution_time": 10277.958300828934}