{"completion_time": 9065.64420662852, "mean_schedule_time": 5960.363381038515, "mean_flight_time": 4261.551675815833, "mean_swap_time": 144.54545454545453, "mean_idle_time": 1554.2662506772276, "mean_delivery_time": 6212.794876587891, "mean_schedule_distance": 29830.861730710832, "mean_schedule_energy": 2.526671602191425, "mean_number_swaps": 2.409090909090909, "drone_utilization": 1.0, "execution_time": 7011.261218070984}