{"completion_time": 2895.6112426633945, "mean_delivery_time": 2196.287499249042, "total_distance": 649510.0887297797, "consumed_energy": 53.21206046161302, "execution_time": 1071.6125147342682}