{"completion_time": 4047.1140834855682, "mean_delivery_time": 2556.8777844411247, "total_distance": 582478.0894679752, "consumed_energy": 47.27177407184534, "execution_time": 1735.4876148700714}