{"completion_time": 5162.428072742914, "mean_schedule_time": 4333.222503404016, "mean_flight_time": 3770.282293169196, "mean_swap_time": 125.0, "mean_idle_time": 437.9402102348199, "mean_delivery_time": 3670.591320019538, "mean_schedule_distance": 26391.97605218436, "mean_schedule_energy": 2.1422173478448534, "mean_number_swaps": 2.0833333333333335, "drone_utilization": 1.0, "execution_time": 225.61002326011658}