{"completion_time": 10945.025127226781, "mean_schedule_time": 3611.416854595465, "mean_flight_time": 3484.7501879287984, "mean_swap_time": 126.66666666666667, "mean_idle_time": 0.0, "mean_delivery_time": 3611.8296317762915, "mean_schedule_distance": 24393.251315501584, "mean_schedule_energy": 2.101361017049797, "mean_number_swaps": 2.111111111111111, "drone_utilization": 0.9444444444444444, "execution_time": 26.724124670028687}