{"completion_time": 4261.2361106794015, "mean_delivery_time": 2982.831811570134, "total_distance": 290453.5979971721, "consumed_energy": 24.93350008606686, "execution_time": 158.5929262638092}