{"completion_time": 7975.972231306837, "mean_schedule_time": 7580.094128447437, "mean_flight_time": 7290.094128447437, "mean_swap_time": 290.0, "mean_idle_time": 0.0, "mean_delivery_time": 5987.946923385667, "mean_schedule_distance": 51030.65889913207, "mean_schedule_energy": 4.393929005787493, "mean_number_swaps": 4.833333333333333, "drone_utilization": 1.0, "execution_time": 356.5589542388916}