{"completion_time": 4335.79026050174, "mean_delivery_time": 2706.7571037029024, "total_distance": 341966.0280043676, "consumed_energy": 28.388774312735165, "execution_time": 185.1038122177124}