{"completion_time": 4423.100888127941, "mean_delivery_time": 3047.3803516976873, "total_distance": 431632.73517836194, "consumed_energy": 36.512617819288685, "execution_time": 187.56105518341064}