{"completion_time": 8652.300482624809, "mean_schedule_time": 8091.504292322401, "mean_flight_time": 7659.037025580493, "mean_swap_time": 315.0, "mean_idle_time": 117.46726674190813, "mean_delivery_time": 5888.0084091663475, "mean_schedule_distance": 53613.25917906349, "mean_schedule_energy": 4.543627264317178, "mean_number_swaps": 5.25, "drone_utilization": 1.0, "execution_time": 243.46545886993408}