{"completion_time": 14487.384777266587, "mean_schedule_time": 13994.623291907516, "mean_flight_time": 13301.112841837627, "mean_swap_time": 570.0, "mean_idle_time": 123.51045006988898, "mean_delivery_time": 8733.3446971292, "mean_schedule_distance": 93107.78989286328, "mean_schedule_energy": 7.646317604410269, "mean_number_swaps": 9.5, "drone_utilization": 1.0, "execution_time": 1325.8728456497192}