{"completion_time": 1725.3713238637342, "execution_time": 0.20447707176208496}