{"completion_time": 7064.005756961366, "mean_schedule_time": 5052.139847453362, "mean_flight_time": 4595.330164927443, "mean_swap_time": 198.0, "mean_idle_time": 258.809682525919, "mean_delivery_time": 4171.540337734684, "mean_schedule_distance": 32167.31115449206, "mean_schedule_energy": 2.881988359898389, "mean_number_swaps": 3.3, "drone_utilization": 1.0, "execution_time": 753.5541076660156}