{"completion_time": 9108.262764986728, "mean_schedule_time": 6004.676332760835, "mean_flight_time": 5083.543273297357, "mean_swap_time": 196.0, "mean_idle_time": 725.1330594634783, "mean_delivery_time": 5296.893182166136, "mean_schedule_distance": 35584.802913081505, "mean_schedule_energy": 3.0526517771742223, "mean_number_swaps": 3.2666666666666666, "drone_utilization": 1.0, "execution_time": 482.69701623916626}