{"completion_time": 8047.26008284863, "mean_schedule_time": 7088.073269122049, "mean_flight_time": 6800.07326912205, "mean_swap_time": 288.0, "mean_idle_time": -9.094947017729282e-13, "mean_delivery_time": 5273.106278540899, "mean_schedule_distance": 47600.512883854346, "mean_schedule_energy": 3.9972969294738165, "mean_number_swaps": 4.8, "drone_utilization": 1.0, "execution_time": 186.0765950679779}