{"completion_time": 4692.9551742309495, "mean_delivery_time": 2545.0441287263006, "total_distance": 461868.6492303549, "consumed_energy": 39.911876960041354, "execution_time": 1.5498919486999512}