{"completion_time": 4837.120651874509, "mean_schedule_time": 3548.508501783748, "mean_flight_time": 3458.2267537036546, "mean_swap_time": 84.0, "mean_idle_time": 6.281748080093621, "mean_delivery_time": 4435.635627229685, "mean_schedule_distance": 24207.587275925584, "mean_schedule_energy": 1.6559925600026801, "mean_number_swaps": 1.4, "drone_utilization": 0.8, "execution_time": 3.025507926940918}