{"completion_time": 5927.1959182362425, "mean_schedule_time": 5242.220489292596, "mean_flight_time": 4303.0062233490535, "mean_swap_time": 120.0, "mean_idle_time": 819.2142659435422, "mean_delivery_time": 5299.867205621501, "mean_schedule_distance": 30121.043563443374, "mean_schedule_energy": 2.254116337571493, "mean_number_swaps": 2.0, "drone_utilization": 1.0, "execution_time": 2.6000099182128906}