{"1": [], "2": [], "3": [], "4": [], "5": [], "6": [], "7": [], "8": [], "9": [], "10": [], "11": [{"x": 8, "y": 6, "a": 1, "tau": 756.2424059577014}, {"x": 6, "y": 6, "a": -1, "tau": 816.2424059577014}, {"x": 6, "y": 11, "a": 1, "tau": 2404.988263020551}], "12": [{"x": 4, "y": 5, "a": 2, "tau": 1792.2020476708788}], "13": [], "14": [], "15": [{"x": 5, "y": 20, "a": 2, "tau": 2799.2276945470835}]}