{"completion_time": 17209.437086213642, "mean_schedule_time": 14410.63640331828, "mean_flight_time": 13774.636403318276, "mean_swap_time": 636.0, "mean_idle_time": 3.637978807091713e-12, "mean_delivery_time": 8214.390582504697, "mean_schedule_distance": 96422.45482322792, "mean_schedule_energy": 8.277805127493236, "mean_number_swaps": 10.6, "drone_utilization": 1.0, "execution_time": 10.950003862380981}