{"completion_time": 9024.718543106823, "mean_delivery_time": 4278.1952912523475, "total_distance": 482112.27411613957, "consumed_energy": 41.38902563746618, "execution_time": 11.449905633926392}