{"completion_time": 20904.083459689988, "mean_schedule_time": 20687.771504752283, "mean_flight_time": 19596.46517441647, "mean_swap_time": 888.0, "mean_idle_time": 203.30633033581398, "mean_delivery_time": 11149.14335731888, "mean_schedule_distance": 137175.25622091535, "mean_schedule_energy": 11.026853367978221, "mean_number_swaps": 14.8, "drone_utilization": 1.0, "execution_time": 580.0824344158173}