{"completion_time": 5242.266564016443, "mean_schedule_time": 3374.3301205243974, "mean_flight_time": 2975.2828754653865, "mean_swap_time": 93.75, "mean_idle_time": 305.29724505901095, "mean_delivery_time": 3711.683737684909, "mean_schedule_distance": 20826.980128257714, "mean_schedule_energy": 1.6855101959146657, "mean_number_swaps": 1.5625, "drone_utilization": 0.875, "execution_time": 74.83485198020935}