{"completion_time": 3738.055178096399, "mean_schedule_time": 2471.7623967960144, "mean_flight_time": 2269.9534628835468, "mean_swap_time": 60.0, "mean_idle_time": 141.80893391246764, "mean_delivery_time": 2748.3243045924937, "mean_schedule_distance": 15889.674240184826, "mean_schedule_energy": 1.2536650674240404, "mean_number_swaps": 1.0, "drone_utilization": 0.9, "execution_time": 29.8007173538208}