{"completion_time": 2865.8154168268866, "mean_schedule_time": 279.3928264822422, "mean_flight_time": 270.3928264822422, "mean_swap_time": 9.0, "mean_idle_time": 0.0, "mean_delivery_time": 2793.9282648224216, "mean_schedule_distance": 1892.7497853756952, "mean_schedule_energy": 0.1725704935082596, "mean_number_swaps": 0.15, "drone_utilization": 0.1, "execution_time": 0.6804606914520264}