{"completion_time": 4100.238340651495, "mean_schedule_time": 1034.7936015516868, "mean_flight_time": 914.3171727824462, "mean_swap_time": 24.0, "mean_idle_time": 96.47642876924067, "mean_delivery_time": 3373.820124056605, "mean_schedule_distance": 6400.220209477122, "mean_schedule_energy": 0.5172957722712561, "mean_number_swaps": 0.4, "drone_utilization": 0.35, "execution_time": 104.14254522323608}