{"completion_time": 7386.949213125079, "mean_schedule_time": 6676.386364912558, "mean_flight_time": 6360.897866473385, "mean_swap_time": 244.0, "mean_idle_time": 71.48849843917287, "mean_delivery_time": 5165.707312696573, "mean_schedule_distance": 44526.28506531367, "mean_schedule_energy": 3.556130599885485, "mean_number_swaps": 4.066666666666666, "drone_utilization": 1.0, "execution_time": 1493.4579157829285}