{"completion_time": 3467.937146217556, "mean_schedule_time": 1429.0209507644777, "mean_flight_time": 1115.4710630390023, "mean_swap_time": 30.0, "mean_idle_time": 283.5498877254754, "mean_delivery_time": 2461.003144515903, "mean_schedule_distance": 7808.297441273014, "mean_schedule_energy": 0.6838818630391328, "mean_number_swaps": 0.5, "drone_utilization": 0.6, "execution_time": 2.8648126125335693}