{"completion_time": 13259.295815215844, "mean_schedule_time": 12604.949719559441, "mean_flight_time": 12012.586531611445, "mean_swap_time": 564.0, "mean_idle_time": 28.363187947996266, "mean_delivery_time": 6868.055308407761, "mean_schedule_distance": 84088.10572128012, "mean_schedule_energy": 6.984793845047295, "mean_number_swaps": 9.4, "drone_utilization": 1.0, "execution_time": 445.0810492038727}