{"completion_time": 13128.99922995411, "mean_schedule_time": 11087.97678336504, "mean_flight_time": 10607.976783365042, "mean_swap_time": 480.0, "mean_idle_time": -1.8189894035458565e-12, "mean_delivery_time": 6490.419767026529, "mean_schedule_distance": 74255.8374835553, "mean_schedule_energy": 6.018235496976809, "mean_number_swaps": 8.0, "drone_utilization": 1.0, "execution_time": 0.22747254371643066}