{"completion_time": 8622.2709409807, "mean_schedule_time": 7760.795371001902, "mean_flight_time": 7460.795371001902, "mean_swap_time": 300.0, "mean_idle_time": 0.0, "mean_delivery_time": 5932.35814588722, "mean_schedule_distance": 52225.567597013316, "mean_schedule_energy": 4.2940615306821766, "mean_number_swaps": 5.0, "drone_utilization": 1.0, "execution_time": 125.29372262954712}