{"completion_time": 3337.1960521473447, "mean_delivery_time": 2039.1264302282514, "total_distance": 304373.2603965471, "consumed_energy": 26.15573280922151, "execution_time": 18.28437614440918}