{"completion_time": 7897.374094641072, "mean_schedule_time": 4620.123475625785, "mean_flight_time": 4458.123475625785, "mean_swap_time": 162.0, "mean_idle_time": 0.0, "mean_delivery_time": 3435.2436435313416, "mean_schedule_distance": 31206.864329380478, "mean_schedule_energy": 2.517998881485587, "mean_number_swaps": 2.7, "drone_utilization": 1.0, "execution_time": 12.231286764144897}