{"completion_time": 2159.5663582406223, "mean_delivery_time": 2142.1443419457537, "total_distance": 71122.25459151762, "consumed_energy": 6.18834898987637, "execution_time": 1.4149219989776611}