{"completion_time": 3992.303192865494, "mean_schedule_time": 2111.6577146615823, "mean_flight_time": 2051.6577146615823, "mean_swap_time": 60.0, "mean_idle_time": 0.0, "mean_delivery_time": 2533.9892575938984, "mean_schedule_distance": 14361.604002631078, "mean_schedule_energy": 1.2617471217357148, "mean_number_swaps": 1.0, "drone_utilization": 0.8333333333333334, "total_number_parcel_handover": 0, "mean_number_parcel_handover": 0.0, "execution_time": 6.843777418136597}