{"completion_time": 7044.86352318465, "mean_schedule_time": 1396.9827373737048, "mean_flight_time": 905.9789107499803, "mean_swap_time": 22.0, "mean_idle_time": 469.00382662372454, "mean_delivery_time": 3892.088383067907, "mean_schedule_distance": 6341.852375249861, "mean_schedule_energy": 0.5067504546703059, "mean_number_swaps": 0.36666666666666664, "drone_utilization": 0.36666666666666664, "execution_time": 931.5166079998016}