{"completion_time": 5853.344227698533, "mean_schedule_time": 4507.640898487021, "mean_flight_time": 4306.451108253056, "mean_swap_time": 144.0, "mean_idle_time": 57.18979023396514, "mean_delivery_time": 3949.7486419622523, "mean_schedule_distance": 30145.157757771412, "mean_schedule_energy": 2.408401075916752, "mean_number_swaps": 2.4, "drone_utilization": 1.0, "execution_time": 1132.14155459404}