{"completion_time": 2986.6721138492667, "mean_delivery_time": 2041.7360170128013, "total_distance": 452177.36636657116, "consumed_energy": 36.12601613875128, "execution_time": 955.913028717041}