{"completion_time": 5715.411135411561, "mean_schedule_time": 2921.8344610192826, "mean_flight_time": 2609.050345678473, "mean_swap_time": 85.71428571428571, "mean_idle_time": 227.06982962652364, "mean_delivery_time": 3615.3850059677206, "mean_schedule_distance": 18263.352419749306, "mean_schedule_energy": 1.5144540445545736, "mean_number_swaps": 1.4285714285714286, "drone_utilization": 0.7857142857142857, "execution_time": 2798.5199637413025}