{"completion_time": 6575.718374117752, "mean_schedule_time": 2875.853380297559, "mean_flight_time": 2787.8533802975576, "mean_swap_time": 88.0, "mean_idle_time": 1.3642420526593924e-12, "mean_delivery_time": 3451.024056357071, "mean_schedule_distance": 19514.973662082906, "mean_schedule_energy": 1.6103746862788357, "mean_number_swaps": 1.4666666666666666, "drone_utilization": 0.8333333333333334, "total_number_parcel_handover": 0, "mean_number_parcel_handover": 0.0, "execution_time": 68.30505585670471}