{"completion_time": 2313.722088395093, "execution_time": 0.0005075931549072266}