{"completion_time": 15607.189425034905, "mean_schedule_time": 13000.933688600799, "mean_flight_time": 12550.9336886008, "mean_swap_time": 450.0, "mean_idle_time": -1.8189894035458565e-12, "mean_delivery_time": 8764.823098765855, "mean_schedule_distance": 87856.53582020556, "mean_schedule_energy": 6.346060175202508, "mean_number_swaps": 7.5, "drone_utilization": 1.0, "execution_time": 0.43062281608581543}