{"completion_time": 3138.1950043114425, "mean_delivery_time": 1887.5508519726327, "total_distance": 99822.84771046745, "consumed_energy": 7.368924235677624, "execution_time": 0.25118470191955566}