{"completion_time": 8149.378787792723, "mean_schedule_time": 6258.975978434845, "mean_flight_time": 4545.557474522113, "mean_swap_time": 180.0, "mean_idle_time": 1533.4185039127324, "mean_delivery_time": 7396.741973885306, "mean_schedule_distance": 31818.90232165479, "mean_schedule_energy": 2.6514628116114687, "mean_number_swaps": 3.0, "drone_utilization": 1.0, "execution_time": 46.387622356414795}