{"completion_time": 4298.5186256302595, "mean_schedule_time": 1718.1248005934772, "mean_flight_time": 1568.3840383245133, "mean_swap_time": 48.0, "mean_idle_time": 101.74076226896386, "mean_delivery_time": 2979.5941143299437, "mean_schedule_distance": 10978.688268271588, "mean_schedule_energy": 0.9066642539051198, "mean_number_swaps": 0.8, "drone_utilization": 0.56, "execution_time": 573.60600233078}