{"completion_time": 7592.284957442287, "mean_schedule_time": 2892.243354500016, "mean_flight_time": 2417.283299727764, "mean_swap_time": 84.0, "mean_idle_time": 390.9600547722516, "mean_delivery_time": 4394.954674457944, "mean_schedule_distance": 16920.983098094348, "mean_schedule_energy": 1.418455577382976, "mean_number_swaps": 1.4, "drone_utilization": 0.64, "execution_time": 2740.326404571533}