{"completion_time": 8988.262764986728, "mean_schedule_time": 4993.320405782531, "mean_flight_time": 3875.695645379346, "mean_swap_time": 141.6, "mean_idle_time": 976.0247604031856, "mean_delivery_time": 4876.080613461291, "mean_schedule_distance": 27129.869517655425, "mean_schedule_energy": 2.26044442920588, "mean_number_swaps": 2.36, "drone_utilization": 1.0, "execution_time": 1615.9463465213776}