{"completion_time": 10668.379198153925, "mean_schedule_time": 9170.828108412392, "mean_flight_time": 7796.568907706516, "mean_swap_time": 318.0, "mean_idle_time": 1056.2592007058756, "mean_delivery_time": 6569.864485951811, "mean_schedule_distance": 54575.98235394561, "mean_schedule_energy": 4.619565709345284, "mean_number_swaps": 5.3, "drone_utilization": 1.0, "execution_time": 471.92472767829895}