{"completion_time": 4777.264859515193, "mean_schedule_time": 2302.513485352018, "mean_flight_time": 2234.513485352018, "mean_swap_time": 68.0, "mean_idle_time": 0.0, "mean_delivery_time": 2878.1418566900225, "mean_schedule_distance": 15641.594397464125, "mean_schedule_energy": 1.3198135214838365, "mean_number_swaps": 1.1333333333333333, "drone_utilization": 0.8, "execution_time": 89.77005171775818}