{"completion_time": 5411.445585904626, "mean_schedule_time": 2951.3090496441305, "mean_flight_time": 2209.792431178591, "mean_swap_time": 75.0, "mean_idle_time": 666.5166184655395, "mean_delivery_time": 3620.991120400869, "mean_schedule_distance": 15468.547018250134, "mean_schedule_energy": 1.3623623982792012, "mean_number_swaps": 1.25, "drone_utilization": 0.875, "execution_time": 17.277583122253418}