{"completion_time": 10149.554913085361, "mean_schedule_time": 3255.4981276380786, "mean_flight_time": 3150.4981276380763, "mean_swap_time": 105.0, "mean_idle_time": 2.2737367544323206e-12, "mean_delivery_time": 3719.8298112199222, "mean_schedule_distance": 22053.486893466532, "mean_schedule_energy": 1.8085708330477728, "mean_number_swaps": 1.75, "drone_utilization": 0.8571428571428571, "total_number_parcel_handover": 0, "mean_number_parcel_handover": 0.0, "execution_time": 66.95338439941406}