{"completion_time": 28870.832965544185, "mean_schedule_time": 28558.064376017115, "mean_flight_time": 27274.064376017115, "mean_swap_time": 1284.0, "mean_idle_time": 0.0, "mean_delivery_time": 13258.395302297142, "mean_schedule_distance": 190918.4506321198, "mean_schedule_energy": 16.17596906778569, "mean_number_swaps": 21.4, "drone_utilization": 1.0, "execution_time": 2576.713794708252}