{"completion_time": 12147.253007393625, "mean_schedule_time": 11663.471991361392, "mean_flight_time": 11207.471991361394, "mean_swap_time": 456.0, "mean_idle_time": -1.8189894035458565e-12, "mean_delivery_time": 7446.434357972242, "mean_schedule_distance": 78452.30393952977, "mean_schedule_energy": 5.957178772503037, "mean_number_swaps": 7.6, "drone_utilization": 1.0, "execution_time": 83.06145286560059}