{"completion_time": 10445.952277772249, "mean_schedule_time": 10207.720001034542, "mean_flight_time": 9767.720001034542, "mean_swap_time": 440.0, "mean_idle_time": 0.0, "mean_delivery_time": 6295.4137271682675, "mean_schedule_distance": 68374.04000724181, "mean_schedule_energy": 5.963538806757659, "mean_number_swaps": 7.333333333333333, "drone_utilization": 1.0, "total_number_parcel_handover": 3, "mean_number_parcel_handover": 0.2, "execution_time": 286.09936356544495}