{"completion_time": 5432.976138886124, "mean_delivery_time": 3277.590859156453, "total_distance": 410244.24004345096, "consumed_energy": 35.78123284054594, "execution_time": 202.89716172218323}