{"completion_time": 5311.994994681943, "mean_schedule_time": 2260.2647353653656, "mean_flight_time": 1984.2833797130872, "mean_swap_time": 51.0, "mean_idle_time": 224.98135565227835, "mean_delivery_time": 3943.8743216635744, "mean_schedule_distance": 13889.98365799161, "mean_schedule_energy": 1.0810354691157484, "mean_number_swaps": 0.85, "drone_utilization": 0.6, "execution_time": 442.3400547504425}