{"completion_time": 5075.262504567358, "mean_schedule_time": 3334.9762456887424, "mean_flight_time": 3115.5229282685573, "mean_swap_time": 111.0, "mean_idle_time": 108.45331742018516, "mean_delivery_time": 3391.709700258486, "mean_schedule_distance": 21808.660497879915, "mean_schedule_energy": 1.8945708521795506, "mean_number_swaps": 1.85, "drone_utilization": 0.95, "execution_time": 434.2669086456299}