{"completion_time": 4389.3410127931365, "mean_schedule_time": 639.9263855024433, "mean_flight_time": 516.0824040144938, "mean_swap_time": 12.0, "mean_idle_time": 111.84398148794946, "mean_delivery_time": 2572.8713342401634, "mean_schedule_distance": 3612.5768281014575, "mean_schedule_energy": 0.33057008253954356, "mean_number_swaps": 0.2, "drone_utilization": 0.26666666666666666, "execution_time": 11.249683618545532}