{"1": [], "2": [{"x": 4, "y": 5, "a": 0, "tau": 717.7778473035665}, {"x": 5, "y": 2, "a": 2, "tau": 1086.0118188792228}], "3": [{"x": 2, "y": 5, "a": 0, "tau": 368.23397157565626}, {"x": 5, "y": 1, "a": 1, "tau": 761.0783429822104}]}