{"completion_time": 5017.063001206458, "mean_delivery_time": 2901.5980151735766, "total_distance": 206924.09572410778, "consumed_energy": 18.029464159572772, "execution_time": 8.028880596160889}