{"completion_time": 1509.3445791279755, "execution_time": 3599.43616604805}