{"completion_time": 9292.55638569938, "mean_schedule_time": 5119.875095358335, "mean_flight_time": 4929.875095358335, "mean_swap_time": 190.0, "mean_idle_time": 0.0, "mean_delivery_time": 3848.8977920542047, "mean_schedule_distance": 34509.125667508335, "mean_schedule_energy": 2.9754682693785792, "mean_number_swaps": 3.1666666666666665, "drone_utilization": 1.0, "total_number_parcel_handover": 0, "mean_number_parcel_handover": 0.0, "execution_time": 24.9731388092041}