{"completion_time": 7942.255446765553, "mean_schedule_time": 6436.403850225887, "mean_flight_time": 6019.142367771398, "mean_swap_time": 217.5, "mean_idle_time": 199.76148245448894, "mean_delivery_time": 5872.256968366157, "mean_schedule_distance": 42133.99657439979, "mean_schedule_energy": 3.422629762294106, "mean_number_swaps": 3.625, "drone_utilization": 1.0, "execution_time": 2269.859869480133}