{"completion_time": 6345.8334595182405, "mean_schedule_time": 3986.165824904622, "mean_flight_time": 3403.161529621366, "mean_swap_time": 122.5, "mean_idle_time": 460.50429528325594, "mean_delivery_time": 3890.2532510981455, "mean_schedule_distance": 23822.13070734956, "mean_schedule_energy": 2.0959207167290277, "mean_number_swaps": 2.0416666666666665, "drone_utilization": 0.9166666666666666, "execution_time": 866.917418718338}