{"completion_time": 4891.307939423916, "mean_schedule_time": 2313.8632129804714, "mean_flight_time": 1992.8983381295227, "mean_swap_time": 62.5, "mean_idle_time": 258.4648748509485, "mean_delivery_time": 3159.7527449121794, "mean_schedule_distance": 13950.288366906667, "mean_schedule_energy": 1.1563101687649333, "mean_number_swaps": 1.0416666666666667, "drone_utilization": 0.7083333333333334, "total_number_parcel_handover": 5, "mean_number_parcel_handover": 0.3333333333333333, "execution_time": 467.7833843231201}