{"completion_time": 4613.345902469695, "mean_schedule_time": 1847.199306886436, "mean_flight_time": 1606.513570079466, "mean_swap_time": 40.0, "mean_idle_time": 200.68573680697, "mean_delivery_time": 2946.9043893287953, "mean_schedule_distance": 11245.594990556263, "mean_schedule_energy": 0.9404227963659959, "mean_number_swaps": 0.6666666666666666, "drone_utilization": 0.6666666666666666, "execution_time": 60.34733533859253}