{"completion_time": 2306.6729512348475, "mean_delivery_time": 1499.7021946643977, "total_distance": 182627.82963418623, "consumed_energy": 14.942976232040477, "execution_time": 59.87281394004822}