{"completion_time": 8068.737721905528, "mean_schedule_time": 6738.18792733007, "mean_flight_time": 5883.243276823191, "mean_swap_time": 231.0, "mean_idle_time": 623.944650506879, "mean_delivery_time": 5786.566921907236, "mean_schedule_distance": 41182.70293776239, "mean_schedule_energy": 3.4410867568758627, "mean_number_swaps": 3.85, "drone_utilization": 1.0, "execution_time": 7467.849722146988}