{"completion_time": 7679.513833161006, "mean_schedule_time": 4548.775286495121, "mean_flight_time": 3498.704549673674, "mean_swap_time": 114.0, "mean_idle_time": 936.0707368214466, "mean_delivery_time": 4581.663043207473, "mean_schedule_distance": 24490.931847715703, "mean_schedule_energy": 1.985530124367688, "mean_number_swaps": 1.9, "drone_utilization": 0.95, "execution_time": 3739.178806781769}