{"completion_time": 5517.4861396345, "mean_schedule_time": 2220.377442040007, "mean_flight_time": 2150.3774420400064, "mean_swap_time": 70.0, "mean_idle_time": 4.547473508864641e-13, "mean_delivery_time": 3330.5661630600102, "mean_schedule_distance": 15052.642094280045, "mean_schedule_energy": 1.2226048219361372, "mean_number_swaps": 1.1666666666666667, "drone_utilization": 0.6666666666666666, "execution_time": 53.94585394859314}