{"completion_time": 2818.74306981725, "mean_delivery_time": 1717.7830815300051, "total_distance": 451579.26282840135, "consumed_energy": 36.678144658084115, "execution_time": 43.56539344787598}