{"completion_time": 8904.877390014235, "mean_schedule_time": 8320.516431703087, "mean_flight_time": 7939.440210855497, "mean_swap_time": 337.5, "mean_idle_time": 43.576220847589866, "mean_delivery_time": 6115.466977470264, "mean_schedule_distance": 55576.08147598846, "mean_schedule_energy": 4.550817312264416, "mean_number_swaps": 5.625, "drone_utilization": 1.0, "total_number_parcel_handover": 2, "mean_number_parcel_handover": 0.13333333333333333, "execution_time": 281.29816007614136}