{"completion_time": 13654.74018343499, "mean_schedule_time": 10054.237564882565, "mean_flight_time": 9634.237564882565, "mean_swap_time": 420.0, "mean_idle_time": 0.0, "mean_delivery_time": 5778.797093751383, "mean_schedule_distance": 67439.66295417794, "mean_schedule_energy": 5.671643906589327, "mean_number_swaps": 7.0, "drone_utilization": 1.0, "execution_time": 32.64503312110901}