{"completion_time": 2570.6611002679133, "mean_delivery_time": 1174.360262377277, "total_distance": 156850.43673281878, "consumed_energy": 13.961186271836027, "execution_time": 12.912103414535522}