{"completion_time": 4961.322200535827, "mean_schedule_time": 764.9068415848512, "mean_flight_time": 746.9068415848512, "mean_swap_time": 18.0, "mean_idle_time": 0.0, "mean_delivery_time": 2294.720524754554, "mean_schedule_distance": 5228.347891093959, "mean_schedule_energy": 0.46537287572786756, "mean_number_swaps": 0.3, "drone_utilization": 0.3333333333333333, "total_number_parcel_handover": 0, "mean_number_parcel_handover": 0.0, "execution_time": 14.477183103561401}