{"completion_time": 7670.829837739277, "mean_schedule_time": 7092.582178212336, "mean_flight_time": 6614.084155886511, "mean_swap_time": 264.0, "mean_idle_time": 214.49802232582442, "mean_delivery_time": 4508.406373941314, "mean_schedule_distance": 46298.58909120558, "mean_schedule_energy": 3.9012497758483584, "mean_number_swaps": 4.4, "drone_utilization": 1.0, "execution_time": 204.4528613090515}