{"completion_time": 6757.60125860987, "mean_schedule_time": 3219.246544020403, "mean_flight_time": 3099.246544020402, "mean_swap_time": 120.0, "mean_idle_time": 9.094947017729282e-13, "mean_delivery_time": 3863.0958528244832, "mean_schedule_distance": 21694.72580814282, "mean_schedule_energy": 2.008055515664064, "mean_number_swaps": 2.0, "drone_utilization": 0.8333333333333334, "execution_time": 0.8894474506378174}