{"completion_time": 6215.291286728202, "mean_schedule_time": 5171.407640887652, "mean_flight_time": 4580.183368388321, "mean_swap_time": 153.33333333333334, "mean_idle_time": 437.89093916599813, "mean_delivery_time": 4628.101591136877, "mean_schedule_distance": 32061.28357871825, "mean_schedule_energy": 2.5596478941721914, "mean_number_swaps": 2.5555555555555554, "drone_utilization": 1.0, "total_number_parcel_handover": 16, "mean_number_parcel_handover": 0.8, "execution_time": 1355.2101831436157}