{"completion_time": 8988.262764986728, "mean_schedule_time": 1670.4616077281262, "mean_flight_time": 933.0221578935434, "mean_swap_time": 27.857142857142858, "mean_idle_time": 709.5823069774399, "mean_delivery_time": 5313.337218680562, "mean_schedule_distance": 6531.155105254807, "mean_schedule_energy": 0.5475849128488813, "mean_number_swaps": 0.4642857142857143, "drone_utilization": 0.32142857142857145, "total_number_parcel_handover": 8, "mean_number_parcel_handover": 1.6, "execution_time": 37.525360345840454}