{"completion_time": 4373.554879559284, "mean_schedule_time": 2132.4977382116845, "mean_flight_time": 1976.10571923529, "mean_swap_time": 54.0, "mean_idle_time": 102.39201897639441, "mean_delivery_time": 2969.868867898304, "mean_schedule_distance": 13832.740034647031, "mean_schedule_energy": 1.1417722414011577, "mean_number_swaps": 0.9, "drone_utilization": 0.7333333333333333, "execution_time": 1115.4460036754608}