{"completion_time": 5425.566649791343, "mean_schedule_time": 3950.4040439997984, "mean_flight_time": 3438.400487940611, "mean_swap_time": 111.81818181818181, "mean_idle_time": 400.1853742410053, "mean_delivery_time": 3909.63080497653, "mean_schedule_distance": 24068.803415584283, "mean_schedule_energy": 2.0094234108794224, "mean_number_swaps": 1.8636363636363635, "drone_utilization": 1.0, "total_number_parcel_handover": 12, "mean_number_parcel_handover": 0.6, "execution_time": 1044.071573972702}