{"completion_time": 6148.096272412685, "mean_schedule_time": 4901.201010671587, "mean_flight_time": 4335.30529386221, "mean_swap_time": 140.0, "mean_idle_time": 425.8957168093766, "mean_delivery_time": 4695.6783122037505, "mean_schedule_distance": 30347.137057035463, "mean_schedule_energy": 2.4222636327901075, "mean_number_swaps": 2.3333333333333335, "drone_utilization": 0.9444444444444444, "execution_time": 540.0655584335327}