{"completion_time": 4354.320837166964, "mean_schedule_time": 1659.3812354253232, "mean_flight_time": 1000.1473582953427, "mean_swap_time": 7.5, "mean_idle_time": 651.7338771299806, "mean_delivery_time": 3124.040931267513, "mean_schedule_distance": 7001.031508067402, "mean_schedule_energy": 0.5334554855286885, "mean_number_swaps": 0.125, "drone_utilization": 0.5625, "execution_time": 41.94806408882141}