{"completion_time": 4858.24618415255, "mean_schedule_time": 3505.3216611117823, "mean_flight_time": 3008.43854602085, "mean_swap_time": 95.0, "mean_idle_time": 401.8831150909323, "mean_delivery_time": 3663.8243222507954, "mean_schedule_distance": 21059.06982214595, "mean_schedule_energy": 1.7501269112917832, "mean_number_swaps": 1.5833333333333333, "drone_utilization": 1.0, "execution_time": 96.16644167900085}