{"completion_time": 6311.2138185844, "mean_schedule_time": 2483.621560620579, "mean_flight_time": 1819.6561865026756, "mean_swap_time": 60.0, "mean_idle_time": 603.9653741179036, "mean_delivery_time": 3630.142063089647, "mean_schedule_distance": 12737.59330551873, "mean_schedule_energy": 1.0848769050098028, "mean_number_swaps": 1.0, "drone_utilization": 0.6666666666666666, "execution_time": 54.6938955783844}