{"completion_time": 675.5679799657756, "execution_time": 0.0003292560577392578}