{"completion_time": 9348.262764986728, "mean_schedule_time": 1847.1417790987791, "mean_flight_time": 1777.1417790987796, "mean_swap_time": 70.0, "mean_idle_time": -4.547473508864641e-13, "mean_delivery_time": 3694.2835581975582, "mean_schedule_distance": 12439.992453691457, "mean_schedule_energy": 1.12031844249928, "mean_number_swaps": 1.1666666666666667, "drone_utilization": 0.5, "execution_time": 29.829643487930298}