{"completion_time": 11580.743609372814, "mean_schedule_time": 6603.593836402164, "mean_flight_time": 6351.593836402162, "mean_swap_time": 252.0, "mean_idle_time": 1.8189894035458565e-12, "mean_delivery_time": 6047.062926792997, "mean_schedule_distance": 44461.156854815155, "mean_schedule_energy": 3.5668249992354846, "mean_number_swaps": 4.2, "drone_utilization": 1.0, "execution_time": 0.9675140380859375}