{"completion_time": 6063.793834159906, "mean_schedule_time": 4532.223752624229, "mean_flight_time": 4347.946922150963, "mean_swap_time": 152.0, "mean_idle_time": 32.27683047326627, "mean_delivery_time": 3908.2296100070985, "mean_schedule_distance": 30435.62845505674, "mean_schedule_energy": 2.4631459327539043, "mean_number_swaps": 2.533333333333333, "drone_utilization": 1.0, "execution_time": 757.182030916214}