{"completion_time": 3121.896917079953, "mean_delivery_time": 2045.7476261494298, "total_distance": 448856.1104281886, "consumed_energy": 36.486490007448815, "execution_time": 465.3235068321228}