{"completion_time": 7462.883702624979, "mean_schedule_time": 2061.410548436828, "mean_flight_time": 1996.6105484368281, "mean_swap_time": 64.8, "mean_idle_time": -4.547473508864641e-13, "mean_delivery_time": 3681.0902650657636, "mean_schedule_distance": 13976.273839057794, "mean_schedule_energy": 1.157345520224027, "mean_number_swaps": 1.08, "drone_utilization": 0.56, "execution_time": 16.485846042633057}