{"completion_time": 3823.783955198057, "mean_delivery_time": 2302.533040578128, "total_distance": 665369.4476040871, "consumed_energy": 57.274574104138615, "execution_time": 814.0237984657288}