{"completion_time": 7682.849424528542, "mean_schedule_time": 4174.0976024384245, "mean_flight_time": 3596.166142656081, "mean_swap_time": 132.0, "mean_idle_time": 445.9314597823436, "mean_delivery_time": 4112.772070831533, "mean_schedule_distance": 25173.162998592547, "mean_schedule_energy": 2.2159702014491405, "mean_number_swaps": 2.2, "drone_utilization": 0.92, "execution_time": 821.7830972671509}