{"completion_time": 47598.898133751456, "mean_schedule_time": 47473.54820474814, "mean_flight_time": 45433.54820474814, "mean_swap_time": 2040.0, "mean_idle_time": 0.0, "mean_delivery_time": 21606.80074713282, "mean_schedule_distance": 318034.8374332369, "mean_schedule_energy": 24.928306760283174, "mean_number_swaps": 34.0, "drone_utilization": 1.0, "total_number_parcel_handover": 1, "mean_number_parcel_handover": 0.05, "execution_time": 421.78283405303955}