{"completion_time": 4705.415940046583, "mean_schedule_time": 3976.1014497017095, "mean_flight_time": 3631.6058414357494, "mean_swap_time": 117.0, "mean_idle_time": 227.49560826596007, "mean_delivery_time": 3778.17318989071, "mean_schedule_distance": 25421.24089005025, "mean_schedule_energy": 2.1162968640014435, "mean_number_swaps": 1.95, "drone_utilization": 1.0, "execution_time": 1698.7697129249573}