{"completion_time": 7767.567910396114, "mean_schedule_time": 2749.432564690669, "mean_flight_time": 2654.4325646906686, "mean_swap_time": 95.0, "mean_idle_time": 4.547473508864641e-13, "mean_delivery_time": 3379.430739863029, "mean_schedule_distance": 18581.027952834687, "mean_schedule_energy": 1.706094680815748, "mean_number_swaps": 1.5833333333333333, "drone_utilization": 0.7916666666666666, "total_number_parcel_handover": 0, "mean_number_parcel_handover": 0.0, "execution_time": 40.02168560028076}