{"completion_time": 9135.947864424661, "mean_schedule_time": 8351.318130666954, "mean_flight_time": 7871.14872470515, "mean_swap_time": 300.0, "mean_idle_time": 180.16940596180393, "mean_delivery_time": 5478.624768854365, "mean_schedule_distance": 55098.041072936016, "mean_schedule_energy": 4.389027511908703, "mean_number_swaps": 5.0, "drone_utilization": 1.0, "execution_time": 356.63601207733154}