{"completion_time": 2859.2276945470835, "mean_schedule_time": 537.8060943082222, "mean_flight_time": 524.4727609748888, "mean_swap_time": 13.333333333333334, "mean_idle_time": 0.0, "mean_delivery_time": 1936.1019395095998, "mean_schedule_distance": 3671.309326824222, "mean_schedule_energy": 0.31806107885325274, "mean_number_swaps": 0.2222222222222222, "drone_utilization": 0.2777777777777778, "execution_time": 2.4468157291412354}