{"completion_time": 5983.651932402115, "mean_schedule_time": 4090.398918519774, "mean_flight_time": 3414.5511016205232, "mean_swap_time": 132.0, "mean_idle_time": 543.8478168992506, "mean_delivery_time": 4219.862193319934, "mean_schedule_distance": 23901.85771134366, "mean_schedule_energy": 2.1849232871866273, "mean_number_swaps": 2.2, "drone_utilization": 0.8666666666666667, "execution_time": 1801.0209529399872}