{"completion_time": 4674.073841369784, "mean_schedule_time": 1960.5248964230277, "mean_flight_time": 1680.0629166826257, "mean_swap_time": 45.6, "mean_idle_time": 234.86197974040215, "mean_delivery_time": 3776.169596483642, "mean_schedule_distance": 11760.440416778378, "mean_schedule_energy": 0.908387346504788, "mean_number_swaps": 0.76, "drone_utilization": 0.56, "execution_time": 85.91543221473694}