{"completion_time": 10759.605095442354, "mean_schedule_time": 10214.407964357772, "mean_flight_time": 9579.887753233372, "mean_swap_time": 405.0, "mean_idle_time": 229.5202111243998, "mean_delivery_time": 6589.04666481957, "mean_schedule_distance": 67059.2142726336, "mean_schedule_energy": 5.4114541928078745, "mean_number_swaps": 6.75, "drone_utilization": 1.0, "execution_time": 435.9440608024597}