{"completion_time": 2573.9125950316775, "mean_schedule_time": 340.9535909369881, "mean_flight_time": 256.27388196954996, "mean_swap_time": 0.0, "mean_idle_time": 84.67970896743816, "mean_delivery_time": 1922.0541147716249, "mean_schedule_distance": 1793.9171737868498, "mean_schedule_energy": 0.14102303211141765, "mean_number_swaps": 0.0, "drone_utilization": 0.2, "execution_time": 0.8651974201202393}