{"completion_time": 5279.92783165589, "mean_schedule_time": 1124.622041322696, "mean_flight_time": 816.809327539457, "mean_swap_time": 23.571428571428573, "mean_idle_time": 284.2412852118106, "mean_delivery_time": 3742.807632985441, "mean_schedule_distance": 5717.665292776202, "mean_schedule_energy": 0.5044563206794441, "mean_number_swaps": 0.39285714285714285, "drone_utilization": 0.35714285714285715, "total_number_parcel_handover": 5, "mean_number_parcel_handover": 1.0, "execution_time": 439.5848391056061}