{"completion_time": 3317.105461009232, "mean_delivery_time": 1823.6697093860594, "total_distance": 337066.11910210236, "consumed_energy": 29.51362993257238, "execution_time": 11.593104600906372}