{"completion_time": 4225.351619197632, "execution_time": 0.16194820404052734}