{"completion_time": 6227.436916184571, "mean_delivery_time": 4105.919586413747, "total_distance": 382890.16384004743, "consumed_energy": 32.331950344425316, "execution_time": 329.20906162261963}