{"completion_time": 2759.1690154179832, "execution_time": 0.04741930961608887}