{"1": [], "2": [{"x": 3, "y": 5, "a": 0, "tau": 470.0923683610484}, {"x": 5, "y": 5, "a": -1, "tau": 530.0923683610483}, {"x": 5, "y": 3, "a": 2, "tau": 1000.1847367220967}], "3": [{"x": 4, "y": 5, "a": 1, "tau": 476.6826886297704}], "4": [{"x": 3, "y": 2, "a": 2, "tau": 1756.7714563605691}]}