{"completion_time": 8300.095058832878, "mean_schedule_time": 3141.439157542365, "mean_flight_time": 3025.724871828082, "mean_swap_time": 115.71428571428571, "mean_idle_time": -2.7284841053187847e-12, "mean_delivery_time": 4449.389449330958, "mean_schedule_distance": 21180.07410279656, "mean_schedule_energy": 1.8277796622895177, "mean_number_swaps": 1.9285714285714286, "drone_utilization": 0.6785714285714286, "total_number_parcel_handover": 0, "mean_number_parcel_handover": 0.0, "execution_time": 33.856879472732544}