{"completion_time": 12689.53914620352, "mean_schedule_time": 12512.776444093875, "mean_flight_time": 11952.143227072977, "mean_swap_time": 540.0, "mean_idle_time": 20.633217020898883, "mean_delivery_time": 7349.932497509743, "mean_schedule_distance": 83665.0025895109, "mean_schedule_energy": 7.043857093513583, "mean_number_swaps": 9.0, "drone_utilization": 1.0, "execution_time": 270.14054560661316}