{"completion_time": 9422.792007552653, "mean_schedule_time": 9371.613581393398, "mean_flight_time": 8697.141805598787, "mean_swap_time": 330.0, "mean_idle_time": 344.47177579461095, "mean_delivery_time": 6467.1171462674265, "mean_schedule_distance": 60879.99263919152, "mean_schedule_energy": 4.637192740173707, "mean_number_swaps": 5.5, "drone_utilization": 1.0, "execution_time": 2.6550052165985107}