{"completion_time": 4016.4762709300576, "mean_delivery_time": 2806.695829936114, "total_distance": 657371.2063812126, "consumed_energy": 54.454240693482284, "execution_time": 4060.278002977371}