{"completion_time": 8136.720882384423, "mean_schedule_time": 7553.869728117362, "mean_flight_time": 6879.213493854506, "mean_swap_time": 273.0, "mean_idle_time": 401.65623426285583, "mean_delivery_time": 5933.900038937665, "mean_schedule_distance": 48154.49445698162, "mean_schedule_energy": 3.952483915917777, "mean_number_swaps": 4.55, "drone_utilization": 1.0, "execution_time": 2397.8709621429443}