{"completion_time": 7830.97721244573, "mean_schedule_time": 6017.96595135901, "mean_flight_time": 5336.85656104591, "mean_swap_time": 200.0, "mean_idle_time": 481.10939031310045, "mean_delivery_time": 5107.385929698307, "mean_schedule_distance": 37357.99592732137, "mean_schedule_energy": 3.08152045284546, "mean_number_swaps": 3.3333333333333335, "drone_utilization": 1.0, "execution_time": 1104.742817401886}