{"completion_time": 6365.464690521991, "mean_schedule_time": 5525.810769857715, "mean_flight_time": 4842.520765282946, "mean_swap_time": 180.0, "mean_idle_time": 503.2900045747692, "mean_delivery_time": 5712.654156175759, "mean_schedule_distance": 33897.64535698062, "mean_schedule_energy": 2.7729306119605823, "mean_number_swaps": 3.0, "drone_utilization": 1.0, "total_number_parcel_handover": 3, "mean_number_parcel_handover": 0.6, "execution_time": 14.023450374603271}