{"completion_time": 3290.6889177999324, "execution_time": 23.221978664398193}