{"completion_time": 13430.231358155559, "mean_schedule_time": 6920.514181700515, "mean_flight_time": 6632.514181700521, "mean_swap_time": 288.0, "mean_idle_time": -5.4569682106375694e-12, "mean_delivery_time": 4601.590009720758, "mean_schedule_distance": 46427.59927190362, "mean_schedule_energy": 4.1025309338546565, "mean_number_swaps": 4.8, "drone_utilization": 1.0, "execution_time": 50.90930676460266}