{"completion_time": 15950.034118370708, "mean_schedule_time": 8653.808830769913, "mean_flight_time": 8315.237402198487, "mean_swap_time": 338.57142857142856, "mean_idle_time": -3.637978807091713e-12, "mean_delivery_time": 6071.458085721796, "mean_schedule_distance": 58206.66181538936, "mean_schedule_energy": 4.767274873289891, "mean_number_swaps": 5.642857142857143, "drone_utilization": 1.0, "total_number_parcel_handover": 0, "mean_number_parcel_handover": 0.0, "execution_time": 30.920212984085083}