{"completion_time": 7246.733759113797, "mean_schedule_time": 6814.832198606988, "mean_flight_time": 6562.832198606988, "mean_swap_time": 252.0, "mean_idle_time": 0.0, "mean_delivery_time": 5549.3347582285105, "mean_schedule_distance": 45939.82539024891, "mean_schedule_energy": 3.428999619193702, "mean_number_swaps": 4.2, "drone_utilization": 1.0, "execution_time": 58.96673226356506}