{"completion_time": 7681.7988069490475, "mean_schedule_time": 3132.9364341092223, "mean_flight_time": 3022.9364341092237, "mean_swap_time": 110.0, "mean_idle_time": -1.3642420526593924e-12, "mean_delivery_time": 3805.2843984274286, "mean_schedule_distance": 21160.55503876456, "mean_schedule_energy": 1.8453830671265736, "mean_number_swaps": 1.8333333333333333, "drone_utilization": 0.7916666666666666, "total_number_parcel_handover": 0, "mean_number_parcel_handover": 0.0, "execution_time": 38.213918685913086}