{"completion_time": 7899.3764826150555, "mean_delivery_time": 4114.394350267843, "total_distance": 497747.1306024469, "consumed_energy": 41.67358855482928, "execution_time": 117.65392518043518}