{"completion_time": 7301.912853998877, "mean_schedule_time": 2994.6649196486637, "mean_flight_time": 2874.664919648664, "mean_swap_time": 120.0, "mean_idle_time": -4.547473508864641e-13, "mean_delivery_time": 3834.982944725282, "mean_schedule_distance": 20122.654437540645, "mean_schedule_energy": 1.821915960302383, "mean_number_swaps": 2.0, "drone_utilization": 0.7333333333333333, "execution_time": 9.267525434494019}