{"completion_time": 4176.580795522605, "mean_schedule_time": 1070.4321983610234, "mean_flight_time": 961.5621499458905, "mean_swap_time": 28.0, "mean_idle_time": 80.87004841513294, "mean_delivery_time": 2879.1852947401235, "mean_schedule_distance": 6730.935049621233, "mean_schedule_energy": 0.5700627056071994, "mean_number_swaps": 0.4666666666666667, "drone_utilization": 0.36666666666666664, "execution_time": 75.3953309059143}