{"completion_time": 36436.194485191845, "mean_schedule_time": 35765.67346971498, "mean_flight_time": 34265.67346971499, "mean_swap_time": 1500.0, "mean_idle_time": -7.275957614183426e-12, "mean_delivery_time": 16724.047165342337, "mean_schedule_distance": 239859.71428800488, "mean_schedule_energy": 18.898393732067564, "mean_number_swaps": 25.0, "drone_utilization": 1.0, "total_number_parcel_handover": 0, "mean_number_parcel_handover": 0.0, "execution_time": 2.0026280879974365}