{"completion_time": 7023.836255568333, "mean_schedule_time": 2785.4377969294487, "mean_flight_time": 2701.437796929449, "mean_swap_time": 84.0, "mean_idle_time": -4.547473508864641e-13, "mean_delivery_time": 3559.5479526920803, "mean_schedule_distance": 18910.064578506142, "mean_schedule_energy": 1.4645284169369115, "mean_number_swaps": 1.4, "drone_utilization": 0.7333333333333333, "execution_time": 9.532089948654175}