{"completion_time": 2001.1044196017733, "mean_delivery_time": 1665.6744082340624, "total_distance": 189978.07676854855, "consumed_energy": 14.233622645075604, "execution_time": 59.79801106452942}