{"completion_time": 3942.2088392035466, "mean_schedule_time": 2011.76679506297, "mean_flight_time": 1865.118307640937, "mean_swap_time": 36.0, "mean_idle_time": 110.64848742203299, "mean_delivery_time": 3254.919731467559, "mean_schedule_distance": 13055.828153486564, "mean_schedule_energy": 0.9723455584733732, "mean_number_swaps": 0.6, "drone_utilization": 0.6666666666666666, "execution_time": 58.86855602264404}