{"completion_time": 2306.6729512348475, "mean_delivery_time": 1671.182377047054, "total_distance": 131846.2703724371, "consumed_energy": 11.440915860016672, "execution_time": 16.649393558502197}