{"completion_time": 2799.2276945470835, "mean_schedule_time": 564.8109383875908, "mean_flight_time": 457.90982675335533, "mean_swap_time": 6.0, "mean_idle_time": 100.90111163423546, "mean_delivery_time": 1885.1857204053092, "mean_schedule_distance": 3205.368787273487, "mean_schedule_energy": 0.2544806848492931, "mean_number_swaps": 0.1, "drone_utilization": 0.3, "execution_time": 10.5027334690094}