{"completion_time": 2306.6729512348475, "mean_delivery_time": 1537.1033804507451, "total_distance": 312616.3383877663, "consumed_energy": 26.838849794239913, "execution_time": 152.9972686767578}