{"completion_time": 4613.345902469695, "mean_schedule_time": 2446.48814823213, "mean_flight_time": 2232.973845626903, "mean_swap_time": 63.0, "mean_idle_time": 150.51430260522693, "mean_delivery_time": 2986.467231731762, "mean_schedule_distance": 15630.816919388313, "mean_schedule_energy": 1.3419424897119956, "mean_number_swaps": 1.05, "drone_utilization": 0.85, "execution_time": 200.14635062217712}