{"completion_time": 8295.109081766168, "mean_schedule_time": 7917.5739619280475, "mean_flight_time": 7219.532664645987, "mean_swap_time": 296.0, "mean_idle_time": 402.04129728206044, "mean_delivery_time": 6108.802014932706, "mean_schedule_distance": 50536.72865252197, "mean_schedule_energy": 4.207105931443989, "mean_number_swaps": 4.933333333333334, "drone_utilization": 1.0, "execution_time": 9112.244715929031}