{"completion_time": 7905.992394186996, "mean_schedule_time": 6705.713595285703, "mean_flight_time": 6315.922412488803, "mean_swap_time": 244.0, "mean_idle_time": 145.7911827969001, "mean_delivery_time": 4678.003210776141, "mean_schedule_distance": 44211.45688742162, "mean_schedule_energy": 3.6033404121608794, "mean_number_swaps": 4.066666666666666, "drone_utilization": 1.0, "execution_time": 10599.424721240997}