{"completion_time": 5489.131199450618, "mean_schedule_time": 1902.6304293369312, "mean_flight_time": 1848.0849747914763, "mean_swap_time": 54.54545454545455, "mean_idle_time": 4.547473508864641e-13, "mean_delivery_time": 2839.285553689324, "mean_schedule_distance": 12936.594823540334, "mean_schedule_energy": 1.0791294256650452, "mean_number_swaps": 0.9090909090909091, "drone_utilization": 0.6363636363636364, "total_number_parcel_handover": 0, "mean_number_parcel_handover": 0.0, "execution_time": 21.72068953514099}