{"completion_time": 25447.55623451584, "mean_schedule_time": 24676.46234988934, "mean_flight_time": 23466.682404339976, "mean_swap_time": 1104.0, "mean_idle_time": 105.77994554936595, "mean_delivery_time": 11310.958207287285, "mean_schedule_distance": 164266.77683037997, "mean_schedule_energy": 13.918566539576194, "mean_number_swaps": 18.4, "drone_utilization": 1.0, "execution_time": 6027.849159479141}