{"completion_time": 5453.894509282589, "mean_schedule_time": 2005.095709713802, "mean_flight_time": 1951.095709713802, "mean_swap_time": 54.0, "mean_idle_time": 0.0, "mean_delivery_time": 3341.826182856337, "mean_schedule_distance": 13657.669967996611, "mean_schedule_energy": 1.10998629711777, "mean_number_swaps": 0.9, "drone_utilization": 0.6, "execution_time": 1.9739508628845215}