{"completion_time": 3773.8020176431, "mean_delivery_time": 2378.3545457767254, "total_distance": 153884.81820437076, "consumed_energy": 13.711859189387457, "execution_time": 1.0070512294769287}