{"completion_time": 4486.566732042604, "mean_schedule_time": 3054.212929947339, "mean_flight_time": 2762.2906821341035, "mean_swap_time": 100.8, "mean_idle_time": 191.1222478132354, "mean_delivery_time": 3298.458456050862, "mean_schedule_distance": 19336.03477493872, "mean_schedule_energy": 1.7868255911208484, "mean_number_swaps": 1.68, "drone_utilization": 0.88, "execution_time": 1077.8684360980988}