{"completion_time": 12516.561681781168, "mean_delivery_time": 5398.713780069645, "total_distance": 700370.4092192989, "consumed_energy": 58.37795093390975, "execution_time": 16.66835880279541}