{"completion_time": 9712.337202112654, "mean_schedule_time": 7012.43528390165, "mean_flight_time": 6210.408382862731, "mean_swap_time": 275.0, "mean_idle_time": 527.0269010389193, "mean_delivery_time": 5259.102971872222, "mean_schedule_distance": 43472.85868003913, "mean_schedule_energy": 3.890199614953134, "mean_number_swaps": 4.583333333333333, "drone_utilization": 1.0, "total_number_parcel_handover": 8, "mean_number_parcel_handover": 0.4, "execution_time": 359.3058326244354}