{"completion_time": 4760.152542999177, "mean_delivery_time": 2859.6702383971106, "total_distance": 554853.5056243582, "consumed_energy": 49.10609293842907, "execution_time": 329.5604066848755}