{"completion_time": 6920.395117532032, "mean_schedule_time": 3002.0670657316837, "mean_flight_time": 2533.5081995085075, "mean_swap_time": 75.0, "mean_idle_time": 393.5588662231762, "mean_delivery_time": 4139.138063015843, "mean_schedule_distance": 17734.557396559554, "mean_schedule_energy": 1.490226449360424, "mean_number_swaps": 1.25, "drone_utilization": 0.75, "execution_time": 112.45621728897095}