{"completion_time": 3686.960990142433, "mean_schedule_time": 1224.1899248406303, "mean_flight_time": 1200.1899248406303, "mean_swap_time": 24.0, "mean_idle_time": 0.0, "mean_delivery_time": 3060.4748121015755, "mean_schedule_distance": 8401.329473884412, "mean_schedule_energy": 0.6354557202010362, "mean_number_swaps": 0.4, "drone_utilization": 0.4, "execution_time": 0.11465191841125488}