{"completion_time": 14276.60380754933, "mean_schedule_time": 5992.941999185367, "mean_flight_time": 5764.941999185366, "mean_swap_time": 228.0, "mean_idle_time": 1.8189894035458565e-12, "mean_delivery_time": 4779.829908689243, "mean_schedule_distance": 40354.59399429757, "mean_schedule_energy": 3.54843115113414, "mean_number_swaps": 3.8, "drone_utilization": 1.0, "execution_time": 8.625359058380127}