{"completion_time": 9419.979412595298, "mean_schedule_time": 8534.51315164622, "mean_flight_time": 8163.033840066932, "mean_swap_time": 345.0, "mean_idle_time": 26.47931157928906, "mean_delivery_time": 6020.334513618698, "mean_schedule_distance": 57141.23688046853, "mean_schedule_energy": 4.8260643716468845, "mean_number_swaps": 5.75, "drone_utilization": 1.0, "execution_time": 249.238614320755}