{"completion_time": 7616.608644184089, "mean_schedule_time": 4462.660983086028, "mean_flight_time": 3994.590641706229, "mean_swap_time": 145.0, "mean_idle_time": 323.0703413797992, "mean_delivery_time": 4396.79032881094, "mean_schedule_distance": 27962.134491943583, "mean_schedule_energy": 2.4459411607721697, "mean_number_swaps": 2.4166666666666665, "drone_utilization": 0.9166666666666666, "total_number_parcel_handover": 10, "mean_number_parcel_handover": 0.4, "execution_time": 2328.305584192276}