{"completion_time": 5606.975432076453, "mean_schedule_time": 1407.3596955937937, "mean_flight_time": 1364.502552736651, "mean_swap_time": 42.857142857142854, "mean_idle_time": -2.2737367544323206e-13, "mean_delivery_time": 3940.6071476626225, "mean_schedule_distance": 9551.517869156556, "mean_schedule_energy": 0.74412208373551, "mean_number_swaps": 0.7142857142857143, "drone_utilization": 0.35714285714285715, "execution_time": 2.0605862140655518}