{"completion_time": 16658.045355527924, "mean_schedule_time": 14993.093270153342, "mean_flight_time": 14318.093270153338, "mean_swap_time": 675.0, "mean_idle_time": 3.637978807091713e-12, "mean_delivery_time": 7950.19616307429, "mean_schedule_distance": 100226.6528910734, "mean_schedule_energy": 8.98651767282735, "mean_number_swaps": 11.25, "drone_utilization": 1.0, "execution_time": 4.619851112365723}