{"completion_time": 4611.703161931449, "mean_schedule_time": 575.5424729039785, "mean_flight_time": 560.5424729039786, "mean_swap_time": 15.0, "mean_idle_time": -1.1368683772161603e-13, "mean_delivery_time": 2877.7123645198926, "mean_schedule_distance": 3923.79731032785, "mean_schedule_energy": 0.3428606198868613, "mean_number_swaps": 0.25, "drone_utilization": 0.2, "execution_time": 1.888679027557373}