{"completion_time": 11014.653168624629, "mean_schedule_time": 7720.982505784662, "mean_flight_time": 7405.982505784663, "mean_swap_time": 315.0, "mean_idle_time": -9.094947017729282e-13, "mean_delivery_time": 5536.423343270715, "mean_schedule_distance": 51841.87754049263, "mean_schedule_energy": 4.2254311292878635, "mean_number_swaps": 5.25, "drone_utilization": 1.0, "execution_time": 8.5684814453125}