{"completion_time": 1886.4410842955463, "execution_time": 1.7690708637237549}