{"completion_time": 3657.9033809197304, "mean_schedule_time": 691.3270414860666, "mean_flight_time": 671.3270414860666, "mean_swap_time": 20.0, "mean_idle_time": 0.0, "mean_delivery_time": 2592.4764055727496, "mean_schedule_distance": 4699.289290402466, "mean_schedule_energy": 0.4139871642725777, "mean_number_swaps": 0.3333333333333333, "drone_utilization": 0.26666666666666666, "execution_time": 1.5747790336608887}