{"completion_time": 6130.282714826105, "mean_schedule_time": 2672.2290582925807, "mean_flight_time": 2583.429058292581, "mean_swap_time": 88.8, "mean_idle_time": -4.547473508864641e-13, "mean_delivery_time": 3107.4598518854123, "mean_schedule_distance": 18084.00340804807, "mean_schedule_energy": 1.5017183387082316, "mean_number_swaps": 1.48, "drone_utilization": 0.8, "execution_time": 40.896403551101685}