{"completion_time": 7264.813329800504, "mean_schedule_time": 4157.334570105678, "mean_flight_time": 4019.3345701056796, "mean_swap_time": 138.0, "mean_idle_time": -1.8189894035458565e-12, "mean_delivery_time": 3244.493679693792, "mean_schedule_distance": 28135.341990739737, "mean_schedule_energy": 2.2524035497144075, "mean_number_swaps": 2.3, "drone_utilization": 1.0, "execution_time": 11.473880290985107}