{"completion_time": 7609.539281224026, "mean_schedule_time": 2579.214728586051, "mean_flight_time": 2170.747261972469, "mean_swap_time": 68.57142857142857, "mean_idle_time": 339.8960380421536, "mean_delivery_time": 4494.099140480508, "mean_schedule_distance": 15195.230833807282, "mean_schedule_energy": 1.2714371543590233, "mean_number_swaps": 1.1428571428571428, "drone_utilization": 0.5714285714285714, "execution_time": 827.9443914890289}