{"completion_time": 5832.151458320864, "mean_schedule_time": 3571.9483200564623, "mean_flight_time": 2385.265904639483, "mean_swap_time": 82.5, "mean_idle_time": 1104.1824154169794, "mean_delivery_time": 4776.912759393542, "mean_schedule_distance": 16696.86133247638, "mean_schedule_energy": 1.4914803225222901, "mean_number_swaps": 1.375, "drone_utilization": 0.75, "execution_time": 24.91310143470764}