{"completion_time": 11140.89812184733, "execution_time": 0.3949270248413086}