{"completion_time": 3751.2088241060565, "mean_schedule_time": 2420.1480943770816, "mean_flight_time": 2286.4286616381214, "mean_swap_time": 66.0, "mean_idle_time": 67.71943273896022, "mean_delivery_time": 2682.1622208176213, "mean_schedule_distance": 16005.000631466848, "mean_schedule_energy": 1.2898877621817888, "mean_number_swaps": 1.1, "drone_utilization": 0.9, "execution_time": 10.086975812911987}