{"completion_time": 2355.4239463090407, "mean_delivery_time": 1741.424323509529, "total_distance": 292696.7095226827, "consumed_energy": 23.797647352622114, "execution_time": 44.21273946762085}