{"completion_time": 6678.833146103267, "mean_delivery_time": 3657.5192014242375, "total_distance": 1842227.6824651076, "consumed_energy": 159.9147297483695, "execution_time": 13407.16291475296}