{"completion_time": 5550.329727583795, "mean_schedule_time": 851.4356008455427, "mean_flight_time": 820.2356008455428, "mean_swap_time": 31.2, "mean_idle_time": -1.1368683772161603e-13, "mean_delivery_time": 3547.6483368564277, "mean_schedule_distance": 5741.6492059187985, "mean_schedule_energy": 0.5195632088441768, "mean_number_swaps": 0.52, "drone_utilization": 0.24, "execution_time": 4.554129362106323}