{"completion_time": 5727.003362481451, "mean_schedule_time": 3070.6004612488373, "mean_flight_time": 2734.459380195317, "mean_swap_time": 94.61538461538461, "mean_idle_time": 241.52569643813558, "mean_delivery_time": 3319.070236582243, "mean_schedule_distance": 19141.21566136722, "mean_schedule_energy": 1.6640165368954714, "mean_number_swaps": 1.5769230769230769, "drone_utilization": 0.8846153846153846, "total_number_parcel_handover": 8, "mean_number_parcel_handover": 0.32, "execution_time": 757.4693024158478}