{"completion_time": 9886.736031612138, "mean_schedule_time": 8904.72131171417, "mean_flight_time": 8557.580174647783, "mean_swap_time": 324.0, "mean_idle_time": 23.141137066386364, "mean_delivery_time": 7178.5061359079655, "mean_schedule_distance": 59903.06122253449, "mean_schedule_energy": 4.667124744859086, "mean_number_swaps": 5.4, "drone_utilization": 1.0, "execution_time": 32.234747886657715}