{"completion_time": 6351.823140359873, "mean_schedule_time": 3707.112047375766, "mean_flight_time": 3201.737575505785, "mean_swap_time": 108.0, "mean_idle_time": 397.3744718699809, "mean_delivery_time": 3599.037107219703, "mean_schedule_distance": 22412.16302854049, "mean_schedule_energy": 1.8509943003300833, "mean_number_swaps": 1.8, "drone_utilization": 0.88, "execution_time": 657.0932331085205}