{"completion_time": 3983.509433085826, "mean_delivery_time": 1967.4353270132895, "total_distance": 611449.0510410514, "consumed_energy": 50.880485834307535, "execution_time": 43.577834367752075}