{"completion_time": 7787.018866171652, "mean_schedule_time": 4112.266565201631, "mean_flight_time": 3970.44838338345, "mean_swap_time": 141.8181818181818, "mean_idle_time": -9.094947017729282e-13, "mean_delivery_time": 3807.670654026579, "mean_schedule_distance": 27793.138683684156, "mean_schedule_energy": 2.312749356104888, "mean_number_swaps": 2.3636363636363638, "drone_utilization": 1.0, "total_number_parcel_handover": 0, "mean_number_parcel_handover": 0.0, "execution_time": 61.320313692092896}