{"completion_time": 7616.608644184089, "mean_schedule_time": 5584.113065895201, "mean_flight_time": 5057.667374044552, "mean_swap_time": 198.0, "mean_idle_time": 328.4456918506485, "mean_delivery_time": 4488.989184758686, "mean_schedule_distance": 35403.67161831183, "mean_schedule_energy": 3.048896549123358, "mean_number_swaps": 3.3, "drone_utilization": 1.0, "execution_time": 879.1571221351624}