{"completion_time": 6713.804758815277, "mean_schedule_time": 5899.815209730233, "mean_flight_time": 5520.895395984295, "mean_swap_time": 220.0, "mean_idle_time": 158.91981374593797, "mean_delivery_time": 4235.232171455382, "mean_schedule_distance": 38646.267771890074, "mean_schedule_energy": 3.3095901469591733, "mean_number_swaps": 3.6666666666666665, "drone_utilization": 1.0, "total_number_parcel_handover": 6, "mean_number_parcel_handover": 0.3, "execution_time": 383.74598360061646}