{"completion_time": 6530.408035354158, "mean_schedule_time": 5003.5054676842, "mean_flight_time": 4467.213387177759, "mean_swap_time": 160.0, "mean_idle_time": 376.2920805064414, "mean_delivery_time": 4984.176305905453, "mean_schedule_distance": 31270.49371024431, "mean_schedule_energy": 2.5759330321528418, "mean_number_swaps": 2.6666666666666665, "drone_utilization": 0.8666666666666667, "execution_time": 282.61633014678955}