{"completion_time": 6822.619414593257, "mean_schedule_time": 5595.099379235406, "mean_flight_time": 5391.099379235406, "mean_swap_time": 204.0, "mean_idle_time": 0.0, "mean_delivery_time": 5275.7189389787645, "mean_schedule_distance": 37737.69565464785, "mean_schedule_energy": 3.1231341183318646, "mean_number_swaps": 3.4, "drone_utilization": 0.9, "execution_time": 511.92710876464844}