{"completion_time": 5993.7976604394935, "mean_delivery_time": 3296.7435003015007, "total_distance": 647525.0946157018, "consumed_energy": 53.61876984627132, "execution_time": 269.95818853378296}