{"completion_time": 11627.595320878987, "mean_schedule_time": 10133.384937568828, "mean_flight_time": 9250.358494510027, "mean_swap_time": 402.0, "mean_idle_time": 481.0264430588013, "mean_delivery_time": 6376.563923679924, "mean_schedule_distance": 64752.50946157018, "mean_schedule_energy": 5.361876984627132, "mean_number_swaps": 6.7, "drone_utilization": 1.0, "execution_time": 406.3620402812958}