{"completion_time": 4799.258719526237, "mean_schedule_time": 2414.3560835087665, "mean_flight_time": 2344.3560835087665, "mean_swap_time": 70.0, "mean_idle_time": 0.0, "mean_delivery_time": 2897.22730021052, "mean_schedule_distance": 16410.492584561365, "mean_schedule_energy": 1.2295067036925527, "mean_number_swaps": 1.1666666666666667, "drone_utilization": 0.8333333333333334, "total_number_parcel_handover": 0, "mean_number_parcel_handover": 0.0, "execution_time": 0.5019104480743408}