{"completion_time": 6240.536112224208, "mean_schedule_time": 3456.8948112500825, "mean_flight_time": 2435.0393787836015, "mean_swap_time": 72.0, "mean_idle_time": 949.855432466481, "mean_delivery_time": 4420.606878371129, "mean_schedule_distance": 17045.275651485208, "mean_schedule_energy": 1.4754781291296255, "mean_number_swaps": 1.2, "drone_utilization": 0.8, "execution_time": 15.602086782455444}