{"completion_time": 15986.006752980848, "mean_schedule_time": 11642.491375552674, "mean_flight_time": 11126.491375552669, "mean_swap_time": 516.0, "mean_idle_time": 5.4569682106375694e-12, "mean_delivery_time": 6607.065159737782, "mean_schedule_distance": 77885.4396288687, "mean_schedule_energy": 6.714470944010233, "mean_number_swaps": 8.6, "drone_utilization": 1.0, "execution_time": 6.952970266342163}