{"completion_time": 8383.003376490424, "mean_delivery_time": 3434.782579868891, "total_distance": 389427.1981443435, "consumed_energy": 33.572354720051166, "execution_time": 6.533844470977783}