{"completion_time": 4119.72802380329, "mean_delivery_time": 1946.3729573331057, "total_distance": 152575.32841598094, "consumed_energy": 12.938688485142169, "execution_time": 1.7791221141815186}