{"completion_time": 6765.80036435201, "mean_schedule_time": 3266.7595740500365, "mean_flight_time": 3171.759574050038, "mean_swap_time": 95.0, "mean_idle_time": -1.3642420526593924e-12, "mean_delivery_time": 3057.823990323842, "mean_schedule_distance": 22202.317018350263, "mean_schedule_energy": 1.82851944766338, "mean_number_swaps": 1.5833333333333333, "drone_utilization": 1.0, "execution_time": 14.45959758758545}