{"completion_time": 5715.411135411561, "mean_schedule_time": 3442.530317301857, "mean_flight_time": 3073.4027385345057, "mean_swap_time": 102.85714285714286, "mean_idle_time": 266.27043591020856, "mean_delivery_time": 3553.7711873242906, "mean_schedule_distance": 21513.819169741535, "mean_schedule_energy": 1.7928519636350873, "mean_number_swaps": 1.7142857142857142, "drone_utilization": 0.9285714285714286, "execution_time": 2901.501742362976}