{"completion_time": 2887.7055677057806, "mean_delivery_time": 1830.8855936621453, "total_distance": 602386.936752763, "consumed_energy": 50.199854981782444, "execution_time": 1231.570044517517}