{"completion_time": 4891.307939423916, "mean_schedule_time": 1824.5011683952348, "mean_flight_time": 1571.743608987634, "mean_swap_time": 49.285714285714285, "mean_idle_time": 203.47184512188664, "mean_delivery_time": 2810.6971324330525, "mean_schedule_distance": 11002.205262913438, "mean_schedule_energy": 0.9355467936094087, "mean_number_swaps": 0.8214285714285714, "drone_utilization": 0.6428571428571429, "execution_time": 262.1906039714813}