{"completion_time": 3763.783955198057, "mean_delivery_time": 1266.9876397839525, "total_distance": 217000.87854293207, "consumed_energy": 17.83205115648768, "execution_time": 125.59497404098511}