{"completion_time": 7467.567910396114, "mean_schedule_time": 2833.2246620918113, "mean_flight_time": 1937.5078441333221, "mean_swap_time": 41.25, "mean_idle_time": 854.4668179584892, "mean_delivery_time": 2491.975279567905, "mean_schedule_distance": 13562.554908933254, "mean_schedule_energy": 1.11450319728048, "mean_number_swaps": 0.6875, "drone_utilization": 0.9375, "execution_time": 176.49937176704407}