{"completion_time": 4594.320837166964, "mean_schedule_time": 1801.7497307076246, "mean_flight_time": 1742.5496191341886, "mean_swap_time": 54.0, "mean_idle_time": 5.200111573436061, "mean_delivery_time": 3603.4994614152492, "mean_schedule_distance": 12197.84733393932, "mean_schedule_energy": 0.9537148289014634, "mean_number_swaps": 0.9, "drone_utilization": 0.5, "execution_time": 15.50907850265503}