{"completion_time": 8130.502193855739, "mean_schedule_time": 3849.621500650599, "mean_flight_time": 3714.621500650601, "mean_swap_time": 135.0, "mean_idle_time": -1.8189894035458565e-12, "mean_delivery_time": 3373.4959976656173, "mean_schedule_distance": 26002.350504554197, "mean_schedule_energy": 2.1955689007940964, "mean_number_swaps": 2.25, "drone_utilization": 1.0, "total_number_parcel_handover": 0, "mean_number_parcel_handover": 0.0, "execution_time": 25.006280660629272}