{"completion_time": 5485.566649791343, "mean_schedule_time": 4081.997583515588, "mean_flight_time": 3420.680355145383, "mean_swap_time": 116.0, "mean_idle_time": 545.3172283702047, "mean_delivery_time": 3841.11897117042, "mean_schedule_distance": 23944.76248601768, "mean_schedule_energy": 2.0595369156220373, "mean_number_swaps": 1.9333333333333333, "drone_utilization": 1.0, "execution_time": 677.3896448612213}