{"completion_time": 6852.5838217957935, "mean_schedule_time": 5778.168853020262, "mean_flight_time": 5537.040031117464, "mean_swap_time": 204.0, "mean_idle_time": 37.128821902797426, "mean_delivery_time": 4969.612614938376, "mean_schedule_distance": 38759.280217822256, "mean_schedule_energy": 3.016138753927375, "mean_number_swaps": 3.4, "drone_utilization": 1.0, "execution_time": 284.33287501335144}