{"completion_time": 8012.138563070883, "mean_schedule_time": 7410.171184107734, "mean_flight_time": 6124.543116053574, "mean_swap_time": 204.0, "mean_idle_time": 1081.6280680541604, "mean_delivery_time": 6257.244211016543, "mean_schedule_distance": 42871.801812375015, "mean_schedule_energy": 3.1585193674984744, "mean_number_swaps": 3.4, "drone_utilization": 1.0, "execution_time": 35.92286920547485}