{"completion_time": 5371.772153251459, "mean_schedule_time": 1878.93769226459, "mean_flight_time": 1821.0805494074473, "mean_swap_time": 57.857142857142854, "mean_idle_time": -2.2737367544323206e-13, "mean_delivery_time": 2667.7467254250546, "mean_schedule_distance": 12747.563845852132, "mean_schedule_energy": 1.0918000977701021, "mean_number_swaps": 0.9642857142857143, "drone_utilization": 0.6785714285714286, "execution_time": 41.13536620140076}