{"completion_time": 2970.2125848284827, "mean_delivery_time": 1774.7618284516457, "total_distance": 80242.2814955737, "consumed_energy": 7.452738512543883, "execution_time": 0.01793050765991211}