{"completion_time": 2970.2125848284827, "mean_delivery_time": 1350.17710164384, "total_distance": 86704.83202259152, "consumed_energy": 8.128893189060227, "execution_time": 0.10374069213867188}