{"completion_time": 22459.920671434385, "mean_schedule_time": 22269.00035359551, "mean_flight_time": 21222.969014552822, "mean_swap_time": 924.0, "mean_idle_time": 122.03133904268907, "mean_delivery_time": 11096.418988836385, "mean_schedule_distance": 148560.7831018698, "mean_schedule_energy": 12.030028483912009, "mean_number_swaps": 15.4, "drone_utilization": 1.0, "execution_time": 1836.387491941452}