{"completion_time": 18102.06029246436, "mean_schedule_time": 15208.408417998777, "mean_flight_time": 14563.408417998771, "mean_swap_time": 645.0, "mean_idle_time": 5.4569682106375694e-12, "mean_delivery_time": 7938.80803258369, "mean_schedule_distance": 101943.85892599144, "mean_schedule_energy": 7.925988398889457, "mean_number_swaps": 10.75, "drone_utilization": 1.0, "execution_time": 3.8331077098846436}