{"completion_time": 10154.329943094683, "mean_schedule_time": 9560.10724037799, "mean_flight_time": 9101.445905945506, "mean_swap_time": 366.0, "mean_idle_time": 92.66133443248509, "mean_delivery_time": 7018.5191014561415, "mean_schedule_distance": 63710.1213416185, "mean_schedule_energy": 5.101790937304118, "mean_number_swaps": 6.1, "drone_utilization": 1.0, "execution_time": 516.7995014190674}