{"completion_time": 10645.003079675125, "mean_schedule_time": 6000.549632037494, "mean_flight_time": 5772.549632037496, "mean_swap_time": 228.0, "mean_idle_time": -1.8189894035458565e-12, "mean_delivery_time": 4772.661215963875, "mean_schedule_distance": 40407.84742426245, "mean_schedule_energy": 3.4230137359043575, "mean_number_swaps": 3.8, "drone_utilization": 1.0, "execution_time": 38.538646936416626}