{"completion_time": 8037.645470308349, "mean_schedule_time": 4503.428694805198, "mean_flight_time": 4334.678694805199, "mean_swap_time": 168.75, "mean_idle_time": -9.094947017729282e-13, "mean_delivery_time": 3915.6169650941047, "mean_schedule_distance": 30342.7508636364, "mean_schedule_energy": 2.671753018651084, "mean_number_swaps": 2.8125, "drone_utilization": 1.0, "total_number_parcel_handover": 0, "mean_number_parcel_handover": 0.0, "execution_time": 23.04555892944336}