{"completion_time": 3201.7453695134163, "mean_delivery_time": 1614.1956169026969, "total_distance": 317981.0795495664, "consumed_energy": 27.834938446121328, "execution_time": 21.817432403564453}