{"completion_time": 10721.377290917142, "mean_schedule_time": 10195.020123150667, "mean_flight_time": 9364.632830741419, "mean_swap_time": 420.0, "mean_idle_time": 410.3872924092484, "mean_delivery_time": 6537.408684370839, "mean_schedule_distance": 65552.42981518994, "mean_schedule_energy": 5.517473290772729, "mean_number_swaps": 7.0, "drone_utilization": 1.0, "execution_time": 1541.2635843753815}