{"completion_time": 11176.878555800566, "mean_schedule_time": 5241.425796401371, "mean_flight_time": 5040.425796401372, "mean_swap_time": 201.0, "mean_idle_time": -9.094947017729282e-13, "mean_delivery_time": 4219.679590456954, "mean_schedule_distance": 35282.9805748096, "mean_schedule_energy": 3.032135237556681, "mean_number_swaps": 3.35, "drone_utilization": 1.0, "execution_time": 60.50791883468628}