{"completion_time": 6707.733691753486, "mean_schedule_time": 6211.4916534987115, "mean_flight_time": 5563.381944319071, "mean_swap_time": 216.0, "mean_idle_time": 432.10970917964005, "mean_delivery_time": 4958.055327298928, "mean_schedule_distance": 38943.67361023352, "mean_schedule_energy": 3.3313876252666477, "mean_number_swaps": 3.6, "drone_utilization": 1.0, "execution_time": 918.8048896789551}