{"completion_time": 942.3230452018561, "execution_time": 0.004310131072998047}