{"completion_time": 942.3230452018561, "execution_time": 0.002000093460083008}