{"completion_time": 2186.777439779642, "mean_delivery_time": 1640.3972284471952, "total_distance": 361524.6019046584, "consumed_energy": 29.455780023939866, "execution_time": 1996.9318096637726}