{"completion_time": 9028.417041895125, "mean_schedule_time": 7246.8723870761805, "mean_flight_time": 6930.95613366805, "mean_swap_time": 280.0, "mean_idle_time": 35.916253408130615, "mean_delivery_time": 4877.563160497959, "mean_schedule_distance": 48516.692935676394, "mean_schedule_energy": 4.012646095879375, "mean_number_swaps": 4.666666666666667, "drone_utilization": 1.0, "execution_time": 502.55836296081543}