{"completion_time": 1974.9286334714602, "execution_time": 0.13791704177856445}