{"completion_time": 9348.262764986728, "mean_schedule_time": 2581.104301551015, "mean_flight_time": 2488.9614444081585, "mean_swap_time": 92.14285714285714, "mean_idle_time": -9.094947017729282e-13, "mean_delivery_time": 3613.546022171421, "mean_schedule_distance": 17422.73011085711, "mean_schedule_energy": 1.5330613080782463, "mean_number_swaps": 1.5357142857142858, "drone_utilization": 0.7142857142857143, "execution_time": 42.36009240150452}