{"completion_time": 3754.3035558696492, "mean_delivery_time": 1942.30961348653, "total_distance": 196044.19213779617, "consumed_energy": 15.706049600062537, "execution_time": 0.17170453071594238}