{"completion_time": 5863.651932402115, "mean_schedule_time": 2618.693260961623, "mean_flight_time": 1817.6921979624362, "mean_swap_time": 56.0, "mean_idle_time": 745.0010629991866, "mean_delivery_time": 3649.150477018046, "mean_schedule_distance": 12723.845385737051, "mean_schedule_energy": 1.2147821097578284, "mean_number_swaps": 0.9333333333333333, "drone_utilization": 0.7333333333333333, "execution_time": 38.56986737251282}