{"completion_time": 6804.280987360122, "mean_schedule_time": 4653.803213725145, "mean_flight_time": 3974.835892823145, "mean_swap_time": 144.0, "mean_idle_time": 534.9673209020002, "mean_delivery_time": 4695.468922458044, "mean_schedule_distance": 27823.851249762018, "mean_schedule_energy": 2.3069542307391018, "mean_number_swaps": 2.4, "drone_utilization": 0.8, "execution_time": 24.266521215438843}