{"completion_time": 3004.9319405826636, "mean_delivery_time": 2203.794383511395, "total_distance": 522269.6513821176, "consumed_energy": 45.26452491237491, "execution_time": 480.1070749759674}