{"completion_time": 16036.381545731796, "mean_schedule_time": 7170.22292158465, "mean_flight_time": 6875.222921584648, "mean_swap_time": 295.0, "mean_idle_time": 1.8189894035458565e-12, "mean_delivery_time": 5258.391115280689, "mean_schedule_distance": 48126.560451092555, "mean_schedule_energy": 4.068867134155495, "mean_number_swaps": 4.916666666666667, "drone_utilization": 1.0, "total_number_parcel_handover": 0, "mean_number_parcel_handover": 0.0, "execution_time": 22.07477879524231}