{"completion_time": 7145.334073690657, "mean_schedule_time": 3512.579299805563, "mean_flight_time": 3401.579299805562, "mean_swap_time": 111.0, "mean_idle_time": 9.094947017729282e-13, "mean_delivery_time": 3646.0558464725013, "mean_schedule_distance": 23811.055098638935, "mean_schedule_energy": 1.9685982474211627, "mean_number_swaps": 1.85, "drone_utilization": 0.9, "total_number_parcel_handover": 0, "mean_number_parcel_handover": 0.0, "execution_time": 27.687066316604614}