{"completion_time": 12645.482453352555, "mean_schedule_time": 11150.981673874248, "mean_flight_time": 10539.92536299099, "mean_swap_time": 432.0, "mean_idle_time": 179.05631088325754, "mean_delivery_time": 7354.908053444386, "mean_schedule_distance": 73779.47754093693, "mean_schedule_energy": 5.835093014383047, "mean_number_swaps": 7.2, "drone_utilization": 1.0, "execution_time": 110.99176168441772}