{"completion_time": 1137.2461098481983, "execution_time": 0.33910202980041504}