{"completion_time": 5242.219849527445, "mean_schedule_time": 4665.76665502783, "mean_flight_time": 4139.032316669543, "mean_swap_time": 144.0, "mean_idle_time": 382.73433835828655, "mean_delivery_time": 4559.578758620576, "mean_schedule_distance": 28973.22621668679, "mean_schedule_energy": 2.3882074703042298, "mean_number_swaps": 2.4, "drone_utilization": 1.0, "execution_time": 3049.343485593796}