{"completion_time": 10217.905218383637, "mean_schedule_time": 9533.508377254351, "mean_flight_time": 8975.230037669407, "mean_swap_time": 388.0, "mean_idle_time": 170.27833958494375, "mean_delivery_time": 6686.866280218979, "mean_schedule_distance": 62826.61026368591, "mean_schedule_energy": 5.258643452097251, "mean_number_swaps": 6.466666666666667, "drone_utilization": 1.0, "execution_time": 12456.340656995773}