{"completion_time": 5770.926472517765, "mean_schedule_time": 2757.9485312577376, "mean_flight_time": 2353.1047186811065, "mean_swap_time": 66.66666666666667, "mean_idle_time": 338.17714590996457, "mean_delivery_time": 3873.8382930148846, "mean_schedule_distance": 16471.733030767748, "mean_schedule_energy": 1.3612333367197835, "mean_number_swaps": 1.1111111111111112, "drone_utilization": 0.7222222222222222, "total_number_parcel_handover": 6, "mean_number_parcel_handover": 0.6, "execution_time": 890.3535089492798}