{"completion_time": 4646.646445975273, "execution_time": 0.002454519271850586}