{"completion_time": 26360.4067931863, "mean_schedule_time": 23630.71379431408, "mean_flight_time": 22640.71379431407, "mean_swap_time": 990.0, "mean_idle_time": 1.0913936421275139e-11, "mean_delivery_time": 11965.767853974137, "mean_schedule_distance": 158484.99656019852, "mean_schedule_energy": 12.632945182626942, "mean_number_swaps": 16.5, "drone_utilization": 1.0, "execution_time": 9.208872318267822}