{"completion_time": 7467.567910396114, "mean_schedule_time": 1408.5990967216735, "mean_flight_time": 821.1103906173115, "mean_swap_time": 28.8, "mean_idle_time": 558.688706104362, "mean_delivery_time": 4494.934837477603, "mean_schedule_distance": 5747.772734321181, "mean_schedule_energy": 0.5370845980845228, "mean_number_swaps": 0.48, "drone_utilization": 0.32, "execution_time": 27.909852504730225}