{"completion_time": 18533.02318125482, "mean_schedule_time": 18072.24011711643, "mean_flight_time": 16893.30541260293, "mean_swap_time": 810.0, "mean_idle_time": 368.93470451350004, "mean_delivery_time": 8775.338088584032, "mean_schedule_distance": 118253.13788822058, "mean_schedule_energy": 10.71013726148401, "mean_number_swaps": 13.5, "drone_utilization": 1.0, "execution_time": 463.25897765159607}