{"completion_time": 23721.643865457983, "mean_schedule_time": 17910.58526669135, "mean_flight_time": 17160.585266691356, "mean_swap_time": 750.0, "mean_idle_time": -7.275957614183426e-12, "mean_delivery_time": 10402.948891071637, "mean_schedule_distance": 120124.09686683946, "mean_schedule_energy": 9.90962629847101, "mean_number_swaps": 12.5, "drone_utilization": 1.0, "execution_time": 4.4589738845825195}