{"completion_time": 2540.442448573382, "mean_delivery_time": 1517.4990098545725, "total_distance": 319423.4508386007, "consumed_energy": 26.173294385444958, "execution_time": 767.700053691864}