{"completion_time": 2003.9162875160478, "mean_delivery_time": 1528.0667921777736, "total_distance": 115018.63577593211, "consumed_energy": 8.471465301199487, "execution_time": 5.567625999450684}