{"completion_time": 4063.783955198057, "mean_delivery_time": 1740.4758357446426, "total_distance": 432585.18685426115, "consumed_energy": 39.042114732376795, "execution_time": 28.326785564422607}