{"completion_time": 7679.513833161006, "mean_schedule_time": 4854.000725806606, "mean_flight_time": 3890.7220580536386, "mean_swap_time": 132.0, "mean_idle_time": 831.2786677529675, "mean_delivery_time": 4631.885132602193, "mean_schedule_distance": 27235.05440637548, "mean_schedule_energy": 2.275565629178613, "mean_number_swaps": 2.2, "drone_utilization": 1.0, "total_number_parcel_handover": 11, "mean_number_parcel_handover": 0.55, "execution_time": 854.5767967700958}