{"completion_time": 2287.6005447223915, "mean_delivery_time": 1645.9232970825722, "total_distance": 550326.7777925357, "consumed_energy": 45.01821901678281, "execution_time": 1528.8207128047943}