{"completion_time": 5595.235259517608, "mean_schedule_time": 2958.2349466534556, "mean_flight_time": 2731.2655557406097, "mean_swap_time": 84.0, "mean_idle_time": 142.96939091284594, "mean_delivery_time": 3687.3857946781422, "mean_schedule_distance": 19118.858890184267, "mean_schedule_energy": 1.548294142280708, "mean_number_swaps": 1.4, "drone_utilization": 0.75, "execution_time": 211.987487077713}