{"completion_time": 2799.2276945470835, "mean_schedule_time": 794.1050813814524, "mean_flight_time": 591.9109248359692, "mean_swap_time": 8.0, "mean_idle_time": 194.1941565454831, "mean_delivery_time": 2249.6659681348847, "mean_schedule_distance": 4143.376473851785, "mean_schedule_energy": 0.3366828659714027, "mean_number_swaps": 0.13333333333333333, "drone_utilization": 0.4, "execution_time": 3.1213223934173584}