{"completion_time": 7826.063437665947, "execution_time": 0.044693946838378906}