{"completion_time": 9217.926584567145, "mean_schedule_time": 8095.171565755115, "mean_flight_time": 7202.679808491543, "mean_swap_time": 288.0, "mean_idle_time": 604.4917572635723, "mean_delivery_time": 5909.399860082755, "mean_schedule_distance": 50418.75865944081, "mean_schedule_energy": 3.9476137030104477, "mean_number_swaps": 4.8, "drone_utilization": 1.0, "execution_time": 469.9522318840027}