{"completion_time": 7950.97721244573, "mean_schedule_time": 6709.242104251299, "mean_flight_time": 6054.411055924674, "mean_swap_time": 231.42857142857142, "mean_idle_time": 423.40247689805346, "mean_delivery_time": 5337.916651018924, "mean_schedule_distance": 42380.877391472706, "mean_schedule_energy": 3.499146571684956, "mean_number_swaps": 3.857142857142857, "drone_utilization": 1.0, "total_number_parcel_handover": 9, "mean_number_parcel_handover": 0.45, "execution_time": 481.63049030303955}