{"completion_time": 3826.273119107699, "execution_time": 0.017655611038208008}