{"completion_time": 5119.682479731215, "mean_schedule_time": 2392.1594407861553, "mean_flight_time": 2116.3833372334298, "mean_swap_time": 72.85714285714286, "mean_idle_time": 202.91896069558288, "mean_delivery_time": 3291.855100979973, "mean_schedule_distance": 14814.683360634011, "mean_schedule_energy": 1.2921721008590248, "mean_number_swaps": 1.2142857142857142, "drone_utilization": 0.6785714285714286, "total_number_parcel_handover": 8, "mean_number_parcel_handover": 0.4, "execution_time": 934.4726247787476}