{"completion_time": 7417.9228917602595, "mean_schedule_time": 2520.112073010198, "mean_flight_time": 2441.65053454866, "mean_swap_time": 78.46153846153847, "mean_idle_time": -4.547473508864641e-13, "mean_delivery_time": 3407.2784848281867, "mean_schedule_distance": 17091.55374184062, "mean_schedule_energy": 1.4514757118906774, "mean_number_swaps": 1.3076923076923077, "drone_utilization": 0.7307692307692307, "execution_time": 41.91454815864563}