{"completion_time": 5037.333146601667, "mean_delivery_time": 3017.707556368701, "total_distance": 300908.1192484323, "consumed_energy": 25.147635403518315, "execution_time": 103.7819926738739}