{"completion_time": 7805.3427255327715, "mean_schedule_time": 7082.70948283895, "mean_flight_time": 6775.866480787359, "mean_swap_time": 288.0, "mean_idle_time": 18.8430020515907, "mean_delivery_time": 5168.18969922577, "mean_schedule_distance": 47431.06536551147, "mean_schedule_energy": 4.132678984824263, "mean_number_swaps": 4.8, "drone_utilization": 1.0, "execution_time": 805.8578081130981}