{"completion_time": 8358.228050167505, "mean_delivery_time": 4248.446107254177, "total_distance": 508407.72714221885, "consumed_energy": 42.57711116246364, "execution_time": 178.74470257759094}