{"completion_time": 6311.2138185844, "mean_schedule_time": 3841.4898009463795, "mean_flight_time": 3184.443110896488, "mean_swap_time": 108.0, "mean_idle_time": 549.0466900498914, "mean_delivery_time": 3814.9153459598638, "mean_schedule_distance": 22291.101776275416, "mean_schedule_energy": 1.8760579639477697, "mean_number_swaps": 1.8, "drone_utilization": 1.0, "execution_time": 304.7123930454254}