{"completion_time": 7523.996682409356, "mean_schedule_time": 5871.500667990478, "mean_flight_time": 5691.50066799048, "mean_swap_time": 180.0, "mean_idle_time": -1.8189894035458565e-12, "mean_delivery_time": 5347.945766799709, "mean_schedule_distance": 39840.504675933356, "mean_schedule_energy": 2.963190064776538, "mean_number_swaps": 3.0, "drone_utilization": 1.0, "execution_time": 1.2922542095184326}