{"completion_time": 5119.177604589886, "mean_schedule_time": 2747.722735732784, "mean_flight_time": 2407.5336702822387, "mean_swap_time": 68.0, "mean_idle_time": 272.18906545054506, "mean_delivery_time": 3512.445718799924, "mean_schedule_distance": 16852.735691975675, "mean_schedule_energy": 1.3651042952179115, "mean_number_swaps": 1.1333333333333333, "drone_utilization": 0.7333333333333333, "execution_time": 21.104236125946045}