{"completion_time": 5147.463123642941, "mean_schedule_time": 825.2868744374812, "mean_flight_time": 801.2868744374811, "mean_swap_time": 24.0, "mean_idle_time": 1.1368683772161603e-13, "mean_delivery_time": 2579.0214826171286, "mean_schedule_distance": 5609.008121062369, "mean_schedule_energy": 0.43390740637874897, "mean_number_swaps": 0.4, "drone_utilization": 0.32, "execution_time": 7.756325960159302}