{"completion_time": 2001.1044196017733, "mean_delivery_time": 1359.6549887306421, "total_distance": 96737.2511721723, "consumed_energy": 7.578648620495989, "execution_time": 34.99402666091919}