{"completion_time": 3942.2088392035466, "mean_schedule_time": 572.0270161862964, "mean_flight_time": 493.5574039396546, "mean_swap_time": 10.714285714285714, "mean_idle_time": 67.75532653235604, "mean_delivery_time": 2659.3099774612842, "mean_schedule_distance": 3454.901827577582, "mean_schedule_energy": 0.27066602216057106, "mean_number_swaps": 0.17857142857142858, "drone_utilization": 0.21428571428571427, "execution_time": 33.77019786834717}