{"completion_time": 5152.608660385484, "mean_schedule_time": 660.4849094828851, "mean_flight_time": 456.7597865314542, "mean_swap_time": 7.2, "mean_idle_time": 196.5251229514309, "mean_delivery_time": 3274.224618223161, "mean_schedule_distance": 3197.3185057201795, "mean_schedule_energy": 0.22752574365374834, "mean_number_swaps": 0.12, "drone_utilization": 0.2, "execution_time": 37.27777457237244}