{"completion_time": 6985.742624285454, "mean_schedule_time": 5414.093641258861, "mean_flight_time": 5234.093641258859, "mean_swap_time": 180.0, "mean_idle_time": 1.8189894035458565e-12, "mean_delivery_time": 5173.469038028379, "mean_schedule_distance": 36638.65548881203, "mean_schedule_energy": 2.700346924197633, "mean_number_swaps": 3.0, "drone_utilization": 1.0, "execution_time": 41.11760592460632}