{"completion_time": 7679.513833161006, "mean_schedule_time": 2962.3564475732487, "mean_flight_time": 2006.1894269001532, "mean_swap_time": 57.0, "mean_idle_time": 899.1670206730955, "mean_delivery_time": 4313.891630752641, "mean_schedule_distance": 14043.325988301076, "mean_schedule_energy": 1.147626377006858, "mean_number_swaps": 0.95, "drone_utilization": 0.65, "execution_time": 1626.0231907367706}