{"completion_time": 8345.399142824614, "mean_schedule_time": 4695.213666888767, "mean_flight_time": 4527.213666888768, "mean_swap_time": 168.0, "mean_idle_time": -9.094947017729282e-13, "mean_delivery_time": 4402.985252168681, "mean_schedule_distance": 31690.49566822138, "mean_schedule_energy": 2.7155024863151436, "mean_number_swaps": 2.8, "drone_utilization": 0.9, "execution_time": 6.676464557647705}