{"completion_time": 1612.0931165578372, "mean_delivery_time": 1377.0001900657905, "total_distance": 81116.74276006572, "consumed_energy": 6.901927797792981, "execution_time": 28800.074735879898}