{"completion_time": 9193.433282738722, "mean_schedule_time": 5803.661100616104, "mean_flight_time": 5587.661100616102, "mean_swap_time": 216.0, "mean_idle_time": 1.8189894035458565e-12, "mean_delivery_time": 4886.725178638207, "mean_schedule_distance": 39113.62770431272, "mean_schedule_energy": 3.2726764824987464, "mean_number_swaps": 3.6, "drone_utilization": 0.9, "execution_time": 7.205594539642334}