{"completion_time": 5056.883908924236, "mean_delivery_time": 1966.6727012381536, "total_distance": 121633.92464114715, "consumed_energy": 10.472163917566712, "execution_time": 0.8177170753479004}