{"completion_time": 5407.615598296238, "mean_schedule_time": 4881.321212383208, "mean_flight_time": 4619.576795133035, "mean_swap_time": 180.0, "mean_idle_time": 81.74441725017277, "mean_delivery_time": 3509.8540409229627, "mean_schedule_distance": 32337.03756593123, "mean_schedule_energy": 2.7542466965684342, "mean_number_swaps": 3.0, "drone_utilization": 1.0, "execution_time": 238.9330666065216}