{"completion_time": 2720.951172306225, "mean_delivery_time": 1800.22193581271, "total_distance": 464550.8952169227, "consumed_energy": 37.95054917049439, "execution_time": 1006.8230013847351}