{"completion_time": 9602.838099555167, "mean_delivery_time": 4374.466775611024, "total_distance": 595381.7699118489, "consumed_energy": 48.85957141485655, "execution_time": 660.6915509700775}