{"completion_time": 8835.23249098718, "mean_schedule_time": 6142.786692415229, "mean_flight_time": 5894.786692415231, "mean_swap_time": 248.0, "mean_idle_time": -2.7284841053187847e-12, "mean_delivery_time": 4405.679366236164, "mean_schedule_distance": 41263.50684690662, "mean_schedule_energy": 3.518285655315252, "mean_number_swaps": 4.133333333333334, "drone_utilization": 1.0, "execution_time": 34.85156869888306}