{"completion_time": 21687.49186310491, "mean_schedule_time": 21336.870965246704, "mean_flight_time": 20349.31966389006, "mean_swap_time": 870.0, "mean_idle_time": 117.55130135664513, "mean_delivery_time": 11363.968232687173, "mean_schedule_distance": 142445.23764723036, "mean_schedule_energy": 11.357901780347339, "mean_number_swaps": 14.5, "drone_utilization": 1.0, "total_number_parcel_handover": 5, "mean_number_parcel_handover": 0.2, "execution_time": 1066.6786420345306}