{"completion_time": 17011.639735821023, "mean_schedule_time": 13715.784347469444, "mean_flight_time": 13115.784347469444, "mean_swap_time": 600.0, "mean_idle_time": 0.0, "mean_delivery_time": 7526.685198860972, "mean_schedule_distance": 91810.49043228614, "mean_schedule_energy": 7.83322459404606, "mean_number_swaps": 10.0, "drone_utilization": 1.0, "execution_time": 9.107198715209961}