{"completion_time": 9306.516888432398, "mean_schedule_time": 3048.0207975461876, "mean_flight_time": 2945.5207975461885, "mean_swap_time": 102.5, "mean_idle_time": -9.094947017729282e-13, "mean_delivery_time": 3171.2568193894117, "mean_schedule_distance": 20618.64558282332, "mean_schedule_energy": 1.7220405546197275, "mean_number_swaps": 1.7083333333333333, "drone_utilization": 0.8333333333333334, "execution_time": 48.13069701194763}