{"completion_time": 2001.1044196017733, "mean_delivery_time": 1466.0165634081136, "total_distance": 211281.9984079642, "consumed_energy": 17.74371427052403, "execution_time": 149.10436463356018}