{"completion_time": 2887.7055677057806, "mean_delivery_time": 1916.2283623333908, "total_distance": 249012.54190237317, "consumed_energy": 22.238817249994053, "execution_time": 79.45872592926025}