{"completion_time": 2063.9162875160478, "mean_delivery_time": 1540.0667921777738, "total_distance": 102764.67545244416, "consumed_energy": 7.73622768179021, "execution_time": 2.9220306873321533}