{"completion_time": 4007.8325750320955, "mean_schedule_time": 835.5926623209855, "mean_flight_time": 815.5926623209855, "mean_swap_time": 20.0, "mean_idle_time": 0.0, "mean_delivery_time": 3008.1335843555476, "mean_schedule_distance": 5709.148636246898, "mean_schedule_energy": 0.4297904267661228, "mean_number_swaps": 0.3333333333333333, "drone_utilization": 0.2777777777777778, "execution_time": 2.6886463165283203}