{"completion_time": 6920.395117532032, "mean_schedule_time": 5268.679547617761, "mean_flight_time": 4510.021243764384, "mean_swap_time": 162.0, "mean_idle_time": 596.6583038533772, "mean_delivery_time": 5101.999457244857, "mean_schedule_distance": 31570.148706350697, "mean_schedule_energy": 2.7433846742935346, "mean_number_swaps": 2.7, "drone_utilization": 1.0, "execution_time": 1293.4539024829865}