{"completion_time": 2306.6729512348475, "mean_delivery_time": 1501.155236101142, "total_distance": 303928.68038730125, "consumed_energy": 25.751260159020323, "execution_time": 63.11875629425049}