{"completion_time": 10297.53828906396, "mean_schedule_time": 9780.617494143473, "mean_flight_time": 9266.031838624069, "mean_swap_time": 432.0, "mean_idle_time": 82.5856555194041, "mean_delivery_time": 6159.555173104933, "mean_schedule_distance": 64862.22287036844, "mean_schedule_energy": 5.724028035150704, "mean_number_swaps": 7.2, "drone_utilization": 1.0, "execution_time": 839.5797789096832}