{"completion_time": 4385.970175302137, "mean_schedule_time": 1900.4445091839511, "mean_flight_time": 1582.1550289677768, "mean_swap_time": 36.0, "mean_idle_time": 282.2894802161743, "mean_delivery_time": 3465.5815756885954, "mean_schedule_distance": 11075.085202774442, "mean_schedule_energy": 0.8418348241344363, "mean_number_swaps": 0.6, "drone_utilization": 0.6, "execution_time": 43.48683285713196}