{"completion_time": 10014.76679640737, "mean_schedule_time": 7645.907200652678, "mean_flight_time": 7231.964846034378, "mean_swap_time": 288.0, "mean_idle_time": 125.94235461829976, "mean_delivery_time": 5475.984802516786, "mean_schedule_distance": 50623.75392224071, "mean_schedule_energy": 4.263385292755386, "mean_number_swaps": 4.8, "drone_utilization": 1.0, "execution_time": 258.29270458221436}