{"completion_time": 6860.395117532032, "mean_schedule_time": 3300.3588062015674, "mean_flight_time": 2659.1976728091677, "mean_swap_time": 81.0, "mean_idle_time": 560.1611333923997, "mean_delivery_time": 4087.102402000002, "mean_schedule_distance": 18614.38370966418, "mean_schedule_energy": 1.6210570056163771, "mean_number_swaps": 1.35, "drone_utilization": 0.8, "execution_time": 390.60249614715576}