{"completion_time": 4613.345902469695, "mean_schedule_time": 2896.9172338167264, "mean_flight_time": 2784.8485607643406, "mean_swap_time": 81.0, "mean_idle_time": 31.068673052385748, "mean_delivery_time": 3066.1485752133863, "mean_schedule_distance": 19493.939925350373, "mean_schedule_energy": 1.620163114672638, "mean_number_swaps": 1.35, "drone_utilization": 0.95, "execution_time": 95.3467185497284}