{"completion_time": 12230.970559763777, "mean_schedule_time": 8365.973208889485, "mean_flight_time": 7993.973208889484, "mean_swap_time": 372.0, "mean_idle_time": 0.0, "mean_delivery_time": 5435.447173084629, "mean_schedule_distance": 55957.81246222641, "mean_schedule_energy": 4.863017235312514, "mean_number_swaps": 6.2, "drone_utilization": 1.0, "execution_time": 2.6846742630004883}