{"completion_time": 18967.365452423666, "mean_schedule_time": 14300.439956896442, "mean_flight_time": 13710.43995689643, "mean_swap_time": 590.0, "mean_idle_time": 1.0913936421275139e-11, "mean_delivery_time": 8154.554150303584, "mean_schedule_distance": 95973.07969827509, "mean_schedule_energy": 7.817418778761723, "mean_number_swaps": 9.833333333333334, "drone_utilization": 1.0, "total_number_parcel_handover": 0, "mean_number_parcel_handover": 0.0, "execution_time": 9.891660451889038}