{"completion_time": 7054.118143084217, "mean_schedule_time": 5640.453144166475, "mean_flight_time": 4795.657163336767, "mean_swap_time": 174.0, "mean_idle_time": 670.7959808297082, "mean_delivery_time": 5378.392407782892, "mean_schedule_distance": 33569.60014335738, "mean_schedule_energy": 2.8718263903502566, "mean_number_swaps": 2.9, "drone_utilization": 1.0, "execution_time": 3873.9430975914}