{"completion_time": 2069.647087893964, "execution_time": 0.0233306884765625}