{"completion_time": 1543.101586584145, "execution_time": 0.00035381317138671875}