{"completion_time": 1543.101586584145, "execution_time": 0.0003216266632080078}