{"completion_time": 12237.562017689665, "mean_schedule_time": 11933.64023648302, "mean_flight_time": 11303.80739973243, "mean_swap_time": 540.0, "mean_idle_time": 89.8328367505892, "mean_delivery_time": 6897.410947917143, "mean_schedule_distance": 79126.65179812703, "mean_schedule_energy": 6.796691447411985, "mean_number_swaps": 9.0, "drone_utilization": 1.0, "execution_time": 3810.5721838474274}