{"completion_time": 11269.856098251394, "mean_schedule_time": 10308.975558241462, "mean_flight_time": 9380.577559274168, "mean_swap_time": 384.0, "mean_idle_time": 544.3979989672935, "mean_delivery_time": 6453.903678640061, "mean_schedule_distance": 65664.04291491918, "mean_schedule_energy": 5.424201847428254, "mean_number_swaps": 6.4, "drone_utilization": 1.0, "execution_time": 1650.024029493332}