{"completion_time": 3016.477029221378, "mean_delivery_time": 1572.0177351377647, "total_distance": 414964.96583857416, "consumed_energy": 34.266126958814006, "execution_time": 59.18424201011658}