{"completion_time": 34954.30762886411, "mean_schedule_time": 31749.56674766174, "mean_flight_time": 30399.56674766175, "mean_swap_time": 1350.0, "mean_idle_time": -1.0913936421275139e-11, "mean_delivery_time": 15299.6789984627, "mean_schedule_distance": 212796.9672336322, "mean_schedule_energy": 16.640488278542726, "mean_number_swaps": 22.5, "drone_utilization": 1.0, "total_number_parcel_handover": 0, "mean_number_parcel_handover": 0.0, "execution_time": 2.3327231407165527}