{"completion_time": 4525.2950941053305, "mean_schedule_time": 696.0586602998451, "mean_flight_time": 606.7576322979551, "mean_swap_time": 14.4, "mean_idle_time": 74.90102800189004, "mean_delivery_time": 2404.9383410470127, "mean_schedule_distance": 4247.303426085685, "mean_schedule_energy": 0.3577621449833777, "mean_number_swaps": 0.24, "drone_utilization": 0.28, "execution_time": 27.093937873840332}