{"completion_time": 2284.308553990494, "mean_delivery_time": 1299.7390919696757, "total_distance": 106905.83974927172, "consumed_energy": 8.989615675412871, "execution_time": 38.73025107383728}