{"completion_time": 1118.9395018438174, "mean_delivery_time": 1052.387786225232, "total_distance": 28626.8580143065, "consumed_energy": 2.081992567266332, "execution_time": 0.002341747283935547}