{"completion_time": 5279.92783165589, "mean_schedule_time": 2347.674746192802, "mean_flight_time": 2034.4930722695076, "mean_swap_time": 62.0, "mean_idle_time": 251.1816739232945, "mean_delivery_time": 2920.867501251812, "mean_schedule_distance": 14241.45150588656, "mean_schedule_energy": 1.2357958441193901, "mean_number_swaps": 1.0333333333333334, "drone_utilization": 0.8, "total_number_parcel_handover": 5, "mean_number_parcel_handover": 0.25, "execution_time": 607.616425037384}