{"completion_time": 5242.266564016443, "mean_schedule_time": 1306.987395853359, "mean_flight_time": 1021.3066637681575, "mean_swap_time": 27.0, "mean_idle_time": 258.6807320852015, "mean_delivery_time": 3671.1200783633585, "mean_schedule_distance": 7149.146646377105, "mean_schedule_energy": 0.5698284640965767, "mean_number_swaps": 0.45, "drone_utilization": 0.4, "execution_time": 101.46157479286194}