{"completion_time": 14035.268103573118, "mean_schedule_time": 13586.250214353844, "mean_flight_time": 12979.34055957058, "mean_swap_time": 555.0, "mean_idle_time": 51.90965478326325, "mean_delivery_time": 7577.414085021114, "mean_schedule_distance": 90855.38391699408, "mean_schedule_energy": 7.365619695613965, "mean_number_swaps": 9.25, "drone_utilization": 1.0, "total_number_parcel_handover": 4, "mean_number_parcel_handover": 0.16, "execution_time": 1363.7038023471832}