{"completion_time": 8004.983519305082, "mean_schedule_time": 7538.656776327022, "mean_flight_time": 6989.888584588193, "mean_swap_time": 255.0, "mean_idle_time": 293.76819173882905, "mean_delivery_time": 5046.22013032278, "mean_schedule_distance": 48929.22009211733, "mean_schedule_energy": 3.9812350070296354, "mean_number_swaps": 4.25, "drone_utilization": 1.0, "execution_time": 566.5336694717407}