{"completion_time": 12162.997693609714, "mean_schedule_time": 11794.742351160452, "mean_flight_time": 11314.74235116045, "mean_swap_time": 480.0, "mean_idle_time": 1.8189894035458565e-12, "mean_delivery_time": 7234.043874169351, "mean_schedule_distance": 79203.19645812317, "mean_schedule_energy": 6.2558551976361185, "mean_number_swaps": 8.0, "drone_utilization": 1.0, "execution_time": 104.74912285804749}