{"completion_time": 7295.741434166466, "mean_schedule_time": 4814.519934615474, "mean_flight_time": 4674.519934615474, "mean_swap_time": 140.0, "mean_idle_time": 0.0, "mean_delivery_time": 5777.42392153857, "mean_schedule_distance": 32721.639542308316, "mean_schedule_energy": 2.3144125089794794, "mean_number_swaps": 2.3333333333333335, "drone_utilization": 0.8333333333333334, "total_number_parcel_handover": 0, "mean_number_parcel_handover": 0.0, "execution_time": 32.40653586387634}