{"completion_time": 2432.873975307245, "mean_delivery_time": 1605.5052411312577, "total_distance": 212170.73375837607, "consumed_energy": 18.44678938326118, "execution_time": 8.594236135482788}