{"completion_time": 4625.74795061449, "mean_schedule_time": 1300.4210342760482, "mean_flight_time": 1262.9210342760487, "mean_swap_time": 37.5, "mean_idle_time": -4.547473508864641e-13, "mean_delivery_time": 3121.0104822625153, "mean_schedule_distance": 8840.447239932337, "mean_schedule_energy": 0.7686162243025492, "mean_number_swaps": 0.625, "drone_utilization": 0.4166666666666667, "execution_time": 13.485901355743408}