{"completion_time": 4891.307939423916, "mean_schedule_time": 2251.9379137721103, "mean_flight_time": 1943.8116339152004, "mean_swap_time": 60.0, "mean_idle_time": 248.12627985690983, "mean_delivery_time": 3262.137530052382, "mean_schedule_distance": 13606.681437406405, "mean_schedule_energy": 1.1310705091226207, "mean_number_swaps": 1.0, "drone_utilization": 0.68, "execution_time": 132.90429854393005}