{"completion_time": 5946.906670774546, "mean_schedule_time": 3438.572515984009, "mean_flight_time": 3175.6042855389023, "mean_swap_time": 102.5, "mean_idle_time": 160.46823044510666, "mean_delivery_time": 3421.754730418489, "mean_schedule_distance": 22229.22999877231, "mean_schedule_energy": 1.88680770444497, "mean_number_swaps": 1.7083333333333333, "drone_utilization": 0.9583333333333334, "execution_time": 170.77656483650208}