{"completion_time": 12344.218424606192, "mean_schedule_time": 6997.240884779384, "mean_flight_time": 6713.240884779388, "mean_swap_time": 284.0, "mean_idle_time": -3.637978807091713e-12, "mean_delivery_time": 4753.855418962653, "mean_schedule_distance": 46992.68619345571, "mean_schedule_energy": 3.9177228861885403, "mean_number_swaps": 4.733333333333333, "drone_utilization": 1.0, "execution_time": 35.67157220840454}