{"completion_time": 9334.212672687643, "mean_schedule_time": 5437.894618086731, "mean_flight_time": 4333.727833529929, "mean_swap_time": 152.30769230769232, "mean_idle_time": 951.8590922491094, "mean_delivery_time": 5340.3514968788395, "mean_schedule_distance": 30336.094834709485, "mean_schedule_energy": 2.5467496787562194, "mean_number_swaps": 2.5384615384615383, "drone_utilization": 1.0, "total_number_parcel_handover": 18, "mean_number_parcel_handover": 0.72, "execution_time": 10242.910557746887}