{"completion_time": 3537.9033809197304, "mean_schedule_time": 938.0257618840483, "mean_flight_time": 813.6245371722906, "mean_swap_time": 13.333333333333334, "mean_idle_time": 111.06789137842429, "mean_delivery_time": 2499.512526697067, "mean_schedule_distance": 5695.371760206034, "mean_schedule_energy": 0.46019078106374767, "mean_number_swaps": 0.2222222222222222, "drone_utilization": 0.3888888888888889, "execution_time": 10.881954431533813}