{"completion_time": 11748.832940239521, "mean_schedule_time": 4758.632702981087, "mean_flight_time": 4575.632702981087, "mean_swap_time": 183.0, "mean_idle_time": 0.0, "mean_delivery_time": 3975.5226103685677, "mean_schedule_distance": 32029.42892086761, "mean_schedule_energy": 2.874034528114965, "mean_number_swaps": 3.05, "drone_utilization": 1.0, "execution_time": 48.47684359550476}