{"completion_time": 3053.956308454003, "execution_time": 168.35485672950745}