{"completion_time": 6860.395117532032, "mean_schedule_time": 3464.81320985293, "mean_flight_time": 2820.6520764605298, "mean_swap_time": 84.0, "mean_idle_time": 560.1611333924002, "mean_delivery_time": 4033.9014467351512, "mean_schedule_distance": 19744.56453522371, "mean_schedule_energy": 1.703691531987482, "mean_number_swaps": 1.4, "drone_utilization": 0.85, "execution_time": 331.86768674850464}