{"completion_time": 6921.186828891355, "mean_schedule_time": 5502.414856871387, "mean_flight_time": 5286.903834840682, "mean_swap_time": 210.0, "mean_idle_time": 5.511022030705135, "mean_delivery_time": 4826.23631294897, "mean_schedule_distance": 37008.32684388478, "mean_schedule_energy": 3.1266930133178175, "mean_number_swaps": 3.5, "drone_utilization": 1.0, "execution_time": 48.90540528297424}