{"completion_time": 3130.0872816352958, "mean_schedule_time": 324.42519605374673, "mean_flight_time": 318.9706505992013, "mean_swap_time": 5.454545454545454, "mean_idle_time": 0.0, "mean_delivery_time": 1427.4708626364857, "mean_schedule_distance": 2232.7945541944096, "mean_schedule_energy": 0.20452719079664633, "mean_number_swaps": 0.09090909090909091, "drone_utilization": 0.22727272727272727, "execution_time": 2.5989673137664795}