{"completion_time": 8988.262764986728, "mean_schedule_time": 3717.5576692781574, "mean_flight_time": 2867.8109341594372, "mean_swap_time": 105.6, "mean_idle_time": 744.1467351187202, "mean_delivery_time": 4782.0276133659245, "mean_schedule_distance": 20074.676539116062, "mean_schedule_energy": 1.7166514898218197, "mean_number_swaps": 1.76, "drone_utilization": 0.76, "execution_time": 957.544216632843}