{"completion_time": 5854.481656496165, "mean_schedule_time": 3721.763390129589, "mean_flight_time": 3113.8481486648766, "mean_swap_time": 102.85714285714286, "mean_idle_time": 505.0580986075697, "mean_delivery_time": 3856.697180062125, "mean_schedule_distance": 21796.93704065414, "mean_schedule_energy": 1.8609648846701978, "mean_number_swaps": 1.7142857142857142, "drone_utilization": 0.9285714285714286, "execution_time": 3077.244284629822}