{"completion_time": 7057.967795139055, "mean_schedule_time": 5755.173680585858, "mean_flight_time": 5175.12369364854, "mean_swap_time": 203.33333333333334, "mean_idle_time": 376.7166536039849, "mean_delivery_time": 4658.423751160811, "mean_schedule_distance": 36225.86585553977, "mean_schedule_energy": 3.0353607148306123, "mean_number_swaps": 3.388888888888889, "drone_utilization": 1.0, "execution_time": 2351.244500398636}