{"completion_time": 4235.730070950722, "execution_time": 0.30668044090270996}