{"completion_time": 2960.07923226434, "execution_time": 0.009614706039428711}