{"completion_time": 4731.705861925688, "mean_schedule_time": 3601.557176282698, "mean_flight_time": 3327.4485658530757, "mean_swap_time": 107.14285714285714, "mean_idle_time": 166.965753286765, "mean_delivery_time": 3587.610253096332, "mean_schedule_distance": 23292.139960971534, "mean_schedule_energy": 1.8908252830523813, "mean_number_swaps": 1.7857142857142858, "drone_utilization": 0.9285714285714286, "execution_time": 58.94099545478821}