{"completion_time": 6702.619414593257, "mean_schedule_time": 3117.5449323137373, "mean_flight_time": 2774.4817854520197, "mean_swap_time": 98.57142857142857, "mean_idle_time": 244.4917182902891, "mean_delivery_time": 4202.001321328215, "mean_schedule_distance": 19421.37249816415, "mean_schedule_energy": 1.6377549660403827, "mean_number_swaps": 1.6428571428571428, "drone_utilization": 0.7142857142857143, "execution_time": 35.314133405685425}