{"completion_time": 18274.635027057113, "mean_schedule_time": 11634.935092878452, "mean_flight_time": 11172.935092878453, "mean_swap_time": 462.0, "mean_idle_time": -1.8189894035458565e-12, "mean_delivery_time": 7167.669849619083, "mean_schedule_distance": 78210.54565014914, "mean_schedule_energy": 6.316957481710782, "mean_number_swaps": 7.7, "drone_utilization": 1.0, "execution_time": 22.363534450531006}