{"completion_time": 9793.908225770374, "mean_schedule_time": 7315.057152108003, "mean_flight_time": 6028.138346951126, "mean_swap_time": 228.0, "mean_idle_time": 1058.9188051568772, "mean_delivery_time": 4547.728676298941, "mean_schedule_distance": 42196.96842865788, "mean_schedule_energy": 3.2964959238371008, "mean_number_swaps": 3.8, "drone_utilization": 1.0, "execution_time": 12.114224195480347}