{"completion_time": 4431.61058172224, "mean_delivery_time": 2585.415747570313, "total_distance": 377767.62190757523, "consumed_energy": 31.780557462494713, "execution_time": 256.5051255226135}