{"completion_time": 18566.948451282096, "mean_schedule_time": 16865.2885789661, "mean_flight_time": 16145.2885789661, "mean_swap_time": 720.0, "mean_idle_time": 0.0, "mean_delivery_time": 8632.720827860478, "mean_schedule_distance": 113017.0200527627, "mean_schedule_energy": 9.049788161956268, "mean_number_swaps": 12.0, "drone_utilization": 1.0, "execution_time": 10.91741943359375}