{"completion_time": 26044.1252235483, "mean_schedule_time": 25849.99502361786, "mean_flight_time": 24536.34850583017, "mean_swap_time": 1164.0, "mean_idle_time": 149.64651778768894, "mean_delivery_time": 11891.469528663214, "mean_schedule_distance": 171754.43954081132, "mean_schedule_energy": 14.295913980619574, "mean_number_swaps": 19.4, "drone_utilization": 1.0, "execution_time": 8095.654733419418}