{"completion_time": 3849.053980148801, "mean_schedule_time": 1653.88698554668, "mean_flight_time": 1611.8869855466799, "mean_swap_time": 42.0, "mean_idle_time": 2.2737367544323206e-13, "mean_delivery_time": 2205.1826473955734, "mean_schedule_distance": 11283.20889882676, "mean_schedule_energy": 0.9670952397192594, "mean_number_swaps": 0.7, "drone_utilization": 0.75, "total_number_parcel_handover": 0, "mean_number_parcel_handover": 0.0, "execution_time": 23.22322368621826}