{"completion_time": 748.7791841274013, "execution_time": 0.0008296966552734375}