{"completion_time": 7679.513833161006, "mean_schedule_time": 5365.427523889301, "mean_flight_time": 4444.500760477589, "mean_swap_time": 159.0, "mean_idle_time": 761.9267634117114, "mean_delivery_time": 4548.488809355714, "mean_schedule_distance": 31111.505323343117, "mean_schedule_energy": 2.6637014549619216, "mean_number_swaps": 2.65, "drone_utilization": 1.0, "execution_time": 916.928572177887}