{"completion_time": 13403.624746003692, "mean_schedule_time": 13085.310340948627, "mean_flight_time": 12251.217603274961, "mean_swap_time": 570.0, "mean_idle_time": 264.0927376736654, "mean_delivery_time": 7178.251728700806, "mean_schedule_distance": 85758.52322292473, "mean_schedule_energy": 7.584360962495861, "mean_number_swaps": 9.5, "drone_utilization": 1.0, "total_number_parcel_handover": 5, "mean_number_parcel_handover": 0.25, "execution_time": 238.17195773124695}