{"completion_time": 7673.621750760531, "mean_delivery_time": 4050.684819290091, "total_distance": 384480.20631072926, "consumed_energy": 32.93918937974962, "execution_time": 1087.8339202404022}