{"completion_time": 6804.987085495268, "mean_schedule_time": 2310.175394193368, "mean_flight_time": 2223.925394193368, "mean_swap_time": 86.25, "mean_idle_time": 0.0, "mean_delivery_time": 3696.280630709389, "mean_schedule_distance": 15567.477759353582, "mean_schedule_energy": 1.4885559035330562, "mean_number_swaps": 1.4375, "drone_utilization": 0.625, "total_number_parcel_handover": 0, "mean_number_parcel_handover": 0.0, "execution_time": 7.66783332824707}