{"completion_time": 6382.374303649753, "mean_schedule_time": 3477.393454030254, "mean_flight_time": 3357.393454030255, "mean_swap_time": 120.0, "mean_idle_time": -9.094947017729282e-13, "mean_delivery_time": 3397.3659296227324, "mean_schedule_distance": 23501.75417821178, "mean_schedule_energy": 2.0775175262651064, "mean_number_swaps": 2.0, "drone_utilization": 0.9333333333333333, "execution_time": 15.975615978240967}