{"completion_time": 1804.9988017276062, "mean_delivery_time": 1162.786712098148, "total_distance": 57513.46016534378, "consumed_energy": 5.239265725296244, "execution_time": 0.020719289779663086}