{"completion_time": 46272.82330512075, "mean_schedule_time": 46190.64452982115, "mean_flight_time": 44000.644529821155, "mean_swap_time": 2190.0, "mean_idle_time": -7.275957614183426e-12, "mean_delivery_time": 20180.043500075815, "mean_schedule_distance": 308004.511708748, "mean_schedule_energy": 25.697855621880468, "mean_number_swaps": 36.5, "drone_utilization": 1.0, "execution_time": 367.3708918094635}