{"completion_time": 24216.411652560375, "mean_delivery_time": 10558.021750037908, "total_distance": 616009.023417496, "consumed_energy": 51.395711243760935, "execution_time": 249.05855464935303}