{"completion_time": 7745.89322355953, "mean_schedule_time": 3600.2030963442007, "mean_flight_time": 3377.062513157316, "mean_swap_time": 103.2, "mean_idle_time": 119.94058318688485, "mean_delivery_time": 3558.15060489829, "mean_schedule_distance": 23639.437592101203, "mean_schedule_energy": 1.9044735032300013, "mean_number_swaps": 1.72, "drone_utilization": 1.0, "execution_time": 265.6652705669403}