{"completion_time": 24407.162217827354, "mean_delivery_time": 10397.51238579255, "total_distance": 612198.3122160796, "consumed_energy": 51.16706857167594, "execution_time": 5.321947813034058}