{"completion_time": 46654.32443565471, "mean_schedule_time": 45918.450872577116, "mean_flight_time": 43728.45087257714, "mean_swap_time": 2190.0, "mean_idle_time": -2.1827872842550278e-11, "mean_delivery_time": 19859.0247715851, "mean_schedule_distance": 306099.1561080398, "mean_schedule_energy": 25.58353428583797, "mean_number_swaps": 36.5, "drone_utilization": 1.0, "total_number_parcel_handover": 0, "mean_number_parcel_handover": 0.0, "execution_time": 6.5231616497039795}