{"completion_time": 2038.097622817865, "mean_delivery_time": 1293.423565223831, "total_distance": 96094.02183798503, "consumed_energy": 8.29787118145823, "execution_time": 0.006360530853271484}