{"completion_time": 3587.500328598269, "mean_schedule_time": 494.21301036500034, "mean_flight_time": 442.5159828654781, "mean_swap_time": 9.0, "mean_idle_time": 42.69702749952222, "mean_delivery_time": 3561.9456592403035, "mean_schedule_distance": 3097.611880058347, "mean_schedule_energy": 0.20581547875208947, "mean_number_swaps": 0.15, "drone_utilization": 0.15, "execution_time": 1.3162801265716553}