{"completion_time": 5228.490562113875, "mean_schedule_time": 2057.168728207412, "mean_flight_time": 1994.168728207412, "mean_swap_time": 63.0, "mean_idle_time": 4.547473508864641e-13, "mean_delivery_time": 2742.891637609883, "mean_schedule_distance": 13959.181097451885, "mean_schedule_energy": 1.2198604956793304, "mean_number_swaps": 1.05, "drone_utilization": 0.75, "total_number_parcel_handover": 0, "mean_number_parcel_handover": 0.0, "execution_time": 19.994112730026245}