{"completion_time": 2024.6073056200212, "execution_time": 2.7956838607788086}