{"completion_time": 6792.831340038648, "mean_schedule_time": 4956.068990670986, "mean_flight_time": 4776.068990670986, "mean_swap_time": 180.0, "mean_idle_time": 0.0, "mean_delivery_time": 4166.62533412259, "mean_schedule_distance": 33432.48293469689, "mean_schedule_energy": 2.778863097852679, "mean_number_swaps": 3.0, "drone_utilization": 1.0, "total_number_parcel_handover": 2, "mean_number_parcel_handover": 0.1, "execution_time": 181.6321222782135}