{"completion_time": 3823.783955198057, "mean_delivery_time": 2152.7914824725003, "total_distance": 488658.49227056507, "consumed_energy": 41.84735232433772, "execution_time": 622.5950117111206}