{"completion_time": 7527.567910396114, "mean_schedule_time": 4900.45513030396, "mean_flight_time": 4362.282775073138, "mean_swap_time": 172.5, "mean_idle_time": 365.6723552308222, "mean_delivery_time": 4219.981570870549, "mean_schedule_distance": 30535.979425511963, "mean_schedule_energy": 2.6151489397872063, "mean_number_swaps": 2.875, "drone_utilization": 0.9375, "execution_time": 922.0935785770416}