{"completion_time": 5431.2600273329535, "mean_schedule_time": 581.9903868901648, "mean_flight_time": 562.7046726044506, "mean_swap_time": 19.285714285714285, "mean_idle_time": -1.1368683772161603e-13, "mean_delivery_time": 3259.146166584923, "mean_schedule_distance": 3938.9327082311534, "mean_schedule_energy": 0.36241237812495664, "mean_number_swaps": 0.32142857142857145, "drone_utilization": 0.17857142857142858, "total_number_parcel_handover": 0, "mean_number_parcel_handover": 0.0, "execution_time": 3.5995473861694336}