{"completion_time": 2835.6300136664768, "mean_delivery_time": 1683.5730832924614, "total_distance": 110290.11583047229, "consumed_energy": 10.147546587498786, "execution_time": 4.011761426925659}