{"completion_time": 6254.150127131734, "mean_schedule_time": 2553.79341979118, "mean_flight_time": 2171.534234298577, "mean_swap_time": 69.0, "mean_idle_time": 313.25918549260314, "mean_delivery_time": 4207.4463828182115, "mean_schedule_distance": 15200.739640090038, "mean_schedule_energy": 1.23636353009969, "mean_number_swaps": 1.15, "drone_utilization": 0.6, "total_number_parcel_handover": 5, "mean_number_parcel_handover": 0.5, "execution_time": 68.63522791862488}