{"completion_time": 3926.075232740598, "mean_schedule_time": 251.47137278888437, "mean_flight_time": 242.47137278888437, "mean_swap_time": 9.0, "mean_idle_time": 0.0, "mean_delivery_time": 2514.7137278888436, "mean_schedule_distance": 1697.2996095221904, "mean_schedule_energy": 0.17681182436348755, "mean_number_swaps": 0.15, "drone_utilization": 0.1, "execution_time": 0.4776182174682617}