{"completion_time": 5218.020233321958, "mean_schedule_time": 1254.4021216000672, "mean_flight_time": 1000.3493601827238, "mean_swap_time": 26.4, "mean_idle_time": 227.6527614173433, "mean_delivery_time": 3640.7926652135666, "mean_schedule_distance": 7002.445521279066, "mean_schedule_energy": 0.6000871568356017, "mean_number_swaps": 0.44, "drone_utilization": 0.36, "execution_time": 551.5541801452637}