{"completion_time": 3331.14354906046, "mean_schedule_time": 839.8796425259028, "mean_flight_time": 718.403230568945, "mean_swap_time": 14.4, "mean_idle_time": 107.07641195695783, "mean_delivery_time": 2436.2644766830012, "mean_schedule_distance": 5028.822613982615, "mean_schedule_energy": 0.4013923274953451, "mean_number_swaps": 0.24, "drone_utilization": 0.36, "execution_time": 13.22627329826355}