{"completion_time": 7574.839671939005, "mean_schedule_time": 3764.1725952788265, "mean_flight_time": 3652.1725952788274, "mean_swap_time": 112.0, "mean_idle_time": -9.094947017729282e-13, "mean_delivery_time": 3382.658858812811, "mean_schedule_distance": 25565.20816695179, "mean_schedule_energy": 2.088809280544745, "mean_number_swaps": 1.8666666666666667, "drone_utilization": 1.0, "execution_time": 21.748570680618286}