{"completion_time": 7702.193840879126, "mean_schedule_time": 1464.5392352477647, "mean_flight_time": 1410.539235247765, "mean_swap_time": 54.0, "mean_idle_time": -2.2737367544323206e-13, "mean_delivery_time": 3661.348088119412, "mean_schedule_distance": 9873.774646734357, "mean_schedule_energy": 1.0134662959439544, "mean_number_swaps": 0.9, "drone_utilization": 0.4, "execution_time": 0.7959036827087402}