{"completion_time": 2835.6300136664768, "mean_delivery_time": 1657.8793580514327, "total_distance": 130861.86607632035, "consumed_energy": 11.511425313297838, "execution_time": 3.4199535846710205}