{"completion_time": 5431.2600273329535, "mean_schedule_time": 964.7276148308596, "mean_flight_time": 934.7276148308596, "mean_swap_time": 30.0, "mean_idle_time": 0.0, "mean_delivery_time": 3215.7587161028655, "mean_schedule_distance": 6543.093303816017, "mean_schedule_energy": 0.5755712656648919, "mean_number_swaps": 0.5, "drone_utilization": 0.3, "execution_time": 3.7153215408325195}