{"completion_time": 7882.228029330059, "mean_schedule_time": 5855.972406842223, "mean_flight_time": 5263.525238739883, "mean_swap_time": 199.2, "mean_idle_time": 393.24716810233986, "mean_delivery_time": 5367.871107351186, "mean_schedule_distance": 36844.676671179186, "mean_schedule_energy": 3.054467284975752, "mean_number_swaps": 3.32, "drone_utilization": 1.0, "execution_time": 2082.449150085449}