{"completion_time": 10462.244128694429, "mean_schedule_time": 5828.9632930356975, "mean_flight_time": 5605.6299597023635, "mean_swap_time": 223.33333333333334, "mean_idle_time": 9.094947017729282e-13, "mean_delivery_time": 4957.359788414999, "mean_schedule_distance": 39239.40971791656, "mean_schedule_energy": 3.236056594951462, "mean_number_swaps": 3.7222222222222223, "drone_utilization": 1.0, "execution_time": 44.47836518287659}