{"completion_time": 7315.7697949220765, "mean_schedule_time": 4463.457273654517, "mean_flight_time": 4298.457273654518, "mean_swap_time": 165.0, "mean_idle_time": -9.094947017729282e-13, "mean_delivery_time": 3974.7191821089664, "mean_schedule_distance": 30089.200915581627, "mean_schedule_energy": 2.459212315551047, "mean_number_swaps": 2.75, "drone_utilization": 1.0, "execution_time": 0.6349625587463379}