{"completion_time": 10114.510558447488, "mean_schedule_time": 8318.155305341135, "mean_flight_time": 7191.322886904178, "mean_swap_time": 288.0, "mean_idle_time": 838.8324184369576, "mean_delivery_time": 6337.940848227008, "mean_schedule_distance": 50339.26020832926, "mean_schedule_energy": 4.275699795922949, "mean_number_swaps": 4.8, "drone_utilization": 1.0, "execution_time": 15726.58927822113}