{"completion_time": 9044.752973929862, "mean_schedule_time": 8562.399953434779, "mean_flight_time": 8232.39995343478, "mean_swap_time": 330.0, "mean_idle_time": -1.8189894035458565e-12, "mean_delivery_time": 5799.38813421447, "mean_schedule_distance": 57626.799674043454, "mean_schedule_energy": 4.655023426775363, "mean_number_swaps": 5.5, "drone_utilization": 1.0, "total_number_parcel_handover": 1, "mean_number_parcel_handover": 0.1, "execution_time": 75.07590293884277}