{"completion_time": 6971.2416052854915, "mean_schedule_time": 6389.176588541317, "mean_flight_time": 6092.342346448366, "mean_swap_time": 240.0, "mean_idle_time": 56.83424209295117, "mean_delivery_time": 5175.07440049954, "mean_schedule_distance": 42646.39642513859, "mean_schedule_energy": 3.550094141438168, "mean_number_swaps": 4.0, "drone_utilization": 1.0, "total_number_parcel_handover": 7, "mean_number_parcel_handover": 0.4666666666666667, "execution_time": 130.7696237564087}