{"completion_time": 9274.212672687643, "mean_schedule_time": 5691.724869023955, "mean_flight_time": 4087.6142396995497, "mean_swap_time": 134.4, "mean_idle_time": 1469.710629324405, "mean_delivery_time": 5791.908766137691, "mean_schedule_distance": 28613.29967789684, "mean_schedule_energy": 2.3284957624568245, "mean_number_swaps": 2.24, "drone_utilization": 0.96, "execution_time": 2127.366364479065}