{"completion_time": 8136.201388214882, "mean_schedule_time": 7850.375926363478, "mean_flight_time": 7475.768758922101, "mean_swap_time": 305.0, "mean_idle_time": 69.60716744137699, "mean_delivery_time": 5120.550248156956, "mean_schedule_distance": 52330.3813124547, "mean_schedule_energy": 4.290342304445973, "mean_number_swaps": 5.083333333333333, "drone_utilization": 1.0, "execution_time": 1136.605698108673}