{"completion_time": 4220.019534385576, "mean_delivery_time": 2653.875124078478, "total_distance": 627964.5757494564, "consumed_energy": 51.48410765335168, "execution_time": 280.27582812309265}