{"completion_time": 33982.204315328396, "mean_schedule_time": 28865.57905131262, "mean_flight_time": 27560.5790513126, "mean_swap_time": 1305.0, "mean_idle_time": 1.8189894035458565e-11, "mean_delivery_time": 12941.909800373644, "mean_schedule_distance": 192924.0533591883, "mean_schedule_energy": 16.120725261434526, "mean_number_swaps": 21.75, "drone_utilization": 1.0, "total_number_parcel_handover": 0, "mean_number_parcel_handover": 0.0, "execution_time": 8.98512315750122}