{"completion_time": 26324.2629566449, "mean_schedule_time": 26056.431798161233, "mean_flight_time": 24880.431798161226, "mean_swap_time": 1176.0, "mean_idle_time": 7.275957614183426e-12, "mean_delivery_time": 12305.196695081282, "mean_schedule_distance": 174163.02258712874, "mean_schedule_energy": 14.440456177887214, "mean_number_swaps": 19.6, "drone_utilization": 1.0, "execution_time": 689.8425259590149}