{"completion_time": 6085.636668847435, "mean_schedule_time": 1317.615103636409, "mean_flight_time": 1123.852010218993, "mean_swap_time": 30.0, "mean_idle_time": 163.76309341741603, "mean_delivery_time": 3991.792390951373, "mean_schedule_distance": 7866.9640715329515, "mean_schedule_energy": 0.6127620374931435, "mean_number_swaps": 0.5, "drone_utilization": 0.35, "total_number_parcel_handover": 2, "mean_number_parcel_handover": 0.4, "execution_time": 9.941910743713379}