{"completion_time": 6888.589453474462, "mean_schedule_time": 3385.2972868106135, "mean_flight_time": 3273.297286810613, "mean_swap_time": 112.0, "mean_idle_time": 4.547473508864641e-13, "mean_delivery_time": 3145.506715084013, "mean_schedule_distance": 22913.081007674296, "mean_schedule_energy": 1.9167595903055636, "mean_number_swaps": 1.8666666666666667, "drone_utilization": 0.9333333333333333, "execution_time": 21.284688711166382}