{"completion_time": 2485.0504616285984, "mean_delivery_time": 1640.1990269609694, "total_distance": 335417.41199758684, "consumed_energy": 29.28807303550523, "execution_time": 1050.0378427505493}