{"completion_time": 4910.100923257197, "mean_schedule_time": 2089.5176856317466, "mean_flight_time": 1842.9528131735553, "mean_swap_time": 55.38461538461539, "mean_idle_time": 191.18025707357583, "mean_delivery_time": 3135.8544849410723, "mean_schedule_distance": 12900.66969221488, "mean_schedule_energy": 1.126464347519432, "mean_number_swaps": 0.9230769230769231, "drone_utilization": 0.6538461538461539, "execution_time": 1407.6013786792755}