{"completion_time": 8086.731167886321, "mean_schedule_time": 6323.141627929628, "mean_flight_time": 5682.904732821463, "mean_swap_time": 231.0, "mean_idle_time": 409.2368951081653, "mean_delivery_time": 4965.297065834335, "mean_schedule_distance": 39780.33312975023, "mean_schedule_energy": 3.4161995457351706, "mean_number_swaps": 3.85, "drone_utilization": 1.0, "execution_time": 5037.7978620529175}