{"completion_time": 5840.989940929749, "mean_schedule_time": 5124.445917237073, "mean_flight_time": 4733.307407597462, "mean_swap_time": 165.0, "mean_idle_time": 226.13850963961158, "mean_delivery_time": 4532.554562081089, "mean_schedule_distance": 33133.15185318226, "mean_schedule_energy": 2.611965107069127, "mean_number_swaps": 2.75, "drone_utilization": 1.0, "execution_time": 638.5537757873535}