{"completion_time": 5348.6487109594, "mean_schedule_time": 4012.3100512621813, "mean_flight_time": 3514.6956460516203, "mean_swap_time": 127.2, "mean_idle_time": 370.4144052105612, "mean_delivery_time": 3836.702530359156, "mean_schedule_distance": 24602.86952236134, "mean_schedule_energy": 2.1375685148037165, "mean_number_swaps": 2.12, "drone_utilization": 1.0, "execution_time": 1478.7962055206299}