{"completion_time": 5152.608660385484, "mean_schedule_time": 2304.7651345351246, "mean_flight_time": 1910.7693762033778, "mean_swap_time": 49.09090909090909, "mean_idle_time": 344.90484924083785, "mean_delivery_time": 3134.647711797355, "mean_schedule_distance": 13375.385633423646, "mean_schedule_energy": 1.1309225587779255, "mean_number_swaps": 0.8181818181818182, "drone_utilization": 0.7272727272727273, "total_number_parcel_handover": 8, "mean_number_parcel_handover": 0.8, "execution_time": 487.255304813385}