{"completion_time": 928.2692869298478, "execution_time": 0.010529518127441406}