{"completion_time": 9847.305954148394, "mean_schedule_time": 8271.949520664772, "mean_flight_time": 7487.614833470811, "mean_swap_time": 308.57142857142856, "mean_idle_time": 475.7632586225318, "mean_delivery_time": 5960.597755483999, "mean_schedule_distance": 52413.3038342957, "mean_schedule_energy": 4.362937402563146, "mean_number_swaps": 5.142857142857143, "drone_utilization": 1.0, "execution_time": 1720.0909559726715}