{"completion_time": 6752.038770626605, "mean_schedule_time": 2046.5969495275938, "mean_flight_time": 1984.1969495275935, "mean_swap_time": 62.4, "mean_idle_time": 2.2737367544323206e-13, "mean_delivery_time": 2842.495763232769, "mean_schedule_distance": 13889.378646693152, "mean_schedule_energy": 1.2067966907832886, "mean_number_swaps": 1.04, "drone_utilization": 0.72, "execution_time": 38.94754385948181}