{"completion_time": 1174.4514859631752, "execution_time": 0.0012583732604980469}