{"completion_time": 5485.566649791343, "mean_schedule_time": 4301.53610443937, "mean_flight_time": 3795.216667431938, "mean_swap_time": 133.33333333333334, "mean_idle_time": 372.986103674099, "mean_delivery_time": 3981.230147170928, "mean_schedule_distance": 26566.51667202357, "mean_schedule_energy": 2.2188846530333195, "mean_number_swaps": 2.2222222222222223, "drone_utilization": 1.0, "execution_time": 431.77693462371826}