{"completion_time": 3889.6143875998546, "mean_delivery_time": 1851.3043818259796, "total_distance": 591639.2886640113, "consumed_energy": 47.65614897687941, "execution_time": 158.03277111053467}