{"completion_time": 6084.6059894202035, "mean_schedule_time": 752.2132620992904, "mean_flight_time": 728.2132620992905, "mean_swap_time": 24.0, "mean_idle_time": -1.1368683772161603e-13, "mean_delivery_time": 3008.8530483971617, "mean_schedule_distance": 5097.492834695034, "mean_schedule_energy": 0.47994421847630164, "mean_number_swaps": 0.4, "drone_utilization": 0.25, "total_number_parcel_handover": 0, "mean_number_parcel_handover": 0.0, "execution_time": 3.1661229133605957}