{"completion_time": 1783.569609658172, "mean_delivery_time": 1559.401006895115, "total_distance": 108333.67579720107, "consumed_energy": 9.381157115518807, "execution_time": 12.813735961914062}