{"completion_time": 7879.45604760658, "mean_schedule_time": 6789.111209585436, "mean_flight_time": 6494.980581217788, "mean_swap_time": 258.0, "mean_idle_time": 36.13062836764766, "mean_delivery_time": 4841.2669667687505, "mean_schedule_distance": 45464.86406852451, "mean_schedule_energy": 3.764996166502189, "mean_number_swaps": 4.3, "drone_utilization": 1.0, "execution_time": 712.168479681015}