{"completion_time": 7202.6797966818785, "mean_schedule_time": 2097.0087326088583, "mean_flight_time": 2028.0087326088585, "mean_swap_time": 69.0, "mean_idle_time": -4.547473508864641e-13, "mean_delivery_time": 3495.014554348097, "mean_schedule_distance": 14196.061128262008, "mean_schedule_energy": 1.195936595725508, "mean_number_swaps": 1.15, "drone_utilization": 0.6, "execution_time": 14.122129440307617}