{"completion_time": 3781.3398983409393, "mean_delivery_time": 1805.0072771740486, "total_distance": 283921.22256524017, "consumed_energy": 23.918731914510158, "execution_time": 13.445239067077637}