{"completion_time": 6252.460777171949, "mean_schedule_time": 4483.997682387927, "mean_flight_time": 3753.9995443243297, "mean_swap_time": 127.2, "mean_idle_time": 602.7981380635974, "mean_delivery_time": 4252.231668072365, "mean_schedule_distance": 26277.996810270313, "mean_schedule_energy": 2.1834017263527468, "mean_number_swaps": 2.12, "drone_utilization": 1.0, "execution_time": 6528.011199951172}