{"completion_time": 3186.2303885859747, "mean_delivery_time": 2186.1158340361826, "total_distance": 656949.9202567579, "consumed_energy": 54.58504315881867, "execution_time": 4116.760375261307}