{"completion_time": 36135.62695520793, "mean_schedule_time": 35102.307256492546, "mean_flight_time": 33602.30725649253, "mean_swap_time": 1500.0, "mean_idle_time": 1.4551915228366852e-11, "mean_delivery_time": 16916.20268748783, "mean_schedule_distance": 235216.15079544781, "mean_schedule_energy": 19.607481056015, "mean_number_swaps": 25.0, "drone_utilization": 1.0, "execution_time": 2.227694511413574}