{"completion_time": 5311.994994681943, "mean_schedule_time": 1085.630299728546, "mean_flight_time": 913.3957240432532, "mean_swap_time": 21.0, "mean_idle_time": 151.23457568529295, "mean_delivery_time": 4118.093242975123, "mean_schedule_distance": 6393.770068302771, "mean_schedule_energy": 0.45910358795003736, "mean_number_swaps": 0.35, "drone_utilization": 0.3, "execution_time": 9.839785814285278}