{"completion_time": 4761.822387854608, "mean_schedule_time": 1787.3302224603576, "mean_flight_time": 1736.3302224603572, "mean_swap_time": 51.0, "mean_idle_time": 4.547473508864641e-13, "mean_delivery_time": 2978.883704100596, "mean_schedule_distance": 12154.311557222503, "mean_schedule_energy": 1.035397273541656, "mean_number_swaps": 0.85, "drone_utilization": 0.6, "execution_time": 17.4390549659729}