{"completion_time": 9033.101264323175, "mean_schedule_time": 5401.940154358496, "mean_flight_time": 5197.940154358496, "mean_swap_time": 204.0, "mean_idle_time": 0.0, "mean_delivery_time": 4379.804256484488, "mean_schedule_distance": 36385.58108050948, "mean_schedule_energy": 3.0752394876348634, "mean_number_swaps": 3.4, "drone_utilization": 1.0, "execution_time": 8.274303197860718}