{"completion_time": 10252.371758570796, "mean_schedule_time": 10026.454243478487, "mean_flight_time": 9558.079315486786, "mean_swap_time": 410.0, "mean_idle_time": 58.37492799170104, "mean_delivery_time": 6287.940502372102, "mean_schedule_distance": 66906.5552084075, "mean_schedule_energy": 5.255656488219174, "mean_number_swaps": 6.833333333333333, "drone_utilization": 1.0, "execution_time": 727.2323324680328}