{"completion_time": 6678.833146103267, "mean_delivery_time": 3715.481900261448, "total_distance": 1858992.062485774, "consumed_energy": 160.92022151885263, "execution_time": 3471.667225599289}