{"completion_time": 5429.705232424876, "mean_schedule_time": 2614.6076444402047, "mean_flight_time": 2272.1259541023546, "mean_swap_time": 70.0, "mean_idle_time": 272.48169033785007, "mean_delivery_time": 3271.6698150545826, "mean_schedule_distance": 15904.881678716476, "mean_schedule_energy": 1.4078267748421465, "mean_number_swaps": 1.1666666666666667, "drone_utilization": 0.8, "execution_time": 1465.1511170864105}