{"completion_time": 9065.64420662852, "mean_schedule_time": 5262.468488045233, "mean_flight_time": 4107.37126196553, "mean_swap_time": 148.8, "mean_idle_time": 1006.2972260797033, "mean_delivery_time": 5320.675392048012, "mean_schedule_distance": 28751.59883375871, "mean_schedule_energy": 2.482410746545884, "mean_number_swaps": 2.48, "drone_utilization": 0.96, "execution_time": 13364.18916964531}