{"completion_time": 4059.4778780906963, "mean_schedule_time": 1660.7059263427327, "mean_flight_time": 1411.2728110041626, "mean_swap_time": 35.0, "mean_idle_time": 214.43311533857013, "mean_delivery_time": 2882.627978005482, "mean_schedule_distance": 9878.90967702914, "mean_schedule_energy": 0.791645613462206, "mean_number_swaps": 0.5833333333333334, "drone_utilization": 0.5833333333333334, "execution_time": 14.240221738815308}