{"completion_time": 24363.967025196678, "mean_schedule_time": 24069.519134309514, "mean_flight_time": 23064.519134309507, "mean_swap_time": 1005.0, "mean_idle_time": 7.275957614183426e-12, "mean_delivery_time": 12495.768372144268, "mean_schedule_distance": 161451.6339401666, "mean_schedule_energy": 12.877841992992094, "mean_number_swaps": 16.75, "drone_utilization": 1.0, "total_number_parcel_handover": 1, "mean_number_parcel_handover": 0.04, "execution_time": 576.3773610591888}