{"completion_time": 33353.138330054586, "mean_schedule_time": 28026.928840253826, "mean_flight_time": 26781.928840253833, "mean_swap_time": 1245.0, "mean_idle_time": -7.275957614183426e-12, "mean_delivery_time": 13310.318645380852, "mean_schedule_distance": 187473.50188177673, "mean_schedule_energy": 15.213759016277043, "mean_number_swaps": 20.75, "drone_utilization": 1.0, "total_number_parcel_handover": 0, "mean_number_parcel_handover": 0.0, "execution_time": 6.846219301223755}