{"completion_time": 6341.536408921495, "mean_schedule_time": 2749.4029312114994, "mean_flight_time": 2668.4029312114994, "mean_swap_time": 81.0, "mean_idle_time": 0.0, "mean_delivery_time": 3054.892145790555, "mean_schedule_distance": 18678.82051848049, "mean_schedule_energy": 1.5712559502604448, "mean_number_swaps": 1.35, "drone_utilization": 0.9, "execution_time": 26.708253383636475}