{"completion_time": 16040.303936914286, "mean_schedule_time": 11470.105335939914, "mean_flight_time": 11002.105335939912, "mean_swap_time": 468.0, "mean_idle_time": 1.8189894035458565e-12, "mean_delivery_time": 7171.253257009295, "mean_schedule_distance": 77014.73735157939, "mean_schedule_energy": 6.350170244013151, "mean_number_swaps": 7.8, "drone_utilization": 1.0, "execution_time": 3.033080577850342}