{"completion_time": 3165.656431364066, "mean_delivery_time": 2501.786032605936, "total_distance": 507846.3593587027, "consumed_energy": 39.38261036904344, "execution_time": 454.8778929710388}