{"completion_time": 7840.355496367683, "mean_schedule_time": 4900.422212246636, "mean_flight_time": 3881.391794487458, "mean_swap_time": 132.0, "mean_idle_time": 887.0304177591784, "mean_delivery_time": 5378.692775759349, "mean_schedule_distance": 27169.7425614122, "mean_schedule_energy": 2.1552848120351, "mean_number_swaps": 2.2, "drone_utilization": 0.9, "execution_time": 206.16332006454468}