{"completion_time": 7561.089906633217, "mean_schedule_time": 4578.931363614357, "mean_flight_time": 4159.9315063940785, "mean_swap_time": 150.0, "mean_idle_time": 268.9998572202785, "mean_delivery_time": 4432.382651066872, "mean_schedule_distance": 29119.520544758543, "mean_schedule_energy": 2.4970298024002457, "mean_number_swaps": 2.5, "drone_utilization": 1.0, "total_number_parcel_handover": 6, "mean_number_parcel_handover": 0.24, "execution_time": 1139.7007546424866}