{"completion_time": 4357.6457307103665, "mean_schedule_time": 1726.0149537588275, "mean_flight_time": 1492.998753930785, "mean_swap_time": 38.4, "mean_idle_time": 194.61619982804245, "mean_delivery_time": 2883.285128586939, "mean_schedule_distance": 10450.99127751549, "mean_schedule_energy": 0.8749422606103409, "mean_number_swaps": 0.64, "drone_utilization": 0.56, "execution_time": 59.93690037727356}