{"completion_time": 7907.998772344658, "mean_schedule_time": 3584.698093938791, "mean_flight_time": 3335.3878430854643, "mean_swap_time": 122.0, "mean_idle_time": 127.31025085332658, "mean_delivery_time": 4426.804943671002, "mean_schedule_distance": 23347.714901598225, "mean_schedule_energy": 1.983927348727314, "mean_number_swaps": 2.033333333333333, "drone_utilization": 0.7666666666666667, "total_number_parcel_handover": 6, "mean_number_parcel_handover": 0.24, "execution_time": 520.7602505683899}