{"completion_time": 7166.5925540391045, "mean_schedule_time": 5559.636093935051, "mean_flight_time": 5158.23163220835, "mean_swap_time": 205.71428571428572, "mean_idle_time": 195.69017601241558, "mean_delivery_time": 4486.833105741909, "mean_schedule_distance": 36107.62142545845, "mean_schedule_energy": 3.0755989624431064, "mean_number_swaps": 3.4285714285714284, "drone_utilization": 1.0, "total_number_parcel_handover": 9, "mean_number_parcel_handover": 0.45, "execution_time": 1453.6197125911713}