{"completion_time": 7117.57490458091, "mean_delivery_time": 3761.3381955628784, "total_distance": 442511.41955335054, "consumed_energy": 35.44766660470483, "execution_time": 91.73558449745178}