{"completion_time": 3848.968948432277, "mean_delivery_time": 1974.2679096404052, "total_distance": 257077.5073496567, "consumed_energy": 23.02066593629201, "execution_time": 0.4355776309967041}