{"completion_time": 8304.029193383623, "mean_schedule_time": 5087.035793768699, "mean_flight_time": 4807.406687896151, "mean_swap_time": 180.0, "mean_idle_time": 99.62910587254737, "mean_delivery_time": 4653.432626831587, "mean_schedule_distance": 33651.84681527304, "mean_schedule_energy": 2.8374657051965464, "mean_number_swaps": 3.0, "drone_utilization": 0.96, "execution_time": 629.345865726471}