{"completion_time": 10218.8031132526, "mean_schedule_time": 3713.4948660720283, "mean_flight_time": 3576.6948660720286, "mean_swap_time": 136.8, "mean_idle_time": -4.547473508864641e-13, "mean_delivery_time": 4369.81331195891, "mean_schedule_distance": 25036.8640625042, "mean_schedule_energy": 2.222976657360149, "mean_number_swaps": 2.28, "drone_utilization": 0.8, "execution_time": 31.70533323287964}