{"completion_time": 3687.139219316344, "mean_schedule_time": 835.5617482347325, "mean_flight_time": 809.3117482347326, "mean_swap_time": 26.25, "mean_idle_time": -1.1368683772161603e-13, "mean_delivery_time": 2673.7975943511437, "mean_schedule_distance": 5665.182237643127, "mean_schedule_energy": 0.5098471020270542, "mean_number_swaps": 0.4375, "drone_utilization": 0.3125, "total_number_parcel_handover": 0, "mean_number_parcel_handover": 0.0, "execution_time": 2.6279397010803223}