{"completion_time": 5465.717311404156, "mean_schedule_time": 3246.051980883817, "mean_flight_time": 2876.745048266509, "mean_swap_time": 96.42857142857143, "mean_idle_time": 272.87836118873656, "mean_delivery_time": 3553.44884656695, "mean_schedule_distance": 20137.215337865557, "mean_schedule_energy": 1.7499903344537258, "mean_number_swaps": 1.6071428571428572, "drone_utilization": 0.8571428571428571, "execution_time": 1014.8643560409546}