{"completion_time": 6567.475136124099, "mean_delivery_time": 3607.2323232919293, "total_distance": 403349.2133626919, "consumed_energy": 33.96541527440804, "execution_time": 415.222558259964}