{"completion_time": 2699.4499798166034, "mean_delivery_time": 1719.493692781491, "total_distance": 243880.62115897212, "consumed_energy": 21.606362793845207, "execution_time": 157.2821490764618}