{"completion_time": 3981.1473418528894, "mean_schedule_time": 1617.1186634498492, "mean_flight_time": 1508.4381400955538, "mean_swap_time": 32.0, "mean_idle_time": 76.68052335429547, "mean_delivery_time": 3214.7086558541755, "mean_schedule_distance": 10559.066980668878, "mean_schedule_energy": 0.7883730362291033, "mean_number_swaps": 0.5333333333333333, "drone_utilization": 0.5333333333333333, "execution_time": 21.539255380630493}