{"completion_time": 10054.460917673463, "mean_delivery_time": 4343.2400300950485, "total_distance": 429196.4638091958, "consumed_energy": 33.82997797804961, "execution_time": 5.048950672149658}