{"completion_time": 19268.921835346926, "mean_schedule_time": 15928.445136042708, "mean_flight_time": 15328.445136042708, "mean_swap_time": 600.0, "mean_idle_time": 0.0, "mean_delivery_time": 8398.480060190097, "mean_schedule_distance": 107299.11595229895, "mean_schedule_energy": 8.457494494512403, "mean_number_swaps": 10.0, "drone_utilization": 1.0, "total_number_parcel_handover": 0, "mean_number_parcel_handover": 0.0, "execution_time": 4.91191029548645}