{"completion_time": 3989.27570696154, "mean_schedule_time": 962.1361831144061, "mean_flight_time": 806.6051807641468, "mean_swap_time": 18.0, "mean_idle_time": 137.5310023502593, "mean_delivery_time": 2326.5870571266178, "mean_schedule_distance": 5646.236265349028, "mean_schedule_energy": 0.4896473884848026, "mean_number_swaps": 0.3, "drone_utilization": 0.4, "execution_time": 28.93725562095642}