{"completion_time": 6516.212808248278, "mean_delivery_time": 3669.912671686916, "total_distance": 778653.2062364682, "consumed_energy": 63.557450455339534, "execution_time": 800.4766600131989}