{"completion_time": 7250.915464861418, "mean_schedule_time": 3127.666986738341, "mean_flight_time": 2668.133284496234, "mean_swap_time": 94.61538461538461, "mean_idle_time": 364.91831762672246, "mean_delivery_time": 3723.258041777533, "mean_schedule_distance": 18676.932991473645, "mean_schedule_energy": 1.6239632891561133, "mean_number_swaps": 1.5769230769230769, "drone_utilization": 0.8461538461538461, "execution_time": 707.3609440326691}