{"completion_time": 10560.236894874897, "mean_schedule_time": 9818.920118514587, "mean_flight_time": 9310.25787326396, "mean_swap_time": 396.0, "mean_idle_time": 112.66224525062717, "mean_delivery_time": 5865.616227195432, "mean_schedule_distance": 65171.80511284771, "mean_schedule_energy": 5.470819812654129, "mean_number_swaps": 6.6, "drone_utilization": 1.0, "execution_time": 456.59473991394043}