{"completion_time": 6923.5952151905185, "mean_schedule_time": 4398.363092619378, "mean_flight_time": 4235.505949762239, "mean_swap_time": 162.85714285714286, "mean_idle_time": -3.637978807091713e-12, "mean_delivery_time": 3723.9316795998493, "mean_schedule_distance": 29648.54164833565, "mean_schedule_energy": 2.437603921229353, "mean_number_swaps": 2.7142857142857144, "drone_utilization": 1.0, "execution_time": 24.931742906570435}