{"completion_time": 10675.659149032857, "mean_schedule_time": 6765.805129790107, "mean_flight_time": 6483.805129790106, "mean_swap_time": 282.0, "mean_idle_time": 9.094947017729282e-13, "mean_delivery_time": 4933.401273497646, "mean_schedule_distance": 45386.63590853075, "mean_schedule_energy": 3.8994134229556514, "mean_number_swaps": 4.7, "drone_utilization": 1.0, "execution_time": 12.965874195098877}