{"completion_time": 5145.584428208684, "mean_schedule_time": 1419.341093868423, "mean_flight_time": 965.4166897284828, "mean_swap_time": 28.0, "mean_idle_time": 425.9244041399403, "mean_delivery_time": 3851.1135042145825, "mean_schedule_distance": 6757.916828099378, "mean_schedule_energy": 0.5392983846307511, "mean_number_swaps": 0.4666666666666667, "drone_utilization": 0.4, "execution_time": 5.015616416931152}