{"completion_time": 14435.493795594048, "mean_schedule_time": 10100.225814626121, "mean_flight_time": 9686.225814626121, "mean_swap_time": 414.0, "mean_idle_time": 0.0, "mean_delivery_time": 5967.969677976816, "mean_schedule_distance": 67803.58070238284, "mean_schedule_energy": 5.642911673967104, "mean_number_swaps": 6.9, "drone_utilization": 1.0, "execution_time": 37.01053214073181}