{"completion_time": 7739.513833161006, "mean_schedule_time": 5615.548334619117, "mean_flight_time": 4839.338157165183, "mean_swap_time": 192.0, "mean_idle_time": 584.2101774539342, "mean_delivery_time": 4529.12433449045, "mean_schedule_distance": 33875.3671001563, "mean_schedule_energy": 2.8498493291941, "mean_number_swaps": 3.2, "drone_utilization": 1.0, "execution_time": 555.8470196723938}