{"completion_time": 2009.647087893964, "execution_time": 0.01794910430908203}