{"completion_time": 5684.814883768512, "mean_schedule_time": 981.5513288898899, "mean_flight_time": 696.2069564482565, "mean_swap_time": 13.846153846153847, "mean_idle_time": 271.49821859547956, "mean_delivery_time": 2958.7303439175566, "mean_schedule_distance": 4873.448695137794, "mean_schedule_energy": 0.41695015024392423, "mean_number_swaps": 0.23076923076923078, "drone_utilization": 0.34615384615384615, "total_number_parcel_handover": 4, "mean_number_parcel_handover": 0.8, "execution_time": 98.41409420967102}