{"completion_time": 3134.6018835749464, "mean_delivery_time": 2408.032645249733, "total_distance": 513501.41736128763, "consumed_energy": 41.630816386495496, "execution_time": 1008.4399631023407}