{"completion_time": 12653.772550474714, "mean_schedule_time": 12265.217945397071, "mean_flight_time": 11542.779699528548, "mean_swap_time": 487.5, "mean_idle_time": 234.93824586852315, "mean_delivery_time": 7264.82930914974, "mean_schedule_distance": 80799.45789669987, "mean_schedule_energy": 6.595148784836904, "mean_number_swaps": 8.125, "drone_utilization": 1.0, "total_number_parcel_handover": 12, "mean_number_parcel_handover": 0.6, "execution_time": 6081.782689809799}