{"completion_time": 20036.670482459842, "mean_schedule_time": 16460.11469285806, "mean_flight_time": 15764.114692858066, "mean_swap_time": 696.0, "mean_idle_time": -3.637978807091713e-12, "mean_delivery_time": 8555.910177514437, "mean_schedule_distance": 110348.8028500065, "mean_schedule_energy": 9.003276755844032, "mean_number_swaps": 11.6, "drone_utilization": 1.0, "execution_time": 9.269089698791504}