{"completion_time": 6311.2138185844, "mean_schedule_time": 1842.9862229632756, "mean_flight_time": 1421.8297575360061, "mean_swap_time": 48.46153846153846, "mean_idle_time": 372.69492696573093, "mean_delivery_time": 3862.997554520601, "mean_schedule_distance": 9952.808302752044, "mean_schedule_energy": 0.8613416713443213, "mean_number_swaps": 0.8076923076923077, "drone_utilization": 0.46153846153846156, "total_number_parcel_handover": 5, "mean_number_parcel_handover": 0.5, "execution_time": 145.85351037979126}