{"completion_time": 7497.803073229447, "mean_schedule_time": 6635.8920908155005, "mean_flight_time": 6371.892090815498, "mean_swap_time": 264.0, "mean_idle_time": 2.7284841053187847e-12, "mean_delivery_time": 4955.166214348179, "mean_schedule_distance": 44603.2446357085, "mean_schedule_energy": 3.7447898602729297, "mean_number_swaps": 4.4, "drone_utilization": 1.0, "execution_time": 175.69676995277405}