{"completion_time": 3838.9015366147237, "mean_delivery_time": 2584.3862347923377, "total_distance": 446032.446357085, "consumed_energy": 37.447898602729296, "execution_time": 177.87169551849365}