{"1": [{"x": 2, "y": 1, "a": 0, "tau": 557.2257429815876}, {"x": 1, "y": 1, "a": -1, "tau": 617.2257429815876}, {"x": 1, "y": 2, "a": 1, "tau": 1174.4514858456275}], "2": [{"x": 4, "y": 2, "a": 2, "tau": 486.6097283895065}], "3": [{"x": 2, "y": 1, "a": 0, "tau": 557.2257429815876}]}