{"completion_time": 5981.244315760619, "mean_schedule_time": 1812.5785671911071, "mean_flight_time": 1758.5785671911067, "mean_swap_time": 54.0, "mean_idle_time": 4.547473508864641e-13, "mean_delivery_time": 3625.1571343822143, "mean_schedule_distance": 12310.049970337752, "mean_schedule_energy": 1.0241191946565655, "mean_number_swaps": 0.9, "drone_utilization": 0.5, "execution_time": 10.017734050750732}