{"completion_time": 3676.37075794397, "mean_schedule_time": 513.1881711047722, "mean_flight_time": 435.68914900673605, "mean_swap_time": 8.0, "mean_idle_time": 69.49902209803616, "mean_delivery_time": 2483.770069321649, "mean_schedule_distance": 3049.824043047153, "mean_schedule_energy": 0.2013624546649365, "mean_number_swaps": 0.13333333333333333, "drone_utilization": 0.2, "execution_time": 0.841850757598877}