{"completion_time": 1977.902365088491, "mean_delivery_time": 1755.1731856192546, "total_distance": 60089.15914999542, "consumed_energy": 4.351762649982911, "execution_time": 1.1679332256317139}