{"completion_time": 4409.4567009766, "execution_time": 6.202279806137085}