{"completion_time": 4059.4778780906963, "mean_schedule_time": 800.2696490413588, "mean_flight_time": 602.3336968261918, "mean_swap_time": 15.0, "mean_idle_time": 182.93595221516694, "mean_delivery_time": 2622.5154386854483, "mean_schedule_distance": 4216.335877783344, "mean_schedule_energy": 0.35583673827152096, "mean_number_swaps": 0.25, "drone_utilization": 0.3, "execution_time": 8.057238817214966}