{"completion_time": 7681.7988069490475, "mean_schedule_time": 2270.000504490527, "mean_flight_time": 2193.846658336681, "mean_swap_time": 76.15384615384616, "mean_idle_time": 0.0, "mean_delivery_time": 3934.667541116913, "mean_schedule_distance": 15356.926608356773, "mean_schedule_energy": 1.3061434262151541, "mean_number_swaps": 1.2692307692307692, "drone_utilization": 0.5769230769230769, "execution_time": 28.08470630645752}