{"completion_time": 5178.473816723311, "mean_schedule_time": 1513.2256632328358, "mean_flight_time": 1169.6109896106939, "mean_swap_time": 26.25, "mean_idle_time": 317.36467362214194, "mean_delivery_time": 2864.4600176591675, "mean_schedule_distance": 8187.276927274856, "mean_schedule_energy": 0.7049177270896403, "mean_number_swaps": 0.4375, "drone_utilization": 0.5625, "execution_time": 58.59503102302551}