{"completion_time": 18850.487569580197, "mean_schedule_time": 18823.186009724162, "mean_flight_time": 17968.186009724166, "mean_swap_time": 855.0, "mean_idle_time": -3.637978807091713e-12, "mean_delivery_time": 10100.76401709634, "mean_schedule_distance": 125777.30206806917, "mean_schedule_energy": 10.87145126511307, "mean_number_swaps": 14.25, "drone_utilization": 1.0, "execution_time": 900.495879650116}