{"completion_time": 6334.656117858137, "mean_schedule_time": 5713.440068586815, "mean_flight_time": 5379.588955888622, "mean_swap_time": 204.0, "mean_idle_time": 129.851112698193, "mean_delivery_time": 4498.979250054989, "mean_schedule_distance": 37657.122691220364, "mean_schedule_energy": 3.0867559348514466, "mean_number_swaps": 3.4, "drone_utilization": 1.0, "execution_time": 887.2205324172974}