{"completion_time": 5612.954058442756, "mean_schedule_time": 2513.6941856468216, "mean_flight_time": 2154.685568775762, "mean_swap_time": 67.5, "mean_idle_time": 291.50861687105953, "mean_delivery_time": 3551.487153958155, "mean_schedule_distance": 15082.798981430335, "mean_schedule_energy": 1.283229182268132, "mean_number_swaps": 1.125, "drone_utilization": 0.7083333333333334, "execution_time": 1382.7227849960327}