{"completion_time": 8750.281570103685, "mean_schedule_time": 6260.075884097441, "mean_flight_time": 5842.379486494295, "mean_swap_time": 228.0, "mean_idle_time": 189.69639760314658, "mean_delivery_time": 4916.8369720084775, "mean_schedule_distance": 40896.65640546005, "mean_schedule_energy": 3.437643671716099, "mean_number_swaps": 3.8, "drone_utilization": 1.0, "execution_time": 310.82966470718384}