{"completion_time": 4525.140785051843, "mean_delivery_time": 2544.6684860042387, "total_distance": 408966.56405460055, "consumed_energy": 34.37643671716099, "execution_time": 214.00545525550842}