{"completion_time": 10636.629990758403, "mean_schedule_time": 5580.222189914278, "mean_flight_time": 5379.22218991428, "mean_swap_time": 201.0, "mean_idle_time": -1.8189894035458565e-12, "mean_delivery_time": 4457.358514983039, "mean_schedule_distance": 37654.555329399926, "mean_schedule_energy": 3.007076171665011, "mean_number_swaps": 3.35, "drone_utilization": 1.0, "execution_time": 54.95142483711243}