{"completion_time": 14534.79394939113, "mean_schedule_time": 9691.43018735661, "mean_flight_time": 9271.43018735661, "mean_swap_time": 420.0, "mean_idle_time": 0.0, "mean_delivery_time": 5643.621368082849, "mean_schedule_distance": 64900.01131149624, "mean_schedule_energy": 5.720640569725531, "mean_number_swaps": 7.0, "drone_utilization": 1.0, "total_number_parcel_handover": 0, "mean_number_parcel_handover": 0.0, "execution_time": 7.18343186378479}