{"completion_time": 9638.538446810575, "mean_schedule_time": 8974.745415691175, "mean_flight_time": 8399.29829930523, "mean_swap_time": 378.0, "mean_idle_time": 197.44711638594526, "mean_delivery_time": 5414.835623296891, "mean_schedule_distance": 58795.08809513659, "mean_schedule_energy": 5.218365353816602, "mean_number_swaps": 6.3, "drone_utilization": 1.0, "execution_time": 410.5680077075958}