{"completion_time": 2352.6475470526652, "mean_delivery_time": 1144.88999699049, "total_distance": 61593.83983146744, "consumed_energy": 4.759964443777948, "execution_time": 2.3903183937072754}