{"completion_time": 23774.186670664767, "mean_schedule_time": 23768.71132311238, "mean_flight_time": 22562.370002433458, "mean_swap_time": 1080.0, "mean_idle_time": 126.34132067892278, "mean_delivery_time": 11784.559290548375, "mean_schedule_distance": 157936.59001703418, "mean_schedule_energy": 13.390743593059266, "mean_number_swaps": 18.0, "drone_utilization": 1.0, "total_number_parcel_handover": 1, "mean_number_parcel_handover": 0.1, "execution_time": 52.22187924385071}