{"completion_time": 2306.6729512348475, "mean_delivery_time": 1647.5730832924614, "total_distance": 151079.9626298922, "consumed_energy": 12.594937395463978, "execution_time": 122.08046317100525}