{"completion_time": 8404.213472296018, "mean_schedule_time": 7082.926074877309, "mean_flight_time": 6742.446847413667, "mean_swap_time": 252.0, "mean_idle_time": 88.47922746364202, "mean_delivery_time": 5556.438903409485, "mean_schedule_distance": 47197.127931895666, "mean_schedule_energy": 3.823885041197742, "mean_number_swaps": 4.2, "drone_utilization": 1.0, "total_number_parcel_handover": 8, "mean_number_parcel_handover": 0.5333333333333333, "execution_time": 944.6050164699554}