{"completion_time": 21283.922598046054, "mean_delivery_time": 8882.255167934321, "total_distance": 519730.96593260195, "consumed_energy": 43.31986976043437, "execution_time": 4.655704021453857}