{"completion_time": 11762.122824317812, "mean_schedule_time": 11507.861283504099, "mean_flight_time": 10785.15388236645, "mean_swap_time": 480.0, "mean_idle_time": 242.70740113764805, "mean_delivery_time": 7603.028330377996, "mean_schedule_distance": 75496.07717656516, "mean_schedule_energy": 6.396723892230639, "mean_number_swaps": 8.0, "drone_utilization": 1.0, "total_number_parcel_handover": 3, "mean_number_parcel_handover": 0.2, "execution_time": 196.87316727638245}