{"completion_time": 4357.6457307103665, "mean_schedule_time": 2729.802359285054, "mean_flight_time": 2411.7364521806476, "mean_swap_time": 56.0, "mean_idle_time": 262.0659071044065, "mean_delivery_time": 2725.9038103944486, "mean_schedule_distance": 16882.155165264532, "mean_schedule_energy": 1.3482869774535184, "mean_number_swaps": 0.9333333333333333, "drone_utilization": 0.9333333333333333, "execution_time": 135.20444178581238}