{"completion_time": 3007.4287089011755, "mean_delivery_time": 1421.9393026890452, "total_distance": 139151.83708758856, "consumed_energy": 11.90015694016816, "execution_time": 51.9314284324646}