{"completion_time": 2037.902365088491, "mean_delivery_time": 1785.1731856192546, "total_distance": 47464.84919733913, "consumed_energy": 3.5943040528235333, "execution_time": 0.3410484790802002}