{"completion_time": 6311.2138185844, "mean_schedule_time": 1703.4019498562427, "mean_flight_time": 1307.9400596119276, "mean_swap_time": 43.84615384615385, "mean_idle_time": 351.6157363981613, "mean_delivery_time": 3900.0439178257066, "mean_schedule_distance": 9155.580417283494, "mean_schedule_energy": 0.7966147425754897, "mean_number_swaps": 0.7307692307692307, "drone_utilization": 0.4230769230769231, "total_number_parcel_handover": 7, "mean_number_parcel_handover": 0.7, "execution_time": 426.40589451789856}