{"completion_time": 6495.222934160992, "mean_schedule_time": 2548.114298539182, "mean_flight_time": 2470.971441396324, "mean_swap_time": 77.14285714285714, "mean_idle_time": 9.094947017729282e-13, "mean_delivery_time": 2930.654066676883, "mean_schedule_distance": 17296.800089774257, "mean_schedule_energy": 1.5327702592282761, "mean_number_swaps": 1.2857142857142858, "drone_utilization": 0.8571428571428571, "total_number_parcel_handover": 0, "mean_number_parcel_handover": 0.0, "execution_time": 56.54764652252197}