{"completion_time": 5671.222485326789, "mean_schedule_time": 4245.145304018246, "mean_flight_time": 3826.0774044422283, "mean_swap_time": 125.45454545454545, "mean_idle_time": 293.6133541214722, "mean_delivery_time": 3941.0369839010964, "mean_schedule_distance": 26782.541831095597, "mean_schedule_energy": 2.1319444731616017, "mean_number_swaps": 2.090909090909091, "drone_utilization": 1.0, "total_number_parcel_handover": 6, "mean_number_parcel_handover": 0.24, "execution_time": 719.9103028774261}