{"completion_time": 4140.2562854400585, "mean_delivery_time": 2511.6777841213657, "total_distance": 981518.7904839705, "consumed_energy": 81.58864723522498, "execution_time": 250.81810402870178}