{"completion_time": 8503.22116344448, "mean_schedule_time": 6525.100208830057, "mean_flight_time": 5989.660001374338, "mean_swap_time": 234.0, "mean_idle_time": 301.44020745571925, "mean_delivery_time": 5085.99218985947, "mean_schedule_distance": 41927.62000962037, "mean_schedule_energy": 3.4854632279267164, "mean_number_swaps": 3.9, "drone_utilization": 1.0, "execution_time": 2320.7079520225525}