{"completion_time": 3488.697316921511, "mean_delivery_time": 2785.062608806126, "total_distance": 441892.0977978408, "consumed_energy": 35.61746138951874, "execution_time": 1781.7223296165466}