{"completion_time": 6802.473355375103, "mean_delivery_time": 3713.1278492405745, "total_distance": 686142.0039816627, "consumed_energy": 56.21435399931196, "execution_time": 1560.1849029064178}