{"completion_time": 4385.970175302137, "mean_schedule_time": 1197.7480819204495, "mean_flight_time": 991.4198550283879, "mean_swap_time": 24.0, "mean_idle_time": 182.3282268920616, "mean_delivery_time": 2778.8154830479434, "mean_schedule_distance": 6939.938985198714, "mean_schedule_energy": 0.5899367707028188, "mean_number_swaps": 0.4, "drone_utilization": 0.44, "execution_time": 187.45358777046204}