{"completion_time": 1543.101586584145, "execution_time": 0.0003304481506347656}