{"1": [{"x": 3, "y": 1, "a": 0, "tau": 950.7277796630678}, {"x": 1, "y": 1, "a": -1, "tau": 1010.7277796630678}, {"x": 1, "y": 2, "a": 2, "tau": 1543.101586584145}], "2": [{"x": 2, "y": 3, "a": 1, "tau": 509.1598424058793}], "3": []}