{"completion_time": 4522.725421790004, "mean_schedule_time": 3526.178438913008, "mean_flight_time": 3127.118083695781, "mean_swap_time": 96.0, "mean_idle_time": 303.06035521722697, "mean_delivery_time": 3257.770287471615, "mean_schedule_distance": 21889.82658587046, "mean_schedule_energy": 1.7678986416373241, "mean_number_swaps": 1.6, "drone_utilization": 1.0, "total_number_parcel_handover": 2, "mean_number_parcel_handover": 0.2, "execution_time": 54.08617663383484}