{"completion_time": 5642.572082514274, "mean_schedule_time": 4800.301831869176, "mean_flight_time": 4269.83061264879, "mean_swap_time": 145.71428571428572, "mean_idle_time": 384.7569335061007, "mean_delivery_time": 4416.109971179861, "mean_schedule_distance": 29888.81428854153, "mean_schedule_energy": 2.403466085330726, "mean_number_swaps": 2.4285714285714284, "drone_utilization": 1.0, "execution_time": 189.46577286720276}