{"completion_time": 3359.3268179531824, "mean_delivery_time": 2112.4131183212407, "total_distance": 474545.79399612034, "consumed_energy": 40.36778689240981, "execution_time": 718.1528444290161}