{"completion_time": 8148.636188828086, "mean_schedule_time": 6632.550929449221, "mean_flight_time": 6293.9389727494345, "mean_swap_time": 248.57142857142858, "mean_idle_time": 90.04052812835835, "mean_delivery_time": 4668.2136432502, "mean_schedule_distance": 44057.572809246056, "mean_schedule_energy": 3.723379342226058, "mean_number_swaps": 4.142857142857143, "drone_utilization": 1.0, "execution_time": 872.8811981678009}