{"completion_time": 3537.9033809197304, "mean_schedule_time": 1081.4069075096352, "mean_flight_time": 951.3124825044798, "mean_swap_time": 20.0, "mean_idle_time": 110.09442500515536, "mean_delivery_time": 2562.4764055727496, "mean_schedule_distance": 6659.187377531358, "mean_schedule_energy": 0.5315810495003113, "mean_number_swaps": 0.3333333333333333, "drone_utilization": 0.4666666666666667, "execution_time": 14.907592535018921}