{"completion_time": 4508.908225827743, "mean_schedule_time": 1949.6153713462045, "mean_flight_time": 1838.5620693670455, "mean_swap_time": 57.0, "mean_idle_time": 54.05330197915896, "mean_delivery_time": 3013.9433578515527, "mean_schedule_distance": 12869.934485569323, "mean_schedule_energy": 1.078334649242465, "mean_number_swaps": 0.95, "drone_utilization": 0.65, "execution_time": 83.8891212940216}