{"completion_time": 2284.4541129138715, "mean_delivery_time": 1546.9716789257764, "total_distance": 257398.68971138645, "consumed_energy": 21.5666929848493, "execution_time": 79.7299325466156}