{"completion_time": 4063.783955198057, "mean_delivery_time": 1442.4289148070739, "total_distance": 112764.02884379422, "consumed_energy": 10.97973549132346, "execution_time": 4.873220205307007}