{"completion_time": 9875.607647178274, "mean_delivery_time": 5009.358273201755, "total_distance": 253432.92743715533, "consumed_energy": 21.176207510080005, "execution_time": 34.15132021903992}