{"completion_time": 4026.7540859839446, "mean_schedule_time": 779.8237299127198, "mean_flight_time": 614.1561601720653, "mean_swap_time": 12.0, "mean_idle_time": 153.66756974065459, "mean_delivery_time": 2648.4748602477584, "mean_schedule_distance": 4299.093121204456, "mean_schedule_energy": 0.3129277831422919, "mean_number_swaps": 0.2, "drone_utilization": 0.3, "execution_time": 0.3188345432281494}