{"completion_time": 9270.986470085805, "mean_schedule_time": 8623.779985010608, "mean_flight_time": 8235.911286844292, "mean_swap_time": 335.0, "mean_idle_time": 52.86869816631588, "mean_delivery_time": 5627.827540657487, "mean_schedule_distance": 57651.37900791003, "mean_schedule_energy": 4.614669463321957, "mean_number_swaps": 5.583333333333333, "drone_utilization": 1.0, "total_number_parcel_handover": 7, "mean_number_parcel_handover": 0.28, "execution_time": 792.138947725296}