{"completion_time": 6575.054276855586, "mean_schedule_time": 2002.9412349455486, "mean_flight_time": 1936.512663516977, "mean_swap_time": 66.42857142857143, "mean_idle_time": 2.2737367544323206e-13, "mean_delivery_time": 2804.117728923768, "mean_schedule_distance": 13555.588644618841, "mean_schedule_energy": 1.281161605928676, "mean_number_swaps": 1.1071428571428572, "drone_utilization": 0.7142857142857143, "execution_time": 35.63094449043274}