{"completion_time": 5365.075245678494, "mean_delivery_time": 3223.5765863814454, "total_distance": 656947.6499594648, "consumed_energy": 56.1462180301433, "execution_time": 561.0055384635925}