{"completion_time": 11600.39169593552, "mean_schedule_time": 11456.941324967953, "mean_flight_time": 10991.94132496795, "mean_swap_time": 465.0, "mean_idle_time": 3.637978807091713e-12, "mean_delivery_time": 7323.124537724095, "mean_schedule_distance": 76943.58927477569, "mean_schedule_energy": 6.4051683804745485, "mean_number_swaps": 7.75, "drone_utilization": 1.0, "execution_time": 183.5999879837036}