{"completion_time": 3334.733828115571, "mean_delivery_time": 1784.0696888725822, "total_distance": 78948.85606318357, "consumed_energy": 6.585523439019017, "execution_time": 0.0022420883178710938}