{"completion_time": 4191.938112176304, "execution_time": 0.4498436450958252}