{"completion_time": 13421.56324922235, "mean_schedule_time": 11011.504845707852, "mean_flight_time": 10571.50484570785, "mean_swap_time": 440.0, "mean_idle_time": 1.8189894035458565e-12, "mean_delivery_time": 7270.919637413044, "mean_schedule_distance": 74000.53391995493, "mean_schedule_energy": 5.747462102509722, "mean_number_swaps": 7.333333333333333, "drone_utilization": 1.0, "total_number_parcel_handover": 0, "mean_number_parcel_handover": 0.0, "execution_time": 5.524467945098877}