{"completion_time": 4063.783955198057, "mean_delivery_time": 1637.7284578447675, "total_distance": 341651.174557228, "consumed_energy": 32.00564788680332, "execution_time": 22.553558349609375}