{"completion_time": 10149.233510831387, "mean_schedule_time": 4513.546456685815, "mean_flight_time": 4357.546456685816, "mean_swap_time": 156.0, "mean_idle_time": -9.094947017729282e-13, "mean_delivery_time": 4182.377743744521, "mean_schedule_distance": 30502.82519680069, "mean_schedule_energy": 2.50936657459866, "mean_number_swaps": 2.6, "drone_utilization": 1.0, "execution_time": 16.66016697883606}