{"completion_time": 2534.078736163543, "mean_delivery_time": 1688.4723013620307, "total_distance": 305149.8766486807, "consumed_energy": 24.498617269131092, "execution_time": 60.973270416259766}