{"completion_time": 6072.9644288762365, "mean_schedule_time": 3483.3949195073014, "mean_flight_time": 2966.8195442736705, "mean_swap_time": 110.0, "mean_idle_time": 406.5753752336309, "mean_delivery_time": 4219.212972081188, "mean_schedule_distance": 20767.7368099157, "mean_schedule_energy": 1.8249189540347242, "mean_number_swaps": 1.8333333333333333, "drone_utilization": 0.7916666666666666, "total_number_parcel_handover": 13, "mean_number_parcel_handover": 0.65, "execution_time": 933.4465894699097}