{"completion_time": 8573.588194313286, "mean_schedule_time": 4397.904047944552, "mean_flight_time": 4241.237381277883, "mean_swap_time": 156.66666666666666, "mean_idle_time": 1.8189894035458565e-12, "mean_delivery_time": 3801.4928809761727, "mean_schedule_distance": 29688.661668945188, "mean_schedule_energy": 2.3920343879235775, "mean_number_swaps": 2.611111111111111, "drone_utilization": 1.0, "total_number_parcel_handover": 0, "mean_number_parcel_handover": 0.0, "execution_time": 29.33897829055786}