{"completion_time": 5336.4935420093325, "mean_delivery_time": 3310.6145452484757, "total_distance": 326283.3037044747, "consumed_energy": 28.12824074764447, "execution_time": 249.26373624801636}