{"completion_time": 3852.472740250845, "mean_delivery_time": 2647.7253181655537, "total_distance": 405517.820302038, "consumed_energy": 34.17053676527657, "execution_time": 878.5614142417908}