{"completion_time": 4048.0647921357004, "mean_schedule_time": 843.5083790658507, "mean_flight_time": 823.5083790658506, "mean_swap_time": 20.0, "mean_idle_time": 1.1368683772161603e-13, "mean_delivery_time": 3163.1564214969403, "mean_schedule_distance": 5764.558653460956, "mean_schedule_energy": 0.4328738577855989, "mean_number_swaps": 0.3333333333333333, "drone_utilization": 0.26666666666666666, "execution_time": 1.598097562789917}