{"completion_time": 17954.21970879983, "mean_schedule_time": 17458.451555610874, "mean_flight_time": 16726.45155561088, "mean_swap_time": 732.0, "mean_idle_time": -7.275957614183426e-12, "mean_delivery_time": 8759.926845473652, "mean_schedule_distance": 117085.16088927611, "mean_schedule_energy": 9.652442697385691, "mean_number_swaps": 12.2, "drone_utilization": 1.0, "execution_time": 4608.783092021942}