{"completion_time": 14860.711587379747, "mean_schedule_time": 7621.876881404416, "mean_flight_time": 7321.876881404413, "mean_swap_time": 300.0, "mean_idle_time": 2.7284841053187847e-12, "mean_delivery_time": 5406.15629289425, "mean_schedule_distance": 51253.13816983094, "mean_schedule_energy": 4.330183409765133, "mean_number_swaps": 5.0, "drone_utilization": 1.0, "execution_time": 32.02807664871216}