{"completion_time": 2292.167247100494, "mean_delivery_time": 2006.1257190403587, "total_distance": 156207.3326674628, "consumed_energy": 13.242181652040227, "execution_time": 8.302843809127808}