{"completion_time": 4847.791338929941, "mean_schedule_time": 2378.2110262502297, "mean_flight_time": 2129.6559690646345, "mean_swap_time": 57.857142857142854, "mean_idle_time": 190.6979143284525, "mean_delivery_time": 3050.0891536326853, "mean_schedule_distance": 14907.59178345244, "mean_schedule_energy": 1.2727458811960528, "mean_number_swaps": 0.9642857142857143, "drone_utilization": 0.7857142857142857, "execution_time": 343.35971307754517}