{"completion_time": 2581.4103396736828, "mean_schedule_time": 508.01764764238095, "mean_flight_time": 477.7002664724452, "mean_swap_time": 12.0, "mean_idle_time": 18.317381169935743, "mean_delivery_time": 2168.5011021164637, "mean_schedule_distance": 3343.901865307117, "mean_schedule_energy": 0.2809131989786634, "mean_number_swaps": 0.2, "drone_utilization": 0.25, "execution_time": 4.429087400436401}