{"completion_time": 7547.058069504523, "mean_schedule_time": 6826.056490340313, "mean_flight_time": 6546.056490340314, "mean_swap_time": 280.0, "mean_idle_time": -9.094947017729282e-13, "mean_delivery_time": 4534.760562879995, "mean_schedule_distance": 45822.395432382174, "mean_schedule_energy": 3.8686843773605797, "mean_number_swaps": 4.666666666666667, "drone_utilization": 1.0, "execution_time": 232.46537709236145}