{"completion_time": 4385.970175302137, "mean_schedule_time": 994.8856935574954, "mean_flight_time": 823.4230489284067, "mean_swap_time": 20.0, "mean_idle_time": 151.4626446290887, "mean_delivery_time": 3226.2002152291725, "mean_schedule_distance": 5763.961342498848, "mean_schedule_energy": 0.44111111462317193, "mean_number_swaps": 0.3333333333333333, "drone_utilization": 0.3333333333333333, "execution_time": 94.24173283576965}