{"completion_time": 6130.282714826105, "mean_schedule_time": 2427.772433186591, "mean_flight_time": 2346.1724331865908, "mean_swap_time": 81.6, "mean_idle_time": 4.547473508864641e-13, "mean_delivery_time": 3112.6350556914663, "mean_schedule_distance": 16423.207032306134, "mean_schedule_energy": 1.3717369313727303, "mean_number_swaps": 1.36, "drone_utilization": 0.72, "execution_time": 34.321112632751465}