{"completion_time": 4569.803014989252, "mean_schedule_time": 1886.1038133167604, "mean_flight_time": 1666.0804090618217, "mean_swap_time": 50.76923076923077, "mean_idle_time": 169.25417348570795, "mean_delivery_time": 2719.4630245085204, "mean_schedule_distance": 11662.562863432748, "mean_schedule_energy": 1.0499952241905546, "mean_number_swaps": 0.8461538461538461, "drone_utilization": 0.6923076923076923, "execution_time": 86.90662002563477}