{"completion_time": 7250.915464861418, "mean_schedule_time": 3885.2522773252567, "mean_flight_time": 3577.168023534183, "mean_swap_time": 129.23076923076923, "mean_idle_time": 178.85348456030488, "mean_delivery_time": 3813.7426293721933, "mean_schedule_distance": 25040.176164739292, "mean_schedule_energy": 2.1523412670591253, "mean_number_swaps": 2.1538461538461537, "drone_utilization": 1.0, "execution_time": 1344.8060455322266}