{"completion_time": 2895.6112426633945, "mean_delivery_time": 1913.2027437150743, "total_distance": 575126.952567233, "consumed_energy": 46.02664904167925, "execution_time": 1262.0031914710999}