{"completion_time": 5242.266564016443, "mean_schedule_time": 2388.7134758559055, "mean_flight_time": 2207.907966409664, "mean_swap_time": 67.5, "mean_idle_time": 113.30550944624156, "mean_delivery_time": 3665.2556282563264, "mean_schedule_distance": 15455.355764867652, "mean_schedule_energy": 1.2407954146615494, "mean_number_swaps": 1.125, "drone_utilization": 0.6875, "total_number_parcel_handover": 5, "mean_number_parcel_handover": 0.5, "execution_time": 80.27344536781311}