{"completion_time": 4508.908225827743, "mean_schedule_time": 2213.2445249506654, "mean_flight_time": 2030.0095683752627, "mean_swap_time": 60.0, "mean_idle_time": 123.23495657540298, "mean_delivery_time": 3268.0278657771037, "mean_schedule_distance": 14210.06697862684, "mean_schedule_energy": 1.182877444323419, "mean_number_swaps": 1.0, "drone_utilization": 0.6875, "total_number_parcel_handover": 3, "mean_number_parcel_handover": 0.3, "execution_time": 157.3850679397583}