{"completion_time": 16737.062527319482, "mean_schedule_time": 16619.73845539432, "mean_flight_time": 15889.349106795495, "mean_swap_time": 684.0, "mean_idle_time": 46.389348598822835, "mean_delivery_time": 8417.225309963256, "mean_schedule_distance": 111225.44374756845, "mean_schedule_energy": 9.121088373919072, "mean_number_swaps": 11.4, "drone_utilization": 1.0, "execution_time": 202.53127026557922}