{"completion_time": 8536.610530057535, "mean_schedule_time": 7411.998035123275, "mean_flight_time": 6882.880471886134, "mean_swap_time": 252.0, "mean_idle_time": 277.11756323714144, "mean_delivery_time": 6393.307891841747, "mean_schedule_distance": 48180.163303202935, "mean_schedule_energy": 3.7612904407387378, "mean_number_swaps": 4.2, "drone_utilization": 1.0, "execution_time": 2587.779323577881}