{"completion_time": 3314.4753391253807, "mean_schedule_time": 621.4109131949318, "mean_flight_time": 546.2117035430945, "mean_swap_time": 12.0, "mean_idle_time": 63.19920965183735, "mean_delivery_time": 2999.609218393518, "mean_schedule_distance": 3823.4819248016606, "mean_schedule_energy": 0.2814976879573479, "mean_number_swaps": 0.2, "drone_utilization": 0.26666666666666666, "execution_time": 3.387235403060913}