{"completion_time": 3988.0647921357004, "mean_schedule_time": 979.0868745433478, "mean_flight_time": 901.9134258988124, "mean_swap_time": 20.0, "mean_idle_time": 57.17344864453537, "mean_delivery_time": 3148.15642149694, "mean_schedule_distance": 6313.393981291688, "mean_schedule_energy": 0.46580397745544283, "mean_number_swaps": 0.3333333333333333, "drone_utilization": 0.3333333333333333, "execution_time": 2.755462408065796}