{"completion_time": 5950.282714826105, "mean_schedule_time": 2642.913986752592, "mean_flight_time": 2341.2483314242113, "mean_swap_time": 65.0, "mean_idle_time": 236.66565532838058, "mean_delivery_time": 3130.6074499373017, "mean_schedule_distance": 16388.73831996949, "mean_schedule_energy": 1.2653061677397213, "mean_number_swaps": 1.0833333333333333, "drone_utilization": 0.7916666666666666, "total_number_parcel_handover": 3, "mean_number_parcel_handover": 0.2, "execution_time": 111.56640291213989}