{"completion_time": 3942.2088392035466, "mean_schedule_time": 635.9930515376806, "mean_flight_time": 569.1390402832111, "mean_swap_time": 11.538461538461538, "mean_idle_time": 55.31554971600792, "mean_delivery_time": 2763.1225548139637, "mean_schedule_distance": 3983.9732819824785, "mean_schedule_energy": 0.31042336024562156, "mean_number_swaps": 0.19230769230769232, "drone_utilization": 0.23076923076923078, "total_number_parcel_handover": 1, "mean_number_parcel_handover": 0.2, "execution_time": 12.53481388092041}