{"completion_time": 4908.202613588372, "mean_schedule_time": 1238.4265832050326, "mean_flight_time": 1195.2265832050325, "mean_swap_time": 43.2, "mean_idle_time": 0.0, "mean_delivery_time": 3096.0664580125817, "mean_schedule_distance": 8366.58608243523, "mean_schedule_energy": 0.8012866752039817, "mean_number_swaps": 0.72, "drone_utilization": 0.4, "execution_time": 11.084181070327759}