{"completion_time": 5929.530778859185, "mean_schedule_time": 4978.288086100369, "mean_flight_time": 4377.964870105061, "mean_swap_time": 136.66666666666666, "mean_idle_time": 463.6565493286407, "mean_delivery_time": 4682.459009264776, "mean_schedule_distance": 30645.754090735423, "mean_schedule_energy": 2.4164689704278626, "mean_number_swaps": 2.2777777777777777, "drone_utilization": 1.0, "execution_time": 2506.744371175766}