{"completion_time": 7279.110078340981, "mean_schedule_time": 4777.735839565806, "mean_flight_time": 4607.735839565806, "mean_swap_time": 170.0, "mean_idle_time": 0.0, "mean_delivery_time": 3368.074934104422, "mean_schedule_distance": 32254.150876960633, "mean_schedule_energy": 2.515420651408282, "mean_number_swaps": 2.8333333333333335, "drone_utilization": 1.0, "execution_time": 3.486525297164917}