{"completion_time": 16059.087328584528, "mean_schedule_time": 15637.583549776935, "mean_flight_time": 15013.583549776933, "mean_swap_time": 624.0, "mean_idle_time": 1.8189894035458565e-12, "mean_delivery_time": 7958.986611054833, "mean_schedule_distance": 105095.08484843848, "mean_schedule_energy": 8.359835089669067, "mean_number_swaps": 10.4, "drone_utilization": 1.0, "execution_time": 766.8624596595764}