{"completion_time": 25989.018299924977, "mean_schedule_time": 25724.739837810008, "mean_flight_time": 24573.32849248505, "mean_swap_time": 1050.0, "mean_idle_time": 101.41134532495926, "mean_delivery_time": 13470.602137930979, "mean_schedule_distance": 172013.29944739534, "mean_schedule_energy": 13.430681511283712, "mean_number_swaps": 17.5, "drone_utilization": 1.0, "total_number_parcel_handover": 4, "mean_number_parcel_handover": 0.2, "execution_time": 371.4946608543396}