{"completion_time": 8659.0630819176, "mean_delivery_time": 3350.225048849992, "total_distance": 740999.4261390216, "consumed_energy": 61.0013918790655, "execution_time": 30.25731635093689}