{"completion_time": 11926.372187767849, "mean_schedule_time": 11316.315793980008, "mean_flight_time": 10721.757222450511, "mean_swap_time": 480.0, "mean_idle_time": 114.55857152949648, "mean_delivery_time": 6856.280177317182, "mean_schedule_distance": 75052.30055715356, "mean_schedule_energy": 6.164439199820923, "mean_number_swaps": 8.0, "drone_utilization": 1.0, "execution_time": 2770.1840040683746}