{"completion_time": 4486.566732042604, "mean_schedule_time": 1361.285895435066, "mean_flight_time": 969.488844312485, "mean_swap_time": 24.0, "mean_idle_time": 367.79705112258114, "mean_delivery_time": 3174.415742222884, "mean_schedule_distance": 6786.421910187395, "mean_schedule_energy": 0.5743501434048813, "mean_number_swaps": 0.4, "drone_utilization": 0.45, "execution_time": 171.53337407112122}