{"completion_time": 4665.180726101917, "mean_schedule_time": 1732.7535162183501, "mean_flight_time": 1282.6151679617758, "mean_swap_time": 34.285714285714285, "mean_idle_time": 415.8526339708601, "mean_delivery_time": 3330.1729760627595, "mean_schedule_distance": 8978.306175732429, "mean_schedule_energy": 0.8002497790653261, "mean_number_swaps": 0.5714285714285714, "drone_utilization": 0.5714285714285714, "execution_time": 32.04079866409302}