{"completion_time": 4674.073841369784, "mean_schedule_time": 1336.6931169090342, "mean_flight_time": 1139.2689895652113, "mean_swap_time": 28.8, "mean_idle_time": 168.62412734382292, "mean_delivery_time": 3717.828635876759, "mean_schedule_distance": 7974.882926956478, "mean_schedule_energy": 0.6175022525966534, "mean_number_swaps": 0.48, "drone_utilization": 0.36, "execution_time": 202.009361743927}