{"completion_time": 8222.940905026655, "mean_schedule_time": 7470.101775525442, "mean_flight_time": 6293.469913247645, "mean_swap_time": 204.0, "mean_idle_time": 972.6318622777962, "mean_delivery_time": 6176.330304458938, "mean_schedule_distance": 44054.28939273352, "mean_schedule_energy": 3.383714053349801, "mean_number_swaps": 3.4, "drone_utilization": 1.0, "execution_time": 735.1310408115387}