{"completion_time": 4615.845784072465, "mean_schedule_time": 1356.0424796689556, "mean_flight_time": 1308.0424796689556, "mean_swap_time": 48.0, "mean_idle_time": 0.0, "mean_delivery_time": 3390.106199172389, "mean_schedule_distance": 9156.297357682688, "mean_schedule_energy": 0.8126137595156451, "mean_number_swaps": 0.8, "drone_utilization": 0.4, "execution_time": 0.9423086643218994}