{"completion_time": 4508.908225827743, "mean_schedule_time": 2379.833267324581, "mean_flight_time": 2188.3826469774845, "mean_swap_time": 60.0, "mean_idle_time": 131.45062034709645, "mean_delivery_time": 3296.5865268429106, "mean_schedule_distance": 15318.678528842396, "mean_schedule_energy": 1.2056425823716848, "mean_number_swaps": 1.0, "drone_utilization": 0.7333333333333333, "execution_time": 133.56930112838745}