{"completion_time": 19406.602485992422, "mean_schedule_time": 19139.606506382188, "mean_flight_time": 18311.60650638219, "mean_swap_time": 828.0, "mean_idle_time": -3.637978807091713e-12, "mean_delivery_time": 9628.144417348298, "mean_schedule_distance": 128181.24554467534, "mean_schedule_energy": 10.559824294754199, "mean_number_swaps": 13.8, "drone_utilization": 1.0, "execution_time": 244.35117602348328}