{"completion_time": 9034.879225616793, "mean_schedule_time": 7998.714276720088, "mean_flight_time": 7360.426419721514, "mean_swap_time": 288.0, "mean_idle_time": 350.28785699857326, "mean_delivery_time": 6044.923444593197, "mean_schedule_distance": 51522.984938050584, "mean_schedule_energy": 4.22069969872364, "mean_number_swaps": 4.8, "drone_utilization": 1.0, "execution_time": 3682.893201828003}