{"completion_time": 5770.926472517765, "mean_schedule_time": 4338.726323746661, "mean_flight_time": 3595.7979808841933, "mean_swap_time": 128.1818181818182, "mean_idle_time": 614.74652468065, "mean_delivery_time": 4107.295827525236, "mean_schedule_distance": 25170.585866189344, "mean_schedule_energy": 2.111415846423126, "mean_number_swaps": 2.1363636363636362, "drone_utilization": 1.0, "execution_time": 6042.458307027817}