{"completion_time": 15343.263371411007, "mean_schedule_time": 15196.347876504991, "mean_flight_time": 14354.96598950139, "mean_swap_time": 684.0, "mean_idle_time": 157.38188700360115, "mean_delivery_time": 7571.080700621349, "mean_schedule_distance": 100484.76192650975, "mean_schedule_energy": 8.763954430163682, "mean_number_swaps": 11.4, "drone_utilization": 1.0, "execution_time": 99.42004680633545}