{"completion_time": 2887.7055677057806, "mean_delivery_time": 2007.1946738565816, "total_distance": 263519.40815743705, "consumed_energy": 23.049434601512274, "execution_time": 233.68672370910645}