{"completion_time": 11939.15900676068, "mean_schedule_time": 7495.858483248106, "mean_flight_time": 7230.858483248099, "mean_swap_time": 265.0, "mean_idle_time": 6.366462912410498e-12, "mean_delivery_time": 5602.984985526487, "mean_schedule_distance": 50616.00938273675, "mean_schedule_energy": 3.9822109701120243, "mean_number_swaps": 4.416666666666667, "drone_utilization": 1.0, "total_number_parcel_handover": 0, "mean_number_parcel_handover": 0.0, "execution_time": 17.824811458587646}