{"completion_time": 6262.374303649753, "mean_schedule_time": 5690.284607187744, "mean_flight_time": 4790.835673656086, "mean_swap_time": 191.25, "mean_idle_time": 708.1989335316575, "mean_delivery_time": 4862.101695000141, "mean_schedule_distance": 33535.8497155926, "mean_schedule_energy": 2.924237001437544, "mean_number_swaps": 3.1875, "drone_utilization": 1.0, "execution_time": 2021.155532836914}