{"completion_time": 6671.909201735959, "mean_delivery_time": 3863.776109395145, "total_distance": 796231.456820196, "consumed_energy": 66.63738815355279, "execution_time": 4777.0919988155365}