{"completion_time": 12973.390739027018, "mean_schedule_time": 12297.357958862794, "mean_flight_time": 11008.4641689128, "mean_swap_time": 480.0, "mean_idle_time": 808.8937899499942, "mean_delivery_time": 7228.937685016538, "mean_schedule_distance": 77059.24918238955, "mean_schedule_energy": 6.476661978020688, "mean_number_swaps": 8.0, "drone_utilization": 1.0, "execution_time": 11001.414423704147}