{"completion_time": 5526.484199768351, "mean_delivery_time": 3388.010194465916, "total_distance": 339097.4611509276, "consumed_energy": 29.482727335532914, "execution_time": 670.8707356452942}