{"completion_time": 4357.6457307103665, "mean_schedule_time": 1768.8469103462091, "mean_flight_time": 1473.1513264142432, "mean_swap_time": 31.2, "mean_idle_time": 264.49558393196594, "mean_delivery_time": 2603.734224441086, "mean_schedule_distance": 10312.059284899698, "mean_schedule_energy": 0.8619060803950082, "mean_number_swaps": 0.52, "drone_utilization": 0.68, "execution_time": 713.8033406734467}