{"completion_time": 7527.567910396114, "mean_schedule_time": 4279.445510100593, "mean_flight_time": 3479.191699006306, "mean_swap_time": 124.8, "mean_idle_time": 675.4538110942872, "mean_delivery_time": 4945.245185396131, "mean_schedule_distance": 24354.341893044133, "mean_schedule_energy": 2.069009696742171, "mean_number_swaps": 2.08, "drone_utilization": 0.84, "execution_time": 10082.828312158585}