{"completion_time": 2887.7055677057806, "mean_delivery_time": 1904.7148578424346, "total_distance": 351060.7016804001, "consumed_energy": 30.158210750982967, "execution_time": 152.5625123977661}