{"completion_time": 8541.112739499422, "mean_schedule_time": 7903.641442694937, "mean_flight_time": 7493.735204565647, "mean_swap_time": 296.0, "mean_idle_time": 113.9062381292897, "mean_delivery_time": 5582.412006891564, "mean_schedule_distance": 52456.1464319595, "mean_schedule_energy": 4.135920606959529, "mean_number_swaps": 4.933333333333334, "drone_utilization": 1.0, "execution_time": 1479.052652835846}