{"completion_time": 4053.222881029871, "mean_delivery_time": 2924.630608765619, "total_distance": 688777.9262336895, "consumed_energy": 56.58764402746294, "execution_time": 1513.4284110069275}