{"completion_time": 22520.093831163966, "mean_delivery_time": 9712.418675515632, "total_distance": 572504.1785245879, "consumed_energy": 47.06061940153607, "execution_time": 118.0287024974823}