{"completion_time": 5907.519665210855, "mean_delivery_time": 2470.828727673591, "total_distance": 648760.8734570948, "consumed_energy": 56.05750847593699, "execution_time": 36.347880840301514}