{"completion_time": 8048.471800410488, "mean_schedule_time": 3627.58726177401, "mean_flight_time": 3225.761253127556, "mean_swap_time": 114.54545454545455, "mean_idle_time": 287.2805541009998, "mean_delivery_time": 3569.4434267911647, "mean_schedule_distance": 22580.32877189289, "mean_schedule_energy": 1.959562302472326, "mean_number_swaps": 1.9090909090909092, "drone_utilization": 0.8636363636363636, "execution_time": 437.07141280174255}