{"completion_time": 1038.8724132458349, "execution_time": 0.03496432304382324}