{"completion_time": 7679.513833161006, "mean_schedule_time": 5258.497699160705, "mean_flight_time": 3777.6860073006637, "mean_swap_time": 137.14285714285714, "mean_idle_time": 1343.6688347171844, "mean_delivery_time": 4673.207808133597, "mean_schedule_distance": 26443.802051104634, "mean_schedule_energy": 2.204683587846365, "mean_number_swaps": 2.2857142857142856, "drone_utilization": 1.0, "total_number_parcel_handover": 11, "mean_number_parcel_handover": 0.7333333333333333, "execution_time": 1214.0673837661743}