{"completion_time": 6815.321579041133, "mean_schedule_time": 3490.6342851796353, "mean_flight_time": 3382.634285179636, "mean_swap_time": 108.0, "mean_idle_time": -9.094947017729282e-13, "mean_delivery_time": 2878.494240848123, "mean_schedule_distance": 23678.439996257457, "mean_schedule_energy": 2.04136507240946, "mean_number_swaps": 1.8, "drone_utilization": 1.0, "total_number_parcel_handover": 0, "mean_number_parcel_handover": 0.0, "execution_time": 11.780182361602783}