{"completion_time": 16808.644325694513, "mean_schedule_time": 16320.549246661898, "mean_flight_time": 15612.549246661893, "mean_swap_time": 708.0, "mean_idle_time": 5.4569682106375694e-12, "mean_delivery_time": 8291.581528212935, "mean_schedule_distance": 109287.84472663325, "mean_schedule_energy": 9.236309330109517, "mean_number_swaps": 11.8, "drone_utilization": 1.0, "execution_time": 1962.349655866623}