{"completion_time": 7363.689561778653, "mean_schedule_time": 5780.993582179333, "mean_flight_time": 5386.371983198128, "mean_swap_time": 236.0, "mean_idle_time": 158.62159898120535, "mean_delivery_time": 4353.965056912381, "mean_schedule_distance": 37704.60388238688, "mean_schedule_energy": 3.3775435795675457, "mean_number_swaps": 3.933333333333333, "drone_utilization": 1.0, "execution_time": 932.2605748176575}