{"completion_time": 6732.864280566006, "mean_schedule_time": 4829.076689653183, "mean_flight_time": 4536.256057175078, "mean_swap_time": 150.0, "mean_idle_time": 142.82063247810493, "mean_delivery_time": 5250.725969135254, "mean_schedule_distance": 31753.792400225557, "mean_schedule_energy": 2.6232181271031614, "mean_number_swaps": 2.5, "drone_utilization": 1.0, "execution_time": 7.809864282608032}