{"completion_time": 6707.525517323361, "mean_schedule_time": 4195.165747295557, "mean_flight_time": 3417.3244035644493, "mean_swap_time": 112.5, "mean_idle_time": 665.3413437311074, "mean_delivery_time": 4102.306344317263, "mean_schedule_distance": 23921.27082495115, "mean_schedule_energy": 2.0176630866365, "mean_number_swaps": 1.875, "drone_utilization": 0.9583333333333334, "total_number_parcel_handover": 7, "mean_number_parcel_handover": 0.35, "execution_time": 5049.085072755814}