{"completion_time": 5546.321050841149, "mean_schedule_time": 742.7596727738738, "mean_flight_time": 712.7596727738738, "mean_swap_time": 30.0, "mean_idle_time": 0.0, "mean_delivery_time": 3268.142560205045, "mean_schedule_distance": 4989.317709417118, "mean_schedule_energy": 0.4425025996040246, "mean_number_swaps": 0.5, "drone_utilization": 0.22727272727272727, "execution_time": 3.0858755111694336}