{"completion_time": 3114.492026303389, "execution_time": 352.14239597320557}