{"completion_time": 5950.282714826105, "mean_schedule_time": 3497.0320273278926, "mean_flight_time": 3113.0052210201975, "mean_swap_time": 97.5, "mean_idle_time": 286.5268063076951, "mean_delivery_time": 3553.6455211551315, "mean_schedule_distance": 21791.03654714138, "mean_schedule_energy": 1.709904390155944, "mean_number_swaps": 1.625, "drone_utilization": 0.875, "execution_time": 218.46038269996643}