{"completion_time": 5902.09131202545, "mean_schedule_time": 2884.918336917916, "mean_flight_time": 2215.8646541426942, "mean_swap_time": 76.0, "mean_idle_time": 593.0536827752217, "mean_delivery_time": 4324.933000237206, "mean_schedule_distance": 15511.052578998855, "mean_schedule_energy": 1.3833424568580726, "mean_number_swaps": 1.2666666666666666, "drone_utilization": 0.6666666666666666, "execution_time": 189.09094047546387}