{"completion_time": 9065.64420662852, "mean_schedule_time": 4496.427150457496, "mean_flight_time": 3393.2667921064776, "mean_swap_time": 127.2, "mean_idle_time": 975.9603583510188, "mean_delivery_time": 5482.433230052004, "mean_schedule_distance": 23752.867544745357, "mean_schedule_energy": 2.0786231657235605, "mean_number_swaps": 2.12, "drone_utilization": 0.8, "execution_time": 1342.7568504810333}