{"completion_time": 11644.62155392309, "mean_schedule_time": 11348.164294395294, "mean_flight_time": 10863.549806782357, "mean_swap_time": 462.0, "mean_idle_time": 22.6144876129365, "mean_delivery_time": 7157.348075375448, "mean_schedule_distance": 76044.8486474765, "mean_schedule_energy": 6.1002229690525756, "mean_number_swaps": 7.7, "drone_utilization": 1.0, "execution_time": 2262.6523563861847}