{"completion_time": 19285.7838331206, "mean_delivery_time": 8326.406447706873, "total_distance": 490297.72572428046, "consumed_energy": 40.760000358212864, "execution_time": 3.616312265396118}