{"completion_time": 22906.14342831417, "mean_schedule_time": 15954.035638522608, "mean_flight_time": 15258.035638522604, "mean_swap_time": 696.0, "mean_idle_time": 3.637978807091713e-12, "mean_delivery_time": 8246.786833289863, "mean_schedule_distance": 106806.24946965827, "mean_schedule_energy": 9.215626570943297, "mean_number_swaps": 11.6, "drone_utilization": 1.0, "execution_time": 9.779869079589844}