{"completion_time": 11507.929248466584, "mean_schedule_time": 5256.6765154970735, "mean_flight_time": 5051.6765154970735, "mean_swap_time": 205.0, "mean_idle_time": 0.0, "mean_delivery_time": 4821.350607784986, "mean_schedule_distance": 35361.73560847951, "mean_schedule_energy": 2.9397862421379006, "mean_number_swaps": 3.4166666666666665, "drone_utilization": 0.8333333333333334, "total_number_parcel_handover": 0, "mean_number_parcel_handover": 0.0, "execution_time": 10.378794431686401}