{"completion_time": 4569.803014989252, "mean_schedule_time": 726.6151793989303, "mean_flight_time": 517.4462370118332, "mean_swap_time": 14.0, "mean_idle_time": 195.1689423870971, "mean_delivery_time": 2710.6237571204756, "mean_schedule_distance": 3622.1236590828325, "mean_schedule_energy": 0.35384876051876074, "mean_number_swaps": 0.23333333333333334, "drone_utilization": 0.26666666666666666, "execution_time": 47.41117882728577}