{"completion_time": 12705.891018726525, "mean_schedule_time": 12111.737828198755, "mean_flight_time": 11332.282375204484, "mean_swap_time": 492.0, "mean_idle_time": 287.4554529942707, "mean_delivery_time": 7334.251400567208, "mean_schedule_distance": 79325.97662643138, "mean_schedule_energy": 6.492392595582993, "mean_number_swaps": 8.2, "drone_utilization": 1.0, "execution_time": 1921.661340713501}