{"completion_time": 20491.758195974708, "mean_schedule_time": 20436.293149492245, "mean_flight_time": 19536.29314949225, "mean_swap_time": 900.0, "mean_idle_time": -3.637978807091713e-12, "mean_delivery_time": 10514.89863406377, "mean_schedule_distance": 136754.05204644575, "mean_schedule_energy": 10.758535062681645, "mean_number_swaps": 15.0, "drone_utilization": 1.0, "execution_time": 40.65943479537964}