{"completion_time": 12127.908091201683, "mean_schedule_time": 11629.389542502751, "mean_flight_time": 10992.21486831338, "mean_swap_time": 480.0, "mean_idle_time": 157.17467418937122, "mean_delivery_time": 7102.08238294993, "mean_schedule_distance": 76945.50407819367, "mean_schedule_energy": 6.304911579804272, "mean_number_swaps": 8.0, "drone_utilization": 1.0, "total_number_parcel_handover": 3, "mean_number_parcel_handover": 0.3, "execution_time": 125.33650279045105}