{"completion_time": 4486.566732042604, "mean_schedule_time": 971.9526785947146, "mean_flight_time": 760.6663883623529, "mean_swap_time": 17.5, "mean_idle_time": 193.7862902323617, "mean_delivery_time": 3029.528166181827, "mean_schedule_distance": 5324.66471853647, "mean_schedule_energy": 0.45557055075948205, "mean_number_swaps": 0.2916666666666667, "drone_utilization": 0.3333333333333333, "execution_time": 150.62428855895996}