{"completion_time": 3810.8475729883976, "mean_delivery_time": 2362.065955377607, "total_distance": 707654.4142403736, "consumed_energy": 57.579496968674256, "execution_time": 754.2598662376404}