{"completion_time": 19491.60022275113, "mean_delivery_time": 8552.658762803747, "total_distance": 498963.9909119138, "consumed_energy": 41.04491992208212, "execution_time": 132.50906705856323}