{"completion_time": 37380.741734411415, "mean_schedule_time": 37290.28506513672, "mean_flight_time": 35640.28506513671, "mean_swap_time": 1650.0, "mean_idle_time": 7.275957614183426e-12, "mean_delivery_time": 16353.628273412436, "mean_schedule_distance": 249481.99545595702, "mean_schedule_energy": 20.52245996104106, "mean_number_swaps": 27.5, "drone_utilization": 1.0, "total_number_parcel_handover": 1, "mean_number_parcel_handover": 0.05, "execution_time": 122.53439521789551}