{"completion_time": 3016.8485342559097, "mean_schedule_time": 776.6324444158913, "mean_flight_time": 709.4618470618938, "mean_swap_time": 16.666666666666668, "mean_idle_time": 50.50393068733092, "mean_delivery_time": 2397.284871234422, "mean_schedule_distance": 4966.232929433256, "mean_schedule_energy": 0.3832630383060481, "mean_number_swaps": 0.2777777777777778, "drone_utilization": 0.3333333333333333, "execution_time": 9.091237783432007}