{"completion_time": 7486.602855832665, "mean_schedule_time": 4435.938012974831, "mean_flight_time": 4128.764571046388, "mean_swap_time": 147.0, "mean_idle_time": 160.17344192844303, "mean_delivery_time": 3862.6812898177645, "mean_schedule_distance": 28901.351997324702, "mean_schedule_energy": 2.4058906271082923, "mean_number_swaps": 2.45, "drone_utilization": 1.0, "execution_time": 121.69920992851257}