{"completion_time": 3803.3014279163326, "mean_delivery_time": 1991.3406449088823, "total_distance": 578027.039946494, "consumed_energy": 48.117812542165844, "execution_time": 86.09100842475891}