{"completion_time": 1413.8043050745755, "execution_time": 0.05573606491088867}