{"completion_time": 2699.4499798166034, "mean_delivery_time": 1890.635401099133, "total_distance": 463260.76476942364, "consumed_energy": 39.41050167657125, "execution_time": 364.1496424674988}