{"completion_time": 2061.1044196017733, "mean_delivery_time": 1336.3992556141245, "total_distance": 178695.89578597742, "consumed_energy": 14.312805382602493, "execution_time": 7.903069734573364}