{"completion_time": 4002.2088392035466, "mean_schedule_time": 1187.6356869219314, "mean_flight_time": 1160.362959649204, "mean_swap_time": 27.272727272727273, "mean_idle_time": 2.2737367544323206e-13, "mean_delivery_time": 2612.798511228249, "mean_schedule_distance": 8122.540717544428, "mean_schedule_energy": 0.6505820628455679, "mean_number_swaps": 0.45454545454545453, "drone_utilization": 0.45454545454545453, "total_number_parcel_handover": 0, "mean_number_parcel_handover": 0.0, "execution_time": 8.31817078590393}