{"completion_time": 7527.567910396114, "mean_schedule_time": 4358.387611706816, "mean_flight_time": 3746.25658686674, "mean_swap_time": 144.0, "mean_idle_time": 468.13102484007595, "mean_delivery_time": 4138.889540440129, "mean_schedule_distance": 26223.796108067174, "mean_schedule_energy": 2.2279209746281383, "mean_number_swaps": 2.4, "drone_utilization": 1.0, "execution_time": 144.53351426124573}