{"completion_time": 7754.177700629624, "mean_schedule_time": 3073.278471626123, "mean_flight_time": 2968.278471626124, "mean_swap_time": 105.0, "mean_idle_time": -9.094947017729282e-13, "mean_delivery_time": 3554.5834043661025, "mean_schedule_distance": 20777.949301382858, "mean_schedule_energy": 1.78245635841573, "mean_number_swaps": 1.75, "drone_utilization": 0.85, "execution_time": 29.817818880081177}