{"completion_time": 7314.676209819836, "mean_schedule_time": 2803.7928072613795, "mean_flight_time": 2704.562038030611, "mean_swap_time": 99.23076923076923, "mean_idle_time": -4.547473508864641e-13, "mean_delivery_time": 3213.09104687993, "mean_schedule_distance": 18931.934266214274, "mean_schedule_energy": 1.738225585123117, "mean_number_swaps": 1.6538461538461537, "drone_utilization": 0.8461538461538461, "total_number_parcel_handover": 0, "mean_number_parcel_handover": 0.0, "execution_time": 71.21273970603943}