{"completion_time": 4728.8791378684255, "mean_schedule_time": 2519.944952005114, "mean_flight_time": 2264.656609400636, "mean_swap_time": 72.85714285714286, "mean_idle_time": 182.43119974733509, "mean_delivery_time": 3165.774492192053, "mean_schedule_distance": 15852.596265804454, "mean_schedule_energy": 1.248833392037588, "mean_number_swaps": 1.2142857142857142, "drone_utilization": 0.7857142857142857, "execution_time": 38.14325189590454}