{"completion_time": 9160.838983217045, "mean_schedule_time": 8622.214867925497, "mean_flight_time": 8277.214867925497, "mean_swap_time": 345.0, "mean_idle_time": 0.0, "mean_delivery_time": 5322.590878570505, "mean_schedule_distance": 57940.504075478486, "mean_schedule_energy": 4.788692664864997, "mean_number_swaps": 5.75, "drone_utilization": 1.0, "total_number_parcel_handover": 1, "mean_number_parcel_handover": 0.1, "execution_time": 21.65846061706543}