{"completion_time": 8785.58470688151, "mean_schedule_time": 2845.592562626491, "mean_flight_time": 2749.163991197919, "mean_swap_time": 96.42857142857143, "mean_idle_time": 4.547473508864641e-13, "mean_delivery_time": 3248.783548237989, "mean_schedule_distance": 19244.147938385442, "mean_schedule_energy": 1.6938389112187864, "mean_number_swaps": 1.6071428571428572, "drone_utilization": 0.8571428571428571, "execution_time": 47.37604260444641}