{"completion_time": 5338.899959633207, "mean_schedule_time": 2728.363516318635, "mean_flight_time": 2151.064936191981, "mean_swap_time": 70.0, "mean_idle_time": 507.2985801266541, "mean_delivery_time": 3322.0308750563286, "mean_schedule_distance": 15057.454553343863, "mean_schedule_energy": 1.3077445958408929, "mean_number_swaps": 1.1666666666666667, "drone_utilization": 0.7916666666666666, "execution_time": 1705.7203574180603}