{"completion_time": 9236.317301364523, "mean_schedule_time": 6862.280851161847, "mean_flight_time": 6238.2841952163435, "mean_swap_time": 264.0, "mean_idle_time": 359.99665594550333, "mean_delivery_time": 5033.079665979972, "mean_schedule_distance": 43667.98936651438, "mean_schedule_energy": 3.7825209940697624, "mean_number_swaps": 4.4, "drone_utilization": 1.0, "execution_time": 518.5640451908112}