{"completion_time": 4678.158650682261, "mean_delivery_time": 2836.123239422579, "total_distance": 668413.9672315208, "consumed_energy": 57.82093325763988, "execution_time": 554.1842887401581}