{"completion_time": 8972.951734148905, "mean_schedule_time": 3783.63893788484, "mean_flight_time": 2807.8161198415987, "mean_swap_time": 94.61538461538461, "mean_idle_time": 881.2074334278564, "mean_delivery_time": 5012.41828275508, "mean_schedule_distance": 19654.71283889118, "mean_schedule_energy": 1.6635223427553938, "mean_number_swaps": 1.5769230769230769, "drone_utilization": 0.7307692307692307, "execution_time": 3433.098926782608}