{"completion_time": 21140.12791320597, "mean_schedule_time": 17850.26426097459, "mean_flight_time": 17094.26426097459, "mean_swap_time": 756.0, "mean_idle_time": 0.0, "mean_delivery_time": 9590.724637516607, "mean_schedule_distance": 119659.84982682214, "mean_schedule_energy": 10.054014450904267, "mean_number_swaps": 12.6, "drone_utilization": 1.0, "execution_time": 14.947006464004517}