{"completion_time": 14731.148191269964, "mean_schedule_time": 12617.042404848302, "mean_flight_time": 12047.042404848295, "mean_swap_time": 570.0, "mean_idle_time": 7.275957614183426e-12, "mean_delivery_time": 6534.899757851315, "mean_schedule_distance": 84329.29683393809, "mean_schedule_energy": 7.034530146486337, "mean_number_swaps": 9.5, "drone_utilization": 1.0, "total_number_parcel_handover": 0, "mean_number_parcel_handover": 0.0, "execution_time": 17.574934482574463}