{"completion_time": 9485.644206628518, "mean_schedule_time": 3394.6515837209404, "mean_flight_time": 3274.651583720939, "mean_swap_time": 120.0, "mean_idle_time": 1.3642420526593924e-12, "mean_delivery_time": 4293.3978130536325, "mean_schedule_distance": 22922.561086046582, "mean_schedule_energy": 2.016507580087076, "mean_number_swaps": 2.0, "drone_utilization": 0.76, "execution_time": 27.5276300907135}