{"completion_time": 14501.414738525598, "mean_schedule_time": 9785.048957364199, "mean_flight_time": 9383.048957364195, "mean_swap_time": 402.0, "mean_idle_time": 3.637978807091713e-12, "mean_delivery_time": 5987.804415816018, "mean_schedule_distance": 65681.34270154935, "mean_schedule_energy": 5.319848813687181, "mean_number_swaps": 6.7, "drone_utilization": 1.0, "execution_time": 22.40780782699585}