{"completion_time": 2836.477029221378, "mean_delivery_time": 1814.6580211649743, "total_distance": 486549.94442982576, "consumed_energy": 40.08113879836506, "execution_time": 1621.5636856555939}