{"completion_time": 1124.7476138421541, "execution_time": 0.0007085800170898438}