{"completion_time": 6215.053119223215, "mean_schedule_time": 1210.5278067235372, "mean_flight_time": 943.7905003703902, "mean_swap_time": 27.857142857142858, "mean_idle_time": 238.88016349600412, "mean_delivery_time": 4461.845652279089, "mean_schedule_distance": 6606.533502592733, "mean_schedule_energy": 0.5578426461254686, "mean_number_swaps": 0.4642857142857143, "drone_utilization": 0.2857142857142857, "total_number_parcel_handover": 3, "mean_number_parcel_handover": 0.6, "execution_time": 26.338395595550537}