{"completion_time": 9348.262764986728, "mean_schedule_time": 2333.7682531895207, "mean_flight_time": 2249.7682531895202, "mean_swap_time": 84.0, "mean_idle_time": 4.547473508864641e-13, "mean_delivery_time": 3889.613755315868, "mean_schedule_distance": 15748.377772326643, "mean_schedule_energy": 1.4221905834235935, "mean_number_swaps": 1.4, "drone_utilization": 0.6, "execution_time": 13.473405122756958}