{"completion_time": 11445.204489706595, "mean_schedule_time": 7362.440000048952, "mean_flight_time": 6142.410606760472, "mean_swap_time": 210.0, "mean_idle_time": 1010.0293932884806, "mean_delivery_time": 7123.949766554171, "mean_schedule_distance": 42996.874247323285, "mean_schedule_energy": 3.300494689360028, "mean_number_swaps": 3.5, "drone_utilization": 1.0, "execution_time": 13.914852619171143}