{"completion_time": 3135.920655965822, "mean_delivery_time": 2418.979242630649, "total_distance": 602901.141323999, "consumed_energy": 50.431115684448606, "execution_time": 2274.2732560634613}