{"completion_time": 6211.841311931644, "mean_schedule_time": 4991.3899329076, "mean_flight_time": 4306.436723742851, "mean_swap_time": 159.0, "mean_idle_time": 525.9532091647488, "mean_delivery_time": 4582.015405868197, "mean_schedule_distance": 30145.05706619995, "mean_schedule_energy": 2.5215557842224294, "mean_number_swaps": 2.65, "drone_utilization": 1.0, "execution_time": 2609.1394302845}