{"completion_time": 2967.066927078601, "mean_delivery_time": 1666.8467306021907, "total_distance": 438157.0845686133, "consumed_energy": 36.248239546781456, "execution_time": 38.40680718421936}