{"completion_time": 4034.440923453489, "mean_delivery_time": 1905.279690744402, "total_distance": 346738.0604323001, "consumed_energy": 31.155213381452903, "execution_time": 13.431321859359741}