{"completion_time": 7487.673709948757, "mean_delivery_time": 2600.1172596854526, "total_distance": 502078.0741670777, "consumed_energy": 44.12018356403668, "execution_time": 18.90428352355957}