{"completion_time": 14315.347419897515, "mean_schedule_time": 7496.543916672538, "mean_flight_time": 7172.543916672539, "mean_swap_time": 324.0, "mean_idle_time": -9.094947017729282e-13, "mean_delivery_time": 5003.870883007269, "mean_schedule_distance": 50207.80741670777, "mean_schedule_energy": 4.412018356403668, "mean_number_swaps": 5.4, "drone_utilization": 1.0, "execution_time": 21.991379976272583}