{"completion_time": 3989.27570696154, "mean_schedule_time": 760.2839075882716, "mean_flight_time": 596.340111486417, "mean_swap_time": 9.6, "mean_idle_time": 154.34379610185465, "mean_delivery_time": 2205.7070780630306, "mean_schedule_distance": 4174.380780404919, "mean_schedule_energy": 0.35174413714229374, "mean_number_swaps": 0.16, "drone_utilization": 0.36, "execution_time": 40.26948380470276}