{"completion_time": 4385.970175302137, "mean_schedule_time": 2304.1378037884456, "mean_flight_time": 2029.951450983949, "mean_swap_time": 62.4, "mean_idle_time": 211.7863528044968, "mean_delivery_time": 3006.710306676857, "mean_schedule_distance": 14209.660156887641, "mean_schedule_energy": 1.197143392504753, "mean_number_swaps": 1.04, "drone_utilization": 0.76, "execution_time": 84.11118960380554}