{"completion_time": 9743.087779807824, "mean_schedule_time": 9404.669739902714, "mean_flight_time": 7686.551870718388, "mean_swap_time": 320.0, "mean_idle_time": 1398.117869184326, "mean_delivery_time": 6833.4544950764375, "mean_schedule_distance": 53805.86309502873, "mean_schedule_energy": 4.230439142039169, "mean_number_swaps": 5.333333333333333, "drone_utilization": 1.0, "execution_time": 78.5119276046753}