{"completion_time": 7852.801140273012, "mean_schedule_time": 6528.639916463785, "mean_flight_time": 5122.366228470182, "mean_swap_time": 188.1818181818182, "mean_idle_time": 1218.0918698117848, "mean_delivery_time": 5823.245236420205, "mean_schedule_distance": 35856.56359929125, "mean_schedule_energy": 2.9696867512821536, "mean_number_swaps": 3.1363636363636362, "drone_utilization": 1.0, "execution_time": 10634.173352718353}