{"completion_time": 891.1325450950718, "execution_time": 0.0061571598052978516}