{"completion_time": 4137.480422342107, "execution_time": 262.33536195755005}