{"completion_time": 26419.82176693265, "mean_schedule_time": 26364.53902458411, "mean_flight_time": 25314.53902458412, "mean_swap_time": 1050.0, "mean_idle_time": -7.275957614183426e-12, "mean_delivery_time": 14333.155039865911, "mean_schedule_distance": 177201.77317208875, "mean_schedule_energy": 13.648607080196625, "mean_number_swaps": 17.5, "drone_utilization": 1.0, "execution_time": 64.60414290428162}