{"completion_time": 3889.6143875998546, "mean_delivery_time": 1807.8364266087622, "total_distance": 613906.7288423667, "consumed_energy": 50.21769792002195, "execution_time": 103.90167021751404}