{"completion_time": 26002.233315702553, "mean_schedule_time": 22263.86110748387, "mean_flight_time": 21303.861107483877, "mean_swap_time": 960.0, "mean_idle_time": -7.275957614183426e-12, "mean_delivery_time": 10342.2213106678, "mean_schedule_distance": 149127.02775238708, "mean_schedule_energy": 11.539827305512244, "mean_number_swaps": 16.0, "drone_utilization": 1.0, "total_number_parcel_handover": 0, "mean_number_parcel_handover": 0.0, "execution_time": 2.3867859840393066}