{"completion_time": 31699.489015062314, "mean_schedule_time": 31675.403360622877, "mean_flight_time": 30235.40336062288, "mean_swap_time": 1440.0, "mean_idle_time": -3.637978807091713e-12, "mean_delivery_time": 13692.132868830695, "mean_schedule_distance": 211647.82352436014, "mean_schedule_energy": 18.167035434137738, "mean_number_swaps": 24.0, "drone_utilization": 1.0, "total_number_parcel_handover": 0, "mean_number_parcel_handover": 0.0, "execution_time": 442.869966506958}