{"completion_time": 21433.212607646492, "mean_schedule_time": 16075.779314268404, "mean_flight_time": 15367.779314268404, "mean_swap_time": 708.0, "mean_idle_time": 0.0, "mean_delivery_time": 8616.856704375716, "mean_schedule_distance": 107574.45519987885, "mean_schedule_energy": 8.84762416127288, "mean_number_swaps": 11.8, "drone_utilization": 1.0, "execution_time": 7.560863494873047}