{"completion_time": 3662.979424004502, "mean_schedule_time": 641.0012863094303, "mean_flight_time": 518.0404276754199, "mean_swap_time": 9.6, "mean_idle_time": 113.36085863401036, "mean_delivery_time": 2636.5787121654967, "mean_schedule_distance": 3626.282993727939, "mean_schedule_energy": 0.290292090900793, "mean_number_swaps": 0.16, "drone_utilization": 0.28, "execution_time": 16.22997498512268}