{"completion_time": 5325.584428208684, "mean_schedule_time": 845.8781836590771, "mean_flight_time": 817.8781836590771, "mean_swap_time": 28.0, "mean_idle_time": 0.0, "mean_delivery_time": 3172.043188721539, "mean_schedule_distance": 5725.14728561354, "mean_schedule_energy": 0.4773322120816008, "mean_number_swaps": 0.4666666666666667, "drone_utilization": 0.26666666666666666, "execution_time": 1.494600772857666}