{"completion_time": 7677.048977257588, "mean_schedule_time": 3633.036249840877, "mean_flight_time": 3507.0362498408767, "mean_swap_time": 126.0, "mean_idle_time": 4.547473508864641e-13, "mean_delivery_time": 3714.199187838967, "mean_schedule_distance": 24549.253748886138, "mean_schedule_energy": 2.084124587682565, "mean_number_swaps": 2.1, "drone_utilization": 0.9, "total_number_parcel_handover": 0, "mean_number_parcel_handover": 0.0, "execution_time": 5.084665775299072}