{"completion_time": 6920.395117532032, "mean_schedule_time": 4048.6192589876455, "mean_flight_time": 3418.602131183762, "mean_swap_time": 120.0, "mean_idle_time": 510.01712780388334, "mean_delivery_time": 5060.774073734557, "mean_schedule_distance": 23930.214918286332, "mean_schedule_energy": 1.9902227881047456, "mean_number_swaps": 2.0, "drone_utilization": 0.8, "execution_time": 25.2973849773407}