{"completion_time": 18214.635509728487, "mean_schedule_time": 17846.839367582805, "mean_flight_time": 16933.957742732582, "mean_swap_time": 780.0, "mean_idle_time": 132.88162485022258, "mean_delivery_time": 8974.663650332954, "mean_schedule_distance": 118537.70419912807, "mean_schedule_energy": 9.712871892796802, "mean_number_swaps": 13.0, "drone_utilization": 1.0, "total_number_parcel_handover": 4, "mean_number_parcel_handover": 0.2, "execution_time": 544.181617975235}