{"completion_time": 5404.5101188800845, "mean_delivery_time": 1911.450383440768, "total_distance": 508030.8363804476, "consumed_energy": 46.87108460962207, "execution_time": 35.747638463974}