{"completion_time": 10329.020237760169, "mean_schedule_time": 3772.7916884317697, "mean_flight_time": 3628.7916884317688, "mean_swap_time": 144.0, "mean_idle_time": 9.094947017729282e-13, "mean_delivery_time": 3689.264403245173, "mean_schedule_distance": 25401.54181902238, "mean_schedule_energy": 2.3435542304811037, "mean_number_swaps": 2.4, "drone_utilization": 0.95, "execution_time": 43.6403443813324}