{"completion_time": 12307.14220169428, "mean_schedule_time": 12006.841645236247, "mean_flight_time": 11400.743499423816, "mean_swap_time": 468.0, "mean_idle_time": 138.09814581243154, "mean_delivery_time": 7395.628895562212, "mean_schedule_distance": 79805.2044959667, "mean_schedule_energy": 6.153894794999966, "mean_number_swaps": 7.8, "drone_utilization": 1.0, "execution_time": 854.5075528621674}