{"completion_time": 3465.164872624038, "mean_delivery_time": 2415.767314432164, "total_distance": 719399.7987658589, "consumed_energy": 59.44244167679257, "execution_time": 3272.7390398979187}