{"completion_time": 6672.172834183185, "mean_schedule_time": 5664.823005111096, "mean_flight_time": 5272.8224341553605, "mean_swap_time": 198.0, "mean_idle_time": 194.00057095573538, "mean_delivery_time": 4794.99713179807, "mean_schedule_distance": 36909.757039087504, "mean_schedule_energy": 3.0330720112689176, "mean_number_swaps": 3.3, "drone_utilization": 1.0, "execution_time": 5721.971705675125}