{"completion_time": 3240.268056112104, "mean_delivery_time": 1942.7991955002756, "total_distance": 147822.15572039434, "consumed_energy": 11.330791781800984, "execution_time": 6.920085430145264}