{"completion_time": 6360.536112224208, "mean_schedule_time": 4628.288351383012, "mean_flight_time": 3519.5751361998646, "mean_swap_time": 90.0, "mean_idle_time": 1018.7132151831474, "mean_delivery_time": 3801.598391000551, "mean_schedule_distance": 24637.025953399057, "mean_schedule_energy": 1.8884652969668307, "mean_number_swaps": 1.5, "drone_utilization": 1.0, "execution_time": 6.670053720474243}