{"completion_time": 3826.49536828512, "mean_delivery_time": 2410.8374089401505, "total_distance": 161976.09846393144, "consumed_energy": 13.229553885330708, "execution_time": 24.34280252456665}