{"completion_time": 7497.806039010342, "mean_schedule_time": 3973.9707835160875, "mean_flight_time": 2892.4303297130614, "mean_swap_time": 97.5, "mean_idle_time": 984.0404538030261, "mean_delivery_time": 5093.883236960124, "mean_schedule_distance": 20247.01230799143, "mean_schedule_energy": 1.6536942356663382, "mean_number_swaps": 1.625, "drone_utilization": 0.75, "execution_time": 29.35428786277771}