{"completion_time": 3434.287040577561, "mean_delivery_time": 2979.388155605421, "total_distance": 171667.53881024857, "consumed_energy": 13.566296919199935, "execution_time": 10.233784914016724}