{"completion_time": 11279.507774270502, "mean_schedule_time": 10921.021668745336, "mean_flight_time": 10358.80007544344, "mean_swap_time": 444.0, "mean_idle_time": 118.22159330189606, "mean_delivery_time": 6554.875250723109, "mean_schedule_distance": 72511.60052810406, "mean_schedule_energy": 6.054084586131598, "mean_number_swaps": 7.4, "drone_utilization": 1.0, "execution_time": 4155.691680192947}