{"completion_time": 15822.80991140586, "mean_schedule_time": 8711.381229157121, "mean_flight_time": 8371.381229157125, "mean_swap_time": 340.0, "mean_idle_time": -3.637978807091713e-12, "mean_delivery_time": 5737.130769176356, "mean_schedule_distance": 58599.66860409981, "mean_schedule_energy": 4.819304560711633, "mean_number_swaps": 5.666666666666667, "drone_utilization": 1.0, "execution_time": 32.86755585670471}