{"completion_time": 5786.6833923112945, "mean_schedule_time": 5347.948292354697, "mean_flight_time": 4795.472211921755, "mean_swap_time": 158.57142857142858, "mean_idle_time": 393.90465186151323, "mean_delivery_time": 4949.253345054202, "mean_schedule_distance": 33568.30548345226, "mean_schedule_energy": 2.617863131048742, "mean_number_swaps": 2.642857142857143, "drone_utilization": 1.0, "execution_time": 5605.611459732056}