{"completion_time": 10355.384112137368, "mean_schedule_time": 2256.534878241477, "mean_flight_time": 2169.8682115748106, "mean_swap_time": 86.66666666666667, "mean_idle_time": 0.0, "mean_delivery_time": 4061.7627808346588, "mean_schedule_distance": 15189.077481023676, "mean_schedule_energy": 1.4622682687151487, "mean_number_swaps": 1.4444444444444444, "drone_utilization": 0.5555555555555556, "execution_time": 9.65127444267273}