{"completion_time": 11762.97818180174, "mean_schedule_time": 11218.936012890741, "mean_flight_time": 10269.58918154314, "mean_swap_time": 442.5, "mean_idle_time": 506.8468313476005, "mean_delivery_time": 7395.561938674429, "mean_schedule_distance": 71887.12427080197, "mean_schedule_energy": 5.932734960576943, "mean_number_swaps": 7.375, "drone_utilization": 1.0, "total_number_parcel_handover": 7, "mean_number_parcel_handover": 0.35, "execution_time": 605.0787644386292}