{"completion_time": 11679.509313629444, "mean_schedule_time": 10649.613357346176, "mean_flight_time": 10062.54737649475, "mean_swap_time": 414.0, "mean_idle_time": 173.0659808514265, "mean_delivery_time": 6537.259907773357, "mean_schedule_distance": 70437.83163546326, "mean_schedule_energy": 5.657172162086109, "mean_number_swaps": 6.9, "drone_utilization": 1.0, "execution_time": 988.4212353229523}