{"completion_time": 15037.099072345518, "mean_schedule_time": 14746.073237612993, "mean_flight_time": 14110.073237612994, "mean_swap_time": 636.0, "mean_idle_time": -1.8189894035458565e-12, "mean_delivery_time": 7851.6879873163725, "mean_schedule_distance": 98770.5126632909, "mean_schedule_energy": 8.212537083755704, "mean_number_swaps": 10.6, "drone_utilization": 1.0, "execution_time": 475.3016264438629}