{"completion_time": 3533.897584549568, "mean_schedule_time": 794.0591286297209, "mean_flight_time": 673.8784057410867, "mean_swap_time": 11.538461538461538, "mean_idle_time": 108.6422613501727, "mean_delivery_time": 1701.766427707737, "mean_schedule_distance": 4717.148840187606, "mean_schedule_energy": 0.41257666042235275, "mean_number_swaps": 0.19230769230769232, "drone_utilization": 0.46153846153846156, "total_number_parcel_handover": 2, "mean_number_parcel_handover": 0.2, "execution_time": 27.409036874771118}