{"completion_time": 5061.025552503254, "mean_delivery_time": 3189.024682170617, "total_distance": 312028.15168179857, "consumed_energy": 26.77541821998011, "execution_time": 191.131254196167}