{"1": [{"x": 2, "y": 1, "a": 0, "tau": 575.2249551740432}, {"x": 1, "y": 1, "a": -1, "tau": 635.2249551740432}, {"x": 1, "y": 2, "a": 1, "tau": 1210.4499103480864}], "2": [{"x": 5, "y": 4, "a": 2, "tau": 509.30193822480067}, {"x": 4, "y": 4, "a": -1, "tau": 569.3019382248007}], "3": [{"x": 4, "y": 1, "a": 2, "tau": 1242.4144006101756}], "4": [{"x": 1, "y": 3, "a": 3, "tau": 501.3332214617446}]}