{"completion_time": 2310.434830143876, "mean_delivery_time": 1833.2941380872044, "total_distance": 155868.61371637075, "consumed_energy": 13.229032665355096, "execution_time": 27.90102529525757}