{"completion_time": 7999.324423215353, "mean_schedule_time": 4318.435885309827, "mean_flight_time": 4154.435885309828, "mean_swap_time": 164.0, "mean_idle_time": -9.094947017729282e-13, "mean_delivery_time": 4117.272488851302, "mean_schedule_distance": 29081.0511971688, "mean_schedule_energy": 2.579516635141652, "mean_number_swaps": 2.7333333333333334, "drone_utilization": 1.0, "execution_time": 16.186527013778687}