{"completion_time": 6109.530778859185, "mean_schedule_time": 1972.4541664769758, "mean_flight_time": 1909.954166476976, "mean_swap_time": 62.5, "mean_idle_time": -2.2737367544323206e-13, "mean_delivery_time": 3155.9266663631615, "mean_schedule_distance": 13369.679165338834, "mean_schedule_energy": 1.1823474416315325, "mean_number_swaps": 1.0416666666666667, "drone_utilization": 0.625, "execution_time": 27.67562246322632}