{"completion_time": 5119.177604589886, "mean_schedule_time": 3580.1595512328213, "mean_flight_time": 3173.880580170066, "mean_swap_time": 100.0, "mean_idle_time": 306.2789710627553, "mean_delivery_time": 3967.5841183749835, "mean_schedule_distance": 22217.164061190462, "mean_schedule_energy": 1.8842783743645755, "mean_number_swaps": 1.6666666666666667, "drone_utilization": 0.8666666666666667, "execution_time": 57.19589185714722}