{"completion_time": 5949.681720923662, "mean_schedule_time": 3948.0494207666993, "mean_flight_time": 3628.3256614719826, "mean_swap_time": 136.8, "mean_idle_time": 182.92375929471655, "mean_delivery_time": 3953.599446350769, "mean_schedule_distance": 25398.27963030387, "mean_schedule_energy": 2.207380212240704, "mean_number_swaps": 2.28, "drone_utilization": 0.92, "execution_time": 397.073246717453}