{"completion_time": 2940.6107833690403, "mean_delivery_time": 1745.6307372019105, "total_distance": 397974.47219465085, "consumed_energy": 31.968352789096258, "execution_time": 2898.673303127289}