{"completion_time": 5821.221566738081, "mean_schedule_time": 3158.467228591762, "mean_flight_time": 2428.70518275251, "mean_swap_time": 69.6, "mean_idle_time": 660.1620458392517, "mean_delivery_time": 3467.171477811088, "mean_schedule_distance": 17000.936279267575, "mean_schedule_energy": 1.3518981304118938, "mean_number_swaps": 1.16, "drone_utilization": 0.88, "execution_time": 5262.488422870636}