{"completion_time": 33390.91243790447, "mean_schedule_time": 33008.55736937547, "mean_flight_time": 31367.338656567863, "mean_swap_time": 1530.0, "mean_idle_time": 111.21871280760388, "mean_delivery_time": 14152.305086083848, "mean_schedule_distance": 219571.37059597502, "mean_schedule_energy": 18.017242375842613, "mean_number_swaps": 25.5, "drone_utilization": 1.0, "total_number_parcel_handover": 2, "mean_number_parcel_handover": 0.13333333333333333, "execution_time": 94.75785946846008}