{"completion_time": 6495.222934160992, "mean_schedule_time": 2472.3712430027213, "mean_flight_time": 2397.9712430027207, "mean_swap_time": 74.4, "mean_idle_time": 4.547473508864641e-13, "mean_delivery_time": 2931.2576273049817, "mean_schedule_distance": 16785.798701019037, "mean_schedule_energy": 1.4537997918534815, "mean_number_swaps": 1.24, "drone_utilization": 0.8, "execution_time": 38.95998239517212}