{"completion_time": 5420.3959138213495, "mean_schedule_time": 2636.643844100445, "mean_flight_time": 2012.5011472818378, "mean_swap_time": 66.66666666666667, "mean_idle_time": 557.4760301519409, "mean_delivery_time": 3682.275083575416, "mean_schedule_distance": 14087.508030972867, "mean_schedule_energy": 1.239611223382771, "mean_number_swaps": 1.1111111111111112, "drone_utilization": 0.7222222222222222, "total_number_parcel_handover": 6, "mean_number_parcel_handover": 0.6, "execution_time": 57.68703532218933}