{"completion_time": 5923.651932402115, "mean_schedule_time": 3938.7713548152183, "mean_flight_time": 3446.762705044917, "mean_swap_time": 132.0, "mean_idle_time": 360.0086497703014, "mean_delivery_time": 4132.82516483486, "mean_schedule_distance": 24127.338935314423, "mean_schedule_energy": 2.1985733407970725, "mean_number_swaps": 2.2, "drone_utilization": 0.8666666666666667, "execution_time": 210.6089735031128}