{"completion_time": 8764.584386616832, "mean_schedule_time": 8060.843921568146, "mean_flight_time": 7350.680216358523, "mean_swap_time": 288.75, "mean_idle_time": 421.413705209623, "mean_delivery_time": 6171.510481319495, "mean_schedule_distance": 51454.76151450965, "mean_schedule_energy": 4.196983234850316, "mean_number_swaps": 4.8125, "drone_utilization": 1.0, "total_number_parcel_handover": 19, "mean_number_parcel_handover": 0.76, "execution_time": 11454.459668636322}