{"completion_time": 8625.950539824249, "execution_time": 0.16287899017333984}