{"completion_time": 2559.4814982636917, "mean_delivery_time": 1896.2617563350636, "total_distance": 359942.36494640453, "consumed_energy": 30.251743552942752, "execution_time": 436.3563480377197}