{"completion_time": 988.4020026999003, "execution_time": 0.1181178092956543}