{"completion_time": 9909.138046032545, "mean_delivery_time": 4215.589282390424, "total_distance": 525707.2266734474, "consumed_energy": 44.560776275243356, "execution_time": 11.411635398864746}