{"completion_time": 10883.696383410366, "mean_schedule_time": 4915.873471627946, "mean_flight_time": 4741.873471627946, "mean_swap_time": 174.0, "mean_idle_time": 0.0, "mean_delivery_time": 4545.580676794325, "mean_schedule_distance": 33193.114301395624, "mean_schedule_energy": 2.8430045248059566, "mean_number_swaps": 2.9, "drone_utilization": 1.0, "execution_time": 5.918386697769165}