{"completion_time": 7673.621750760531, "mean_delivery_time": 4198.6511293964995, "total_distance": 388274.84527303895, "consumed_energy": 33.37905373078756, "execution_time": 97.68749165534973}