{"completion_time": 9792.929121086041, "mean_schedule_time": 9200.149459283402, "mean_flight_time": 8508.800241747449, "mean_swap_time": 372.0, "mean_idle_time": 319.34921753595336, "mean_delivery_time": 5833.269247130643, "mean_schedule_distance": 59561.60169223213, "mean_schedule_energy": 4.794062013051506, "mean_number_swaps": 6.2, "drone_utilization": 1.0, "execution_time": 461.0562937259674}