{"completion_time": 4487.15606869213, "mean_delivery_time": 1878.1780559197284, "total_distance": 556856.4395820493, "consumed_energy": 45.99498483609501, "execution_time": 64.71654844284058}