{"completion_time": 8554.31213738426, "mean_schedule_time": 4115.545997014636, "mean_flight_time": 3977.5459970146358, "mean_swap_time": 138.0, "mean_idle_time": 0.0, "mean_delivery_time": 3638.756111839457, "mean_schedule_distance": 27842.821979102464, "mean_schedule_energy": 2.2997492418047503, "mean_number_swaps": 2.3, "drone_utilization": 1.0, "total_number_parcel_handover": 0, "mean_number_parcel_handover": 0.0, "execution_time": 64.63089108467102}