{"completion_time": 5579.92783165589, "mean_schedule_time": 1929.8287797891921, "mean_flight_time": 1865.8287797891921, "mean_swap_time": 64.0, "mean_idle_time": 0.0, "mean_delivery_time": 2894.743169683788, "mean_schedule_distance": 13060.801458524349, "mean_schedule_energy": 1.1649568412776576, "mean_number_swaps": 1.0666666666666667, "drone_utilization": 0.6666666666666666, "total_number_parcel_handover": 0, "mean_number_parcel_handover": 0.0, "execution_time": 32.90584754943848}