{"completion_time": 3775.969642390737, "mean_delivery_time": 2222.8183822358424, "total_distance": 324539.4385609774, "consumed_energy": 28.067952446922042, "execution_time": 10.869454860687256}