{"completion_time": 5774.239394800746, "mean_schedule_time": 4323.700806244144, "mean_flight_time": 4177.858096932929, "mean_swap_time": 136.8, "mean_idle_time": 9.042709311214821, "mean_delivery_time": 4405.9477938289765, "mean_schedule_distance": 29245.00667853049, "mean_schedule_energy": 2.3016776371110734, "mean_number_swaps": 2.28, "drone_utilization": 0.92, "execution_time": 603.2777562141418}