{"completion_time": 6491.742749641404, "mean_schedule_time": 4078.264543357827, "mean_flight_time": 3802.5064883088107, "mean_swap_time": 141.6, "mean_idle_time": 134.15805504901618, "mean_delivery_time": 3771.483217808102, "mean_schedule_distance": 26617.545418161684, "mean_schedule_energy": 2.292679019968051, "mean_number_swaps": 2.36, "drone_utilization": 0.92, "execution_time": 434.8631522655487}