{"completion_time": 4373.554879559284, "mean_schedule_time": 2731.526282602063, "mean_flight_time": 2434.518510169841, "mean_swap_time": 69.23076923076923, "mean_idle_time": 227.77700320145277, "mean_delivery_time": 3322.1064279634593, "mean_schedule_distance": 17041.62957118889, "mean_schedule_energy": 1.4216512892751476, "mean_number_swaps": 1.1538461538461537, "drone_utilization": 0.8461538461538461, "execution_time": 425.27314591407776}