{"completion_time": 2186.777439779642, "mean_delivery_time": 1713.3331229747587, "total_distance": 443082.3688509111, "consumed_energy": 36.962933521153836, "execution_time": 405.1103980541229}