{"completion_time": 11966.367019271207, "mean_schedule_time": 7155.69434638279, "mean_flight_time": 6891.694346382789, "mean_swap_time": 264.0, "mean_idle_time": 9.094947017729282e-13, "mean_delivery_time": 5353.154275082398, "mean_schedule_distance": 48241.860424679515, "mean_schedule_energy": 4.008558387798427, "mean_number_swaps": 4.4, "drone_utilization": 1.0, "execution_time": 8.66016173362732}