{"completion_time": 11676.345312081954, "mean_schedule_time": 6238.569719082635, "mean_flight_time": 6005.236385749302, "mean_swap_time": 233.33333333333334, "mean_idle_time": 0.0, "mean_delivery_time": 5121.201072925351, "mean_schedule_distance": 42036.65470024508, "mean_schedule_energy": 3.466869338072312, "mean_number_swaps": 3.888888888888889, "drone_utilization": 1.0, "execution_time": 36.69765114784241}