{"completion_time": 5450.20576604692, "mean_schedule_time": 3872.0361679405573, "mean_flight_time": 3455.5157267843497, "mean_swap_time": 110.0, "mean_idle_time": 306.52044115620765, "mean_delivery_time": 4039.0038165475576, "mean_schedule_distance": 24188.61008749044, "mean_schedule_energy": 1.8939330120498594, "mean_number_swaps": 1.8333333333333333, "drone_utilization": 0.9444444444444444, "execution_time": 3043.8947973251343}