{"completion_time": 2667.555480332302, "mean_delivery_time": 2125.9301193152173, "total_distance": 493613.0975787757, "consumed_energy": 37.53264406117048, "execution_time": 2033.8464932441711}