{"completion_time": 3247.641859048519, "mean_delivery_time": 1909.2276374915457, "total_distance": 351535.11989151366, "consumed_energy": 30.48970980927775, "execution_time": 72.62651801109314}