{"completion_time": 13513.648780896878, "mean_schedule_time": 4729.196034507677, "mean_flight_time": 4560.105125416768, "mean_swap_time": 169.0909090909091, "mean_idle_time": 0.0, "mean_delivery_time": 4344.07075092869, "mean_schedule_distance": 31920.735877917377, "mean_schedule_energy": 2.6891660405970006, "mean_number_swaps": 2.8181818181818183, "drone_utilization": 1.0, "execution_time": 45.700854539871216}