{"completion_time": 3807.19311115618, "mean_delivery_time": 1849.6696790050821, "total_distance": 538237.0405021977, "consumed_energy": 44.411270300502736, "execution_time": 36.143534421920776}