{"completion_time": 5385.010233057004, "mean_delivery_time": 2590.1070784844396, "total_distance": 126939.4514040414, "consumed_energy": 10.604524520404803, "execution_time": 0.5702011585235596}