{"completion_time": 7413.168970874677, "mean_schedule_time": 3046.815386209097, "mean_flight_time": 2950.8153862090962, "mean_swap_time": 96.0, "mean_idle_time": 9.094947017729282e-13, "mean_delivery_time": 4046.1239004504796, "mean_schedule_distance": 20655.707703463682, "mean_schedule_energy": 1.6070824478839651, "mean_number_swaps": 1.6, "drone_utilization": 0.7, "execution_time": 2.551257610321045}