{"completion_time": 9280.305085998354, "mean_schedule_time": 6176.258286249577, "mean_flight_time": 3963.6297246598665, "mean_swap_time": 145.0, "mean_idle_time": 2067.6285615897114, "mean_delivery_time": 5875.923052713481, "mean_schedule_distance": 27745.408072619062, "mean_schedule_energy": 2.3387820932714303, "mean_number_swaps": 2.4166666666666665, "drone_utilization": 0.9166666666666666, "execution_time": 602.1817743778229}