{"completion_time": 4700.152542999177, "mean_delivery_time": 3260.607258719328, "total_distance": 338816.2674408014, "consumed_energy": 28.654218459547856, "execution_time": 401.7536540031433}