{"completion_time": 6180.018260368646, "mean_schedule_time": 2563.2327400515496, "mean_flight_time": 2473.23274005155, "mean_swap_time": 90.0, "mean_idle_time": -4.547473508864641e-13, "mean_delivery_time": 3417.6436534020663, "mean_schedule_distance": 17312.62918036085, "mean_schedule_energy": 1.5359021565595916, "mean_number_swaps": 1.5, "drone_utilization": 0.75, "total_number_parcel_handover": 0, "mean_number_parcel_handover": 0.0, "execution_time": 18.543798208236694}