{"completion_time": 11068.663425768666, "mean_schedule_time": 10249.388319247171, "mean_flight_time": 9734.481376305916, "mean_swap_time": 440.0, "mean_idle_time": 74.90694294125569, "mean_delivery_time": 6812.113206336129, "mean_schedule_distance": 68141.3696341414, "mean_schedule_energy": 5.707763791176336, "mean_number_swaps": 7.333333333333333, "drone_utilization": 1.0, "total_number_parcel_handover": 3, "mean_number_parcel_handover": 0.2, "execution_time": 717.0834288597107}