{"completion_time": 5774.331712884333, "mean_delivery_time": 3546.0566031680646, "total_distance": 408848.21780484845, "consumed_energy": 34.246582747058014, "execution_time": 369.3121955394745}