{"completion_time": 2956.7740773381174, "mean_delivery_time": 1926.0618345441887, "total_distance": 574953.4206771009, "consumed_energy": 46.19314911919163, "execution_time": 497.33945870399475}