{"completion_time": 8486.611252544346, "mean_schedule_time": 6540.986935776084, "mean_flight_time": 5884.9003845154675, "mean_swap_time": 232.5, "mean_idle_time": 423.58655126061603, "mean_delivery_time": 4996.595741957655, "mean_schedule_distance": 41194.302691608274, "mean_schedule_energy": 3.4140736847543787, "mean_number_swaps": 3.875, "drone_utilization": 1.0, "execution_time": 4771.447528362274}