{"completion_time": 9402.96608696925, "mean_delivery_time": 4784.650959862146, "total_distance": 697774.590112213, "consumed_energy": 57.581479182516084, "execution_time": 2776.895435333252}