{"completion_time": 9454.212672687643, "mean_schedule_time": 5846.447333903394, "mean_flight_time": 4966.685571846173, "mean_swap_time": 180.0, "mean_idle_time": 699.761762057221, "mean_delivery_time": 5686.764201281506, "mean_schedule_distance": 34766.79900292321, "mean_schedule_energy": 2.8295027910570276, "mean_number_swaps": 3.0, "drone_utilization": 0.9583333333333334, "total_number_parcel_handover": 20, "mean_number_parcel_handover": 0.8, "execution_time": 5252.803073167801}