{"completion_time": 4214.572922600078, "mean_schedule_time": 1127.6072680794648, "mean_flight_time": 1015.7820865173635, "mean_swap_time": 23.333333333333332, "mean_idle_time": 88.49184822876805, "mean_delivery_time": 3534.738768591804, "mean_schedule_distance": 7110.474605621543, "mean_schedule_energy": 0.5419314315229509, "mean_number_swaps": 0.3888888888888889, "drone_utilization": 0.3333333333333333, "execution_time": 20.711072206497192}