{"completion_time": 21841.784078917564, "mean_schedule_time": 21644.489989785237, "mean_flight_time": 20720.48998978524, "mean_swap_time": 924.0, "mean_idle_time": -3.637978807091713e-12, "mean_delivery_time": 10768.885980052639, "mean_schedule_distance": 145043.42992849663, "mean_schedule_energy": 11.971907862126978, "mean_number_swaps": 15.4, "drone_utilization": 1.0, "execution_time": 3940.4621529579163}