{"completion_time": 6646.79697404988, "mean_schedule_time": 5879.089849399558, "mean_flight_time": 5512.757897234866, "mean_swap_time": 222.85714285714286, "mean_idle_time": 143.47480930754955, "mean_delivery_time": 4612.59995704844, "mean_schedule_distance": 38589.30528064406, "mean_schedule_energy": 3.2485024366394755, "mean_number_swaps": 3.7142857142857144, "drone_utilization": 1.0, "execution_time": 1165.2024524211884}