{"completion_time": 5546.321050841149, "mean_schedule_time": 630.5075306507883, "mean_flight_time": 605.122915266173, "mean_swap_time": 25.384615384615383, "mean_idle_time": 0.0, "mean_delivery_time": 3278.639159384099, "mean_schedule_distance": 4235.860406863211, "mean_schedule_energy": 0.3842888649488346, "mean_number_swaps": 0.4230769230769231, "drone_utilization": 0.19230769230769232, "execution_time": 3.3005287647247314}