{"completion_time": 3395.2658899817516, "mean_delivery_time": 1874.316290893592, "total_distance": 237957.0355683657, "consumed_energy": 21.508733990874827, "execution_time": 5.514434814453125}