{"completion_time": 6550.531779963503, "mean_schedule_time": 2932.8218520043533, "mean_flight_time": 2832.821852004354, "mean_swap_time": 100.0, "mean_idle_time": -4.547473508864641e-13, "mean_delivery_time": 3628.632581787184, "mean_schedule_distance": 19829.752964030475, "mean_schedule_energy": 1.7923944992395688, "mean_number_swaps": 1.6666666666666667, "drone_utilization": 0.75, "execution_time": 5.613945245742798}