{"completion_time": 10693.139737672453, "mean_schedule_time": 10486.442813720094, "mean_flight_time": 10066.442813720092, "mean_swap_time": 420.0, "mean_idle_time": 1.8189894035458565e-12, "mean_delivery_time": 5744.579028744572, "mean_schedule_distance": 70465.09969604065, "mean_schedule_energy": 5.666507378542631, "mean_number_swaps": 7.0, "drone_utilization": 1.0, "execution_time": 60.07448720932007}