{"completion_time": 5983.651932402115, "mean_schedule_time": 5335.16367622855, "mean_flight_time": 5048.057930415861, "mean_swap_time": 201.42857142857142, "mean_idle_time": 85.67717438411728, "mean_delivery_time": 4265.073012227616, "mean_schedule_distance": 35336.40551291102, "mean_schedule_energy": 3.0790718658439324, "mean_number_swaps": 3.357142857142857, "drone_utilization": 1.0, "total_number_parcel_handover": 12, "mean_number_parcel_handover": 0.6, "execution_time": 9244.99285030365}