{"completion_time": 3238.6060554437354, "execution_time": 0.0023555755615234375}