{"completion_time": 5152.608660385484, "mean_schedule_time": 4136.739342641455, "mean_flight_time": 3649.942598583921, "mean_swap_time": 124.8, "mean_idle_time": 361.9967440575333, "mean_delivery_time": 3921.316862072038, "mean_schedule_distance": 25549.59819008746, "mean_schedule_energy": 2.149895004861217, "mean_number_swaps": 2.08, "drone_utilization": 1.0, "execution_time": 599.6354830265045}