{"completion_time": 2748.200117126484, "mean_delivery_time": 1448.4499731066533, "total_distance": 189342.99623493152, "consumed_energy": 16.862656314450906, "execution_time": 15.221952199935913}