{"completion_time": 3187.641859048519, "mean_delivery_time": 1927.3394936669424, "total_distance": 271884.4636189514, "consumed_energy": 23.316320911044503, "execution_time": 87.24599051475525}