{"completion_time": 6255.283718097038, "mean_schedule_time": 3366.423995285319, "mean_flight_time": 2774.3312614178712, "mean_swap_time": 90.0, "mean_idle_time": 502.0927338674478, "mean_delivery_time": 3734.678987333885, "mean_schedule_distance": 19420.318829925098, "mean_schedule_energy": 1.6654514936460358, "mean_number_swaps": 1.5, "drone_utilization": 0.8571428571428571, "total_number_parcel_handover": 2, "mean_number_parcel_handover": 0.2, "execution_time": 120.21387267112732}