{"completion_time": 13959.602042042077, "mean_schedule_time": 13688.159156319374, "mean_flight_time": 13100.159156319376, "mean_swap_time": 588.0, "mean_idle_time": -1.8189894035458565e-12, "mean_delivery_time": 7365.53127279565, "mean_schedule_distance": 91701.11409423564, "mean_schedule_energy": 7.808393429792891, "mean_number_swaps": 9.8, "drone_utilization": 1.0, "execution_time": 589.8314671516418}