{"completion_time": 1607.050188186301, "execution_time": 0.038782596588134766}