{"completion_time": 8550.89366307967, "mean_schedule_time": 7920.427567460531, "mean_flight_time": 7488.640011214323, "mean_swap_time": 310.0, "mean_idle_time": 121.78755624620771, "mean_delivery_time": 5850.906407100054, "mean_schedule_distance": 52420.48007850028, "mean_schedule_energy": 4.400930490708346, "mean_number_swaps": 5.166666666666667, "drone_utilization": 1.0, "execution_time": 361.35748958587646}