{"completion_time": 5627.860395315577, "mean_schedule_time": 4769.165636557808, "mean_flight_time": 4604.165636557808, "mean_swap_time": 165.0, "mean_idle_time": 0.0, "mean_delivery_time": 4406.749992734925, "mean_schedule_distance": 32229.159455904657, "mean_schedule_energy": 2.5754357725250974, "mean_number_swaps": 2.75, "drone_utilization": 1.0, "total_number_parcel_handover": 0, "mean_number_parcel_handover": 0.0, "execution_time": 2.642774820327759}