{"completion_time": 5762.766703172173, "mean_schedule_time": 1952.652599404176, "mean_flight_time": 1885.1525994041765, "mean_swap_time": 67.5, "mean_idle_time": -4.547473508864641e-13, "mean_delivery_time": 3124.244159046682, "mean_schedule_distance": 13196.068195829232, "mean_schedule_energy": 1.2137901579680914, "mean_number_swaps": 1.125, "drone_utilization": 0.625, "execution_time": 20.24077272415161}