{"completion_time": 9509.526756349886, "mean_schedule_time": 9265.471849998903, "mean_flight_time": 8868.911454188386, "mean_swap_time": 384.0, "mean_idle_time": 12.560395810516638, "mean_delivery_time": 5788.130729394775, "mean_schedule_distance": 62082.38017931867, "mean_schedule_energy": 5.160655672565282, "mean_number_swaps": 6.4, "drone_utilization": 1.0, "execution_time": 2354.1780395507812}