{"completion_time": 4986.934855705645, "mean_delivery_time": 3017.7875066864617, "total_distance": 620823.8017931867, "consumed_energy": 51.606556725652815, "execution_time": 1210.5241477489471}