{"completion_time": 5889.681720923662, "mean_schedule_time": 3062.3570286197128, "mean_flight_time": 2798.168551317311, "mean_swap_time": 94.0, "mean_idle_time": 170.18847730240168, "mean_delivery_time": 3466.815460847473, "mean_schedule_distance": 19587.17985922117, "mean_schedule_energy": 1.626213987180759, "mean_number_swaps": 1.5666666666666667, "drone_utilization": 0.8333333333333334, "total_number_parcel_handover": 6, "mean_number_parcel_handover": 0.24, "execution_time": 209.05915141105652}