{"completion_time": 20534.29148917617, "mean_delivery_time": 8907.659806907252, "total_distance": 519730.9659326016, "consumed_energy": 43.31986976043439, "execution_time": 691.5678701400757}