{"completion_time": 3829.9799004382726, "mean_delivery_time": 2610.9975673441586, "total_distance": 222559.19734635408, "consumed_energy": 17.036573013122478, "execution_time": 216.50641989707947}