{"completion_time": 8783.675653412341, "mean_schedule_time": 7604.553226046333, "mean_flight_time": 6442.123709597548, "mean_swap_time": 243.33333333333334, "mean_idle_time": 919.0961831154518, "mean_delivery_time": 6299.944202023891, "mean_schedule_distance": 45094.86596718285, "mean_schedule_energy": 3.6321113384126553, "mean_number_swaps": 4.055555555555555, "drone_utilization": 1.0, "total_number_parcel_handover": 27, "mean_number_parcel_handover": 1.08, "execution_time": 4940.698707580566}