{"completion_time": 10645.003079675125, "mean_schedule_time": 6155.516203004762, "mean_flight_time": 5923.516203004764, "mean_swap_time": 232.0, "mean_idle_time": -1.8189894035458565e-12, "mean_delivery_time": 5011.849601277769, "mean_schedule_distance": 41464.61342103332, "mean_schedule_energy": 3.5544923141859845, "mean_number_swaps": 3.8666666666666667, "drone_utilization": 1.0, "execution_time": 18.33086347579956}