{"completion_time": 6457.091060617488, "mean_schedule_time": 3484.543809668962, "mean_flight_time": 2982.6901112571913, "mean_swap_time": 103.84615384615384, "mean_idle_time": 398.0075445656166, "mean_delivery_time": 3901.7515119019304, "mean_schedule_distance": 20878.830778800344, "mean_schedule_energy": 1.8078731257954492, "mean_number_swaps": 1.7307692307692308, "drone_utilization": 0.8076923076923077, "execution_time": 5181.762454748154}