{"completion_time": 5884.978002901416, "execution_time": 0.2704648971557617}