{"completion_time": 2980.307514895762, "mean_schedule_time": 448.5109156309042, "mean_flight_time": 438.9109156309043, "mean_swap_time": 9.6, "mean_idle_time": -1.1368683772161603e-13, "mean_delivery_time": 1868.7954817954342, "mean_schedule_distance": 3072.37640941633, "mean_schedule_energy": 0.2615476838588529, "mean_number_swaps": 0.16, "drone_utilization": 0.24, "execution_time": 5.357990503311157}