{"completion_time": 7527.567910396114, "mean_schedule_time": 5440.704774659709, "mean_flight_time": 4665.3920178617145, "mean_swap_time": 172.0, "mean_idle_time": 603.3127567979946, "mean_delivery_time": 5153.561880708466, "mean_schedule_distance": 32657.744125032, "mean_schedule_energy": 2.6477196755459613, "mean_number_swaps": 2.8666666666666667, "drone_utilization": 1.0, "execution_time": 3710.4831199645996}