{"completion_time": 6171.019582919099, "mean_schedule_time": 3766.592921059138, "mean_flight_time": 3288.3868683156657, "mean_swap_time": 100.0, "mean_idle_time": 378.20605274347236, "mean_delivery_time": 3309.269072103858, "mean_schedule_distance": 23018.70807820966, "mean_schedule_energy": 1.8726137471308928, "mean_number_swaps": 1.6666666666666667, "drone_utilization": 0.9583333333333334, "total_number_parcel_handover": 8, "mean_number_parcel_handover": 0.32, "execution_time": 943.3905999660492}