{"completion_time": 12716.301395409446, "mean_delivery_time": 5584.81886781807, "total_distance": 793981.0542310491, "consumed_energy": 68.68508835457273, "execution_time": 3094.7062299251556}