{"completion_time": 24352.602790818895, "mean_schedule_time": 23777.172978029987, "mean_flight_time": 22685.17297803, "mean_swap_time": 1092.0, "mean_idle_time": -1.4551915228366852e-11, "mean_delivery_time": 10709.63773563614, "mean_schedule_distance": 158796.21084620984, "mean_schedule_energy": 13.737017670914545, "mean_number_swaps": 18.2, "drone_utilization": 1.0, "execution_time": 7808.206465959549}