{"completion_time": 5862.96533149276, "mean_delivery_time": 2639.5374648799257, "total_distance": 701901.0101298175, "consumed_energy": 58.608656972234215, "execution_time": 39.448556900024414}