{"completion_time": 11863.55783814341, "mean_schedule_time": 11021.47481715657, "mean_flight_time": 10533.73522170987, "mean_swap_time": 465.0, "mean_idle_time": 22.73959544669924, "mean_delivery_time": 6475.68959336119, "mean_schedule_distance": 73736.14655196911, "mean_schedule_energy": 6.260655298328296, "mean_number_swaps": 7.75, "drone_utilization": 1.0, "execution_time": 350.52475476264954}