{"completion_time": 5338.899959633207, "mean_schedule_time": 2565.3922646921724, "mean_flight_time": 2103.012382021659, "mean_swap_time": 67.5, "mean_idle_time": 394.8798826705133, "mean_delivery_time": 3437.940529723374, "mean_schedule_distance": 14721.086674151607, "mean_schedule_energy": 1.2829511039114097, "mean_number_swaps": 1.125, "drone_utilization": 0.75, "execution_time": 187.8872265815735}