{"completion_time": 7467.567910396114, "mean_schedule_time": 1650.8249034223784, "mean_flight_time": 1144.431941126882, "mean_swap_time": 30.0, "mean_idle_time": 476.3929622954963, "mean_delivery_time": 3841.5911768694327, "mean_schedule_distance": 8011.023587888175, "mean_schedule_energy": 0.6858022036204808, "mean_number_swaps": 0.5, "drone_utilization": 0.4166666666666667, "total_number_parcel_handover": 5, "mean_number_parcel_handover": 1.0, "execution_time": 443.8214750289917}