{"completion_time": 7955.68901631676, "mean_delivery_time": 4269.359729776399, "total_distance": 599164.7844377221, "consumed_energy": 49.256202419265755, "execution_time": 794.3722727298737}