{"completion_time": 5108.490562113875, "mean_schedule_time": 3567.1215167289615, "mean_flight_time": 3310.7691226831985, "mean_swap_time": 108.0, "mean_idle_time": 148.35239404576305, "mean_delivery_time": 3888.5593735212615, "mean_schedule_distance": 23175.383858782392, "mean_schedule_energy": 1.8458300283417512, "mean_number_swaps": 1.8, "drone_utilization": 0.8666666666666667, "execution_time": 566.3569321632385}