{"completion_time": 4025.4556605631315, "mean_schedule_time": 1032.9447195189673, "mean_flight_time": 981.8191741122142, "mean_swap_time": 27.0, "mean_idle_time": 24.125545406753076, "mean_delivery_time": 2975.6276547087127, "mean_schedule_distance": 6872.7342187855, "mean_schedule_energy": 0.5739638556012763, "mean_number_swaps": 0.45, "drone_utilization": 0.35, "execution_time": 19.45386815071106}