{"completion_time": 1118.9395018438174, "mean_delivery_time": 1052.387786225232, "total_distance": 42520.82748656167, "consumed_energy": 2.915630735601642, "execution_time": 480.5695209503174}