{"completion_time": 6551.2138185844, "mean_schedule_time": 1406.330901146767, "mean_flight_time": 1361.330901146767, "mean_swap_time": 45.0, "mean_idle_time": 0.0, "mean_delivery_time": 3375.1941627522406, "mean_schedule_distance": 9529.31630802737, "mean_schedule_energy": 0.8194408512780842, "mean_number_swaps": 0.75, "drone_utilization": 0.4166666666666667, "execution_time": 9.1084623336792}