{"completion_time": 2871.3816439873153, "mean_delivery_time": 2245.796964959342, "total_distance": 544697.2198176055, "consumed_energy": 46.39325106763225, "execution_time": 219.60258197784424}