{"completion_time": 3231.8259662010573, "mean_delivery_time": 1691.705199905216, "total_distance": 317402.36353159486, "consumed_energy": 28.422257542293103, "execution_time": 16.85957169532776}