{"completion_time": 3555.4455771009157, "mean_schedule_time": 1167.0466556694919, "mean_flight_time": 1075.6484081323008, "mean_swap_time": 30.0, "mean_idle_time": 61.39824753719108, "mean_delivery_time": 2936.661947314268, "mean_schedule_distance": 7529.538856926106, "mean_schedule_energy": 0.6025633323982142, "mean_number_swaps": 0.5, "drone_utilization": 0.4375, "execution_time": 13.464428424835205}