{"completion_time": 6540.081809203787, "mean_schedule_time": 845.6722697476808, "mean_flight_time": 816.8722697476807, "mean_swap_time": 28.8, "mean_idle_time": 2.2737367544323206e-13, "mean_delivery_time": 3523.6344572820035, "mean_schedule_distance": 5718.105888233765, "mean_schedule_energy": 0.5230267788528837, "mean_number_swaps": 0.48, "drone_utilization": 0.24, "execution_time": 3.9010047912597656}