{"completion_time": 23027.05544788203, "mean_schedule_time": 22688.6102433274, "mean_flight_time": 21733.931424533297, "mean_swap_time": 936.0, "mean_idle_time": 18.67881879410197, "mean_delivery_time": 11703.312842755475, "mean_schedule_distance": 152137.51997173298, "mean_schedule_energy": 12.259298368811098, "mean_number_swaps": 15.6, "drone_utilization": 1.0, "execution_time": 562.812246799469}