{"completion_time": 5183.69076133085, "mean_schedule_time": 3245.552163123687, "mean_flight_time": 2731.303573881207, "mean_swap_time": 84.0, "mean_idle_time": 430.2485892424802, "mean_delivery_time": 4346.094849204733, "mean_schedule_distance": 19119.125017168444, "mean_schedule_energy": 1.5626309028680212, "mean_number_swaps": 1.4, "drone_utilization": 0.8, "execution_time": 36.80408072471619}