{"completion_time": 3942.2088392035466, "mean_schedule_time": 1116.463925481293, "mean_flight_time": 1057.1212514005765, "mean_swap_time": 27.0, "mean_idle_time": 32.342674080716506, "mean_delivery_time": 3268.178657285998, "mean_schedule_distance": 7399.848759804036, "mean_schedule_energy": 0.6038624297897884, "mean_number_swaps": 0.45, "drone_utilization": 0.35, "execution_time": 45.68883275985718}