{"completion_time": 14941.384861181834, "mean_schedule_time": 9352.713175361912, "mean_flight_time": 8972.713175361914, "mean_swap_time": 380.0, "mean_idle_time": -1.8189894035458565e-12, "mean_delivery_time": 5764.478728104745, "mean_schedule_distance": 62808.992227533396, "mean_schedule_energy": 5.009802709366729, "mean_number_swaps": 6.333333333333333, "drone_utilization": 1.0, "execution_time": 6.7849342823028564}