{"completion_time": 12076.667346653423, "mean_schedule_time": 11375.318977162073, "mean_flight_time": 10903.75137858623, "mean_swap_time": 444.0, "mean_idle_time": 27.567598575842567, "mean_delivery_time": 7175.08966470394, "mean_schedule_distance": 76326.2596501036, "mean_schedule_energy": 5.934934736918596, "mean_number_swaps": 7.4, "drone_utilization": 1.0, "execution_time": 191.78704404830933}