{"completion_time": 7679.513833161006, "mean_schedule_time": 5840.252073633537, "mean_flight_time": 4528.422420166064, "mean_swap_time": 174.0, "mean_idle_time": 1137.8296534674737, "mean_delivery_time": 5205.804294939155, "mean_schedule_distance": 31698.95694116243, "mean_schedule_energy": 2.7207070800064423, "mean_number_swaps": 2.9, "drone_utilization": 1.0, "execution_time": 6733.301280260086}