{"completion_time": 5279.92783165589, "mean_schedule_time": 1982.8603944078975, "mean_flight_time": 1609.7835830633242, "mean_swap_time": 47.142857142857146, "mean_idle_time": 325.93395420171623, "mean_delivery_time": 3077.367314087785, "mean_schedule_distance": 11268.485081443272, "mean_schedule_energy": 0.986429998839644, "mean_number_swaps": 0.7857142857142857, "drone_utilization": 0.6428571428571429, "total_number_parcel_handover": 6, "mean_number_parcel_handover": 0.4, "execution_time": 295.40128445625305}