{"completion_time": 9334.212672687643, "mean_schedule_time": 5395.868880031771, "mean_flight_time": 4179.499675378823, "mean_swap_time": 137.14285714285714, "mean_idle_time": 1079.2263475100917, "mean_delivery_time": 5278.1869515930275, "mean_schedule_distance": 29256.49772765174, "mean_schedule_energy": 2.3906216174548276, "mean_number_swaps": 2.2857142857142856, "drone_utilization": 1.0, "total_number_parcel_handover": 19, "mean_number_parcel_handover": 0.76, "execution_time": 10128.689747810364}