{"completion_time": 6415.28036889299, "mean_delivery_time": 2902.4528490456614, "total_distance": 301892.9643962524, "consumed_energy": 24.565071799197067, "execution_time": 3.5212152004241943}