{"completion_time": 12230.56073778598, "mean_schedule_time": 8973.513268464356, "mean_flight_time": 8625.513268464354, "mean_swap_time": 348.0, "mean_idle_time": 1.8189894035458565e-12, "mean_delivery_time": 5604.905698091323, "mean_schedule_distance": 60378.592879250486, "mean_schedule_energy": 4.913014359839414, "mean_number_swaps": 5.8, "drone_utilization": 1.0, "execution_time": 4.199476718902588}