{"completion_time": 5377.7091723125695, "mean_schedule_time": 4307.415285489306, "mean_flight_time": 4091.4098591626025, "mean_swap_time": 144.0, "mean_idle_time": 72.00542632670386, "mean_delivery_time": 3367.3249726436898, "mean_schedule_distance": 28639.869014138218, "mean_schedule_energy": 2.3558819241192115, "mean_number_swaps": 2.4, "drone_utilization": 1.0, "execution_time": 124.05487895011902}