{"completion_time": 54311.78174520789, "mean_schedule_time": 54288.95172490165, "mean_flight_time": 51918.95172490167, "mean_swap_time": 2370.0, "mean_idle_time": -2.1827872842550278e-11, "mean_delivery_time": 23754.735745751397, "mean_schedule_distance": 363432.6620743116, "mean_schedule_energy": 29.185923010074074, "mean_number_swaps": 39.5, "drone_utilization": 1.0, "total_number_parcel_handover": 1, "mean_number_parcel_handover": 0.04, "execution_time": 713.1506714820862}