{"completion_time": 13352.614414113126, "mean_schedule_time": 13125.824720004432, "mean_flight_time": 12561.824720004428, "mean_swap_time": 564.0, "mean_idle_time": 3.637978807091713e-12, "mean_delivery_time": 7729.883102297976, "mean_schedule_distance": 87932.773040031, "mean_schedule_energy": 7.561876741195752, "mean_number_swaps": 9.4, "drone_utilization": 1.0, "execution_time": 812.8427295684814}