{"completion_time": 3007.4287089011755, "mean_delivery_time": 1803.8333264710418, "total_distance": 246678.78517467933, "consumed_energy": 21.970536894684173, "execution_time": 180.9406545162201}