{"completion_time": 7467.567910396114, "mean_schedule_time": 1801.7448645638556, "mean_flight_time": 1067.383981933403, "mean_swap_time": 36.0, "mean_idle_time": 698.3608826304526, "mean_delivery_time": 4631.588149683481, "mean_schedule_distance": 7471.687873533822, "mean_schedule_energy": 0.6828196664434644, "mean_number_swaps": 0.6, "drone_utilization": 0.4, "execution_time": 22.44976234436035}