{"completion_time": 4611.533926022815, "mean_schedule_time": 2741.526071867838, "mean_flight_time": 2358.2918010416793, "mean_swap_time": 79.0909090909091, "mean_idle_time": 304.1433617352495, "mean_delivery_time": 3247.338258146041, "mean_schedule_distance": 16508.042607291754, "mean_schedule_energy": 1.5035737915689829, "mean_number_swaps": 1.3181818181818181, "drone_utilization": 0.8636363636363636, "execution_time": 1095.0966746807098}