{"completion_time": 7325.561650029869, "mean_schedule_time": 6628.090432421247, "mean_flight_time": 6216.5847680074685, "mean_swap_time": 244.0, "mean_idle_time": 167.5056644137785, "mean_delivery_time": 4607.808456091546, "mean_schedule_distance": 43516.09337605228, "mean_schedule_energy": 3.495277886306265, "mean_number_swaps": 4.066666666666666, "drone_utilization": 1.0, "execution_time": 11211.839678764343}