{"completion_time": 9334.212672687643, "mean_schedule_time": 5572.048510743612, "mean_flight_time": 4356.107842495117, "mean_swap_time": 153.6, "mean_idle_time": 1062.3406682484938, "mean_delivery_time": 5385.334740800855, "mean_schedule_distance": 30492.75489746581, "mean_schedule_energy": 2.5490991096101756, "mean_number_swaps": 2.56, "drone_utilization": 1.0, "execution_time": 7496.852828502655}