{"completion_time": 7467.567910396114, "mean_schedule_time": 2026.8679374494059, "mean_flight_time": 1371.9911696606493, "mean_swap_time": 39.0, "mean_idle_time": 615.8767677887565, "mean_delivery_time": 4036.4987944764866, "mean_schedule_distance": 9603.938187624552, "mean_schedule_energy": 0.8132764459114361, "mean_number_swaps": 0.65, "drone_utilization": 0.5, "execution_time": 107.87115025520325}