{"completion_time": 1521.8604404343519, "mean_delivery_time": 1173.2747321232648, "total_distance": 31171.69249945142, "consumed_energy": 2.5989589750616258, "execution_time": 1.1127407550811768}