{"completion_time": 4504.077693427805, "mean_schedule_time": 2938.6733364775, "mean_flight_time": 2783.5741880680416, "mean_swap_time": 84.0, "mean_idle_time": 71.0991484094584, "mean_delivery_time": 3681.8157130515456, "mean_schedule_distance": 19485.019316476293, "mean_schedule_energy": 1.4949348033117276, "mean_number_swaps": 1.4, "drone_utilization": 0.8, "execution_time": 29.6477952003479}