{"completion_time": 6398.886118029518, "execution_time": 0.409268856048584}