{"1": [], "2": [{"x": 3, "y": 2, "a": 0, "tau": 509.1598376094237}, {"x": 2, "y": 2, "a": -1, "tau": 569.1598376094237}, {"x": 2, "y": 5, "a": 2, "tau": 1486.7145611233514}], "3": [{"x": 4, "y": 3, "a": 1, "tau": 583.1893983555342}], "4": [{"x": 3, "y": 2, "a": 1, "tau": 1092.3492407614126}], "5": [{"x": 4, "y": 2, "a": 0, "tau": 1486.7145611233514}]}