{"completion_time": 2799.2276945470835, "mean_schedule_time": 666.3252462911738, "mean_flight_time": 559.4241346569383, "mean_swap_time": 6.0, "mean_idle_time": 100.90111163423546, "mean_delivery_time": 1595.171506615483, "mean_schedule_distance": 3915.9689425985694, "mean_schedule_energy": 0.327110637563674, "mean_number_swaps": 0.1, "drone_utilization": 0.4, "execution_time": 10.900914669036865}