{"completion_time": 2252.873975307245, "mean_delivery_time": 1523.5158942652681, "total_distance": 224548.52009556955, "consumed_energy": 19.727722937514976, "execution_time": 707.6615333557129}