{"completion_time": 5165.407712580159, "mean_schedule_time": 2044.12658155864, "mean_flight_time": 1911.239025424747, "mean_swap_time": 60.0, "mean_idle_time": 72.88755613389299, "mean_delivery_time": 3549.1735861652473, "mean_schedule_distance": 13378.673177973225, "mean_schedule_energy": 1.11455714314186, "mean_number_swaps": 1.0, "drone_utilization": 0.5714285714285714, "total_number_parcel_handover": 3, "mean_number_parcel_handover": 0.2, "execution_time": 315.80909872055054}