{"completion_time": 7100.395117532032, "mean_schedule_time": 468.40031059292085, "mean_flight_time": 450.40031059292085, "mean_swap_time": 18.0, "mean_idle_time": 0.0, "mean_delivery_time": 4684.003105929209, "mean_schedule_distance": 3152.8021741504454, "mean_schedule_energy": 0.31203834895060734, "mean_number_swaps": 0.3, "drone_utilization": 0.1, "execution_time": 0.5510406494140625}