{"completion_time": 10130.11087292085, "mean_schedule_time": 5046.136058176975, "mean_flight_time": 4842.136058176975, "mean_swap_time": 204.0, "mean_idle_time": 0.0, "mean_delivery_time": 3915.4627358900557, "mean_schedule_distance": 33894.952407238816, "mean_schedule_energy": 2.9879258856980293, "mean_number_swaps": 3.4, "drone_utilization": 1.0, "execution_time": 11.49479866027832}