{"completion_time": 6860.395117532032, "mean_schedule_time": 1330.5617217097665, "mean_flight_time": 840.4558479759842, "mean_swap_time": 18.0, "mean_idle_time": 472.10587373378235, "mean_delivery_time": 4564.003105929209, "mean_schedule_distance": 5883.190935831889, "mean_schedule_energy": 0.47586167465149387, "mean_number_swaps": 0.3, "drone_utilization": 0.3, "execution_time": 4.400615930557251}