{"completion_time": 4725.622875215307, "mean_delivery_time": 1943.539973988592, "total_distance": 433868.6771832277, "consumed_energy": 35.02710996224415, "execution_time": 32.87193989753723}