{"completion_time": 3763.783955198057, "mean_delivery_time": 2108.9065468814406, "total_distance": 358945.17306910065, "consumed_energy": 31.43725844462104, "execution_time": 106.50831890106201}