{"completion_time": 22076.26478287731, "mean_schedule_time": 19422.253800255472, "mean_flight_time": 18612.253800255472, "mean_swap_time": 810.0, "mean_idle_time": 0.0, "mean_delivery_time": 10273.68671475147, "mean_schedule_distance": 130285.77660178825, "mean_schedule_energy": 10.23119565334278, "mean_number_swaps": 13.5, "drone_utilization": 1.0, "execution_time": 7.996372938156128}