{"completion_time": 2584.81266301785, "mean_delivery_time": 1362.7378940361662, "total_distance": 95271.67547004913, "consumed_energy": 8.079022302424002, "execution_time": 0.04783177375793457}