{"completion_time": 1461.6181788742176, "mean_delivery_time": 1292.1047407291503, "total_distance": 34498.93274246395, "consumed_energy": 2.5065656897884097, "execution_time": 153.19562792778015}