{"completion_time": 3803.509433085826, "mean_delivery_time": 2142.680995299341, "total_distance": 650428.3843215121, "consumed_energy": 54.59191273367453, "execution_time": 255.5315661430359}