{"completion_time": 10713.900169956261, "mean_schedule_time": 9990.29300795557, "mean_flight_time": 9534.772267114855, "mean_swap_time": 444.0, "mean_idle_time": 11.520740840715007, "mean_delivery_time": 6171.596466811316, "mean_schedule_distance": 66743.405869804, "mean_schedule_energy": 5.647267018983078, "mean_number_swaps": 7.4, "drone_utilization": 1.0, "execution_time": 476.82947278022766}