{"completion_time": 6419.790172960004, "mean_schedule_time": 1562.9727807984862, "mean_flight_time": 1168.7749190250831, "mean_swap_time": 30.0, "mean_idle_time": 364.197861773403, "mean_delivery_time": 3811.938825579152, "mean_schedule_distance": 8181.424433175585, "mean_schedule_energy": 0.5888734688272821, "mean_number_swaps": 0.5, "drone_utilization": 0.4, "execution_time": 138.08568716049194}