{"completion_time": 4417.6457307103665, "mean_schedule_time": 3513.6016134408173, "mean_flight_time": 3319.8145883543525, "mean_swap_time": 108.0, "mean_idle_time": 85.78702508646484, "mean_delivery_time": 3338.990276384672, "mean_schedule_distance": 23238.70211848046, "mean_schedule_energy": 1.911868314841442, "mean_number_swaps": 1.8, "drone_utilization": 1.0, "execution_time": 342.31471705436707}