{"completion_time": 4334.572922600078, "mean_schedule_time": 911.4046599791766, "mean_flight_time": 888.0713266458433, "mean_swap_time": 23.333333333333332, "mean_idle_time": -1.1368683772161603e-13, "mean_delivery_time": 3281.0567759250357, "mean_schedule_distance": 6216.499286520902, "mean_schedule_energy": 0.48829291237691247, "mean_number_swaps": 0.3888888888888889, "drone_utilization": 0.2777777777777778, "execution_time": 2.2175092697143555}