{"completion_time": 5157.025391388785, "mean_delivery_time": 3271.8130470660585, "total_distance": 606848.7726074926, "consumed_energy": 50.86414764050692, "execution_time": 1451.569002866745}