{"completion_time": 6877.967795139055, "mean_schedule_time": 2505.2233590891833, "mean_flight_time": 2024.5774213090942, "mean_swap_time": 62.0, "mean_idle_time": 418.64593778008884, "mean_delivery_time": 3255.864815808515, "mean_schedule_distance": 14172.041949163664, "mean_schedule_energy": 1.1725962722700354, "mean_number_swaps": 1.0333333333333334, "drone_utilization": 0.7, "total_number_parcel_handover": 5, "mean_number_parcel_handover": 0.25, "execution_time": 146.91084599494934}