{"completion_time": 9362.671674303603, "mean_schedule_time": 7568.306131368774, "mean_flight_time": 6920.82713342439, "mean_swap_time": 277.5, "mean_idle_time": 369.978997944384, "mean_delivery_time": 5891.040666299357, "mean_schedule_distance": 48445.789933970766, "mean_schedule_energy": 3.99614119160176, "mean_number_swaps": 4.625, "drone_utilization": 1.0, "total_number_parcel_handover": 7, "mean_number_parcel_handover": 0.28, "execution_time": 815.9688642024994}