{"completion_time": 9559.652115634852, "mean_schedule_time": 4340.5021738462865, "mean_flight_time": 4184.502173846287, "mean_swap_time": 156.0, "mean_idle_time": -9.094947017729282e-13, "mean_delivery_time": 5425.627717307858, "mean_schedule_distance": 29291.515216924006, "mean_schedule_energy": 2.308082325665508, "mean_number_swaps": 2.6, "drone_utilization": 0.8, "execution_time": 0.5832040309906006}