{"completion_time": 7433.105716724251, "mean_schedule_time": 6323.8743015407645, "mean_flight_time": 5754.284410025287, "mean_swap_time": 235.0, "mean_idle_time": 334.5898915154776, "mean_delivery_time": 4629.575583091095, "mean_schedule_distance": 40279.99087017702, "mean_schedule_energy": 3.4985175212587216, "mean_number_swaps": 3.9166666666666665, "drone_utilization": 1.0, "total_number_parcel_handover": 8, "mean_number_parcel_handover": 0.4, "execution_time": 189.67267203330994}