{"completion_time": 6440.74917599592, "mean_schedule_time": 6072.502243260602, "mean_flight_time": 5818.450029967915, "mean_swap_time": 204.0, "mean_idle_time": 50.052213292687156, "mean_delivery_time": 4773.616347435166, "mean_schedule_distance": 40729.1502097754, "mean_schedule_energy": 3.0731058163350125, "mean_number_swaps": 3.4, "drone_utilization": 1.0, "execution_time": 15.053629159927368}