{"completion_time": 6274.418083276423, "mean_schedule_time": 4219.872827600423, "mean_flight_time": 3811.188822562551, "mean_swap_time": 147.27272727272728, "mean_idle_time": 261.4112777651444, "mean_delivery_time": 3948.0401425088635, "mean_schedule_distance": 26678.321757937854, "mean_schedule_energy": 2.2745366949565637, "mean_number_swaps": 2.4545454545454546, "drone_utilization": 1.0, "total_number_parcel_handover": 6, "mean_number_parcel_handover": 0.24, "execution_time": 520.667802810669}