{"completion_time": 5895.373897231312, "mean_schedule_time": 4758.658018375349, "mean_flight_time": 4232.07445435143, "mean_swap_time": 170.4, "mean_idle_time": 356.18356402391873, "mean_delivery_time": 4245.103288730867, "mean_schedule_distance": 29624.52118046003, "mean_schedule_energy": 2.6108493097123073, "mean_number_swaps": 2.84, "drone_utilization": 1.0, "execution_time": 2269.032287120819}