{"completion_time": 5242.266564016443, "mean_schedule_time": 1922.7509188274294, "mean_flight_time": 1773.2416680575502, "mean_swap_time": 54.0, "mean_idle_time": 95.50925076987915, "mean_delivery_time": 3578.076431370001, "mean_schedule_distance": 12412.691676402854, "mean_schedule_energy": 1.0163211194789468, "mean_number_swaps": 0.9, "drone_utilization": 0.55, "total_number_parcel_handover": 4, "mean_number_parcel_handover": 0.4, "execution_time": 84.91408085823059}