{"completion_time": 10440.563147978999, "mean_schedule_time": 7076.157777438425, "mean_flight_time": 6788.157777438426, "mean_swap_time": 288.0, "mean_idle_time": -9.094947017729282e-13, "mean_delivery_time": 4464.937622983115, "mean_schedule_distance": 47517.10444206897, "mean_schedule_energy": 4.251193587020036, "mean_number_swaps": 4.8, "drone_utilization": 1.0, "execution_time": 25.176249980926514}