{"completion_time": 4949.514899847842, "mean_schedule_time": 1014.2347244978703, "mean_flight_time": 984.23472449787, "mean_swap_time": 30.0, "mean_idle_time": 2.2737367544323206e-13, "mean_delivery_time": 3245.551118393185, "mean_schedule_distance": 6889.643071485091, "mean_schedule_energy": 0.5696958910139976, "mean_number_swaps": 0.5, "drone_utilization": 0.3125, "execution_time": 2.430964708328247}