{"completion_time": 8780.973530996709, "mean_schedule_time": 5462.55043437735, "mean_flight_time": 5256.836148663065, "mean_swap_time": 205.71428571428572, "mean_idle_time": 0.0, "mean_delivery_time": 4109.954076850164, "mean_schedule_distance": 36797.853040641465, "mean_schedule_energy": 3.0232654294394257, "mean_number_swaps": 3.4285714285714284, "drone_utilization": 1.0, "execution_time": 26.517775297164917}