{"completion_time": 7246.498384269667, "mean_schedule_time": 1671.2788156121483, "mean_flight_time": 1010.4335045849024, "mean_swap_time": 27.0, "mean_idle_time": 633.8453110272458, "mean_delivery_time": 5927.06168642429, "mean_schedule_distance": 7073.034532094318, "mean_schedule_energy": 0.5947005317853663, "mean_number_swaps": 0.45, "drone_utilization": 0.4, "execution_time": 12.42912220954895}