{"completion_time": 9547.4209204251, "mean_schedule_time": 7195.996342811505, "mean_flight_time": 6849.199033666344, "mean_swap_time": 300.0, "mean_idle_time": 46.79730914516131, "mean_delivery_time": 5420.184930518394, "mean_schedule_distance": 47944.3932356644, "mean_schedule_energy": 4.219833953641642, "mean_number_swaps": 5.0, "drone_utilization": 1.0, "total_number_parcel_handover": 2, "mean_number_parcel_handover": 0.2, "execution_time": 707.7491571903229}