{"completion_time": 4504.077693427805, "mean_schedule_time": 2897.3970948222254, "mean_flight_time": 2748.2979464127666, "mean_swap_time": 78.0, "mean_idle_time": 71.09914840945885, "mean_delivery_time": 3377.9698321827645, "mean_schedule_distance": 19238.08562488937, "mean_schedule_energy": 1.480118781816512, "mean_number_swaps": 1.3, "drone_utilization": 0.8, "execution_time": 35.33182406425476}