{"completion_time": 20572.235690184847, "mean_schedule_time": 15943.250092339138, "mean_flight_time": 15271.250092339134, "mean_swap_time": 672.0, "mean_idle_time": 3.637978807091713e-12, "mean_delivery_time": 8861.634694979548, "mean_schedule_distance": 106898.750646374, "mean_schedule_energy": 8.822069889902952, "mean_number_swaps": 11.2, "drone_utilization": 1.0, "execution_time": 6.554154872894287}