{"completion_time": 4144.554196631011, "mean_schedule_time": 2144.6652904818043, "mean_flight_time": 1653.9387388652212, "mean_swap_time": 40.0, "mean_idle_time": 450.72655161658304, "mean_delivery_time": 3202.144739765702, "mean_schedule_distance": 11577.57117205655, "mean_schedule_energy": 0.9642699947187764, "mean_number_swaps": 0.6666666666666666, "drone_utilization": 0.75, "execution_time": 30.636423110961914}