{"completion_time": 11921.55768089314, "mean_schedule_time": 5483.929551358199, "mean_flight_time": 5271.929551358199, "mean_swap_time": 212.0, "mean_idle_time": 0.0, "mean_delivery_time": 4023.119040521709, "mean_schedule_distance": 36903.506859507404, "mean_schedule_energy": 3.174584223893751, "mean_number_swaps": 3.533333333333333, "drone_utilization": 1.0, "execution_time": 40.201151609420776}