{"completion_time": 6223.699673070627, "mean_schedule_time": 4570.416736385634, "mean_flight_time": 4405.416736385634, "mean_swap_time": 165.0, "mean_idle_time": 0.0, "mean_delivery_time": 4060.28675229386, "mean_schedule_distance": 30837.917154699444, "mean_schedule_energy": 2.5041352898981164, "mean_number_swaps": 2.75, "drone_utilization": 1.0, "total_number_parcel_handover": 0, "mean_number_parcel_handover": 0.0, "execution_time": 2.096299171447754}