{"completion_time": 5597.017373197036, "mean_schedule_time": 4273.220424409487, "mean_flight_time": 4016.015610944664, "mean_swap_time": 156.0, "mean_idle_time": 101.20481346482393, "mean_delivery_time": 3878.4343219657244, "mean_schedule_distance": 28112.10927661265, "mean_schedule_energy": 2.4066250405693204, "mean_number_swaps": 2.6, "drone_utilization": 1.0, "execution_time": 2343.797242164612}