{"completion_time": 9985.101532820641, "mean_schedule_time": 2304.8363388494595, "mean_flight_time": 2224.83633884946, "mean_swap_time": 80.0, "mean_idle_time": -4.547473508864641e-13, "mean_delivery_time": 4609.672677698919, "mean_schedule_distance": 15573.85437194621, "mean_schedule_energy": 1.327272015272735, "mean_number_swaps": 1.3333333333333333, "drone_utilization": 0.5, "execution_time": 25.305721282958984}