{"completion_time": 5530.730592784115, "mean_schedule_time": 1547.6021353589783, "mean_flight_time": 1502.0021353589786, "mean_swap_time": 45.6, "mean_idle_time": -2.2737367544323206e-13, "mean_delivery_time": 3224.171115331205, "mean_schedule_distance": 10514.014947512846, "mean_schedule_energy": 0.8968494112787142, "mean_number_swaps": 0.76, "drone_utilization": 0.48, "execution_time": 17.40481448173523}