{"completion_time": 5762.766703172173, "mean_schedule_time": 1500.9406047863342, "mean_flight_time": 1449.5120333577622, "mean_swap_time": 51.42857142857143, "mean_idle_time": 6.821210263296962e-13, "mean_delivery_time": 2801.7557956011574, "mean_schedule_distance": 10146.584233504338, "mean_schedule_energy": 0.9755956637890213, "mean_number_swaps": 0.8571428571428571, "drone_utilization": 0.5357142857142857, "execution_time": 25.869357585906982}