{"completion_time": 3365.779603645778, "mean_delivery_time": 2445.7236951486498, "total_distance": 701831.1914727206, "consumed_energy": 58.05166184533525, "execution_time": 953.9099569320679}