{"completion_time": 6648.981718052323, "mean_schedule_time": 5266.6286429210795, "mean_flight_time": 4944.310765508541, "mean_swap_time": 183.0, "mean_idle_time": 139.3178774125381, "mean_delivery_time": 4686.36600139056, "mean_schedule_distance": 34610.17535855977, "mean_schedule_energy": 2.856197295328648, "mean_number_swaps": 3.05, "drone_utilization": 1.0, "execution_time": 854.5405509471893}