{"completion_time": 3928.3043220920445, "mean_delivery_time": 2333.142686968137, "total_distance": 719266.2351430532, "consumed_energy": 61.649499149076156, "execution_time": 993.1202635765076}