{"completion_time": 4385.970175302137, "mean_schedule_time": 2348.346261005422, "mean_flight_time": 2105.1205789720066, "mean_swap_time": 56.0, "mean_idle_time": 187.22568203341552, "mean_delivery_time": 3439.001966431704, "mean_schedule_distance": 14735.844052804046, "mean_schedule_energy": 1.0964471852008815, "mean_number_swaps": 0.9333333333333333, "drone_utilization": 0.7333333333333333, "execution_time": 53.01315927505493}