{"completion_time": 7335.392143811013, "mean_schedule_time": 4387.047244783893, "mean_flight_time": 4227.047244783894, "mean_swap_time": 160.0, "mean_idle_time": -9.094947017729282e-13, "mean_delivery_time": 3768.1487281046057, "mean_schedule_distance": 29589.33071348725, "mean_schedule_energy": 2.4526263871488223, "mean_number_swaps": 2.6666666666666665, "drone_utilization": 1.0, "total_number_parcel_handover": 0, "mean_number_parcel_handover": 0.0, "execution_time": 13.375761270523071}