{"completion_time": 21678.43148459207, "mean_schedule_time": 18276.221734274906, "mean_flight_time": 17436.22173427491, "mean_swap_time": 840.0, "mean_idle_time": -3.637978807091713e-12, "mean_delivery_time": 8851.233409130835, "mean_schedule_distance": 122053.55213992442, "mean_schedule_energy": 10.689867064400252, "mean_number_swaps": 14.0, "drone_utilization": 1.0, "execution_time": 18.400752782821655}