{"completion_time": 9348.262764986728, "mean_schedule_time": 1289.165289627059, "mean_flight_time": 1242.022432484202, "mean_swap_time": 47.142857142857146, "mean_idle_time": 0.0, "mean_delivery_time": 3609.6628109557655, "mean_schedule_distance": 8694.157027389416, "mean_schedule_energy": 0.8219699383678961, "mean_number_swaps": 0.7857142857142857, "drone_utilization": 0.35714285714285715, "execution_time": 14.515164136886597}