{"completion_time": 7527.567910396114, "mean_schedule_time": 3179.18547859574, "mean_flight_time": 2997.5906008317297, "mean_swap_time": 108.46153846153847, "mean_idle_time": 73.13333930247154, "mean_delivery_time": 4332.394459873473, "mean_schedule_distance": 20983.13420582211, "mean_schedule_energy": 1.8111720423948876, "mean_number_swaps": 1.8076923076923077, "drone_utilization": 0.6923076923076923, "total_number_parcel_handover": 8, "mean_number_parcel_handover": 0.4, "execution_time": 497.62026715278625}