{"completion_time": 6280.965269821056, "mean_schedule_time": 4916.152723542301, "mean_flight_time": 4738.107645320116, "mean_swap_time": 172.5, "mean_idle_time": 5.545078222185111, "mean_delivery_time": 4484.8350361972425, "mean_schedule_distance": 33166.75351724083, "mean_schedule_energy": 2.813788297089139, "mean_number_swaps": 2.875, "drone_utilization": 1.0, "total_number_parcel_handover": 2, "mean_number_parcel_handover": 0.2, "execution_time": 26.808823585510254}