{"completion_time": 2807.6668250477737, "mean_delivery_time": 1951.6628530742573, "total_distance": 411395.82179247146, "consumed_energy": 33.60336383824521, "execution_time": 274.77113151550293}