{"completion_time": 3961.1576989339114, "mean_delivery_time": 2898.6116329220445, "total_distance": 588102.0090873135, "consumed_energy": 52.383722947975855, "execution_time": 260.3212547302246}