{"completion_time": 11231.037115868061, "mean_schedule_time": 10561.279892717237, "mean_flight_time": 10056.298862672638, "mean_swap_time": 457.5, "mean_idle_time": 47.48103004459881, "mean_delivery_time": 6336.2049942274125, "mean_schedule_distance": 70394.09203870848, "mean_schedule_energy": 6.035840549641727, "mean_number_swaps": 7.625, "drone_utilization": 1.0, "total_number_parcel_handover": 2, "mean_number_parcel_handover": 0.08, "execution_time": 223.4451162815094}