{"completion_time": 5065.684744236109, "mean_delivery_time": 2970.8331901322963, "total_distance": 672033.9024690639, "consumed_energy": 56.79990147200127, "execution_time": 256.3534369468689}