{"completion_time": 5183.69076133085, "mean_schedule_time": 2542.0911010640125, "mean_flight_time": 1941.2927615566323, "mean_swap_time": 50.0, "mean_idle_time": 550.7983395073802, "mean_delivery_time": 4397.870510609718, "mean_schedule_distance": 13589.04933089643, "mean_schedule_energy": 1.0971436979596458, "mean_number_swaps": 0.8333333333333334, "drone_utilization": 0.6666666666666666, "execution_time": 133.97840976715088}