{"completion_time": 5939.129462183791, "mean_delivery_time": 3904.745118668111, "total_distance": 377233.1455561116, "consumed_energy": 31.992529247389168, "execution_time": 691.1376347541809}