{"completion_time": 6085.636668847435, "mean_schedule_time": 1665.775404344538, "mean_flight_time": 1453.809349351677, "mean_swap_time": 39.0, "mean_idle_time": 172.96605499286102, "mean_delivery_time": 3365.270996114931, "mean_schedule_distance": 10176.665445461735, "mean_schedule_energy": 0.8155297844102911, "mean_number_swaps": 0.65, "drone_utilization": 0.5, "execution_time": 82.3968288898468}