{"completion_time": 8709.51455848628, "mean_schedule_time": 4018.3647017359253, "mean_flight_time": 3886.3647017359244, "mean_swap_time": 132.0, "mean_idle_time": 9.094947017729282e-13, "mean_delivery_time": 4018.3647017359253, "mean_schedule_distance": 27204.552912151477, "mean_schedule_energy": 2.3003640570111203, "mean_number_swaps": 2.2, "drone_utilization": 1.0, "execution_time": 4.730548620223999}