{"completion_time": 6282.584504654321, "mean_delivery_time": 2835.711887251808, "total_distance": 596145.4920069083, "consumed_energy": 48.604902293499, "execution_time": 32.10265517234802}