{"completion_time": 12145.169009308642, "mean_schedule_time": 8870.364171527264, "mean_flight_time": 8516.364171527264, "mean_swap_time": 354.0, "mean_idle_time": 0.0, "mean_delivery_time": 5467.423774503617, "mean_schedule_distance": 59614.54920069083, "mean_schedule_energy": 4.8604902293499, "mean_number_swaps": 5.9, "drone_utilization": 1.0, "total_number_parcel_handover": 0, "mean_number_parcel_handover": 0.0, "execution_time": 30.619823932647705}