{"completion_time": 11155.24042790714, "mean_schedule_time": 7798.785500879976, "mean_flight_time": 7468.785500879977, "mean_swap_time": 330.0, "mean_idle_time": -9.094947017729282e-13, "mean_delivery_time": 4916.227290424698, "mean_schedule_distance": 52281.498506159856, "mean_schedule_energy": 4.575137882464356, "mean_number_swaps": 5.5, "drone_utilization": 1.0, "execution_time": 19.812151670455933}