{"completion_time": 7214.543132530936, "mean_schedule_time": 3950.2340825727974, "mean_flight_time": 3800.234082572797, "mean_swap_time": 150.0, "mean_idle_time": 4.547473508864641e-13, "mean_delivery_time": 3590.869999381966, "mean_schedule_distance": 26601.6385780096, "mean_schedule_energy": 2.4544813286480363, "mean_number_swaps": 2.5, "drone_utilization": 0.9166666666666666, "execution_time": 12.174007415771484}