{"completion_time": 7277.571373710831, "mean_schedule_time": 5915.693421170022, "mean_flight_time": 5685.574962556119, "mean_swap_time": 222.85714285714286, "mean_idle_time": 7.261315756759359, "mean_delivery_time": 4391.969427651465, "mean_schedule_distance": 39799.02473789283, "mean_schedule_energy": 3.3656947309835994, "mean_number_swaps": 3.7142857142857144, "drone_utilization": 1.0, "execution_time": 2101.6858797073364}