{"completion_time": 3698.7856868554154, "mean_delivery_time": 2379.7315476106182, "total_distance": 564684.3254860403, "consumed_energy": 47.62986545356529, "execution_time": 1678.6703238487244}