{"completion_time": 2590.0615191532206, "execution_time": 0.004469633102416992}