{"completion_time": 9454.858953320563, "mean_schedule_time": 4994.191445313169, "mean_flight_time": 4814.191445313169, "mean_swap_time": 180.0, "mean_idle_time": 0.0, "mean_delivery_time": 3905.0290950924623, "mean_schedule_distance": 33699.34011719219, "mean_schedule_energy": 2.7953407461419997, "mean_number_swaps": 3.0, "drone_utilization": 1.0, "execution_time": 57.52159142494202}