{"completion_time": 6808.204521547197, "mean_schedule_time": 6289.796543102938, "mean_flight_time": 5941.686844481299, "mean_swap_time": 234.0, "mean_idle_time": 114.10969862163893, "mean_delivery_time": 4626.292917719059, "mean_schedule_distance": 41591.80791136911, "mean_schedule_energy": 3.5687668257688188, "mean_number_swaps": 3.9, "drone_utilization": 1.0, "execution_time": 403.2836380004883}