{"completion_time": 3763.783955198057, "mean_delivery_time": 1877.5362181492771, "total_distance": 273496.0996054712, "consumed_energy": 24.446358890805357, "execution_time": 472.36290287971497}