{"completion_time": 7467.567910396114, "mean_schedule_time": 3667.7697256891524, "mean_flight_time": 2604.724758147344, "mean_swap_time": 92.0, "mean_idle_time": 971.0449675418085, "mean_delivery_time": 3650.0724362985543, "mean_schedule_distance": 18233.073307031413, "mean_schedule_energy": 1.6297572593870238, "mean_number_swaps": 1.5333333333333334, "drone_utilization": 0.9333333333333333, "execution_time": 698.2789173126221}