{"completion_time": 5978.9798674429085, "mean_delivery_time": 2531.0178701641, "total_distance": 641277.5874035775, "consumed_energy": 52.598488259188976, "execution_time": 34.240543842315674}