{"completion_time": 6016.720803032732, "mean_schedule_time": 4748.020824725024, "mean_flight_time": 4110.220572140258, "mean_swap_time": 135.0, "mean_idle_time": 502.800252584766, "mean_delivery_time": 4537.141888274379, "mean_schedule_distance": 28771.5440049818, "mean_schedule_energy": 2.245316820903575, "mean_number_swaps": 2.25, "drone_utilization": 1.0, "total_number_parcel_handover": 15, "mean_number_parcel_handover": 0.6, "execution_time": 2363.2846269607544}