{"completion_time": 6020.598418513843, "mean_schedule_time": 3796.9818047030813, "mean_flight_time": 3574.643483553039, "mean_swap_time": 126.0, "mean_idle_time": 96.33832115004225, "mean_delivery_time": 3627.54229225388, "mean_schedule_distance": 25022.504384871285, "mean_schedule_energy": 2.002164127201404, "mean_number_swaps": 2.1, "drone_utilization": 1.0, "execution_time": 127.38942646980286}