{"completion_time": 1716.795376177116, "execution_time": 0.01572561264038086}