{"completion_time": 13852.2471488239, "mean_schedule_time": 13683.777870933554, "mean_flight_time": 13131.777870933554, "mean_swap_time": 552.0, "mean_idle_time": 0.0, "mean_delivery_time": 7693.189914201575, "mean_schedule_distance": 91922.44509653488, "mean_schedule_energy": 7.208478078774509, "mean_number_swaps": 9.2, "drone_utilization": 1.0, "execution_time": 376.394606590271}