{"completion_time": 4845.467667073491, "mean_schedule_time": 2141.9571704582986, "mean_flight_time": 2077.9571704582986, "mean_swap_time": 64.0, "mean_idle_time": 0.0, "mean_delivery_time": 2677.4464630728735, "mean_schedule_distance": 14545.700193208093, "mean_schedule_energy": 1.2540598692284741, "mean_number_swaps": 1.0666666666666667, "drone_utilization": 0.8, "execution_time": 16.861372470855713}