{"completion_time": 7609.539281224026, "mean_schedule_time": 2792.3494877932026, "mean_flight_time": 2093.5602849301895, "mean_swap_time": 60.0, "mean_idle_time": 638.7892028630131, "mean_delivery_time": 4545.576548707584, "mean_schedule_distance": 14654.92199451133, "mean_schedule_energy": 1.1358715455388644, "mean_number_swaps": 1.0, "drone_utilization": 0.6111111111111112, "execution_time": 145.86254620552063}