{"completion_time": 10290.882200700442, "mean_schedule_time": 6778.6709630936675, "mean_flight_time": 5252.500198473542, "mean_swap_time": 196.36363636363637, "mean_idle_time": 1329.8071282564897, "mean_delivery_time": 6166.4886452785795, "mean_schedule_distance": 36767.50138931478, "mean_schedule_energy": 2.9925693690682946, "mean_number_swaps": 3.272727272727273, "drone_utilization": 1.0, "execution_time": 6216.621915578842}