{"completion_time": 17278.694312642096, "mean_schedule_time": 17051.56286912245, "mean_flight_time": 16332.608483203972, "mean_swap_time": 690.0, "mean_idle_time": 28.954385918477783, "mean_delivery_time": 9227.190289652348, "mean_schedule_distance": 114328.25938242779, "mean_schedule_energy": 8.997587458137208, "mean_number_swaps": 11.5, "drone_utilization": 1.0, "execution_time": 125.76371359825134}