{"completion_time": 6657.459372673189, "mean_schedule_time": 6252.004385428166, "mean_flight_time": 5738.412243280054, "mean_swap_time": 244.0, "mean_idle_time": 269.59214214811163, "mean_delivery_time": 4861.334745637785, "mean_schedule_distance": 40168.88570296038, "mean_schedule_energy": 3.4394162561284856, "mean_number_swaps": 4.066666666666666, "drone_utilization": 1.0, "execution_time": 4906.503904104233}