{"completion_time": 2322.144845457906, "execution_time": 3.002924919128418}