{"completion_time": 7749.580165283411, "mean_schedule_time": 7320.223028353391, "mean_flight_time": 7032.223028353392, "mean_swap_time": 288.0, "mean_idle_time": -9.094947017729282e-13, "mean_delivery_time": 5230.901472219345, "mean_schedule_distance": 49225.56119847373, "mean_schedule_energy": 3.9507557683396284, "mean_number_swaps": 4.8, "drone_utilization": 1.0, "execution_time": 35.35094594955444}