{"completion_time": 26713.696482618532, "mean_schedule_time": 22617.141629067166, "mean_flight_time": 21657.141629067173, "mean_swap_time": 960.0, "mean_idle_time": -7.275957614183426e-12, "mean_delivery_time": 10473.160667271424, "mean_schedule_distance": 151599.9914034702, "mean_schedule_energy": 11.695327653150697, "mean_number_swaps": 16.0, "drone_utilization": 1.0, "execution_time": 1.1397576332092285}