{"completion_time": 1902.4746581162808, "execution_time": 0.01788496971130371}