{"completion_time": 5425.566649791343, "mean_schedule_time": 2832.182622612896, "mean_flight_time": 2515.275929201083, "mean_swap_time": 87.27272727272727, "mean_idle_time": 229.63396613908571, "mean_delivery_time": 3691.324911098674, "mean_schedule_distance": 17606.931504407585, "mean_schedule_energy": 1.5239020362325513, "mean_number_swaps": 1.4545454545454546, "drone_utilization": 0.7272727272727273, "execution_time": 389.6201112270355}