{"completion_time": 6564.899745194506, "mean_delivery_time": 3741.3233639470154, "total_distance": 806603.1150680326, "consumed_energy": 66.91202995874211, "execution_time": 805.9564349651337}