{"completion_time": 9900.696416895122, "mean_schedule_time": 4879.913033980653, "mean_flight_time": 4675.913033980653, "mean_swap_time": 204.0, "mean_idle_time": 0.0, "mean_delivery_time": 6099.891292475817, "mean_schedule_distance": 32731.39123786457, "mean_schedule_energy": 3.08731322776675, "mean_number_swaps": 3.4, "drone_utilization": 0.8, "execution_time": 0.4522237777709961}