{"completion_time": 6137.696103155585, "mean_schedule_time": 5230.890665468521, "mean_flight_time": 5006.0464289126885, "mean_swap_time": 204.0, "mean_idle_time": 20.84423655583214, "mean_delivery_time": 4262.7153577276185, "mean_schedule_distance": 35042.3250023888, "mean_schedule_energy": 3.022170990983058, "mean_number_swaps": 3.4, "drone_utilization": 1.0, "execution_time": 1656.1316859722137}