{"completion_time": 3868.3043220920445, "mean_delivery_time": 2579.404954254899, "total_distance": 769371.3913543943, "consumed_energy": 64.07576646084448, "execution_time": 2301.5316123962402}