{"completion_time": 18294.84395849004, "mean_schedule_time": 10045.157013854057, "mean_flight_time": 9607.157013854056, "mean_swap_time": 438.0, "mean_idle_time": 1.8189894035458565e-12, "mean_delivery_time": 6053.072172061622, "mean_schedule_distance": 67250.0990969784, "mean_schedule_energy": 5.755787309661464, "mean_number_swaps": 7.3, "drone_utilization": 1.0, "execution_time": 25.285781145095825}