{"completion_time": 5278.886800073432, "mean_schedule_time": 3900.5899654810646, "mean_flight_time": 3242.5566157354956, "mean_swap_time": 97.5, "mean_idle_time": 560.533349745569, "mean_delivery_time": 4806.822497104962, "mean_schedule_distance": 22697.896310148473, "mean_schedule_energy": 1.8451424262707272, "mean_number_swaps": 1.625, "drone_utilization": 0.875, "total_number_parcel_handover": 4, "mean_number_parcel_handover": 0.8, "execution_time": 11.15886664390564}