{"completion_time": 5655.282952837005, "mean_schedule_time": 5014.213627780008, "mean_flight_time": 4685.5251542477745, "mean_swap_time": 168.0, "mean_idle_time": 160.68847353223373, "mean_delivery_time": 3859.479482977106, "mean_schedule_distance": 32798.67607973441, "mean_schedule_energy": 2.6392271573584956, "mean_number_swaps": 2.8, "drone_utilization": 1.0, "execution_time": 302.1641867160797}