{"completion_time": 3647.500328598269, "mean_schedule_time": 614.1226993509265, "mean_flight_time": 599.1226993509265, "mean_swap_time": 15.0, "mean_idle_time": 0.0, "mean_delivery_time": 3070.6134967546323, "mean_schedule_distance": 4193.858895456486, "mean_schedule_energy": 0.2852836351981695, "mean_number_swaps": 0.25, "drone_utilization": 0.2, "execution_time": 1.7783229351043701}