{"completion_time": 4202.470987166037, "mean_delivery_time": 2128.2241626452696, "total_distance": 386051.9358784727, "consumed_energy": 35.285041515217266, "execution_time": 1.7501533031463623}