{"completion_time": 6539.472793465203, "mean_schedule_time": 5736.8084220059645, "mean_flight_time": 4932.688344865222, "mean_swap_time": 195.0, "mean_idle_time": 609.120077140743, "mean_delivery_time": 5247.553081600729, "mean_schedule_distance": 34528.81841405654, "mean_schedule_energy": 2.8063939274325196, "mean_number_swaps": 3.25, "drone_utilization": 1.0, "total_number_parcel_handover": 1, "mean_number_parcel_handover": 0.2, "execution_time": 26.953255653381348}