{"completion_time": 5569.202549959434, "mean_schedule_time": 2651.9177680631756, "mean_flight_time": 2564.917768063175, "mean_swap_time": 87.0, "mean_idle_time": 4.547473508864641e-13, "mean_delivery_time": 2946.5752978479727, "mean_schedule_distance": 17954.424376442235, "mean_schedule_energy": 1.566701003131355, "mean_number_swaps": 1.45, "drone_utilization": 0.9, "execution_time": 25.10567831993103}