{"completion_time": 13744.461678048778, "mean_schedule_time": 9909.40090688101, "mean_flight_time": 9496.90090688101, "mean_swap_time": 412.5, "mean_idle_time": 0.0, "mean_delivery_time": 5460.158917867757, "mean_schedule_distance": 66478.30634816705, "mean_schedule_energy": 5.5191331670389765, "mean_number_swaps": 6.875, "drone_utilization": 1.0, "total_number_parcel_handover": 0, "mean_number_parcel_handover": 0.0, "execution_time": 24.21058416366577}