{"completion_time": 8554.31213738426, "mean_schedule_time": 4047.413730892438, "mean_flight_time": 3912.4137308924364, "mean_swap_time": 135.0, "mean_idle_time": 1.3642420526593924e-12, "mean_delivery_time": 3616.4792310236394, "mean_schedule_distance": 27386.89611624707, "mean_schedule_energy": 2.2513326496124213, "mean_number_swaps": 2.25, "drone_utilization": 1.0, "execution_time": 59.11241364479065}