{"completion_time": 33966.77183389393, "mean_schedule_time": 27522.837329041293, "mean_flight_time": 26262.837329041282, "mean_swap_time": 1260.0, "mean_idle_time": 1.0913936421275139e-11, "mean_delivery_time": 12701.513853431901, "mean_schedule_distance": 183839.86130328913, "mean_schedule_energy": 15.22918737291948, "mean_number_swaps": 21.0, "drone_utilization": 1.0, "execution_time": 18.154111623764038}