{"completion_time": 5715.411135411561, "mean_schedule_time": 3012.2695957853425, "mean_flight_time": 2488.450451661053, "mean_swap_time": 81.42857142857143, "mean_idle_time": 442.39057269571776, "mean_delivery_time": 3839.8489740322448, "mean_schedule_distance": 17419.153161627368, "mean_schedule_energy": 1.4494199918437527, "mean_number_swaps": 1.3571428571428572, "drone_utilization": 0.75, "execution_time": 374.99764943122864}