{"completion_time": 14497.35350181362, "mean_schedule_time": 14008.338758177464, "mean_flight_time": 13068.255204434643, "mean_swap_time": 552.0, "mean_idle_time": 388.0835537428211, "mean_delivery_time": 8078.366779502799, "mean_schedule_distance": 91477.78643104246, "mean_schedule_energy": 7.385098538965069, "mean_number_swaps": 9.2, "drone_utilization": 1.0, "execution_time": 7347.122405529022}