{"completion_time": 6562.013432630052, "mean_schedule_time": 3236.615918418491, "mean_flight_time": 3116.615918418491, "mean_swap_time": 120.0, "mean_idle_time": 0.0, "mean_delivery_time": 4285.066025317641, "mean_schedule_distance": 21816.31142892944, "mean_schedule_energy": 1.8447412306498365, "mean_number_swaps": 2.0, "drone_utilization": 0.7, "execution_time": 3.0676932334899902}