{"completion_time": 17064.264846753726, "mean_schedule_time": 16539.955167495333, "mean_flight_time": 15879.955167495336, "mean_swap_time": 660.0, "mean_idle_time": -3.637978807091713e-12, "mean_delivery_time": 8957.303948166327, "mean_schedule_distance": 111159.68617246734, "mean_schedule_energy": 8.807473065539583, "mean_number_swaps": 11.0, "drone_utilization": 1.0, "total_number_parcel_handover": 1, "mean_number_parcel_handover": 0.06666666666666667, "execution_time": 442.2698748111725}