{"completion_time": 13933.887239850537, "mean_schedule_time": 12853.787696194753, "mean_flight_time": 12325.787696194757, "mean_swap_time": 528.0, "mean_idle_time": -3.637978807091713e-12, "mean_delivery_time": 7563.502777814632, "mean_schedule_distance": 86280.51387336328, "mean_schedule_energy": 6.940806816134044, "mean_number_swaps": 8.8, "drone_utilization": 1.0, "execution_time": 41.2249960899353}