{"completion_time": 11921.578185845085, "mean_schedule_time": 11504.682513361458, "mean_flight_time": 11000.682513361458, "mean_swap_time": 504.0, "mean_idle_time": 0.0, "mean_delivery_time": 6441.099517714274, "mean_schedule_distance": 77004.77759353019, "mean_schedule_energy": 6.405684221487512, "mean_number_swaps": 8.4, "drone_utilization": 1.0, "execution_time": 50.408485651016235}