{"completion_time": 5821.221566738081, "mean_schedule_time": 3661.7711839661765, "mean_flight_time": 3378.4849603746907, "mean_swap_time": 105.6, "mean_idle_time": 177.68622359148594, "mean_delivery_time": 3606.6168828137647, "mean_schedule_distance": 23649.39472262284, "mean_schedule_energy": 1.8979968240261968, "mean_number_swaps": 1.76, "drone_utilization": 1.0, "execution_time": 526.3103559017181}