{"completion_time": 34057.34375056714, "mean_schedule_time": 28298.314918753098, "mean_flight_time": 27110.314918753098, "mean_swap_time": 1188.0, "mean_idle_time": 0.0, "mean_delivery_time": 13180.79065068969, "mean_schedule_distance": 189772.2044312716, "mean_schedule_energy": 15.250514320622688, "mean_number_swaps": 19.8, "drone_utilization": 1.0, "execution_time": 14.946247816085815}