{"completion_time": 9436.07779869951, "mean_schedule_time": 9111.437140728407, "mean_flight_time": 8599.255045549422, "mean_swap_time": 366.0, "mean_idle_time": 146.18209517898504, "mean_delivery_time": 5948.005164672697, "mean_schedule_distance": 60194.78531884594, "mean_schedule_energy": 4.849078507832183, "mean_number_swaps": 6.1, "drone_utilization": 1.0, "execution_time": 945.7785520553589}