{"completion_time": 7830.97721244573, "mean_schedule_time": 4429.205007694858, "mean_flight_time": 3614.726177871211, "mean_swap_time": 105.0, "mean_idle_time": 709.4788298236472, "mean_delivery_time": 4453.853483001802, "mean_schedule_distance": 25303.083245098474, "mean_schedule_energy": 1.99188783692193, "mean_number_swaps": 1.75, "drone_utilization": 1.0, "total_number_parcel_handover": 9, "mean_number_parcel_handover": 0.6, "execution_time": 676.6225829124451}