{"completion_time": 9092.45609722745, "mean_schedule_time": 5254.437786608121, "mean_flight_time": 5053.00921517955, "mean_swap_time": 201.42857142857142, "mean_idle_time": 0.0, "mean_delivery_time": 4168.167120453404, "mean_schedule_distance": 35371.06450625686, "mean_schedule_energy": 3.0282621093785673, "mean_number_swaps": 3.357142857142857, "drone_utilization": 1.0, "total_number_parcel_handover": 0, "mean_number_parcel_handover": 0.0, "execution_time": 20.08084988594055}