{"completion_time": 6770.612057544444, "mean_schedule_time": 5218.2496615000755, "mean_flight_time": 4849.539660331254, "mean_swap_time": 187.5, "mean_idle_time": 181.2100011688217, "mean_delivery_time": 4381.367486175871, "mean_schedule_distance": 33946.77762231876, "mean_schedule_energy": 2.813861520337432, "mean_number_swaps": 3.125, "drone_utilization": 1.0, "total_number_parcel_handover": 5, "mean_number_parcel_handover": 0.5, "execution_time": 79.50237965583801}