{"completion_time": 3807.19311115618, "mean_delivery_time": 1908.5713079623433, "total_distance": 568495.4021968874, "consumed_energy": 46.94809891754545, "execution_time": 39.73828721046448}