{"completion_time": 4823.595892075341, "mean_delivery_time": 2791.6942197248873, "total_distance": 648906.9433706715, "consumed_energy": 55.96016120843331, "execution_time": 5.171781778335571}