{"completion_time": 10732.651706095747, "mean_schedule_time": 7525.017669132275, "mean_flight_time": 7213.017669132275, "mean_swap_time": 312.0, "mean_idle_time": 0.0, "mean_delivery_time": 4684.405132883078, "mean_schedule_distance": 50491.12368392592, "mean_schedule_energy": 4.533638605908209, "mean_number_swaps": 5.2, "drone_utilization": 1.0, "execution_time": 30.769347429275513}