{"completion_time": 9048.262764986728, "mean_schedule_time": 5169.764115935287, "mean_flight_time": 3853.3745809343654, "mean_swap_time": 140.0, "mean_idle_time": 1176.3895350009216, "mean_delivery_time": 4977.099022681212, "mean_schedule_distance": 26973.622066540574, "mean_schedule_energy": 2.400177683331314, "mean_number_swaps": 2.3333333333333335, "drone_utilization": 1.0, "execution_time": 1904.077172756195}