{"completion_time": 6014.857417802351, "mean_schedule_time": 1010.3430284002876, "mean_flight_time": 709.9583524876971, "mean_swap_time": 15.0, "mean_idle_time": 285.3846759125905, "mean_delivery_time": 2807.8786053780905, "mean_schedule_distance": 4969.708467413877, "mean_schedule_energy": 0.4250056050060057, "mean_number_swaps": 0.25, "drone_utilization": 0.35714285714285715, "execution_time": 18.6783127784729}