{"completion_time": 3227.9820450455686, "execution_time": 0.04109001159667969}