{"completion_time": 6564.571761850817, "mean_schedule_time": 4688.016331769015, "mean_flight_time": 3958.7332642736037, "mean_swap_time": 127.5, "mean_idle_time": 601.7830674954112, "mean_delivery_time": 4280.615272537486, "mean_schedule_distance": 27711.132849915237, "mean_schedule_energy": 2.249838790586664, "mean_number_swaps": 2.125, "drone_utilization": 1.0, "total_number_parcel_handover": 13, "mean_number_parcel_handover": 0.8666666666666667, "execution_time": 901.2717487812042}