{"completion_time": 4063.783955198057, "mean_delivery_time": 1615.957109567221, "total_distance": 295727.5934751753, "consumed_energy": 27.04043728042065, "execution_time": 16.728546380996704}