{"completion_time": 3763.783955198057, "mean_delivery_time": 2056.6740679695904, "total_distance": 468989.1629525613, "consumed_energy": 42.52907377514134, "execution_time": 437.67099690437317}