{"completion_time": 4847.791338929941, "mean_schedule_time": 2680.358346984994, "mean_flight_time": 2399.793547532561, "mean_swap_time": 70.0, "mean_idle_time": 210.5647994524329, "mean_delivery_time": 3124.464471759801, "mean_schedule_distance": 16798.554832727932, "mean_schedule_energy": 1.4484524832613423, "mean_number_swaps": 1.1666666666666667, "drone_utilization": 0.875, "total_number_parcel_handover": 5, "mean_number_parcel_handover": 0.25, "execution_time": 421.7868528366089}