{"completion_time": 3751.2088241060565, "mean_schedule_time": 1914.1253801750136, "mean_flight_time": 1693.0103827602125, "mean_swap_time": 54.0, "mean_idle_time": 167.1149974148011, "mean_delivery_time": 3279.414124904057, "mean_schedule_distance": 11851.072679321489, "mean_schedule_energy": 0.9591645289082678, "mean_number_swaps": 0.9, "drone_utilization": 0.6, "total_number_parcel_handover": 1, "mean_number_parcel_handover": 0.2, "execution_time": 6.133613586425781}