{"completion_time": 3805.824612935336, "mean_delivery_time": 2697.8979170905177, "total_distance": 591769.3138896577, "consumed_energy": 48.98494863097981, "execution_time": 198.67283177375793}