{"completion_time": 6494.150127131732, "mean_schedule_time": 2446.896061064089, "mean_flight_time": 2368.1460610640897, "mean_swap_time": 78.75, "mean_idle_time": -9.094947017729282e-13, "mean_delivery_time": 3915.033697702542, "mean_schedule_distance": 16577.02242744862, "mean_schedule_energy": 1.3678684896664934, "mean_number_swaps": 1.3125, "drone_utilization": 0.625, "execution_time": 8.39933443069458}