{"completion_time": 20769.325232677533, "mean_schedule_time": 18936.11931787279, "mean_flight_time": 18048.11931787279, "mean_swap_time": 888.0, "mean_idle_time": 0.0, "mean_delivery_time": 8928.48562737356, "mean_schedule_distance": 126336.83522510956, "mean_schedule_energy": 11.013347526367514, "mean_number_swaps": 14.8, "drone_utilization": 1.0, "execution_time": 15.87361478805542}