{"completion_time": 9108.262764986728, "mean_schedule_time": 7747.443300818528, "mean_flight_time": 6321.899330630476, "mean_swap_time": 252.0, "mean_idle_time": 1173.5439701880523, "mean_delivery_time": 6103.112013180792, "mean_schedule_distance": 44253.29531441336, "mean_schedule_energy": 3.7510717416762263, "mean_number_swaps": 4.2, "drone_utilization": 1.0, "execution_time": 6459.622390031815}