{"completion_time": 4486.566732042604, "mean_schedule_time": 1234.4611275476723, "mean_flight_time": 1017.2262889246052, "mean_swap_time": 31.2, "mean_idle_time": 186.03483862306712, "mean_delivery_time": 3064.9150354625363, "mean_schedule_distance": 7120.584022472235, "mean_schedule_energy": 0.6607591449002149, "mean_number_swaps": 0.52, "drone_utilization": 0.4, "execution_time": 428.0887293815613}