{"completion_time": 5452.312737555718, "mean_delivery_time": 2376.0639075770423, "total_distance": 570753.0934956536, "consumed_energy": 46.39031160452256, "execution_time": 38.35730528831482}