{"completion_time": 11877.632719542326, "mean_schedule_time": 5995.617727898665, "mean_flight_time": 5777.046299327235, "mean_swap_time": 218.57142857142858, "mean_idle_time": 1.8189894035458565e-12, "mean_delivery_time": 4799.0153622791195, "mean_schedule_distance": 40439.32409529067, "mean_schedule_energy": 3.373494519442437, "mean_number_swaps": 3.642857142857143, "drone_utilization": 1.0, "total_number_parcel_handover": 0, "mean_number_parcel_handover": 0.0, "execution_time": 19.497390270233154}