{"completion_time": 2352.6475470526652, "mean_delivery_time": 1237.4691705235064, "total_distance": 98907.41032397455, "consumed_energy": 8.507543104894387, "execution_time": 5.117742300033569}