{"completion_time": 9465.868429073955, "mean_schedule_time": 6082.732397859397, "mean_flight_time": 5842.732397859398, "mean_swap_time": 240.0, "mean_idle_time": -9.094947017729282e-13, "mean_delivery_time": 4806.062832803023, "mean_schedule_distance": 40899.12678501578, "mean_schedule_energy": 3.4411886174138453, "mean_number_swaps": 4.0, "drone_utilization": 1.0, "execution_time": 8.964498519897461}