{"completion_time": 10418.497828782665, "mean_schedule_time": 7583.619907677959, "mean_flight_time": 7283.619907677958, "mean_swap_time": 300.0, "mean_idle_time": 1.8189894035458565e-12, "mean_delivery_time": 5031.529192992653, "mean_schedule_distance": 50985.33935374573, "mean_schedule_energy": 4.158073275861994, "mean_number_swaps": 5.0, "drone_utilization": 1.0, "execution_time": 2.0180656909942627}