{"completion_time": 3763.783955198057, "mean_delivery_time": 2248.8066118018983, "total_distance": 252609.5304139545, "consumed_energy": 23.020948072491485, "execution_time": 167.91731810569763}