{"completion_time": 7467.567910396114, "mean_schedule_time": 1954.6088167978405, "mean_flight_time": 1503.6281572259188, "mean_swap_time": 52.5, "mean_idle_time": 398.4806595719217, "mean_delivery_time": 4389.6132236037965, "mean_schedule_distance": 10525.397100581436, "mean_schedule_energy": 0.9592061696871452, "mean_number_swaps": 0.875, "drone_utilization": 0.4583333333333333, "execution_time": 250.1461420059204}