{"completion_time": 5949.681720923662, "mean_schedule_time": 4147.040438501885, "mean_flight_time": 3819.9940784448013, "mean_swap_time": 146.4, "mean_idle_time": 180.64636005708326, "mean_delivery_time": 3933.450318903586, "mean_schedule_distance": 26739.9585491136, "mean_schedule_energy": 2.3287970230725783, "mean_number_swaps": 2.44, "drone_utilization": 0.96, "execution_time": 388.8354272842407}