{"completion_time": 8072.983576713982, "mean_schedule_time": 6948.35194342038, "mean_flight_time": 6502.515068681172, "mean_swap_time": 270.0, "mean_idle_time": 175.83687473920781, "mean_delivery_time": 5031.482836625576, "mean_schedule_distance": 45517.605480768216, "mean_schedule_energy": 3.908370283859612, "mean_number_swaps": 4.5, "drone_utilization": 1.0, "execution_time": 117.66386365890503}