{"completion_time": 6042.414463016365, "mean_schedule_time": 3647.2202249675443, "mean_flight_time": 3219.171280732047, "mean_swap_time": 115.38461538461539, "mean_idle_time": 312.66432885088216, "mean_delivery_time": 3854.828912062565, "mean_schedule_distance": 22534.198965124313, "mean_schedule_energy": 2.0110739839360687, "mean_number_swaps": 1.9230769230769231, "drone_utilization": 0.9230769230769231, "execution_time": 262.9733600616455}