{"completion_time": 8118.839766293897, "mean_schedule_time": 6987.912862984888, "mean_flight_time": 5895.80332153431, "mean_swap_time": 225.0, "mean_idle_time": 867.109541450578, "mean_delivery_time": 5867.496752946399, "mean_schedule_distance": 41270.62325074016, "mean_schedule_energy": 3.334541175053567, "mean_number_swaps": 3.75, "drone_utilization": 1.0, "total_number_parcel_handover": 21, "mean_number_parcel_handover": 0.84, "execution_time": 8634.90326333046}