{"completion_time": 3134.45917900067, "execution_time": 0.26332664489746094}