{"completion_time": 11105.27539749458, "mean_delivery_time": 4984.906488026243, "total_distance": 691822.5960275922, "consumed_energy": 56.649191801686456, "execution_time": 761.2754671573639}