{"completion_time": 21661.092077319085, "mean_schedule_time": 21044.886345792573, "mean_flight_time": 20128.463973294096, "mean_swap_time": 880.0, "mean_idle_time": 36.42237249847676, "mean_delivery_time": 11294.596291136197, "mean_schedule_distance": 140899.24781305852, "mean_schedule_energy": 11.43619183254257, "mean_number_swaps": 14.666666666666666, "drone_utilization": 1.0, "execution_time": 531.2060632705688}