{"completion_time": 4334.572922600078, "mean_schedule_time": 634.9349522674135, "mean_flight_time": 619.9349522674135, "mean_swap_time": 15.0, "mean_idle_time": 0.0, "mean_delivery_time": 3047.6877708835846, "mean_schedule_distance": 4339.544665871895, "mean_schedule_energy": 0.35963948983068894, "mean_number_swaps": 0.25, "drone_utilization": 0.20833333333333334, "execution_time": 3.044726848602295}