{"completion_time": 3198.236389462357, "mean_delivery_time": 1666.730531509366, "total_distance": 261530.7292935735, "consumed_energy": 23.400361999311865, "execution_time": 12.287423372268677}