{"completion_time": 5865.64999792005, "mean_schedule_time": 4450.500073429315, "mean_flight_time": 4173.365667330757, "mean_swap_time": 141.42857142857142, "mean_idle_time": 135.70583466998687, "mean_delivery_time": 4209.9089293430125, "mean_schedule_distance": 29213.559671315303, "mean_schedule_energy": 2.284599932089238, "mean_number_swaps": 2.357142857142857, "drone_utilization": 1.0, "execution_time": 369.94971680641174}