{"completion_time": 2656.038843333049, "execution_time": 27.62738800048828}