{"completion_time": 7268.378021878029, "mean_schedule_time": 5354.359498966485, "mean_flight_time": 4874.901107502356, "mean_swap_time": 196.0, "mean_idle_time": 283.4583914641289, "mean_delivery_time": 4459.637979443857, "mean_schedule_distance": 34124.3077525165, "mean_schedule_energy": 3.0042544503873128, "mean_number_swaps": 3.2666666666666666, "drone_utilization": 1.0, "execution_time": 349.21873021125793}