{"completion_time": 980.3652704309766, "execution_time": 0.5119318962097168}