{"completion_time": 1283.9325700370496, "execution_time": 0.001321554183959961}