{"completion_time": 8988.262764986728, "mean_schedule_time": 3935.2778129680178, "mean_flight_time": 3216.9873570030595, "mean_swap_time": 120.0, "mean_idle_time": 598.2904559649583, "mean_delivery_time": 4183.098861667474, "mean_schedule_distance": 22518.911499021422, "mean_schedule_energy": 1.9283096431980258, "mean_number_swaps": 2.0, "drone_utilization": 0.9, "execution_time": 6450.363694190979}