{"completion_time": 6588.981718052323, "mean_schedule_time": 5189.41374264091, "mean_flight_time": 4600.233302715729, "mean_swap_time": 160.0, "mean_idle_time": 429.1804399251805, "mean_delivery_time": 4655.825950521034, "mean_schedule_distance": 32201.633119010094, "mean_schedule_energy": 2.653679890879834, "mean_number_swaps": 2.6666666666666665, "drone_utilization": 1.0, "execution_time": 385.67426204681396}