{"completion_time": 3134.6018835749464, "mean_delivery_time": 2412.8045885873503, "total_distance": 506365.1741122906, "consumed_energy": 41.41420763259019, "execution_time": 387.78781032562256}