{"completion_time": 10837.201918173845, "mean_schedule_time": 4176.99070150213, "mean_flight_time": 4039.847844359272, "mean_swap_time": 137.14285714285714, "mean_idle_time": 9.094947017729282e-13, "mean_delivery_time": 4061.911308724929, "mean_schedule_distance": 28278.934910514905, "mean_schedule_energy": 2.276962505721912, "mean_number_swaps": 2.2857142857142856, "drone_utilization": 1.0, "execution_time": 11.850068092346191}