{"completion_time": 4569.803014989252, "mean_schedule_time": 1528.4738175816433, "mean_flight_time": 1314.4337379039487, "mean_swap_time": 42.0, "mean_idle_time": 172.04007967769462, "mean_delivery_time": 2507.258528738918, "mean_schedule_distance": 9201.036165327643, "mean_schedule_energy": 0.8602787099976459, "mean_number_swaps": 0.7, "drone_utilization": 0.6, "execution_time": 159.53797483444214}