{"completion_time": 3912.2247705717327, "mean_delivery_time": 2620.584585318589, "total_distance": 804587.7176026911, "consumed_energy": 66.41523676536558, "execution_time": 3620.1620597839355}