{"completion_time": 7812.072492427506, "mean_schedule_time": 5962.523219120004, "mean_flight_time": 5704.907756170644, "mean_swap_time": 228.0, "mean_idle_time": 29.615462949360335, "mean_delivery_time": 4934.538983585128, "mean_schedule_distance": 39934.354293194476, "mean_schedule_energy": 3.3025840324839697, "mean_number_swaps": 3.8, "drone_utilization": 1.0, "execution_time": 3584.632448196411}