{"completion_time": 6254.150127131734, "mean_schedule_time": 2952.922325010133, "mean_flight_time": 2374.1106431382655, "mean_swap_time": 66.0, "mean_idle_time": 512.8116818718677, "mean_delivery_time": 3827.3494870542686, "mean_schedule_distance": 16618.774501967862, "mean_schedule_energy": 1.3893258017553858, "mean_number_swaps": 1.1, "drone_utilization": 0.8, "execution_time": 893.4555997848511}