{"completion_time": 5152.608660385484, "mean_schedule_time": 2495.3744768641, "mean_flight_time": 2160.1710786829553, "mean_swap_time": 55.2, "mean_idle_time": 280.0033981811448, "mean_delivery_time": 2909.5758850049288, "mean_schedule_distance": 15121.197550780691, "mean_schedule_energy": 1.2704911565210921, "mean_number_swaps": 0.92, "drone_utilization": 0.8, "execution_time": 806.5695128440857}