{"completion_time": 13134.78567541872, "mean_schedule_time": 10159.485988492992, "mean_flight_time": 9789.48598849299, "mean_swap_time": 370.0, "mean_idle_time": 1.8189894035458565e-12, "mean_delivery_time": 6163.399046715847, "mean_schedule_distance": 68526.40191945093, "mean_schedule_energy": 5.365426779460144, "mean_number_swaps": 6.166666666666667, "drone_utilization": 1.0, "total_number_parcel_handover": 0, "mean_number_parcel_handover": 0.0, "execution_time": 7.058993577957153}