{"completion_time": 6088.123078703579, "mean_schedule_time": 5785.098757104437, "mean_flight_time": 5275.5270507181585, "mean_swap_time": 196.0, "mean_idle_time": 313.5717063862785, "mean_delivery_time": 5152.230129240641, "mean_schedule_distance": 36928.68935502706, "mean_schedule_energy": 3.015757340625322, "mean_number_swaps": 3.2666666666666666, "drone_utilization": 1.0, "execution_time": 7354.839614868164}