{"completion_time": 3168.8801656237124, "mean_delivery_time": 2711.850183544623, "total_distance": 552895.152911739, "consumed_energy": 45.23255644366402, "execution_time": 3392.5732851028442}