{"completion_time": 17941.990910503162, "mean_schedule_time": 17668.385805166377, "mean_flight_time": 16852.385805166377, "mean_swap_time": 816.0, "mean_idle_time": 0.0, "mean_delivery_time": 8625.695249686461, "mean_schedule_distance": 117966.7006361646, "mean_schedule_energy": 10.143666759497892, "mean_number_swaps": 13.6, "drone_utilization": 1.0, "execution_time": 1867.573236465454}