{"completion_time": 3942.2088392035466, "mean_schedule_time": 902.9194629450573, "mean_flight_time": 832.9793198578506, "mean_swap_time": 22.0, "mean_idle_time": 47.94014308720671, "mean_delivery_time": 2436.737732244184, "mean_schedule_distance": 5830.855239004953, "mean_schedule_energy": 0.4856579369164415, "mean_number_swaps": 0.36666666666666664, "drone_utilization": 0.36666666666666664, "execution_time": 60.720478773117065}