{"completion_time": 5061.025552503254, "mean_delivery_time": 2574.7081627806488, "total_distance": 175694.7575706203, "consumed_energy": 14.328919014216249, "execution_time": 3.745680332183838}