{"completion_time": 9702.051105006509, "mean_schedule_time": 5398.4096213942275, "mean_flight_time": 5019.850216303437, "mean_swap_time": 192.0, "mean_idle_time": 186.55940509079028, "mean_delivery_time": 4979.4163255612975, "mean_schedule_distance": 35138.95151412406, "mean_schedule_energy": 2.8657838028432496, "mean_number_swaps": 3.2, "drone_utilization": 1.0, "execution_time": 4.387516021728516}