{"completion_time": 16036.381545731796, "mean_schedule_time": 8326.153036807098, "mean_flight_time": 7972.153036807096, "mean_swap_time": 354.0, "mean_idle_time": 1.8189894035458565e-12, "mean_delivery_time": 5441.782915967255, "mean_schedule_distance": 55805.0712576497, "mean_schedule_energy": 4.776489366835836, "mean_number_swaps": 5.9, "drone_utilization": 1.0, "execution_time": 19.171571731567383}