{"completion_time": 15228.90096540697, "mean_schedule_time": 7491.872042069447, "mean_flight_time": 7187.58632778373, "mean_swap_time": 304.2857142857143, "mean_idle_time": 2.7284841053187847e-12, "mean_delivery_time": 5176.525328308302, "mean_schedule_distance": 50313.104294486126, "mean_schedule_energy": 4.236925430174573, "mean_number_swaps": 5.071428571428571, "drone_utilization": 1.0, "total_number_parcel_handover": 0, "mean_number_parcel_handover": 0.0, "execution_time": 36.3005747795105}