{"completion_time": 7527.567910396114, "mean_schedule_time": 3422.784882577093, "mean_flight_time": 2876.3690604529916, "mean_swap_time": 103.63636363636364, "mean_idle_time": 442.7794584877379, "mean_delivery_time": 3845.175033069029, "mean_schedule_distance": 20134.583423170945, "mean_schedule_energy": 1.8276534624235516, "mean_number_swaps": 1.7272727272727273, "drone_utilization": 0.8636363636363636, "total_number_parcel_handover": 6, "mean_number_parcel_handover": 0.3, "execution_time": 614.8290936946869}