{"completion_time": 10684.58458886547, "mean_schedule_time": 4473.990621561994, "mean_flight_time": 4320.990621561991, "mean_swap_time": 153.0, "mean_idle_time": 2.7284841053187847e-12, "mean_delivery_time": 4320.6992054151815, "mean_schedule_distance": 30246.93435093395, "mean_schedule_energy": 2.636550484124933, "mean_number_swaps": 2.55, "drone_utilization": 1.0, "execution_time": 31.44002366065979}