{"completion_time": 5949.681720923662, "mean_schedule_time": 3564.2889220311436, "mean_flight_time": 3349.0660514340043, "mean_swap_time": 126.92307692307692, "mean_idle_time": 88.29979367406213, "mean_delivery_time": 3870.5544823504893, "mean_schedule_distance": 23443.46236003803, "mean_schedule_energy": 2.0105545683185064, "mean_number_swaps": 2.1153846153846154, "drone_utilization": 0.8461538461538461, "total_number_parcel_handover": 9, "mean_number_parcel_handover": 0.36, "execution_time": 1384.9256880283356}