{"completion_time": 8988.262764986728, "mean_schedule_time": 3981.8006342881554, "mean_flight_time": 2849.6249810480203, "mean_swap_time": 98.0, "mean_idle_time": 1034.175653240135, "mean_delivery_time": 4719.2324684358955, "mean_schedule_distance": 19947.374867336137, "mean_schedule_energy": 1.6555570520330924, "mean_number_swaps": 1.6333333333333333, "drone_utilization": 0.8, "execution_time": 10216.09718465805}