{"completion_time": 10044.131922457816, "mean_schedule_time": 5012.0277171032885, "mean_flight_time": 4854.5277171032885, "mean_swap_time": 157.5, "mean_idle_time": 0.0, "mean_delivery_time": 4378.071595696712, "mean_schedule_distance": 33981.69401972301, "mean_schedule_energy": 2.539460277704248, "mean_number_swaps": 2.625, "drone_utilization": 1.0, "execution_time": 4.817220449447632}