{"completion_time": 3910.4054828386197, "mean_schedule_time": 2267.383121217029, "mean_flight_time": 2182.377115912875, "mean_swap_time": 54.0, "mean_idle_time": 31.00600530415386, "mean_delivery_time": 3354.1258123472653, "mean_schedule_distance": 15276.639811390127, "mean_schedule_energy": 1.126492690226302, "mean_number_swaps": 0.9, "drone_utilization": 0.7, "execution_time": 6.576937437057495}