{"completion_time": 5768.099545339262, "mean_schedule_time": 4838.800507609786, "mean_flight_time": 4111.744255942668, "mean_swap_time": 129.23076923076923, "mean_idle_time": 597.8254824363485, "mean_delivery_time": 4652.053528580164, "mean_schedule_distance": 28782.20979159866, "mean_schedule_energy": 2.232477094231934, "mean_number_swaps": 2.1538461538461537, "drone_utilization": 1.0, "execution_time": 3148.4329130649567}