{"completion_time": 10848.379198153925, "mean_schedule_time": 10309.018925472263, "mean_flight_time": 9366.7475843645, "mean_swap_time": 384.0, "mean_idle_time": 558.271341107762, "mean_delivery_time": 7155.736545974816, "mean_schedule_distance": 65567.23309055151, "mean_schedule_energy": 5.507699599700081, "mean_number_swaps": 6.4, "drone_utilization": 1.0, "total_number_parcel_handover": 5, "mean_number_parcel_handover": 0.25, "execution_time": 710.1923205852509}