{"completion_time": 20092.068336371918, "mean_schedule_time": 14435.755195407037, "mean_flight_time": 13813.255195407044, "mean_swap_time": 622.5, "mean_idle_time": -7.275957614183426e-12, "mean_delivery_time": 8277.02519933225, "mean_schedule_distance": 96692.78636784923, "mean_schedule_energy": 8.073203251285626, "mean_number_swaps": 10.375, "drone_utilization": 1.0, "total_number_parcel_handover": 0, "mean_number_parcel_handover": 0.0, "execution_time": 16.50335693359375}