{"completion_time": 10055.363908099389, "mean_schedule_time": 9648.044104092136, "mean_flight_time": 9216.238155987367, "mean_swap_time": 360.0, "mean_idle_time": 71.80594810476941, "mean_delivery_time": 5588.39964343863, "mean_schedule_distance": 64513.66709191153, "mean_schedule_energy": 4.948438241030815, "mean_number_swaps": 6.0, "drone_utilization": 1.0, "execution_time": 50.04756188392639}