{"completion_time": 9092.951734148905, "mean_schedule_time": 5841.276934911649, "mean_flight_time": 4910.242071459234, "mean_swap_time": 186.0, "mean_idle_time": 745.0348634524153, "mean_delivery_time": 6099.105928518635, "mean_schedule_distance": 34371.694500214624, "mean_schedule_energy": 2.9367536034974195, "mean_number_swaps": 3.1, "drone_utilization": 0.9, "execution_time": 2313.6704394817352}