{"completion_time": 9065.64420662852, "mean_schedule_time": 5753.7257807443875, "mean_flight_time": 4496.905133322838, "mean_swap_time": 171.0, "mean_idle_time": 1085.8206474215494, "mean_delivery_time": 5753.7257807443875, "mean_schedule_distance": 31478.33593325988, "mean_schedule_energy": 2.67484585251436, "mean_number_swaps": 2.85, "drone_utilization": 1.0, "total_number_parcel_handover": 9, "mean_number_parcel_handover": 0.45, "execution_time": 439.3437452316284}