{"completion_time": 6424.0004407784245, "mean_schedule_time": 5816.1712041011, "mean_flight_time": 5382.720606119996, "mean_swap_time": 220.0, "mean_idle_time": 213.45059798110378, "mean_delivery_time": 4546.692855985576, "mean_schedule_distance": 37679.044242839955, "mean_schedule_energy": 3.2815058999182765, "mean_number_swaps": 3.6666666666666665, "drone_utilization": 1.0, "execution_time": 2985.486261367798}