{"completion_time": 5844.6059894202035, "mean_schedule_time": 1065.7435928133305, "mean_flight_time": 804.7187955090428, "mean_swap_time": 24.0, "mean_idle_time": 237.02479730428763, "mean_delivery_time": 5442.142211148935, "mean_schedule_distance": 5633.031568563301, "mean_schedule_energy": 0.4816437470994222, "mean_number_swaps": 0.4, "drone_utilization": 0.25, "execution_time": 5.519925117492676}