{"completion_time": 8030.136502703792, "mean_delivery_time": 4158.899678339088, "total_distance": 499772.3001349119, "consumed_energy": 43.071180997202426, "execution_time": 486.6884434223175}