{"completion_time": 15244.236106049213, "mean_schedule_time": 14975.324522542138, "mean_flight_time": 14303.324522542141, "mean_swap_time": 672.0, "mean_idle_time": -3.637978807091713e-12, "mean_delivery_time": 7983.852603004064, "mean_schedule_distance": 100123.271657795, "mean_schedule_energy": 8.624199345845533, "mean_number_swaps": 11.2, "drone_utilization": 1.0, "execution_time": 826.7668628692627}