{"completion_time": 6371.2138185844, "mean_schedule_time": 4143.412210755662, "mean_flight_time": 3802.2602894749684, "mean_swap_time": 132.85714285714286, "mean_idle_time": 208.29477842355118, "mean_delivery_time": 3989.9016179050395, "mean_schedule_distance": 26615.82202632477, "mean_schedule_energy": 2.2348196618686456, "mean_number_swaps": 2.2142857142857144, "drone_utilization": 1.0, "execution_time": 70.39689493179321}