{"completion_time": 8070.188260720397, "mean_schedule_time": 6161.055885517181, "mean_flight_time": 5899.532718783655, "mean_swap_time": 217.5, "mean_idle_time": 44.02316673352652, "mean_delivery_time": 4847.519357187595, "mean_schedule_distance": 41296.72903148557, "mean_schedule_energy": 3.353330503582332, "mean_number_swaps": 3.625, "drone_utilization": 1.0, "execution_time": 645.1514627933502}