{"completion_time": 4594.320837166964, "mean_schedule_time": 3149.342369124639, "mean_flight_time": 2776.438143169289, "mean_swap_time": 70.0, "mean_idle_time": 302.90422595534983, "mean_delivery_time": 3227.6832190040536, "mean_schedule_distance": 19435.067002185024, "mean_schedule_energy": 1.5468547891807631, "mean_number_swaps": 1.1666666666666667, "drone_utilization": 1.0, "execution_time": 3.612762212753296}