{"completion_time": 10883.696383410366, "mean_schedule_time": 5964.410806302381, "mean_flight_time": 5736.410806302381, "mean_swap_time": 228.0, "mean_idle_time": 0.0, "mean_delivery_time": 5121.8457025402295, "mean_schedule_distance": 40154.87564411668, "mean_schedule_energy": 3.5254466031898346, "mean_number_swaps": 3.8, "drone_utilization": 1.0, "execution_time": 7.283486843109131}