{"completion_time": 9334.212672687643, "mean_schedule_time": 5540.6700964219235, "mean_flight_time": 4494.018229198835, "mean_swap_time": 158.4, "mean_idle_time": 888.251867223089, "mean_delivery_time": 5101.343721190763, "mean_schedule_distance": 31458.12760439184, "mean_schedule_energy": 2.647238353603596, "mean_number_swaps": 2.64, "drone_utilization": 1.0, "execution_time": 1760.832994222641}