{"completion_time": 6332.578769351271, "mean_delivery_time": 3573.3487459671305, "total_distance": 758449.4870104918, "consumed_energy": 66.01272769261757, "execution_time": 4833.151316642761}