{"completion_time": 7797.022011179077, "mean_schedule_time": 5195.263039064334, "mean_flight_time": 4623.898300535663, "mean_swap_time": 176.0, "mean_idle_time": 395.3647385286713, "mean_delivery_time": 4934.777385087373, "mean_schedule_distance": 32367.288103749637, "mean_schedule_energy": 2.7942135043396146, "mean_number_swaps": 2.933333333333333, "drone_utilization": 1.0, "execution_time": 1833.8033101558685}