{"completion_time": 4821.579738136566, "mean_delivery_time": 3067.6670741544426, "total_distance": 805504.4063171811, "consumed_energy": 67.11724088203425, "execution_time": 1680.2351968288422}