{"completion_time": 9523.159476273133, "mean_schedule_time": 8186.088027493429, "mean_flight_time": 7552.2210146163015, "mean_swap_time": 316.0, "mean_idle_time": 317.8670128771273, "mean_delivery_time": 5718.572057282062, "mean_schedule_distance": 52865.5471023141, "mean_schedule_energy": 4.402075355340348, "mean_number_swaps": 5.266666666666667, "drone_utilization": 1.0, "execution_time": 2130.414641857147}