{"completion_time": 12552.28983996992, "mean_schedule_time": 9052.748537820977, "mean_flight_time": 8686.748537820977, "mean_swap_time": 366.0, "mean_idle_time": 0.0, "mean_delivery_time": 5950.110094460723, "mean_schedule_distance": 60807.239764746824, "mean_schedule_energy": 4.969894662497722, "mean_number_swaps": 6.1, "drone_utilization": 1.0, "execution_time": 17.66868543624878}