{"completion_time": 7830.97721244573, "mean_schedule_time": 4130.0396682634855, "mean_flight_time": 2899.138608155944, "mean_swap_time": 92.72727272727273, "mean_idle_time": 1138.173787380269, "mean_delivery_time": 4328.372993172857, "mean_schedule_distance": 20293.97025709161, "mean_schedule_energy": 1.7183923405342312, "mean_number_swaps": 1.5454545454545454, "drone_utilization": 0.9090909090909091, "total_number_parcel_handover": 10, "mean_number_parcel_handover": 0.6666666666666666, "execution_time": 2218.065292596817}