{"completion_time": 532.3738069210771, "execution_time": 0.007494926452636719}