{"completion_time": 18545.676199110334, "mean_schedule_time": 18023.974622910588, "mean_flight_time": 17219.353238251188, "mean_swap_time": 744.0, "mean_idle_time": 60.621384659400064, "mean_delivery_time": 8633.06515682251, "mean_schedule_distance": 120535.47266775838, "mean_schedule_energy": 9.871688700013525, "mean_number_swaps": 12.4, "drone_utilization": 1.0, "execution_time": 329.80759954452515}