{"completion_time": 7941.023645224358, "mean_schedule_time": 7191.2533226464875, "mean_flight_time": 6696.019140241517, "mean_swap_time": 257.14285714285717, "mean_idle_time": 238.09132526211397, "mean_delivery_time": 5935.684386125495, "mean_schedule_distance": 46872.133981690626, "mean_schedule_energy": 3.8319810626574826, "mean_number_swaps": 4.285714285714286, "drone_utilization": 1.0, "total_number_parcel_handover": 19, "mean_number_parcel_handover": 0.95, "execution_time": 2178.144199371338}