{"completion_time": 12023.761407858807, "mean_schedule_time": 11419.730731633641, "mean_flight_time": 10956.151837318926, "mean_swap_time": 462.0, "mean_idle_time": 1.5788943147144892, "mean_delivery_time": 6894.083159953181, "mean_schedule_distance": 76693.06286123252, "mean_schedule_energy": 6.266177304221497, "mean_number_swaps": 7.7, "drone_utilization": 1.0, "execution_time": 654.5208377838135}