{"completion_time": 6870.39710703164, "mean_schedule_time": 5230.134435147861, "mean_flight_time": 4695.221438578568, "mean_swap_time": 166.36363636363637, "mean_idle_time": 368.54936020565674, "mean_delivery_time": 4974.346413883327, "mean_schedule_distance": 32866.550070050005, "mean_schedule_energy": 2.756731374567184, "mean_number_swaps": 2.772727272727273, "drone_utilization": 1.0, "execution_time": 858.6541256904602}