{"completion_time": 5425.566649791343, "mean_schedule_time": 2735.9192038045976, "mean_flight_time": 2092.8255644828805, "mean_swap_time": 60.0, "mean_idle_time": 583.0936393217171, "mean_delivery_time": 3953.8300627180815, "mean_schedule_distance": 14649.778951380162, "mean_schedule_energy": 1.1558785022867575, "mean_number_swaps": 1.0, "drone_utilization": 0.7333333333333333, "execution_time": 27.329012155532837}