{"completion_time": 13025.605116676756, "mean_schedule_time": 12685.652916388413, "mean_flight_time": 11986.058905220023, "mean_swap_time": 530.0, "mean_idle_time": 169.59401116839035, "mean_delivery_time": 7041.121259675039, "mean_schedule_distance": 83902.4123365401, "mean_schedule_energy": 6.962003355386593, "mean_number_swaps": 8.833333333333334, "drone_utilization": 1.0, "total_number_parcel_handover": 3, "mean_number_parcel_handover": 0.15, "execution_time": 558.0660989284515}