{"completion_time": 2967.066927078601, "mean_delivery_time": 1669.3822672543274, "total_distance": 549003.7935390144, "consumed_energy": 44.85797409498835, "execution_time": 67.03038716316223}