{"completion_time": 21929.761856215922, "mean_schedule_time": 21880.31809948678, "mean_flight_time": 20804.557340590123, "mean_swap_time": 960.0, "mean_idle_time": 115.76075889665663, "mean_delivery_time": 10351.90276946721, "mean_schedule_distance": 145631.90138413088, "mean_schedule_energy": 11.815139526589634, "mean_number_swaps": 16.0, "drone_utilization": 1.0, "execution_time": 1084.8624093532562}