{"completion_time": 5770.926472517765, "mean_schedule_time": 4726.67836901881, "mean_flight_time": 4099.857926633906, "mean_swap_time": 146.66666666666666, "mean_idle_time": 480.15377571823774, "mean_delivery_time": 4371.59891253892, "mean_schedule_distance": 28699.00548643733, "mean_schedule_energy": 2.386253447269553, "mean_number_swaps": 2.4444444444444446, "drone_utilization": 1.0, "execution_time": 1795.9688997268677}