{"completion_time": 2833.2519922884253, "execution_time": 2.21193265914917}