{"completion_time": 2540.442448573382, "mean_delivery_time": 1588.040759557413, "total_distance": 214709.07355466828, "consumed_energy": 18.627719742191946, "execution_time": 57.127570390701294}