{"completion_time": 8434.786385608899, "mean_schedule_time": 8048.038155826216, "mean_flight_time": 7608.06100391217, "mean_swap_time": 330.0, "mean_idle_time": 109.97715191404586, "mean_delivery_time": 5282.900939046921, "mean_schedule_distance": 53256.4270273852, "mean_schedule_energy": 4.361403700847703, "mean_number_swaps": 5.5, "drone_utilization": 1.0, "total_number_parcel_handover": 6, "mean_number_parcel_handover": 0.3, "execution_time": 451.0759928226471}