{"completion_time": 7162.68856633494, "mean_schedule_time": 2935.6601933208153, "mean_flight_time": 2375.2292945954496, "mean_swap_time": 76.8, "mean_idle_time": 483.63089872536557, "mean_delivery_time": 4230.8447808741885, "mean_schedule_distance": 16626.605062168146, "mean_schedule_energy": 1.3647763117565141, "mean_number_swaps": 1.28, "drone_utilization": 0.68, "execution_time": 577.5402314662933}