{"completion_time": 6959.0809077363665, "mean_schedule_time": 6365.462611628395, "mean_flight_time": 6003.79821547678, "mean_swap_time": 228.0, "mean_idle_time": 133.66439615161562, "mean_delivery_time": 4947.672270782067, "mean_schedule_distance": 42026.587508337485, "mean_schedule_energy": 3.5445970288214697, "mean_number_swaps": 3.8, "drone_utilization": 1.0, "execution_time": 1346.3714289665222}