{"completion_time": 5338.899959633207, "mean_schedule_time": 1699.5637212786046, "mean_flight_time": 1334.516915069366, "mean_swap_time": 39.23076923076923, "mean_idle_time": 325.81603697846936, "mean_delivery_time": 3157.10664017548, "mean_schedule_distance": 9341.61840548556, "mean_schedule_energy": 0.8286035429037947, "mean_number_swaps": 0.6538461538461539, "drone_utilization": 0.5384615384615384, "execution_time": 1089.3549830913544}