{"completion_time": 2699.4499798166034, "mean_delivery_time": 1620.55332008774, "total_distance": 242882.07854262457, "consumed_energy": 21.54369211549866, "execution_time": 705.3972811698914}