{"completion_time": 8097.073473124923, "mean_schedule_time": 5989.502423803583, "mean_flight_time": 5757.50242380358, "mean_swap_time": 232.0, "mean_idle_time": 2.7284841053187847e-12, "mean_delivery_time": 4387.787673792658, "mean_schedule_distance": 40302.51696662509, "mean_schedule_energy": 3.4143307942923515, "mean_number_swaps": 3.8666666666666667, "drone_utilization": 1.0, "execution_time": 105.79205918312073}