{"completion_time": 6395.053119223215, "mean_schedule_time": 1676.6611945993234, "mean_flight_time": 1616.661194599323, "mean_swap_time": 60.0, "mean_idle_time": 4.547473508864641e-13, "mean_delivery_time": 4023.9868670383757, "mean_schedule_distance": 11316.628362195263, "mean_schedule_energy": 0.9893571525424233, "mean_number_swaps": 1.0, "drone_utilization": 0.4166666666666667, "total_number_parcel_handover": 0, "mean_number_parcel_handover": 0.0, "execution_time": 8.068177700042725}