{"completion_time": 5368.029686855736, "mean_delivery_time": 2385.582465078262, "total_distance": 594907.8837665425, "consumed_energy": 50.157481155501785, "execution_time": 34.13472318649292}