{"completion_time": 5271.784001502833, "mean_schedule_time": 3340.9408397293546, "mean_flight_time": 3035.249256763021, "mean_swap_time": 96.0, "mean_idle_time": 209.6915829663335, "mean_delivery_time": 3328.4693977092534, "mean_schedule_distance": 21246.744797341154, "mean_schedule_energy": 1.7348109340175508, "mean_number_swaps": 1.6, "drone_utilization": 0.92, "execution_time": 652.6185646057129}