{"completion_time": 26821.764672823636, "mean_schedule_time": 22100.017676494776, "mean_flight_time": 21080.017676494776, "mean_swap_time": 1020.0, "mean_idle_time": 0.0, "mean_delivery_time": 10677.62169050976, "mean_schedule_distance": 147560.12373546345, "mean_schedule_energy": 12.315587248924071, "mean_number_swaps": 17.0, "drone_utilization": 1.0, "execution_time": 17.82515573501587}