{"completion_time": 14467.966586194798, "mean_schedule_time": 9737.420362476543, "mean_flight_time": 9329.420362476547, "mean_swap_time": 408.0, "mean_idle_time": -3.637978807091713e-12, "mean_delivery_time": 5823.686772599536, "mean_schedule_distance": 65305.94253733583, "mean_schedule_energy": 5.398396626656014, "mean_number_swaps": 6.8, "drone_utilization": 1.0, "execution_time": 22.427071809768677}