{"completion_time": 3650.2349740325653, "mean_delivery_time": 2251.008139423423, "total_distance": 630531.5077655368, "consumed_energy": 50.70277400954925, "execution_time": 1436.2745435237885}