{"completion_time": 15115.559575667172, "mean_schedule_time": 14964.624383395178, "mean_flight_time": 14328.624383395178, "mean_swap_time": 636.0, "mean_idle_time": 0.0, "mean_delivery_time": 8310.536591151098, "mean_schedule_distance": 100300.37068376628, "mean_schedule_energy": 8.174687122974932, "mean_number_swaps": 10.6, "drone_utilization": 1.0, "execution_time": 834.5562987327576}