{"completion_time": 21287.285358163157, "mean_schedule_time": 16548.534386696985, "mean_flight_time": 15840.534386696987, "mean_swap_time": 708.0, "mean_idle_time": 0.0, "mean_delivery_time": 8083.813388818543, "mean_schedule_distance": 110883.74070687887, "mean_schedule_energy": 8.945962938376603, "mean_number_swaps": 11.8, "drone_utilization": 1.0, "execution_time": 13.539849042892456}