{"completion_time": 15626.130638198174, "mean_schedule_time": 11318.16535349562, "mean_flight_time": 10860.66535349563, "mean_swap_time": 457.5, "mean_idle_time": -9.094947017729282e-12, "mean_delivery_time": 6358.136188205182, "mean_schedule_distance": 76024.65747446936, "mean_schedule_energy": 6.209765726604729, "mean_number_swaps": 7.625, "drone_utilization": 1.0, "execution_time": 21.849846363067627}