{"completion_time": 9048.262764986728, "mean_schedule_time": 6053.794431831651, "mean_flight_time": 4331.962798415294, "mean_swap_time": 157.5, "mean_idle_time": 1564.3316334163574, "mean_delivery_time": 5932.909032520939, "mean_schedule_distance": 30323.73958890706, "mean_schedule_energy": 2.576924166494495, "mean_number_swaps": 2.625, "drone_utilization": 1.0, "execution_time": 2335.3694891929626}