{"completion_time": 8072.138563070883, "mean_schedule_time": 7664.487287099479, "mean_flight_time": 7365.861775712905, "mean_swap_time": 252.0, "mean_idle_time": 46.625511386573635, "mean_delivery_time": 5823.746718158153, "mean_schedule_distance": 51561.03242999032, "mean_schedule_energy": 3.768305324691595, "mean_number_swaps": 4.2, "drone_utilization": 1.0, "execution_time": 53.00873422622681}