{"completion_time": 12193.748047533692, "mean_schedule_time": 8189.934255604606, "mean_flight_time": 7889.934255604606, "mean_swap_time": 300.0, "mean_idle_time": 0.0, "mean_delivery_time": 4666.788486557037, "mean_schedule_distance": 55229.53978923223, "mean_schedule_energy": 4.313333051695968, "mean_number_swaps": 5.0, "drone_utilization": 1.0, "execution_time": 3.7045130729675293}