{"completion_time": 6217.372676605271, "mean_schedule_time": 4654.480725037861, "mean_flight_time": 4448.871959151463, "mean_swap_time": 153.33333333333334, "mean_idle_time": 52.275432553065, "mean_delivery_time": 3897.9460710216395, "mean_schedule_distance": 31142.10371406024, "mean_schedule_energy": 2.5188910084849607, "mean_number_swaps": 2.5555555555555554, "drone_utilization": 1.0, "execution_time": 1803.6581416130066}