{"completion_time": 5684.814883768512, "mean_schedule_time": 1559.268050196424, "mean_flight_time": 1313.077070529249, "mean_swap_time": 36.92307692307692, "mean_idle_time": 209.2679027440979, "mean_delivery_time": 3307.3795690527586, "mean_schedule_distance": 9191.539493704742, "mean_schedule_energy": 0.8174886336109736, "mean_number_swaps": 0.6153846153846154, "drone_utilization": 0.5, "total_number_parcel_handover": 5, "mean_number_parcel_handover": 0.5, "execution_time": 227.13629579544067}