{"completion_time": 6340.959666121276, "mean_schedule_time": 2192.366625115497, "mean_flight_time": 2129.866625115497, "mean_swap_time": 62.5, "mean_idle_time": 0.0, "mean_delivery_time": 3507.7866001847947, "mean_schedule_distance": 14909.066375808477, "mean_schedule_energy": 1.2693525345244085, "mean_number_swaps": 1.0416666666666667, "drone_utilization": 0.625, "execution_time": 20.15011167526245}