{"completion_time": 14948.935287032116, "mean_schedule_time": 12069.213390382733, "mean_flight_time": 11577.213390382733, "mean_swap_time": 492.0, "mean_idle_time": 0.0, "mean_delivery_time": 6840.96037919101, "mean_schedule_distance": 81040.49373267913, "mean_schedule_energy": 6.744635938190319, "mean_number_swaps": 8.2, "drone_utilization": 1.0, "execution_time": 42.89222002029419}