{"completion_time": 7714.467643516058, "mean_delivery_time": 3546.480189595505, "total_distance": 810404.9373267912, "consumed_energy": 67.44635938190319, "execution_time": 36.36008381843567}