{"completion_time": 5923.651932402115, "mean_schedule_time": 3461.3741956974864, "mean_flight_time": 2695.0361507234293, "mean_swap_time": 92.0, "mean_idle_time": 674.3380449740571, "mean_delivery_time": 3907.0033415787834, "mean_schedule_distance": 18865.253055064008, "mean_schedule_energy": 1.8021643067295476, "mean_number_swaps": 1.5333333333333334, "drone_utilization": 0.8666666666666667, "execution_time": 685.6272881031036}