{"completion_time": 3020.5641915760993, "mean_delivery_time": 2045.8182399941754, "total_distance": 282978.7958259601, "consumed_energy": 27.03246460094321, "execution_time": 541.2836997509003}