{"completion_time": 3883.783955198057, "mean_delivery_time": 2425.830963983158, "total_distance": 834953.9506360212, "consumed_energy": 71.38366063526823, "execution_time": 2085.0482127666473}