{"completion_time": 4298.5186256302595, "mean_schedule_time": 1082.262589980765, "mean_flight_time": 924.8302532224751, "mean_swap_time": 22.0, "mean_idle_time": 135.4323367582898, "mean_delivery_time": 2743.7971350664043, "mean_schedule_distance": 6473.811772557326, "mean_schedule_energy": 0.5486350412063186, "mean_number_swaps": 0.36666666666666664, "drone_utilization": 0.4, "total_number_parcel_handover": 3, "mean_number_parcel_handover": 0.3, "execution_time": 31.354073762893677}