{"completion_time": 5679.5007674613, "mean_schedule_time": 4538.0900715904445, "mean_flight_time": 4394.0900715904445, "mean_swap_time": 144.0, "mean_idle_time": 0.0, "mean_delivery_time": 4153.932217538411, "mean_schedule_distance": 30758.630501133117, "mean_schedule_energy": 2.345700286987525, "mean_number_swaps": 2.4, "drone_utilization": 1.0, "execution_time": 3.106179714202881}