{"completion_time": 13434.974511873246, "mean_schedule_time": 9361.869270530526, "mean_flight_time": 8989.869270530528, "mean_swap_time": 372.0, "mean_idle_time": -1.8189894035458565e-12, "mean_delivery_time": 6472.2707325624115, "mean_schedule_distance": 62929.08489371372, "mean_schedule_energy": 4.995858820185508, "mean_number_swaps": 6.2, "drone_utilization": 1.0, "total_number_parcel_handover": 0, "mean_number_parcel_handover": 0.0, "execution_time": 20.084392070770264}