{"completion_time": 5489.670378377339, "mean_schedule_time": 1623.016379939103, "mean_flight_time": 1575.016379939103, "mean_swap_time": 48.0, "mean_idle_time": 0.0, "mean_delivery_time": 3246.032759878206, "mean_schedule_distance": 11025.11465957372, "mean_schedule_energy": 0.9249161676985247, "mean_number_swaps": 0.8, "drone_utilization": 0.5, "execution_time": 1.2523272037506104}