{"completion_time": 4357.6457307103665, "mean_schedule_time": 1096.9076227065343, "mean_flight_time": 990.087183462555, "mean_swap_time": 19.285714285714285, "mean_idle_time": 87.53472495826497, "mean_delivery_time": 2315.3956565381563, "mean_schedule_distance": 6930.610284237883, "mean_schedule_energy": 0.5469609428646623, "mean_number_swaps": 0.32142857142857145, "drone_utilization": 0.4642857142857143, "total_number_parcel_handover": 3, "mean_number_parcel_handover": 0.3, "execution_time": 157.01048111915588}