{"completion_time": 3662.979424004502, "mean_schedule_time": 906.5828096395205, "mean_flight_time": 803.9112992020538, "mean_swap_time": 13.636363636363637, "mean_idle_time": 89.03514680110311, "mean_delivery_time": 2539.3882160398325, "mean_schedule_distance": 5627.379094414377, "mean_schedule_energy": 0.4305845388876671, "mean_number_swaps": 0.22727272727272727, "drone_utilization": 0.4090909090909091, "execution_time": 31.34622883796692}