{"completion_time": 5228.490562113875, "mean_schedule_time": 1972.0161714043024, "mean_flight_time": 1909.016171404302, "mean_swap_time": 63.0, "mean_idle_time": 4.547473508864641e-13, "mean_delivery_time": 2817.1659591490034, "mean_schedule_distance": 13363.113199830117, "mean_schedule_energy": 1.1820386207935105, "mean_number_swaps": 1.05, "drone_utilization": 0.7, "execution_time": 19.00605797767639}