{"completion_time": 6084.509880928426, "mean_schedule_time": 2425.662966057811, "mean_flight_time": 2350.662966057811, "mean_swap_time": 75.0, "mean_idle_time": 0.0, "mean_delivery_time": 3529.180315790264, "mean_schedule_distance": 16454.64076240468, "mean_schedule_energy": 1.3837274007408749, "mean_number_swaps": 1.25, "drone_utilization": 0.6428571428571429, "execution_time": 33.301133155822754}