{"completion_time": 7679.513833161006, "mean_schedule_time": 5733.654310266864, "mean_flight_time": 4534.891321903875, "mean_swap_time": 164.0, "mean_idle_time": 1034.7629883629888, "mean_delivery_time": 4917.368548923792, "mean_schedule_distance": 31744.239253327127, "mean_schedule_energy": 2.646397649724876, "mean_number_swaps": 2.7333333333333334, "drone_utilization": 1.0, "execution_time": 2004.7744052410126}