{"completion_time": 2672.7805311203183, "mean_delivery_time": 1587.2070559581662, "total_distance": 307110.0161899553, "consumed_energy": 25.09563784328634, "execution_time": 22.831337213516235}