{"completion_time": 5165.561062240636, "mean_schedule_time": 2510.714414205994, "mean_flight_time": 2437.381080872661, "mean_swap_time": 73.33333333333333, "mean_idle_time": -4.547473508864641e-13, "mean_delivery_time": 3086.4141119163323, "mean_schedule_distance": 17061.667566108626, "mean_schedule_energy": 1.3942021024047966, "mean_number_swaps": 1.2222222222222223, "drone_utilization": 0.7777777777777778, "total_number_parcel_handover": 0, "mean_number_parcel_handover": 0.0, "execution_time": 16.693485498428345}