{"completion_time": 4385.970175302137, "mean_schedule_time": 2310.873973786162, "mean_flight_time": 2013.9868284038682, "mean_swap_time": 57.27272727272727, "mean_idle_time": 239.6144181095665, "mean_delivery_time": 3157.10452325119, "mean_schedule_distance": 14097.907798827075, "mean_schedule_energy": 1.1504328903925019, "mean_number_swaps": 0.9545454545454546, "drone_utilization": 0.7272727272727273, "execution_time": 140.3186399936676}