{"completion_time": 7162.68856633494, "mean_schedule_time": 4134.695510004785, "mean_flight_time": 3549.6257093069667, "mean_swap_time": 124.8, "mean_idle_time": 460.2698006978185, "mean_delivery_time": 4430.133358328131, "mean_schedule_distance": 24847.379965148753, "mean_schedule_energy": 2.109190554571135, "mean_number_swaps": 2.08, "drone_utilization": 0.92, "execution_time": 387.5206084251404}