{"completion_time": 22422.5141105821, "mean_schedule_time": 20128.83007657065, "mean_flight_time": 19216.83007657066, "mean_swap_time": 912.0, "mean_idle_time": -7.275957614183426e-12, "mean_delivery_time": 9470.349294246997, "mean_schedule_distance": 134517.81053599462, "mean_schedule_energy": 11.752853099891977, "mean_number_swaps": 15.2, "drone_utilization": 1.0, "execution_time": 16.6850266456604}