{"completion_time": 4025.4556605631315, "mean_schedule_time": 571.7853217762588, "mean_flight_time": 480.3076523111433, "mean_swap_time": 9.6, "mean_idle_time": 81.8776694651155, "mean_delivery_time": 2689.406082241124, "mean_schedule_distance": 3362.1535661780026, "mean_schedule_energy": 0.28380465084142287, "mean_number_swaps": 0.16, "drone_utilization": 0.24, "execution_time": 13.720514297485352}