{"completion_time": 1637.7927985195142, "execution_time": 0.07226848602294922}