{"completion_time": 3404.96676658828, "mean_schedule_time": 644.1270966411548, "mean_flight_time": 599.8731777248817, "mean_swap_time": 17.5, "mean_idle_time": 26.753918916273165, "mean_delivery_time": 2905.2083682048956, "mean_schedule_distance": 4199.112244074174, "mean_schedule_energy": 0.3404957878715725, "mean_number_swaps": 0.2916666666666667, "drone_utilization": 0.25, "total_number_parcel_handover": 3, "mean_number_parcel_handover": 0.6, "execution_time": 19.613372325897217}