{"completion_time": 6400.078455291474, "mean_schedule_time": 5668.624572765932, "mean_flight_time": 5255.659775181155, "mean_swap_time": 195.0, "mean_idle_time": 217.96479758477653, "mean_delivery_time": 4989.181670100303, "mean_schedule_distance": 36789.61842626809, "mean_schedule_energy": 2.9927137432529354, "mean_number_swaps": 3.25, "drone_utilization": 1.0, "execution_time": 86.35722208023071}