{"completion_time": 1851.7267707746942, "mean_delivery_time": 1600.9374053266865, "total_distance": 48841.922789811084, "consumed_energy": 4.185082979497839, "execution_time": 6.568370819091797}