{"completion_time": 7587.387796789809, "mean_schedule_time": 3491.7015739653784, "mean_flight_time": 3371.701573965379, "mean_swap_time": 120.0, "mean_idle_time": -4.547473508864641e-13, "mean_delivery_time": 3310.9701098791265, "mean_schedule_distance": 23601.911017757655, "mean_schedule_energy": 2.05129073798516, "mean_number_swaps": 2.0, "drone_utilization": 1.0, "execution_time": 45.29010796546936}