{"completion_time": 21027.945375964562, "mean_schedule_time": 20582.38610553326, "mean_flight_time": 19706.386105533256, "mean_swap_time": 876.0, "mean_idle_time": 3.637978807091713e-12, "mean_delivery_time": 10718.333430318566, "mean_schedule_distance": 137944.7027387328, "mean_schedule_energy": 11.044101323672944, "mean_number_swaps": 14.6, "drone_utilization": 1.0, "execution_time": 268.61465668678284}