{"completion_time": 7623.9615921583945, "mean_schedule_time": 3337.989468323157, "mean_flight_time": 2675.6074492548028, "mean_swap_time": 88.0, "mean_idle_time": 574.3820190683541, "mean_delivery_time": 4172.486835403946, "mean_schedule_distance": 18729.252144783615, "mean_schedule_energy": 1.46319698561298, "mean_number_swaps": 1.4666666666666666, "drone_utilization": 0.8, "execution_time": 39.158554792404175}