{"completion_time": 5338.899959633207, "mean_schedule_time": 3430.442849337186, "mean_flight_time": 2817.42049448906, "mean_swap_time": 80.76923076923077, "mean_idle_time": 532.2531240788953, "mean_delivery_time": 3643.000484671777, "mean_schedule_distance": 19721.943461423416, "mean_schedule_energy": 1.6208180860671024, "mean_number_swaps": 1.3461538461538463, "drone_utilization": 0.9230769230769231, "total_number_parcel_handover": 13, "mean_number_parcel_handover": 0.65, "execution_time": 3834.6277384757996}