{"completion_time": 5183.69076133085, "mean_schedule_time": 3217.125705601805, "mean_flight_time": 2731.3035738812064, "mean_swap_time": 84.0, "mean_idle_time": 401.82213172059846, "mean_delivery_time": 4253.421410662857, "mean_schedule_distance": 19119.125017168444, "mean_schedule_energy": 1.5626309028680212, "mean_number_swaps": 1.4, "drone_utilization": 0.8, "execution_time": 124.96098756790161}