{"completion_time": 5456.494289213095, "mean_schedule_time": 4106.99757442335, "mean_flight_time": 3662.2351351800767, "mean_swap_time": 122.72727272727273, "mean_idle_time": 322.0351665160006, "mean_delivery_time": 3688.1865457334566, "mean_schedule_distance": 25635.64594626054, "mean_schedule_energy": 2.1753685725784737, "mean_number_swaps": 2.0454545454545454, "drone_utilization": 1.0, "total_number_parcel_handover": 11, "mean_number_parcel_handover": 0.44, "execution_time": 1024.5162677764893}