{"completion_time": 11309.744517906869, "mean_delivery_time": 5112.16751380775, "total_distance": 710125.4260127268, "consumed_energy": 59.408166123152064, "execution_time": 1100.0190987586975}