{"completion_time": 5422.266564016443, "mean_schedule_time": 1692.8506414441667, "mean_flight_time": 1638.850641444166, "mean_swap_time": 54.0, "mean_idle_time": 6.821210263296962e-13, "mean_delivery_time": 3385.7012828883335, "mean_schedule_distance": 11471.954490109165, "mean_schedule_energy": 0.9591064595865774, "mean_number_swaps": 0.9, "drone_utilization": 0.5, "execution_time": 8.29671335220337}