{"completion_time": 4891.307939423916, "mean_schedule_time": 3334.4816295623873, "mean_flight_time": 2870.6296774048756, "mean_swap_time": 100.8, "mean_idle_time": 363.05195215751155, "mean_delivery_time": 3602.6269716179563, "mean_schedule_distance": 20094.407741834137, "mean_schedule_energy": 1.7016563723787028, "mean_number_swaps": 1.68, "drone_utilization": 0.92, "execution_time": 385.9884490966797}