{"completion_time": 14652.729283277315, "mean_delivery_time": 5679.671660667806, "total_distance": 663873.065865264, "consumed_energy": 56.565393649067616, "execution_time": 11.455201387405396}