{"completion_time": 28165.458566554633, "mean_schedule_time": 24789.752352330863, "mean_flight_time": 23709.75235233087, "mean_swap_time": 1080.0, "mean_idle_time": -7.275957614183426e-12, "mean_delivery_time": 10920.143321335614, "mean_schedule_distance": 165968.266466316, "mean_schedule_energy": 14.141348412266904, "mean_number_swaps": 18.0, "drone_utilization": 1.0, "execution_time": 12.88229489326477}