{"completion_time": 8988.262764986728, "mean_schedule_time": 2761.794723427968, "mean_flight_time": 1974.4637282669496, "mean_swap_time": 68.0, "mean_idle_time": 719.3309951610186, "mean_delivery_time": 3798.254356932864, "mean_schedule_distance": 13821.246097868649, "mean_schedule_energy": 1.2031936611499117, "mean_number_swaps": 1.1333333333333333, "drone_utilization": 0.6666666666666666, "total_number_parcel_handover": 7, "mean_number_parcel_handover": 0.4666666666666667, "execution_time": 2079.2305147647858}