{"completion_time": 8207.089142557126, "mean_schedule_time": 7516.147665734094, "mean_flight_time": 6907.947781891196, "mean_swap_time": 304.0, "mean_idle_time": 304.1998838428972, "mean_delivery_time": 5235.1935912439785, "mean_schedule_distance": 48355.63447323839, "mean_schedule_energy": 4.256996211626815, "mean_number_swaps": 5.066666666666666, "drone_utilization": 1.0, "execution_time": 815.5597927570343}