{"completion_time": 5790.10458829226, "mean_schedule_time": 2587.280194092989, "mean_flight_time": 2511.28019409299, "mean_swap_time": 76.0, "mean_idle_time": -9.094947017729282e-13, "mean_delivery_time": 3305.861576502077, "mean_schedule_distance": 17578.961358650926, "mean_schedule_energy": 1.4436586160340472, "mean_number_swaps": 1.2666666666666666, "drone_utilization": 0.7333333333333333, "execution_time": 9.984483480453491}