{"completion_time": 2985.05229414613, "mean_delivery_time": 1700.4307882510384, "total_distance": 263684.4203797639, "consumed_energy": 21.65487924051071, "execution_time": 11.378679513931274}