{"completion_time": 11742.330965574516, "mean_schedule_time": 11417.511804371155, "mean_flight_time": 10461.587637992949, "mean_swap_time": 450.0, "mean_idle_time": 505.9241663782068, "mean_delivery_time": 6579.113243142137, "mean_schedule_distance": 73231.11346595062, "mean_schedule_energy": 5.963339984334907, "mean_number_swaps": 7.5, "drone_utilization": 1.0, "total_number_parcel_handover": 5, "mean_number_parcel_handover": 0.2, "execution_time": 418.8160591125488}