{"completion_time": 9130.950376881738, "mean_schedule_time": 8230.831423575057, "mean_flight_time": 7607.790333543599, "mean_swap_time": 312.0, "mean_idle_time": 311.0410900314573, "mean_delivery_time": 6256.361341227842, "mean_schedule_distance": 53254.53233480526, "mean_schedule_energy": 4.410243874053788, "mean_number_swaps": 5.2, "drone_utilization": 1.0, "execution_time": 3091.781815290451}