{"completion_time": 4665.180726101917, "mean_schedule_time": 2575.4635059212596, "mean_flight_time": 1939.2698183620553, "mean_swap_time": 54.0, "mean_idle_time": 582.1936875592044, "mean_delivery_time": 3158.1949873048266, "mean_schedule_distance": 13574.888728534386, "mean_schedule_energy": 1.1960518179771884, "mean_number_swaps": 0.9, "drone_utilization": 0.8, "execution_time": 29.55985140800476}