{"completion_time": 6072.151458320864, "mean_schedule_time": 2282.299985001754, "mean_flight_time": 2199.799985001754, "mean_swap_time": 82.5, "mean_idle_time": 0.0, "mean_delivery_time": 3651.6799760028066, "mean_schedule_distance": 15398.59989501228, "mean_schedule_energy": 1.4111320314621127, "mean_number_swaps": 1.375, "drone_utilization": 0.625, "total_number_parcel_handover": 0, "mean_number_parcel_handover": 0.0, "execution_time": 1.0730745792388916}