{"completion_time": 6702.619414593257, "mean_schedule_time": 2889.7284338493528, "mean_flight_time": 2648.321204117223, "mean_swap_time": 93.75, "mean_idle_time": 147.65722973212996, "mean_delivery_time": 4732.314751702259, "mean_schedule_distance": 18538.24842882057, "mean_schedule_energy": 1.5430214587688604, "mean_number_swaps": 1.5625, "drone_utilization": 0.5625, "execution_time": 89.65006589889526}