{"completion_time": 8309.401867862269, "mean_schedule_time": 7369.24721413904, "mean_flight_time": 6835.242390247405, "mean_swap_time": 272.0, "mean_idle_time": 262.00482389163517, "mean_delivery_time": 5938.259147235574, "mean_schedule_distance": 47846.6967317318, "mean_schedule_energy": 3.8909141894096138, "mean_number_swaps": 4.533333333333333, "drone_utilization": 1.0, "execution_time": 1000.5707383155823}