{"completion_time": 5425.566649791343, "mean_schedule_time": 4410.0456602468685, "mean_flight_time": 3997.855735157252, "mean_swap_time": 144.0, "mean_idle_time": 268.1899250896158, "mean_delivery_time": 3867.657422318028, "mean_schedule_distance": 27984.990146100776, "mean_schedule_energy": 2.391983887700812, "mean_number_swaps": 2.4, "drone_utilization": 1.0, "execution_time": 336.5950622558594}