{"completion_time": 5371.772153251459, "mean_schedule_time": 766.7422032452321, "mean_flight_time": 747.4564889595175, "mean_swap_time": 19.285714285714285, "mean_idle_time": 2.2737367544323206e-13, "mean_delivery_time": 2146.87816908665, "mean_schedule_distance": 5232.195422716625, "mean_schedule_energy": 0.4207609133285688, "mean_number_swaps": 0.32142857142857145, "drone_utilization": 0.35714285714285715, "total_number_parcel_handover": 0, "mean_number_parcel_handover": 0.0, "execution_time": 13.682219743728638}