{"completion_time": 7681.7988069490475, "mean_schedule_time": 2653.2951854363996, "mean_flight_time": 2566.0224581636726, "mean_swap_time": 87.27272727272727, "mean_idle_time": -4.547473508864641e-13, "mean_delivery_time": 3891.4996053067193, "mean_schedule_distance": 17962.15720714571, "mean_schedule_energy": 1.5106603000286178, "mean_number_swaps": 1.4545454545454546, "drone_utilization": 0.6818181818181818, "total_number_parcel_handover": 0, "mean_number_parcel_handover": 0.0, "execution_time": 20.59261178970337}