{"completion_time": 4673.345902469695, "mean_schedule_time": 3165.661788585094, "mean_flight_time": 2894.4837670855222, "mean_swap_time": 84.0, "mean_idle_time": 187.17802149957197, "mean_delivery_time": 3191.2326075916308, "mean_schedule_distance": 20261.386369598655, "mean_schedule_energy": 1.710219150606408, "mean_number_swaps": 1.4, "drone_utilization": 1.0, "execution_time": 48.12219715118408}