{"completion_time": 11979.597117735064, "mean_schedule_time": 11495.808208806058, "mean_flight_time": 11015.808208806055, "mean_swap_time": 480.0, "mean_idle_time": 3.637978807091713e-12, "mean_delivery_time": 7608.688332252559, "mean_schedule_distance": 77110.6574616424, "mean_schedule_energy": 6.426903356785099, "mean_number_swaps": 8.0, "drone_utilization": 1.0, "execution_time": 38.14739990234375}