{"completion_time": 6113.934787939348, "mean_schedule_time": 3905.8787642215148, "mean_flight_time": 3482.9218836329774, "mean_swap_time": 108.0, "mean_idle_time": 314.9568805885374, "mean_delivery_time": 4882.348455276893, "mean_schedule_distance": 24380.453185430844, "mean_schedule_energy": 1.8786994075976708, "mean_number_swaps": 1.8, "drone_utilization": 0.8, "execution_time": 1.874868392944336}