{"completion_time": 4725.622875215307, "mean_delivery_time": 1912.8237492401067, "total_distance": 405216.9207843195, "consumed_energy": 32.877386930119975, "execution_time": 26.25748920440674}