{"completion_time": 2415.646671608688, "mean_delivery_time": 2155.09460042925, "total_distance": 104375.4515640951, "consumed_energy": 9.372719718041576, "execution_time": 1.3264153003692627}