{"completion_time": 8431.432956536193, "mean_schedule_time": 3803.8318225663243, "mean_flight_time": 3662.0136407481423, "mean_swap_time": 141.8181818181818, "mean_idle_time": 0.0, "mean_delivery_time": 3495.1981259792497, "mean_schedule_distance": 25634.095485236987, "mean_schedule_energy": 2.2118831185945123, "mean_number_swaps": 2.3636363636363638, "drone_utilization": 1.0, "execution_time": 47.69555068016052}