{"completion_time": 33049.90325393346, "mean_schedule_time": 26295.751348322905, "mean_flight_time": 25167.751348322887, "mean_swap_time": 1128.0, "mean_idle_time": 1.8189894035458565e-11, "mean_delivery_time": 12604.733753395789, "mean_schedule_distance": 176174.2594382604, "mean_schedule_energy": 14.690500656317365, "mean_number_swaps": 18.8, "drone_utilization": 1.0, "execution_time": 15.433279275894165}