{"completion_time": 4294.475050032027, "mean_schedule_time": 1336.265004567101, "mean_flight_time": 963.726177839203, "mean_swap_time": 12.0, "mean_idle_time": 360.5388267278979, "mean_delivery_time": 3105.7134101744423, "mean_schedule_distance": 6746.08324487442, "mean_schedule_energy": 0.5069633194657132, "mean_number_swaps": 0.2, "drone_utilization": 0.5, "execution_time": 3.560788869857788}