{"completion_time": 2230.1191703257473, "mean_delivery_time": 1678.5570896880856, "total_distance": 44479.5985112664, "consumed_energy": 3.469905987791785, "execution_time": 0.6174650192260742}