{"completion_time": 3006.7425975996257, "mean_delivery_time": 2102.137154521974, "total_distance": 671836.7505978786, "consumed_energy": 54.414181057340905, "execution_time": 806.2879166603088}