{"completion_time": 6540.081809203787, "mean_schedule_time": 1192.8569936680544, "mean_flight_time": 1152.0569936680542, "mean_swap_time": 40.8, "mean_idle_time": 2.2737367544323206e-13, "mean_delivery_time": 3727.67810521267, "mean_schedule_distance": 8064.398955676381, "mean_schedule_energy": 0.7518008523132224, "mean_number_swaps": 0.68, "drone_utilization": 0.32, "execution_time": 6.6140875816345215}