{"completion_time": 5175.971905118019, "mean_schedule_time": 998.1763307437622, "mean_flight_time": 968.1763307437622, "mean_swap_time": 30.0, "mean_idle_time": 0.0, "mean_delivery_time": 2794.893726082534, "mean_schedule_distance": 6777.234315206334, "mean_schedule_energy": 0.584348523054738, "mean_number_swaps": 0.5, "drone_utilization": 0.35714285714285715, "execution_time": 1.7294378280639648}