{"completion_time": 5505.66238315158, "mean_schedule_time": 3696.0544483833146, "mean_flight_time": 3543.295889447966, "mean_swap_time": 108.0, "mean_idle_time": 44.75855893534845, "mean_delivery_time": 3806.389670687023, "mean_schedule_distance": 24803.07122613577, "mean_schedule_energy": 1.9473618358321656, "mean_number_swaps": 1.8, "drone_utilization": 0.9, "execution_time": 25.993812561035156}