{"completion_time": 2782.83119157579, "mean_delivery_time": 1979.9140623137814, "total_distance": 248030.71226135764, "consumed_energy": 19.473618358321655, "execution_time": 33.39679527282715}