{"completion_time": 5880.8269724138045, "mean_schedule_time": 4241.562407938147, "mean_flight_time": 3807.47711218301, "mean_swap_time": 132.0, "mean_idle_time": 302.08529575513694, "mean_delivery_time": 3549.6663007515644, "mean_schedule_distance": 26652.33978528108, "mean_schedule_energy": 2.3727373363123063, "mean_number_swaps": 2.2, "drone_utilization": 1.0, "execution_time": 106.61030673980713}