{"completion_time": 13621.45421398013, "mean_schedule_time": 13005.181169898648, "mean_flight_time": 12429.181169898646, "mean_swap_time": 576.0, "mean_idle_time": 1.8189894035458565e-12, "mean_delivery_time": 7603.442119644426, "mean_schedule_distance": 87004.2681892905, "mean_schedule_energy": 7.475488165089478, "mean_number_swaps": 9.6, "drone_utilization": 1.0, "execution_time": 123.83823418617249}