{"completion_time": 9032.951734148905, "mean_schedule_time": 4704.582655575533, "mean_flight_time": 3983.445214966383, "mean_swap_time": 132.5, "mean_idle_time": 588.63744060915, "mean_delivery_time": 5645.499186690639, "mean_schedule_distance": 27884.11650476468, "mean_schedule_energy": 2.250755952134879, "mean_number_swaps": 2.2083333333333335, "drone_utilization": 0.8333333333333334, "execution_time": 1774.1487731933594}