{"completion_time": 7849.58709320519, "mean_schedule_time": 5973.910561455857, "mean_flight_time": 4890.750626316471, "mean_swap_time": 173.33333333333334, "mean_idle_time": 909.8266018060522, "mean_delivery_time": 5640.223365987695, "mean_schedule_distance": 34235.25438421531, "mean_schedule_energy": 2.815310834241738, "mean_number_swaps": 2.888888888888889, "drone_utilization": 1.0, "execution_time": 730.4178330898285}