{"completion_time": 1331.896364316888, "execution_time": 0.06924676895141602}