{"completion_time": 16446.852884183078, "mean_schedule_time": 15776.083931064433, "mean_flight_time": 14296.98514685657, "mean_swap_time": 600.0, "mean_idle_time": 879.098784207863, "mean_delivery_time": 9754.429072254074, "mean_schedule_distance": 100078.89602799588, "mean_schedule_energy": 8.007412946231517, "mean_number_swaps": 10.0, "drone_utilization": 1.0, "total_number_parcel_handover": 7, "mean_number_parcel_handover": 0.28, "execution_time": 754.954104423523}