{"completion_time": 32870.704790146665, "mean_schedule_time": 32728.504098064805, "mean_flight_time": 31348.504098064805, "mean_swap_time": 1380.0, "mean_idle_time": 0.0, "mean_delivery_time": 14467.250953489594, "mean_schedule_distance": 219439.52868645362, "mean_schedule_energy": 17.66842513302204, "mean_number_swaps": 23.0, "drone_utilization": 1.0, "total_number_parcel_handover": 1, "mean_number_parcel_handover": 0.06666666666666667, "execution_time": 38.36022663116455}