{"completion_time": 1401.8604404343519, "mean_delivery_time": 1113.2747321232648, "total_distance": 44784.70421563652, "consumed_energy": 3.4157396780327316, "execution_time": 5.603134870529175}