{"completion_time": 6824.093375157795, "mean_delivery_time": 2687.0639450864956, "total_distance": 466639.58115016617, "consumed_energy": 39.108527818966664, "execution_time": 12.715665340423584}