{"completion_time": 5595.235259517608, "mean_schedule_time": 1038.3593853693128, "mean_flight_time": 750.9058789081955, "mean_swap_time": 17.5, "mean_idle_time": 269.9535064611173, "mean_delivery_time": 3390.4610813842037, "mean_schedule_distance": 5256.341152357369, "mean_schedule_energy": 0.4029729695781335, "mean_number_swaps": 0.2916666666666667, "drone_utilization": 0.2916666666666667, "total_number_parcel_handover": 2, "mean_number_parcel_handover": 0.4, "execution_time": 18.079379558563232}