{"completion_time": 14707.261821179049, "mean_schedule_time": 14352.679560979663, "mean_flight_time": 13752.679560979659, "mean_swap_time": 600.0, "mean_idle_time": 3.637978807091713e-12, "mean_delivery_time": 7481.532359692218, "mean_schedule_distance": 96268.75692685766, "mean_schedule_energy": 7.767053124980526, "mean_number_swaps": 10.0, "drone_utilization": 1.0, "execution_time": 747.1701877117157}