{"completion_time": 2937.7852699604114, "mean_delivery_time": 2057.830312938315, "total_distance": 417407.0096214549, "consumed_energy": 34.0431015258765, "execution_time": 238.8143117427826}