{"completion_time": 3992.303192865494, "mean_schedule_time": 1161.9941450722458, "mean_flight_time": 1121.9941450722456, "mean_swap_time": 40.0, "mean_idle_time": 2.2737367544323206e-13, "mean_delivery_time": 2788.78594817339, "mean_schedule_distance": 7853.95901550572, "mean_schedule_energy": 0.6807531143064182, "mean_number_swaps": 0.6666666666666666, "drone_utilization": 0.4166666666666667, "total_number_parcel_handover": 0, "mean_number_parcel_handover": 0.0, "execution_time": 1.9853620529174805}