{"completion_time": 10388.39509561762, "mean_schedule_time": 4240.279470557282, "mean_flight_time": 4084.279470557283, "mean_swap_time": 156.0, "mean_idle_time": -9.094947017729282e-13, "mean_delivery_time": 4816.9705233657105, "mean_schedule_distance": 28589.956293900952, "mean_schedule_energy": 2.49351953308694, "mean_number_swaps": 2.6, "drone_utilization": 0.85, "execution_time": 21.290386199951172}