{"completion_time": 8012.138563070883, "mean_schedule_time": 6036.273229207662, "mean_flight_time": 4842.282078166767, "mean_swap_time": 170.0, "mean_idle_time": 1023.9911510408947, "mean_delivery_time": 6672.311102563841, "mean_schedule_distance": 33895.974547167374, "mean_schedule_energy": 2.472972015755935, "mean_number_swaps": 2.8333333333333335, "drone_utilization": 0.8333333333333334, "execution_time": 71.82274723052979}