{"completion_time": 11023.960248856447, "mean_schedule_time": 10146.342138924649, "mean_flight_time": 9020.840721455754, "mean_swap_time": 354.0, "mean_idle_time": 771.5014174688949, "mean_delivery_time": 7139.107915779841, "mean_schedule_distance": 63145.88505019028, "mean_schedule_energy": 5.1220845721615795, "mean_number_swaps": 5.9, "drone_utilization": 1.0, "execution_time": 6825.419617176056}