{"completion_time": 4804.982728582742, "mean_schedule_time": 3780.15411097452, "mean_flight_time": 3506.929887164202, "mean_swap_time": 120.0, "mean_idle_time": 153.2242238103181, "mean_delivery_time": 3609.070556644519, "mean_schedule_distance": 24548.50921014942, "mean_schedule_energy": 2.0441700537518526, "mean_number_swaps": 2.0, "drone_utilization": 0.9545454545454546, "execution_time": 240.72699093818665}