{"completion_time": 2470.911193927304, "mean_delivery_time": 1580.828571073847, "total_distance": 292202.399930474, "consumed_energy": 24.849645647979106, "execution_time": 21.03196620941162}