{"completion_time": 4761.822387854608, "mean_schedule_time": 2150.1599995033857, "mean_flight_time": 2087.1599995033857, "mean_swap_time": 63.0, "mean_idle_time": 0.0, "mean_delivery_time": 3071.657142147694, "mean_schedule_distance": 14610.1199965237, "mean_schedule_energy": 1.2424822823989552, "mean_number_swaps": 1.05, "drone_utilization": 0.7, "execution_time": 21.7630033493042}