{"completion_time": 17476.65723299086, "mean_schedule_time": 16212.608289761605, "mean_flight_time": 15363.437000604661, "mean_swap_time": 636.0, "mean_idle_time": 213.1712891569441, "mean_delivery_time": 9726.542774443627, "mean_schedule_distance": 107544.05900423264, "mean_schedule_energy": 8.846046974259595, "mean_number_swaps": 10.6, "drone_utilization": 1.0, "execution_time": 176.31552505493164}