{"completion_time": 10782.825750018917, "mean_schedule_time": 9749.749606081788, "mean_flight_time": 9207.87041081428, "mean_swap_time": 372.0, "mean_idle_time": 169.8791952675092, "mean_delivery_time": 6268.082585909262, "mean_schedule_distance": 64455.092875699935, "mean_schedule_energy": 5.1791392802354705, "mean_number_swaps": 6.2, "drone_utilization": 1.0, "total_number_parcel_handover": 4, "mean_number_parcel_handover": 0.16, "execution_time": 483.9296839237213}