{"completion_time": 5602.61353523494, "mean_delivery_time": 3181.4780241138596, "total_distance": 636244.960232347, "consumed_energy": 51.603798334277705, "execution_time": 384.3383719921112}