{"completion_time": 3201.7453695134163, "mean_delivery_time": 1644.5533200877398, "total_distance": 215117.4648122836, "consumed_energy": 19.877815291678196, "execution_time": 11.353487014770508}