{"completion_time": 2860.276835128129, "mean_delivery_time": 1580.8617237552087, "total_distance": 286165.4322947613, "consumed_energy": 22.950481639038053, "execution_time": 16.084526777267456}