{"completion_time": 5600.553670256258, "mean_schedule_time": 2801.3850694739167, "mean_flight_time": 2725.385069473916, "mean_swap_time": 76.0, "mean_idle_time": 9.094947017729282e-13, "mean_delivery_time": 3080.294876081846, "mean_schedule_distance": 19077.69548631742, "mean_schedule_energy": 1.5300321092692035, "mean_number_swaps": 1.2666666666666666, "drone_utilization": 0.8666666666666667, "execution_time": 11.806823015213013}