{"completion_time": 7849.58709320519, "mean_schedule_time": 6130.774680207699, "mean_flight_time": 5455.5490262094045, "mean_swap_time": 206.66666666666666, "mean_idle_time": 468.5589873316276, "mean_delivery_time": 5183.302402319161, "mean_schedule_distance": 38188.843183465855, "mean_schedule_energy": 3.262593472837734, "mean_number_swaps": 3.4444444444444446, "drone_utilization": 1.0, "execution_time": 611.3325526714325}