{"completion_time": 2192.2770983155056, "mean_delivery_time": 1171.2432958518182, "total_distance": 62229.6245677018, "consumed_energy": 5.595084903834681, "execution_time": 1.8710510730743408}