{"completion_time": 4179.477878090696, "mean_schedule_time": 749.0088770796423, "mean_flight_time": 728.0088770796424, "mean_swap_time": 21.0, "mean_idle_time": -1.1368683772161603e-13, "mean_delivery_time": 2496.696256932141, "mean_schedule_distance": 5096.062139557497, "mean_schedule_energy": 0.428635125655906, "mean_number_swaps": 0.35, "drone_utilization": 0.3, "execution_time": 2.6569905281066895}