{"completion_time": 12050.969044606734, "mean_schedule_time": 4870.185675556368, "mean_flight_time": 4690.185675556368, "mean_swap_time": 180.0, "mean_idle_time": 0.0, "mean_delivery_time": 4160.881790173373, "mean_schedule_distance": 32831.29972889458, "mean_schedule_energy": 2.8813279985376945, "mean_number_swaps": 3.0, "drone_utilization": 1.0, "execution_time": 9.893337965011597}