{"completion_time": 6295.484522303367, "mean_delivery_time": 2155.4408950866864, "total_distance": 328312.9972889458, "consumed_energy": 28.813279985376944, "execution_time": 8.86577558517456}