{"completion_time": 15519.724338021164, "mean_schedule_time": 13629.257804877314, "mean_flight_time": 13029.257804877308, "mean_swap_time": 600.0, "mean_idle_time": 5.4569682106375694e-12, "mean_delivery_time": 7348.327054370185, "mean_schedule_distance": 91204.80463414117, "mean_schedule_energy": 7.806446969914775, "mean_number_swaps": 10.0, "drone_utilization": 1.0, "execution_time": 8.130475282669067}