{"completion_time": 8089.862169010582, "mean_delivery_time": 3824.1635271850923, "total_distance": 456024.0231707058, "consumed_energy": 39.032234849573875, "execution_time": 7.38212513923645}