{"completion_time": 5643.393472975726, "mean_schedule_time": 505.81937690522994, "mean_flight_time": 489.6655307513838, "mean_swap_time": 16.153846153846153, "mean_idle_time": 0.0, "mean_delivery_time": 2630.2607599071957, "mean_schedule_distance": 3427.658715259687, "mean_schedule_energy": 0.3152943820522868, "mean_number_swaps": 0.2692307692307692, "drone_utilization": 0.19230769230769232, "execution_time": 2.476996898651123}