{"completion_time": 3734.105007118579, "mean_schedule_time": 1703.4951154004127, "mean_flight_time": 1501.1174434273637, "mean_swap_time": 45.0, "mean_idle_time": 157.37767197304902, "mean_delivery_time": 3117.7977924637685, "mean_schedule_distance": 10507.822103991542, "mean_schedule_energy": 0.8548930861440364, "mean_number_swaps": 0.75, "drone_utilization": 0.5833333333333334, "execution_time": 19.3436176776886}