{"completion_time": 4891.307939423916, "mean_schedule_time": 2722.935331604214, "mean_flight_time": 2420.500432870224, "mean_swap_time": 80.76923076923077, "mean_idle_time": 221.665667964759, "mean_delivery_time": 3077.26667189806, "mean_schedule_distance": 16943.50303009156, "mean_schedule_energy": 1.435837630251536, "mean_number_swaps": 1.3461538461538463, "drone_utilization": 0.8846153846153846, "total_number_parcel_handover": 10, "mean_number_parcel_handover": 0.5, "execution_time": 895.9459290504456}