{"completion_time": 4798.24618415255, "mean_schedule_time": 2278.974358679901, "mean_flight_time": 2009.5422023719389, "mean_swap_time": 66.0, "mean_idle_time": 203.43215630796203, "mean_delivery_time": 2969.3221220542205, "mean_schedule_distance": 14066.795416603574, "mean_schedule_energy": 1.2309660136027634, "mean_number_swaps": 1.1, "drone_utilization": 0.75, "execution_time": 122.07385206222534}