{"completion_time": 17522.601664701444, "mean_schedule_time": 17289.824573270245, "mean_flight_time": 16569.82457327024, "mean_swap_time": 720.0, "mean_idle_time": 3.637978807091713e-12, "mean_delivery_time": 8370.067309773436, "mean_schedule_distance": 115988.77201289168, "mean_schedule_energy": 9.425400763004841, "mean_number_swaps": 12.0, "drone_utilization": 1.0, "execution_time": 768.2206344604492}