{"completion_time": 7739.513833161006, "mean_schedule_time": 6214.606625370696, "mean_flight_time": 5245.999064241392, "mean_swap_time": 202.5, "mean_idle_time": 766.1075611293036, "mean_delivery_time": 5428.684705192076, "mean_schedule_distance": 36721.99344968973, "mean_schedule_energy": 2.90275506133029, "mean_number_swaps": 3.375, "drone_utilization": 1.0, "execution_time": 3247.11847949028}