{"completion_time": 8768.392985693214, "mean_schedule_time": 7334.1971481596, "mean_flight_time": 6645.989068366687, "mean_swap_time": 273.0, "mean_idle_time": 415.20807979291294, "mean_delivery_time": 5736.314119042011, "mean_schedule_distance": 46521.92347856677, "mean_schedule_energy": 3.8722725370340614, "mean_number_swaps": 4.55, "drone_utilization": 1.0, "execution_time": 17206.48942399025}