{"completion_time": 4702.617042928389, "mean_delivery_time": 2901.694489149862, "total_distance": 850762.7377621821, "consumed_energy": 72.52376150883865, "execution_time": 7756.069415807724}