{"completion_time": 9779.623261271043, "mean_schedule_time": 8239.287305552676, "mean_flight_time": 7536.319644149472, "mean_swap_time": 303.75, "mean_idle_time": 399.21766140320415, "mean_delivery_time": 6325.065977735048, "mean_schedule_distance": 52754.237509046325, "mean_schedule_energy": 4.299889055927009, "mean_number_swaps": 5.0625, "drone_utilization": 1.0, "total_number_parcel_handover": 17, "mean_number_parcel_handover": 0.68, "execution_time": 12355.604577302933}