{"completion_time": 6311.2138185844, "mean_schedule_time": 3349.9373143197477, "mean_flight_time": 2784.8558232176188, "mean_swap_time": 96.66666666666667, "mean_idle_time": 468.4148244354624, "mean_delivery_time": 3667.390675983347, "mean_schedule_distance": 19493.99076252332, "mean_schedule_energy": 1.6793557367413925, "mean_number_swaps": 1.6111111111111112, "drone_utilization": 0.8888888888888888, "total_number_parcel_handover": 7, "mean_number_parcel_handover": 0.4666666666666667, "execution_time": 68.3430757522583}