{"completion_time": 12736.980102900743, "mean_schedule_time": 12241.38650818101, "mean_flight_time": 11179.808210905238, "mean_swap_time": 474.0, "mean_idle_time": 587.5782972757734, "mean_delivery_time": 7290.637354916824, "mean_schedule_distance": 78258.65747633667, "mean_schedule_energy": 6.271658161156059, "mean_number_swaps": 7.9, "drone_utilization": 1.0, "total_number_parcel_handover": 12, "mean_number_parcel_handover": 0.48, "execution_time": 6691.245095491409}