{"completion_time": 7609.539281224026, "mean_schedule_time": 2786.823929750664, "mean_flight_time": 2315.5691887694206, "mean_swap_time": 81.6, "mean_idle_time": 389.6547409812433, "mean_delivery_time": 4633.148067897485, "mean_schedule_distance": 16208.984321385944, "mean_schedule_energy": 1.3963202176433918, "mean_number_swaps": 1.36, "drone_utilization": 0.6, "execution_time": 558.4192154407501}