{"completion_time": 7163.899535234791, "mean_schedule_time": 1947.2299276734263, "mean_flight_time": 889.2810378629457, "mean_swap_time": 20.0, "mean_idle_time": 1037.9488898104805, "mean_delivery_time": 6768.416246481114, "mean_schedule_distance": 6224.96726504062, "mean_schedule_energy": 0.5128469545857752, "mean_number_swaps": 0.3333333333333333, "drone_utilization": 0.4, "execution_time": 4.566956996917725}