{"completion_time": 11021.36600532599, "mean_schedule_time": 6890.111653256808, "mean_flight_time": 6608.111653256807, "mean_swap_time": 282.0, "mean_idle_time": 9.094947017729282e-13, "mean_delivery_time": 4859.210625729722, "mean_schedule_distance": 46256.781572797656, "mean_schedule_energy": 3.998679597125046, "mean_number_swaps": 4.7, "drone_utilization": 1.0, "execution_time": 16.923685550689697}