{"completion_time": 24611.414764208665, "mean_schedule_time": 24177.39639124186, "mean_flight_time": 23109.39639124185, "mean_swap_time": 1068.0, "mean_idle_time": 7.275957614183426e-12, "mean_delivery_time": 11013.2794702049, "mean_schedule_distance": 161765.77473869303, "mean_schedule_energy": 13.497495885822152, "mean_number_swaps": 17.8, "drone_utilization": 1.0, "execution_time": 385.4808850288391}