{"completion_time": 16838.543313846163, "mean_schedule_time": 10139.992995399647, "mean_flight_time": 9695.992995399649, "mean_swap_time": 444.0, "mean_idle_time": -1.8189894035458565e-12, "mean_delivery_time": 5897.114591378018, "mean_schedule_distance": 67871.9509677975, "mean_schedule_energy": 5.980880038805895, "mean_number_swaps": 7.4, "drone_utilization": 1.0, "execution_time": 35.266849756240845}