{"completion_time": 3792.34613969094, "mean_schedule_time": 755.7250724740716, "mean_flight_time": 619.5070619257737, "mean_swap_time": 15.0, "mean_idle_time": 121.21801054829791, "mean_delivery_time": 3570.8936400307152, "mean_schedule_distance": 4336.549433480415, "mean_schedule_energy": 0.35803007103246903, "mean_number_swaps": 0.25, "drone_utilization": 0.3, "execution_time": 3.28812837600708}