{"1": [{"x": 3, "y": 2, "a": 2, "tau": 475.9245324748764}], "2": [{"x": 2, "y": 1, "a": 1, "tau": 471.1615226009277}], "3": [], "4": []}