{"completion_time": 6522.619414593257, "mean_schedule_time": 2563.244108433043, "mean_flight_time": 1926.0301311165433, "mean_swap_time": 63.0, "mean_idle_time": 574.2139773164997, "mean_delivery_time": 4828.81547672966, "mean_schedule_distance": 13482.210917815808, "mean_schedule_energy": 1.1254963225728882, "mean_number_swaps": 1.05, "drone_utilization": 0.55, "execution_time": 82.43767857551575}