{"completion_time": 6255.768759299329, "mean_schedule_time": 1308.4816291025547, "mean_flight_time": 1274.731629102555, "mean_swap_time": 33.75, "mean_idle_time": -2.2737367544323206e-13, "mean_delivery_time": 4187.141213128175, "mean_schedule_distance": 8923.121403717882, "mean_schedule_energy": 0.6629392107101441, "mean_number_swaps": 0.5625, "drone_utilization": 0.3125, "execution_time": 2.014549732208252}