{"completion_time": 9511.424597910624, "mean_schedule_time": 6384.630392113583, "mean_flight_time": 5666.530953250361, "mean_swap_time": 222.0, "mean_idle_time": 496.09943886322253, "mean_delivery_time": 5521.4164043680485, "mean_schedule_distance": 39665.716672752504, "mean_schedule_energy": 3.371550075254702, "mean_number_swaps": 3.7, "drone_utilization": 1.0, "execution_time": 1567.6719856262207}