{"completion_time": 15524.721821029549, "mean_schedule_time": 15165.323718358313, "mean_flight_time": 14457.212343274196, "mean_swap_time": 660.0, "mean_idle_time": 48.11137508411775, "mean_delivery_time": 8345.382940654335, "mean_schedule_distance": 101200.48640291939, "mean_schedule_energy": 8.787582797446486, "mean_number_swaps": 11.0, "drone_utilization": 1.0, "execution_time": 495.7504532337189}