{"completion_time": 6571.612476891855, "mean_schedule_time": 4008.2318081665276, "mean_flight_time": 3680.3132074028663, "mean_swap_time": 132.0, "mean_idle_time": 195.9186007636613, "mean_delivery_time": 5010.289760208159, "mean_schedule_distance": 25762.19245182006, "mean_schedule_energy": 1.9534062610494576, "mean_number_swaps": 2.2, "drone_utilization": 0.8, "execution_time": 2.6623637676239014}