{"completion_time": 8648.12284190831, "mean_schedule_time": 7481.395780541854, "mean_flight_time": 6849.838507580214, "mean_swap_time": 264.0, "mean_idle_time": 367.5572729616397, "mean_delivery_time": 5806.518947028628, "mean_schedule_distance": 47948.86955306156, "mean_schedule_energy": 3.9666831244502347, "mean_number_swaps": 4.4, "drone_utilization": 1.0, "execution_time": 9273.22264456749}