{"completion_time": 9687.871222355127, "mean_schedule_time": 8894.566324497973, "mean_flight_time": 8342.757741052168, "mean_swap_time": 360.0, "mean_idle_time": 191.8085834458052, "mean_delivery_time": 5688.861183055865, "mean_schedule_distance": 58399.30418736517, "mean_schedule_energy": 5.091965381404125, "mean_number_swaps": 6.0, "drone_utilization": 1.0, "execution_time": 229.91804361343384}