{"completion_time": 6979.965825729319, "mean_schedule_time": 2753.2491053852377, "mean_flight_time": 2663.2491053852377, "mean_swap_time": 90.0, "mean_idle_time": 0.0, "mean_delivery_time": 3303.8989264622855, "mean_schedule_distance": 18642.743737696666, "mean_schedule_energy": 1.564307785607692, "mean_number_swaps": 1.5, "drone_utilization": 0.8333333333333334, "execution_time": 4.746405839920044}