{"completion_time": 8978.435296611913, "mean_schedule_time": 8328.601610117597, "mean_flight_time": 7478.413402704576, "mean_swap_time": 294.0, "mean_idle_time": 556.1882074130217, "mean_delivery_time": 6416.298327768338, "mean_schedule_distance": 52348.89381893202, "mean_schedule_energy": 4.218457717904374, "mean_number_swaps": 4.9, "drone_utilization": 1.0, "execution_time": 1694.4793012142181}