{"completion_time": 8271.452880299996, "mean_schedule_time": 4901.659865745845, "mean_flight_time": 4702.909865745848, "mean_swap_time": 198.75, "mean_idle_time": -2.7284841053187847e-12, "mean_delivery_time": 3865.4632532834307, "mean_schedule_distance": 32920.36906022092, "mean_schedule_energy": 2.8563099366890294, "mean_number_swaps": 3.3125, "drone_utilization": 1.0, "total_number_parcel_handover": 0, "mean_number_parcel_handover": 0.0, "execution_time": 42.38879942893982}