{"completion_time": 6828.589453474462, "mean_schedule_time": 6384.529312747777, "mean_flight_time": 6132.911431441611, "mean_swap_time": 246.0, "mean_idle_time": 5.617881306166055, "mean_delivery_time": 4381.9794748829645, "mean_schedule_distance": 42930.38002009127, "mean_schedule_energy": 3.5386903609611133, "mean_number_swaps": 4.1, "drone_utilization": 1.0, "execution_time": 582.8078966140747}