{"completion_time": 12126.95525423486, "mean_delivery_time": 5750.839037328537, "total_distance": 758019.1059961849, "consumed_energy": 62.63331545921996, "execution_time": 311.7951340675354}