{"completion_time": 3663.1797392090984, "mean_schedule_time": 1039.266531071916, "mean_flight_time": 1004.8864459605601, "mean_swap_time": 26.666666666666668, "mean_idle_time": 7.713418444689296, "mean_delivery_time": 3321.371929620355, "mean_schedule_distance": 7034.205121723922, "mean_schedule_energy": 0.5167872780894053, "mean_number_swaps": 0.4444444444444444, "drone_utilization": 0.3333333333333333, "total_number_parcel_handover": 2, "mean_number_parcel_handover": 0.4, "execution_time": 31.998673915863037}