{"completion_time": 6786.661718894303, "mean_schedule_time": 2688.4074772641325, "mean_flight_time": 2602.0074772641324, "mean_swap_time": 86.4, "mean_idle_time": 0.0, "mean_delivery_time": 3360.5093465801656, "mean_schedule_distance": 18214.05234084893, "mean_schedule_energy": 1.510612445296124, "mean_number_swaps": 1.44, "drone_utilization": 0.8, "execution_time": 51.900309562683105}