{"completion_time": 7727.018866171652, "mean_schedule_time": 6093.632126314098, "mean_flight_time": 5718.1473375089845, "mean_swap_time": 232.0, "mean_idle_time": 143.48478880511357, "mean_delivery_time": 4605.314759231663, "mean_schedule_distance": 40027.03136256289, "mean_schedule_energy": 3.4448446462784377, "mean_number_swaps": 3.8666666666666667, "drone_utilization": 1.0, "execution_time": 573.0385422706604}