{"completion_time": 6767.525517323361, "mean_schedule_time": 4324.530610718628, "mean_flight_time": 3545.2309401822363, "mean_swap_time": 112.8, "mean_idle_time": 666.4996705363915, "mean_delivery_time": 5008.460611408164, "mean_schedule_distance": 24816.616581275648, "mean_schedule_energy": 2.073577564225627, "mean_number_swaps": 1.88, "drone_utilization": 0.88, "execution_time": 7325.849319696426}