{"completion_time": 3738.055178096399, "mean_schedule_time": 1932.7362584272444, "mean_flight_time": 1747.3740230759445, "mean_swap_time": 42.0, "mean_idle_time": 143.3622353512999, "mean_delivery_time": 3395.5572485457305, "mean_schedule_distance": 12231.61816153161, "mean_schedule_energy": 0.8998360629998787, "mean_number_swaps": 0.7, "drone_utilization": 0.7, "execution_time": 23.26954460144043}