{"completion_time": 5924.814883768512, "mean_schedule_time": 573.3341500317243, "mean_flight_time": 553.3341500317242, "mean_swap_time": 20.0, "mean_idle_time": 1.1368683772161603e-13, "mean_delivery_time": 3440.0049001903462, "mean_schedule_distance": 3873.3390502220705, "mean_schedule_energy": 0.3432640944553749, "mean_number_swaps": 0.3333333333333333, "drone_utilization": 0.16666666666666666, "total_number_parcel_handover": 0, "mean_number_parcel_handover": 0.0, "execution_time": 3.6586811542510986}