{"completion_time": 6997.967795139055, "mean_schedule_time": 5396.0968447251, "mean_flight_time": 4520.580950715924, "mean_swap_time": 186.0, "mean_idle_time": 689.515894009176, "mean_delivery_time": 4595.190059468471, "mean_schedule_distance": 31644.066655011487, "mean_schedule_energy": 2.7852706091268713, "mean_number_swaps": 3.1, "drone_utilization": 1.0, "execution_time": 1036.4689874649048}