{"completion_time": 15442.335131098245, "mean_schedule_time": 10263.378571190302, "mean_flight_time": 9858.378571190302, "mean_swap_time": 405.0, "mean_idle_time": 0.0, "mean_delivery_time": 6659.181688133622, "mean_schedule_distance": 69008.64999833213, "mean_schedule_energy": 5.633554330382542, "mean_number_swaps": 6.75, "drone_utilization": 1.0, "execution_time": 24.87147545814514}