{"completion_time": 4847.791338929941, "mean_schedule_time": 1992.8246855584268, "mean_flight_time": 1707.3666646754332, "mean_swap_time": 41.53846153846154, "mean_idle_time": 243.91955934453222, "mean_delivery_time": 3245.8349166587263, "mean_schedule_distance": 11951.566652728034, "mean_schedule_energy": 1.0107480203108994, "mean_number_swaps": 0.6923076923076923, "drone_utilization": 0.6538461538461539, "total_number_parcel_handover": 7, "mean_number_parcel_handover": 0.7, "execution_time": 1679.7484760284424}