{"completion_time": 1977.902365088491, "mean_delivery_time": 1737.3416539054379, "total_distance": 143727.97402681404, "consumed_energy": 11.058478149324788, "execution_time": 8.186438083648682}