{"completion_time": 5949.681720923662, "mean_schedule_time": 4270.900993573545, "mean_flight_time": 3969.9812067080375, "mean_swap_time": 139.2, "mean_idle_time": 161.71978686550756, "mean_delivery_time": 4066.3214924610347, "mean_schedule_distance": 27789.86844695626, "mean_schedule_energy": 2.3658158738807993, "mean_number_swaps": 2.32, "drone_utilization": 1.0, "execution_time": 2031.0856890678406}