{"completion_time": 59255.49591567863, "mean_schedule_time": 58808.80732296621, "mean_flight_time": 56318.80732296622, "mean_swap_time": 2490.0, "mean_idle_time": -7.275957614183426e-12, "mean_delivery_time": 27106.408237403055, "mean_schedule_distance": 394231.651260763, "mean_schedule_energy": 32.012520258352644, "mean_number_swaps": 41.5, "drone_utilization": 1.0, "total_number_parcel_handover": 1, "mean_number_parcel_handover": 0.04, "execution_time": 101.40620732307434}