{"completion_time": 6042.414463016365, "mean_schedule_time": 3060.8899342212044, "mean_flight_time": 2538.552867906689, "mean_swap_time": 90.0, "mean_idle_time": 432.3370663145156, "mean_delivery_time": 3979.1569144875657, "mean_schedule_distance": 17769.87007534681, "mean_schedule_energy": 1.5779925957833085, "mean_number_swaps": 1.5, "drone_utilization": 0.7692307692307693, "total_number_parcel_handover": 9, "mean_number_parcel_handover": 0.45, "execution_time": 519.5091300010681}