{"completion_time": 8573.588194313286, "mean_schedule_time": 4295.602038378836, "mean_flight_time": 4136.6020383788355, "mean_swap_time": 159.0, "mean_idle_time": 9.094947017729282e-13, "mean_delivery_time": 3891.2135172638127, "mean_schedule_distance": 28956.214268651856, "mean_schedule_energy": 2.38767579449765, "mean_number_swaps": 2.65, "drone_utilization": 1.0, "total_number_parcel_handover": 0, "mean_number_parcel_handover": 0.0, "execution_time": 35.824512004852295}