{"completion_time": 4905.180726101917, "mean_schedule_time": 1195.6006405043986, "mean_flight_time": 1155.6006405043988, "mean_swap_time": 40.0, "mean_idle_time": -2.2737367544323206e-13, "mean_delivery_time": 2989.0016012609963, "mean_schedule_distance": 8089.204483530791, "mean_schedule_energy": 0.7678502792786548, "mean_number_swaps": 0.6666666666666666, "drone_utilization": 0.4, "execution_time": 2.909707546234131}