{"completion_time": 6254.150127131734, "mean_schedule_time": 1694.940763292036, "mean_flight_time": 1377.7012254547524, "mean_swap_time": 47.142857142857146, "mean_idle_time": 270.0966806944266, "mean_delivery_time": 3693.9492338932114, "mean_schedule_distance": 9643.908578183265, "mean_schedule_energy": 0.8600894777536194, "mean_number_swaps": 0.7857142857142857, "drone_utilization": 0.42857142857142855, "execution_time": 80.02659606933594}