{"completion_time": 6728.671684956705, "mean_schedule_time": 5010.338943592857, "mean_flight_time": 4830.338943592856, "mean_swap_time": 180.0, "mean_idle_time": 9.094947017729282e-13, "mean_delivery_time": 3855.4722891532233, "mean_schedule_distance": 33812.37260514999, "mean_schedule_energy": 2.6792684104663738, "mean_number_swaps": 3.0, "drone_utilization": 1.0, "execution_time": 30.444501399993896}