{"completion_time": 9334.212672687643, "mean_schedule_time": 5286.99168719658, "mean_flight_time": 4330.002093451281, "mean_swap_time": 148.8, "mean_idle_time": 808.1895937452982, "mean_delivery_time": 5204.606339950207, "mean_schedule_distance": 30310.01465415896, "mean_schedule_energy": 2.5254669279551596, "mean_number_swaps": 2.48, "drone_utilization": 0.96, "execution_time": 1775.4441282749176}