{"completion_time": 5683.978263082866, "mean_schedule_time": 1961.0912738204306, "mean_flight_time": 1906.0912738204313, "mean_swap_time": 55.0, "mean_idle_time": -6.821210263296962e-13, "mean_delivery_time": 2426.450914577254, "mean_schedule_distance": 13342.638916743015, "mean_schedule_energy": 1.197001292669704, "mean_number_swaps": 0.9166666666666666, "drone_utilization": 0.75, "total_number_parcel_handover": 0, "mean_number_parcel_handover": 0.0, "execution_time": 5.837465047836304}