{"completion_time": 9002.590687462642, "mean_schedule_time": 4453.66682684561, "mean_flight_time": 4295.09539827418, "mean_swap_time": 158.57142857142858, "mean_idle_time": 9.094947017729282e-13, "mean_delivery_time": 3630.536337863544, "mean_schedule_distance": 30065.66778791926, "mean_schedule_energy": 2.665167273642879, "mean_number_swaps": 2.642857142857143, "drone_utilization": 1.0, "total_number_parcel_handover": 0, "mean_number_parcel_handover": 0.0, "execution_time": 27.78283405303955}