{"completion_time": 7679.513833161006, "mean_schedule_time": 5919.9288982119015, "mean_flight_time": 4733.620248672183, "mean_swap_time": 186.0, "mean_idle_time": 1000.3086495397183, "mean_delivery_time": 4934.468659470867, "mean_schedule_distance": 33135.34174070528, "mean_schedule_energy": 2.832614183259803, "mean_number_swaps": 3.1, "drone_utilization": 1.0, "execution_time": 8619.647384166718}