{"completion_time": 3006.7425975996257, "mean_delivery_time": 2105.4686808081055, "total_distance": 695715.0200678768, "consumed_energy": 57.02044811753781, "execution_time": 791.0385143756866}