{"completion_time": 6496.261762898139, "mean_schedule_time": 6103.2249215288475, "mean_flight_time": 5868.224921528851, "mean_swap_time": 235.0, "mean_idle_time": -3.637978807091713e-12, "mean_delivery_time": 4679.825979958552, "mean_schedule_distance": 41077.57445070194, "mean_schedule_energy": 3.35896888243696, "mean_number_swaps": 3.9166666666666665, "drone_utilization": 1.0, "execution_time": 486.0761008262634}