{"completion_time": 4357.6457307103665, "mean_schedule_time": 3001.178954360718, "mean_flight_time": 2777.863210493618, "mean_swap_time": 87.5, "mean_idle_time": 135.81574386709963, "mean_delivery_time": 3392.45625079229, "mean_schedule_distance": 19445.042473455316, "mean_schedule_energy": 1.6234796475996722, "mean_number_swaps": 1.4583333333333333, "drone_utilization": 0.875, "execution_time": 887.015602350235}