{"completion_time": 5539.073130123545, "mean_schedule_time": 4818.026489834937, "mean_flight_time": 4586.757137460085, "mean_swap_time": 165.0, "mean_idle_time": 66.26935237485213, "mean_delivery_time": 4163.594934204857, "mean_schedule_distance": 32107.299962220586, "mean_schedule_energy": 2.622010275783166, "mean_number_swaps": 2.75, "drone_utilization": 1.0, "total_number_parcel_handover": 5, "mean_number_parcel_handover": 0.5, "execution_time": 30.384114265441895}