{"completion_time": 10886.452568676903, "mean_schedule_time": 4736.824260436499, "mean_flight_time": 4561.624260436498, "mean_swap_time": 175.2, "mean_idle_time": 9.094947017729282e-13, "mean_delivery_time": 4419.130978502109, "mean_schedule_distance": 31931.369823055495, "mean_schedule_energy": 2.7980160792900954, "mean_number_swaps": 2.92, "drone_utilization": 1.0, "execution_time": 50.048269748687744}