{"completion_time": 4489.823238144608, "mean_delivery_time": 2967.1617529212053, "total_distance": 440948.03121927514, "consumed_energy": 35.85343061799802, "execution_time": 121.96561551094055}