{"completion_time": 3920.5081124816375, "mean_delivery_time": 2455.271418255605, "total_distance": 602770.4586252482, "consumed_energy": 49.65487919547925, "execution_time": 623.3777434825897}