{"completion_time": 7557.860629363798, "mean_schedule_time": 6591.672810958497, "mean_flight_time": 6201.596853346067, "mean_swap_time": 257.14285714285717, "mean_idle_time": 132.93310046957322, "mean_delivery_time": 4820.485498482545, "mean_schedule_distance": 43411.17797342246, "mean_schedule_energy": 3.5797964663349435, "mean_number_swaps": 4.285714285714286, "drone_utilization": 1.0, "total_number_parcel_handover": 5, "mean_number_parcel_handover": 0.2, "execution_time": 1463.077332496643}