{"completion_time": 4280.238340651495, "mean_schedule_time": 783.4547758249048, "mean_flight_time": 759.4547758249047, "mean_swap_time": 24.0, "mean_idle_time": 1.1368683772161603e-13, "mean_delivery_time": 3133.819103299619, "mean_schedule_distance": 5316.183430774332, "mean_schedule_energy": 0.4381887032211784, "mean_number_swaps": 0.4, "drone_utilization": 0.25, "execution_time": 2.4092471599578857}