{"completion_time": 26884.817132395554, "mean_schedule_time": 26569.59459674693, "mean_flight_time": 25357.594596746923, "mean_swap_time": 1212.0, "mean_idle_time": 7.275957614183426e-12, "mean_delivery_time": 12345.23003157346, "mean_schedule_distance": 177503.16217722854, "mean_schedule_energy": 15.168074112436168, "mean_number_swaps": 20.2, "drone_utilization": 1.0, "execution_time": 603.4507269859314}