{"completion_time": 12840.772277247805, "mean_schedule_time": 6638.520785575652, "mean_flight_time": 6382.520785575656, "mean_swap_time": 256.0, "mean_idle_time": -4.547473508864641e-12, "mean_delivery_time": 5237.812494180901, "mean_schedule_distance": 44677.64549902954, "mean_schedule_energy": 3.8349692098873907, "mean_number_swaps": 4.266666666666667, "drone_utilization": 1.0, "execution_time": 23.82345986366272}