{"completion_time": 2975.327626985344, "mean_delivery_time": 1920.8246384462282, "total_distance": 343575.07563948614, "consumed_energy": 28.009990554026743, "execution_time": 92.63217830657959}