{"completion_time": 56164.49673542495, "mean_schedule_time": 54073.5677628165, "mean_flight_time": 51703.56776281653, "mean_swap_time": 2370.0, "mean_idle_time": -2.9103830456733704e-11, "mean_delivery_time": 23549.854644529667, "mean_schedule_distance": 361924.9743397155, "mean_schedule_energy": 29.029969887190585, "mean_number_swaps": 39.5, "drone_utilization": 1.0, "execution_time": 5.368304491043091}