{"completion_time": 4205.964284491978, "mean_schedule_time": 723.194239437838, "mean_flight_time": 602.7775787704636, "mean_swap_time": 12.0, "mean_idle_time": 108.41666066737434, "mean_delivery_time": 3063.2907757367893, "mean_schedule_distance": 4219.443051393246, "mean_schedule_energy": 0.3529937537837267, "mean_number_swaps": 0.2, "drone_utilization": 0.28, "execution_time": 44.05691361427307}