{"completion_time": 4324.3958982969025, "mean_schedule_time": 2043.0004328007387, "mean_flight_time": 1828.7296997674277, "mean_swap_time": 35.0, "mean_idle_time": 179.270733033311, "mean_delivery_time": 3442.0904382538456, "mean_schedule_distance": 12801.107898371993, "mean_schedule_energy": 0.9595599358442994, "mean_number_swaps": 0.5833333333333334, "drone_utilization": 0.6666666666666666, "total_number_parcel_handover": 3, "mean_number_parcel_handover": 0.6, "execution_time": 13.671314716339111}