{"completion_time": 27977.996412221844, "mean_schedule_time": 23462.38194529448, "mean_flight_time": 22382.381945294495, "mean_swap_time": 1080.0, "mean_idle_time": -1.4551915228366852e-11, "mean_delivery_time": 10474.267979958568, "mean_schedule_distance": 156676.6736170613, "mean_schedule_energy": 13.608895958562751, "mean_number_swaps": 18.0, "drone_utilization": 1.0, "execution_time": 19.887977361679077}