{"completion_time": 14558.998206110922, "mean_delivery_time": 5461.133989979284, "total_distance": 783383.3680853065, "consumed_energy": 68.04447979281376, "execution_time": 17.938712120056152}