{"completion_time": 12984.897022508654, "mean_schedule_time": 12301.812728042636, "mean_flight_time": 11427.599594124022, "mean_swap_time": 492.0, "mean_idle_time": 382.2131339186144, "mean_delivery_time": 7403.756438444971, "mean_schedule_distance": 79993.19715886815, "mean_schedule_energy": 6.792606670551374, "mean_number_swaps": 8.2, "drone_utilization": 1.0, "execution_time": 171.81730937957764}