{"completion_time": 4701.376767658258, "mean_schedule_time": 563.9120346059041, "mean_flight_time": 545.912034605904, "mean_swap_time": 18.0, "mean_idle_time": 1.1368683772161603e-13, "mean_delivery_time": 2819.5601730295202, "mean_schedule_distance": 3821.384242241329, "mean_schedule_energy": 0.35330029418918296, "mean_number_swaps": 0.3, "drone_utilization": 0.2, "execution_time": 1.6833429336547852}