{"completion_time": 11022.7745146134, "mean_schedule_time": 10515.475499693572, "mean_flight_time": 9964.161137021516, "mean_swap_time": 420.0, "mean_idle_time": 131.31436267205572, "mean_delivery_time": 6532.624782510809, "mean_schedule_distance": 69749.12795915066, "mean_schedule_energy": 6.137554444478241, "mean_number_swaps": 7.0, "drone_utilization": 1.0, "total_number_parcel_handover": 2, "mean_number_parcel_handover": 0.13333333333333333, "execution_time": 287.58324241638184}