{"completion_time": 5525.717311404156, "mean_schedule_time": 3224.685949362592, "mean_flight_time": 2952.723769189914, "mean_swap_time": 96.0, "mean_idle_time": 175.96218017267802, "mean_delivery_time": 3504.8047435028184, "mean_schedule_distance": 20669.0663843294, "mean_schedule_energy": 1.762896079100847, "mean_number_swaps": 1.6, "drone_utilization": 0.88, "execution_time": 1067.9800539016724}