{"completion_time": 4733.345902469695, "mean_schedule_time": 1096.0970068613847, "mean_flight_time": 1072.0970068613847, "mean_swap_time": 24.0, "mean_idle_time": 0.0, "mean_delivery_time": 2740.2425171534614, "mean_schedule_distance": 7504.679048029692, "mean_schedule_energy": 0.5802762200374525, "mean_number_swaps": 0.4, "drone_utilization": 0.4, "execution_time": 3.0048718452453613}