{"completion_time": 2426.6729512348475, "mean_delivery_time": 1400.1212585767307, "total_distance": 112570.18572044538, "consumed_energy": 8.704143300561787, "execution_time": 2.63663911819458}