{"completion_time": 5977.589306410375, "mean_schedule_time": 1683.4299275456585, "mean_flight_time": 1088.0266363100698, "mean_swap_time": 39.0, "mean_idle_time": 556.4032912355888, "mean_delivery_time": 3214.596904601009, "mean_schedule_distance": 7616.18645417049, "mean_schedule_energy": 0.7009755920065086, "mean_number_swaps": 0.65, "drone_utilization": 0.5, "execution_time": 19.718190908432007}