{"completion_time": 32672.267049077134, "mean_schedule_time": 26839.854136445247, "mean_flight_time": 25687.854136445254, "mean_swap_time": 1152.0, "mean_idle_time": -7.275957614183426e-12, "mean_delivery_time": 12177.914102460778, "mean_schedule_distance": 179814.97895511673, "mean_schedule_energy": 14.564987815306768, "mean_number_swaps": 19.2, "drone_utilization": 1.0, "execution_time": 13.769156694412231}