{"completion_time": 8259.907923919267, "mean_schedule_time": 6711.873934168053, "mean_flight_time": 6465.873934168052, "mean_swap_time": 246.0, "mean_idle_time": 9.094947017729282e-13, "mean_delivery_time": 4905.873519490625, "mean_schedule_distance": 45261.11753917637, "mean_schedule_energy": 3.544651313519477, "mean_number_swaps": 4.1, "drone_utilization": 1.0, "execution_time": 68.74700093269348}