{"completion_time": 22076.611311904642, "mean_schedule_time": 21922.658787135635, "mean_flight_time": 20962.658787135635, "mean_swap_time": 960.0, "mean_idle_time": 0.0, "mean_delivery_time": 11289.284516191485, "mean_schedule_distance": 146738.61150994946, "mean_schedule_energy": 11.791326091680814, "mean_number_swaps": 16.0, "drone_utilization": 1.0, "execution_time": 1680.4199159145355}