{"completion_time": 4970.337840108965, "mean_schedule_time": 4068.7730654371667, "mean_flight_time": 3459.5256071942717, "mean_swap_time": 103.33333333333333, "mean_idle_time": 505.91412490956145, "mean_delivery_time": 4003.42901972004, "mean_schedule_distance": 24216.6792503599, "mean_schedule_energy": 1.8907126671519008, "mean_number_swaps": 1.7222222222222223, "drone_utilization": 1.0, "total_number_parcel_handover": 8, "mean_number_parcel_handover": 0.5333333333333333, "execution_time": 734.2007837295532}