{"completion_time": 3331.14354906046, "mean_schedule_time": 707.1440673851182, "mean_flight_time": 610.8429149581136, "mean_swap_time": 13.636363636363637, "mean_idle_time": 82.66478879064096, "mean_delivery_time": 2629.3782167377894, "mean_schedule_distance": 4275.900404706796, "mean_schedule_energy": 0.3382675881444004, "mean_number_swaps": 0.22727272727272727, "drone_utilization": 0.2727272727272727, "execution_time": 13.41404414176941}