{"completion_time": 15660.824323385637, "mean_schedule_time": 13619.346172086667, "mean_flight_time": 12600.016900066585, "mean_swap_time": 540.0, "mean_idle_time": 479.3292720200825, "mean_delivery_time": 8277.18831807938, "mean_schedule_distance": 88200.11830046603, "mean_schedule_energy": 7.212439232758809, "mean_number_swaps": 9.0, "drone_utilization": 1.0, "execution_time": 535.4454386234283}