{"completion_time": 4298.5186256302595, "mean_schedule_time": 1241.157730282896, "mean_flight_time": 1041.874039610006, "mean_swap_time": 27.692307692307693, "mean_idle_time": 171.59138298058224, "mean_delivery_time": 2627.4995700411964, "mean_schedule_distance": 7293.11827727004, "mean_schedule_energy": 0.6255885657950906, "mean_number_swaps": 0.46153846153846156, "drone_utilization": 0.46153846153846156, "total_number_parcel_handover": 3, "mean_number_parcel_handover": 0.3, "execution_time": 199.1912648677826}