{"completion_time": 10135.772977503944, "mean_schedule_time": 9108.97988000692, "mean_flight_time": 8317.646718793194, "mean_swap_time": 336.0, "mean_idle_time": 455.33316121372627, "mean_delivery_time": 6123.12199226313, "mean_schedule_distance": 58223.52703155242, "mean_schedule_energy": 4.845447399317466, "mean_number_swaps": 5.6, "drone_utilization": 1.0, "execution_time": 669.25186419487}