{"completion_time": 9108.262764986728, "mean_schedule_time": 6539.161270291435, "mean_flight_time": 5054.376828871851, "mean_swap_time": 210.0, "mean_idle_time": 1274.7844414195843, "mean_delivery_time": 5713.043348833106, "mean_schedule_distance": 35380.63780210297, "mean_schedule_energy": 3.2290958270217773, "mean_number_swaps": 3.5, "drone_utilization": 1.0, "execution_time": 348.44019389152527}