{"completion_time": 4891.307939423916, "mean_schedule_time": 1667.676752056242, "mean_flight_time": 1431.4571845218077, "mean_swap_time": 44.0, "mean_idle_time": 192.21956753443442, "mean_delivery_time": 2958.6576228392382, "mean_schedule_distance": 10020.20029165265, "mean_schedule_energy": 0.8511584967190732, "mean_number_swaps": 0.7333333333333333, "drone_utilization": 0.5666666666666667, "total_number_parcel_handover": 7, "mean_number_parcel_handover": 0.4666666666666667, "execution_time": 279.9356732368469}