{"completion_time": 8503.395391368927, "mean_schedule_time": 7683.771803323262, "mean_flight_time": 7314.7510988167, "mean_swap_time": 288.0, "mean_idle_time": 81.02070450656265, "mean_delivery_time": 5163.875653051613, "mean_schedule_distance": 51203.257691716906, "mean_schedule_energy": 4.210320082230476, "mean_number_swaps": 4.8, "drone_utilization": 1.0, "execution_time": 190.92606830596924}