{"completion_time": 9340.305085998354, "mean_schedule_time": 6569.477563584926, "mean_flight_time": 5569.547237626884, "mean_swap_time": 215.0, "mean_idle_time": 784.930325958042, "mean_delivery_time": 5715.755774332993, "mean_schedule_distance": 38986.830663388195, "mean_schedule_energy": 3.3040698548756633, "mean_number_swaps": 3.5833333333333335, "drone_utilization": 1.0, "total_number_parcel_handover": 8, "mean_number_parcel_handover": 0.5333333333333333, "execution_time": 763.8511970043182}