{"completion_time": 866.2460227552516, "execution_time": 0.00017547607421875}