{"completion_time": 6311.2138185844, "mean_schedule_time": 1263.303794027652, "mean_flight_time": 860.8254352039622, "mean_swap_time": 25.0, "mean_idle_time": 377.47835882368975, "mean_delivery_time": 3769.8808578739154, "mean_schedule_distance": 6025.7780464277375, "mean_schedule_energy": 0.5218202963735868, "mean_number_swaps": 0.4166666666666667, "drone_utilization": 0.3333333333333333, "execution_time": 44.54759860038757}