{"completion_time": 8088.937871723597, "mean_schedule_time": 7500.63807754748, "mean_flight_time": 6925.047688055865, "mean_swap_time": 274.2857142857143, "mean_idle_time": 301.3046752058999, "mean_delivery_time": 5334.001836512601, "mean_schedule_distance": 48475.33381639107, "mean_schedule_energy": 3.997911594757736, "mean_number_swaps": 4.571428571428571, "drone_utilization": 1.0, "total_number_parcel_handover": 20, "mean_number_parcel_handover": 0.8, "execution_time": 8285.903302669525}