{"completion_time": 1819.4171328410312, "execution_time": 0.009445905685424805}