{"completion_time": 9555.147264439947, "mean_schedule_time": 6269.8905478562465, "mean_flight_time": 6025.890547856242, "mean_swap_time": 244.0, "mean_idle_time": 4.547473508864641e-12, "mean_delivery_time": 4491.19929382634, "mean_schedule_distance": 42181.23383499372, "mean_schedule_energy": 3.521278266032091, "mean_number_swaps": 4.066666666666666, "drone_utilization": 1.0, "execution_time": 32.08161377906799}