{"completion_time": 1486.7145659198075, "execution_time": 0.026752948760986328}