{"completion_time": 4371.61058172224, "mean_delivery_time": 2702.47115784887, "total_distance": 409324.10446900123, "consumed_energy": 34.25750654163501, "execution_time": 313.09213042259216}