{"completion_time": 8563.22116344448, "mean_schedule_time": 6414.984306155589, "mean_flight_time": 5847.48720670002, "mean_swap_time": 216.0, "mean_idle_time": 351.4970994555697, "mean_delivery_time": 5142.691776139337, "mean_schedule_distance": 40932.410446900125, "mean_schedule_energy": 3.425750654163502, "mean_number_swaps": 3.6, "drone_utilization": 1.0, "total_number_parcel_handover": 5, "mean_number_parcel_handover": 0.3333333333333333, "execution_time": 429.99777269363403}