{"completion_time": 18267.26536804812, "mean_schedule_time": 12257.292609175154, "mean_flight_time": 11753.292609175161, "mean_swap_time": 504.0, "mean_idle_time": -7.275957614183426e-12, "mean_delivery_time": 7037.209744661246, "mean_schedule_distance": 82273.04826422606, "mean_schedule_energy": 6.789114478614863, "mean_number_swaps": 8.4, "drone_utilization": 1.0, "execution_time": 23.07732605934143}