{"completion_time": 32699.823227255078, "mean_schedule_time": 28183.856430712276, "mean_flight_time": 26953.856430712265, "mean_swap_time": 1230.0, "mean_idle_time": 1.0913936421275139e-11, "mean_delivery_time": 13268.548069901022, "mean_schedule_distance": 188676.99501498597, "mean_schedule_energy": 14.9466509953253, "mean_number_swaps": 20.5, "drone_utilization": 1.0, "total_number_parcel_handover": 0, "mean_number_parcel_handover": 0.0, "execution_time": 12.164441108703613}