{"completion_time": 2898.298270268776, "execution_time": 0.43996310234069824}