{"completion_time": 3763.783955198057, "mean_delivery_time": 2254.7069164195623, "total_distance": 254942.506498009, "consumed_energy": 22.97485600018159, "execution_time": 210.9595184326172}