{"completion_time": 4109.27570696154, "mean_schedule_time": 1044.6132397653096, "mean_flight_time": 1020.6132397653097, "mean_swap_time": 24.0, "mean_idle_time": 0.0, "mean_delivery_time": 2162.367865523356, "mean_schedule_distance": 7144.292678357166, "mean_schedule_energy": 0.5990451610588132, "mean_number_swaps": 0.4, "drone_utilization": 0.45, "total_number_parcel_handover": 0, "mean_number_parcel_handover": 0.0, "execution_time": 10.438509464263916}