{"completion_time": 8169.172613974724, "mean_schedule_time": 7356.680261564475, "mean_flight_time": 6864.078860677426, "mean_swap_time": 280.0, "mean_idle_time": 212.60140088704884, "mean_delivery_time": 4961.67328092752, "mean_schedule_distance": 48048.55202474197, "mean_schedule_energy": 4.080246911209772, "mean_number_swaps": 4.666666666666667, "drone_utilization": 1.0, "total_number_parcel_handover": 6, "mean_number_parcel_handover": 0.24, "execution_time": 379.3682713508606}