{"completion_time": 29100.119660126766, "mean_schedule_time": 28677.34820942547, "mean_flight_time": 26693.20174881461, "mean_swap_time": 1188.0, "mean_idle_time": 796.1464606108602, "mean_delivery_time": 14020.322705141012, "mean_schedule_distance": 186852.41224170243, "mean_schedule_energy": 15.432029505666842, "mean_number_swaps": 19.8, "drone_utilization": 1.0, "execution_time": 669.8222706317902}