{"completion_time": 2489.471408290736, "mean_delivery_time": 1719.731314321507, "total_distance": 275282.6054334188, "consumed_energy": 21.57854987318633, "execution_time": 349.3152244091034}