{"completion_time": 9065.64420662852, "mean_schedule_time": 4971.8796134189415, "mean_flight_time": 3916.473519716039, "mean_swap_time": 150.0, "mean_idle_time": 905.4060937029026, "mean_delivery_time": 5210.821464677665, "mean_schedule_distance": 27415.314638012296, "mean_schedule_energy": 2.368750059329438, "mean_number_swaps": 2.5, "drone_utilization": 0.9230769230769231, "total_number_parcel_handover": 9, "mean_number_parcel_handover": 0.36, "execution_time": 562.1268277168274}