{"completion_time": 8988.262764986728, "mean_schedule_time": 1669.687304032216, "mean_flight_time": 805.5668578782679, "mean_swap_time": 20.0, "mean_idle_time": 844.120446153948, "mean_delivery_time": 3908.690482019368, "mean_schedule_distance": 5638.968005147875, "mean_schedule_energy": 0.4673024736164486, "mean_number_swaps": 0.3333333333333333, "drone_utilization": 0.36666666666666664, "total_number_parcel_handover": 6, "mean_number_parcel_handover": 1.2, "execution_time": 824.6987679004669}