{"completion_time": 10430.9076220525, "mean_schedule_time": 4927.56106052831, "mean_flight_time": 4744.561060528311, "mean_swap_time": 183.0, "mean_idle_time": -9.094947017729282e-13, "mean_delivery_time": 4653.0292153450655, "mean_schedule_distance": 33211.92742369816, "mean_schedule_energy": 2.8023678654112416, "mean_number_swaps": 3.05, "drone_utilization": 0.95, "execution_time": 31.4675030708313}