{"completion_time": 6832.222341420381, "mean_schedule_time": 6459.644101352783, "mean_flight_time": 5994.614550650786, "mean_swap_time": 260.0, "mean_idle_time": 205.0295507019964, "mean_delivery_time": 4964.544620224497, "mean_schedule_distance": 41962.301854555495, "mean_schedule_energy": 3.614577334155767, "mean_number_swaps": 4.333333333333333, "drone_utilization": 1.0, "execution_time": 10565.60267996788}