{"completion_time": 13964.464314859531, "mean_schedule_time": 10372.302355804763, "mean_flight_time": 9952.302355804764, "mean_swap_time": 420.0, "mean_idle_time": -1.8189894035458565e-12, "mean_delivery_time": 6513.639742375084, "mean_schedule_distance": 69666.11649063334, "mean_schedule_energy": 5.623319167536428, "mean_number_swaps": 7.0, "drone_utilization": 1.0, "total_number_parcel_handover": 0, "mean_number_parcel_handover": 0.0, "execution_time": 24.06979513168335}