{"completion_time": 5242.266564016443, "mean_schedule_time": 2769.596619203909, "mean_flight_time": 2337.60564525769, "mean_swap_time": 72.0, "mean_idle_time": 359.9909739462191, "mean_delivery_time": 3394.6968913480737, "mean_schedule_distance": 16363.239516803826, "mean_schedule_energy": 1.3221628910617589, "mean_number_swaps": 1.2, "drone_utilization": 0.8, "execution_time": 330.1733121871948}