{"completion_time": 3506.812602100289, "mean_schedule_time": 673.4535024012579, "mean_flight_time": 649.4535024012579, "mean_swap_time": 24.0, "mean_idle_time": 0.0, "mean_delivery_time": 3367.2675120062895, "mean_schedule_distance": 4546.174516808806, "mean_schedule_energy": 0.38160724482466557, "mean_number_swaps": 0.4, "drone_utilization": 0.2, "execution_time": 0.37278056144714355}