{"completion_time": 5562.251683021451, "mean_schedule_time": 4782.823463769931, "mean_flight_time": 4535.589738365396, "mean_swap_time": 172.0, "mean_idle_time": 75.2337254045342, "mean_delivery_time": 4064.832980543175, "mean_schedule_distance": 31749.128168557767, "mean_schedule_energy": 2.5435251002885915, "mean_number_swaps": 2.8666666666666667, "drone_utilization": 1.0, "execution_time": 693.298389673233}