{"completion_time": 6494.150127131732, "mean_schedule_time": 1524.9607708919232, "mean_flight_time": 1469.9607708919236, "mean_swap_time": 55.0, "mean_idle_time": -4.547473508864641e-13, "mean_delivery_time": 3751.427205133339, "mean_schedule_distance": 10289.725396243464, "mean_schedule_energy": 0.9175723366794154, "mean_number_swaps": 0.9166666666666666, "drone_utilization": 0.375, "execution_time": 11.449721097946167}