{"completion_time": 7162.68856633494, "mean_schedule_time": 3302.3403281011088, "mean_flight_time": 2791.4032269776744, "mean_swap_time": 91.2, "mean_idle_time": 419.7371011234345, "mean_delivery_time": 4274.926893859123, "mean_schedule_distance": 19539.822588843723, "mean_schedule_energy": 1.5797211179796349, "mean_number_swaps": 1.52, "drone_utilization": 0.76, "execution_time": 212.18429350852966}