{"completion_time": 6142.09131202545, "mean_schedule_time": 790.8324817231199, "mean_flight_time": 750.8324817231199, "mean_swap_time": 40.0, "mean_idle_time": 0.0, "mean_delivery_time": 5931.243612923399, "mean_schedule_distance": 5255.82737206184, "mean_schedule_energy": 0.5370634492406986, "mean_number_swaps": 0.6666666666666666, "drone_utilization": 0.13333333333333333, "execution_time": 0.4763169288635254}