{"completion_time": 8289.210893753285, "mean_schedule_time": 7946.130464078941, "mean_flight_time": 7653.222097108862, "mean_swap_time": 280.0, "mean_idle_time": 12.908366970079442, "mean_delivery_time": 6213.553050075173, "mean_schedule_distance": 53572.55467976204, "mean_schedule_energy": 4.021663320716992, "mean_number_swaps": 4.666666666666667, "drone_utilization": 1.0, "execution_time": 175.16450262069702}