{"1": [{"x": 1, "y": 2, "a": 1, "tau": 403.1230113776258}, {"x": 2, "y": 2, "a": -1, "tau": 463.1230113776258}], "2": [{"x": 1, "y": 2, "a": 0, "tau": 403.1230113776258}, {"x": 2, "y": 1, "a": 2, "tau": 806.2460227552516}]}