{"completion_time": 5077.184500054923, "mean_schedule_time": 2903.4836544220993, "mean_flight_time": 2591.411464062938, "mean_swap_time": 90.0, "mean_idle_time": 222.07219035916114, "mean_delivery_time": 3954.1976447825377, "mean_schedule_distance": 18139.880248440568, "mean_schedule_energy": 1.394900160585706, "mean_number_swaps": 1.5, "drone_utilization": 0.75, "total_number_parcel_handover": 1, "mean_number_parcel_handover": 0.2, "execution_time": 8.68681001663208}