{"completion_time": 4487.15606869213, "mean_delivery_time": 2029.1254684536377, "total_distance": 529362.4273893123, "consumed_energy": 42.82233784709687, "execution_time": 42.38770651817322}