{"completion_time": 8554.31213738426, "mean_schedule_time": 5217.546927517261, "mean_flight_time": 5041.546927517263, "mean_swap_time": 176.0, "mean_idle_time": -1.8189894035458565e-12, "mean_delivery_time": 3938.2509369072754, "mean_schedule_distance": 35290.82849262082, "mean_schedule_energy": 2.854822523139791, "mean_number_swaps": 2.933333333333333, "drone_utilization": 1.0, "execution_time": 42.963245153427124}