{"completion_time": 9968.660627740579, "mean_delivery_time": 4645.40259183048, "total_distance": 545005.5931663028, "consumed_energy": 46.64183524826319, "execution_time": 11.454564809799194}