{"completion_time": 9589.148507946966, "mean_schedule_time": 4484.500483193048, "mean_flight_time": 4317.000483193052, "mean_swap_time": 167.5, "mean_idle_time": -3.637978807091713e-12, "mean_delivery_time": 4557.820440280975, "mean_schedule_distance": 30219.003382351333, "mean_schedule_energy": 2.573987546678501, "mean_number_swaps": 2.7916666666666665, "drone_utilization": 0.875, "total_number_parcel_handover": 0, "mean_number_parcel_handover": 0.0, "execution_time": 37.68516707420349}