{"completion_time": 5119.682479731215, "mean_schedule_time": 2459.2941149797484, "mean_flight_time": 2232.2179081396985, "mean_swap_time": 74.4, "mean_idle_time": 152.67620684004987, "mean_delivery_time": 3353.8588489548474, "mean_schedule_distance": 15625.525356977894, "mean_schedule_energy": 1.3579491139943882, "mean_number_swaps": 1.24, "drone_utilization": 0.72, "execution_time": 598.7684338092804}