{"completion_time": 7680.45313953754, "mean_schedule_time": 4522.168390269934, "mean_flight_time": 4321.52684491426, "mean_swap_time": 150.0, "mean_idle_time": 50.64154535567377, "mean_delivery_time": 4779.815330156775, "mean_schedule_distance": 30250.68791439982, "mean_schedule_energy": 2.2346555893237294, "mean_number_swaps": 2.5, "drone_utilization": 0.9, "execution_time": 26.95319890975952}