{"completion_time": 1963.5670187516594, "mean_delivery_time": 1585.0389602233338, "total_distance": 97129.41084182615, "consumed_energy": 8.69515160323883, "execution_time": 0.15858125686645508}