{"completion_time": 4906.262329456783, "mean_delivery_time": 3045.8277209731987, "total_distance": 831198.4134803984, "consumed_energy": 67.06266377423295, "execution_time": 3526.751073360443}