{"completion_time": 17552.673647442014, "mean_schedule_time": 10711.57364517698, "mean_flight_time": 10231.57364517698, "mean_swap_time": 480.0, "mean_idle_time": 0.0, "mean_delivery_time": 6061.767929140499, "mean_schedule_distance": 71621.01551623885, "mean_schedule_energy": 6.32471037678876, "mean_number_swaps": 8.0, "drone_utilization": 1.0, "execution_time": 34.20814776420593}