{"completion_time": 2146.6383065074406, "execution_time": 7200.032551050186}