{"completion_time": 4227.366395216057, "mean_delivery_time": 2987.320143931396, "total_distance": 691955.2594919251, "consumed_energy": 57.36336184571697, "execution_time": 7634.7928330898285}