{"completion_time": 6109.680930558108, "mean_schedule_time": 5621.443148408791, "mean_flight_time": 5239.452772629023, "mean_swap_time": 217.5, "mean_idle_time": 164.49037577976833, "mean_delivery_time": 4449.284785674177, "mean_schedule_distance": 36676.16940840315, "mean_schedule_energy": 3.106236533805196, "mean_number_swaps": 3.625, "drone_utilization": 1.0, "total_number_parcel_handover": 17, "mean_number_parcel_handover": 0.68, "execution_time": 637.4506478309631}