{"completion_time": 5042.623795255915, "mean_delivery_time": 2575.455046209645, "total_distance": 202653.32303227688, "consumed_energy": 17.540453791539882, "execution_time": 19.206006288528442}