{"completion_time": 6311.2138185844, "mean_schedule_time": 3496.0977448093495, "mean_flight_time": 2915.009822594426, "mean_swap_time": 96.0, "mean_idle_time": 485.0879222149233, "mean_delivery_time": 4018.9945001152196, "mean_schedule_distance": 20405.06875816098, "mean_schedule_energy": 1.6861873631594537, "mean_number_swaps": 1.6, "drone_utilization": 0.8666666666666667, "execution_time": 301.6274802684784}