{"completion_time": 2723.696636691346, "mean_delivery_time": 2143.849415724871, "total_distance": 301586.7103534169, "consumed_energy": 24.936663313048783, "execution_time": 67.08799839019775}