{"completion_time": 7892.284957442287, "mean_schedule_time": 2967.2575409656524, "mean_flight_time": 2863.6211773292885, "mean_swap_time": 103.63636363636364, "mean_idle_time": 4.547473508864641e-13, "mean_delivery_time": 4351.977726749623, "mean_schedule_distance": 20045.34824130501, "mean_schedule_energy": 1.7212560806030905, "mean_number_swaps": 1.7272727272727273, "drone_utilization": 0.6818181818181818, "execution_time": 16.242444038391113}