{"completion_time": 2020.5736709264447, "mean_delivery_time": 1584.0156053551407, "total_distance": 56765.90854001274, "consumed_energy": 4.2022373743792185, "execution_time": 2.636547803878784}