{"completion_time": 3981.1473418528894, "mean_schedule_time": 564.2922581422249, "mean_flight_time": 540.6277003810737, "mean_swap_time": 12.0, "mean_idle_time": 11.664557761151173, "mean_delivery_time": 3108.0312107102814, "mean_schedule_distance": 3784.3939026675157, "mean_schedule_energy": 0.2801491582919479, "mean_number_swaps": 0.2, "drone_utilization": 0.2, "execution_time": 2.0822417736053467}