{"completion_time": 8529.496137576989, "mean_schedule_time": 7589.936429307054, "mean_flight_time": 7131.991007663861, "mean_swap_time": 306.0, "mean_idle_time": 151.94542164319319, "mean_delivery_time": 4756.815388504864, "mean_schedule_distance": 49923.937053647016, "mean_schedule_energy": 4.180334994334332, "mean_number_swaps": 5.1, "drone_utilization": 1.0, "execution_time": 210.57135319709778}