{"completion_time": 5165.561062240636, "mean_schedule_time": 1786.3547713551352, "mean_flight_time": 1730.1047713551354, "mean_swap_time": 56.25, "mean_idle_time": -2.2737367544323206e-13, "mean_delivery_time": 2968.502856471925, "mean_schedule_distance": 12110.733399485947, "mean_schedule_energy": 1.0399256722379109, "mean_number_swaps": 0.9375, "drone_utilization": 0.5625, "execution_time": 5.882808208465576}