{"completion_time": 2895.6112426633945, "mean_delivery_time": 2187.400131374993, "total_distance": 641880.7476603962, "consumed_energy": 52.32494178400664, "execution_time": 3164.1772515773773}