{"completion_time": 1950.611619163323, "execution_time": 7200.04475402832}