{"completion_time": 11143.379568665176, "mean_schedule_time": 10597.759770837381, "mean_flight_time": 10047.191540359021, "mean_swap_time": 432.0, "mean_idle_time": 118.56823047836042, "mean_delivery_time": 6304.143815079084, "mean_schedule_distance": 70330.34078251314, "mean_schedule_energy": 5.643081490309099, "mean_number_swaps": 7.2, "drone_utilization": 1.0, "execution_time": 1218.3091847896576}