{"completion_time": 4357.6457307103665, "mean_schedule_time": 2322.5624690145837, "mean_flight_time": 2059.2587799631942, "mean_swap_time": 56.0, "mean_idle_time": 207.30368905138948, "mean_delivery_time": 2829.7676633755996, "mean_schedule_distance": 14414.811459742357, "mean_schedule_energy": 1.2029012284839287, "mean_number_swaps": 0.9333333333333333, "drone_utilization": 0.8, "execution_time": 2469.449540376663}