{"completion_time": 23130.258028227236, "mean_schedule_time": 22882.93680840912, "mean_flight_time": 21841.421719307364, "mean_swap_time": 996.0, "mean_idle_time": 45.51508910175471, "mean_delivery_time": 11094.284784039253, "mean_schedule_distance": 152889.95203515148, "mean_schedule_energy": 12.542891492861987, "mean_number_swaps": 16.6, "drone_utilization": 1.0, "execution_time": 3223.5680186748505}