{"completion_time": 18442.766781245933, "mean_schedule_time": 18199.869633808707, "mean_flight_time": 17359.19189614093, "mean_swap_time": 760.0, "mean_idle_time": 80.67773766777827, "mean_delivery_time": 9549.259271761794, "mean_schedule_distance": 121514.34327298643, "mean_schedule_energy": 9.837339420570308, "mean_number_swaps": 12.666666666666666, "drone_utilization": 1.0, "total_number_parcel_handover": 5, "mean_number_parcel_handover": 0.2, "execution_time": 2312.9150042533875}