{"completion_time": 8073.247778475847, "mean_schedule_time": 4195.162291484859, "mean_flight_time": 4047.1622914848576, "mean_swap_time": 148.0, "mean_idle_time": 1.8189894035458565e-12, "mean_delivery_time": 3878.692107180437, "mean_schedule_distance": 28330.136040394016, "mean_schedule_energy": 2.2789933788114953, "mean_number_swaps": 2.466666666666667, "drone_utilization": 0.9333333333333333, "execution_time": 17.015928506851196}