{"completion_time": 2163.9998246090818, "execution_time": 0.12847256660461426}