{"completion_time": 4214.572922600078, "mean_schedule_time": 797.0869083426295, "mean_flight_time": 715.7180221710536, "mean_swap_time": 15.0, "mean_idle_time": 66.36888617157592, "mean_delivery_time": 3301.369763550353, "mean_schedule_distance": 5010.0261551973745, "mean_schedule_energy": 0.3998683791902178, "mean_number_swaps": 0.25, "drone_utilization": 0.25, "total_number_parcel_handover": 2, "mean_number_parcel_handover": 0.4, "execution_time": 5.620461940765381}