{"completion_time": 3231.8259662010573, "mean_delivery_time": 1800.3735940957783, "total_distance": 344391.2096033761, "consumed_energy": 30.187692333121312, "execution_time": 17.214816331863403}