{"completion_time": 6163.651932402115, "mean_schedule_time": 3191.1715143158594, "mean_flight_time": 3074.9215143158585, "mean_swap_time": 116.25, "mean_idle_time": 9.094947017729282e-13, "mean_delivery_time": 3476.7471881915567, "mean_schedule_distance": 21524.450600211007, "mean_schedule_energy": 1.886730770820082, "mean_number_swaps": 1.9375, "drone_utilization": 0.875, "total_number_parcel_handover": 0, "mean_number_parcel_handover": 0.0, "execution_time": 18.30926513671875}