{"completion_time": 6463.187079112913, "mean_schedule_time": 3570.660440385145, "mean_flight_time": 3453.1604403851447, "mean_swap_time": 117.5, "mean_idle_time": 4.547473508864641e-13, "mean_delivery_time": 3523.2194978398643, "mean_schedule_distance": 24172.12308269601, "mean_schedule_energy": 1.9492051096670997, "mean_number_swaps": 1.9583333333333333, "drone_utilization": 0.9583333333333334, "total_number_parcel_handover": 0, "mean_number_parcel_handover": 0.0, "execution_time": 64.27912640571594}