{"completion_time": 7854.630549010342, "mean_schedule_time": 3163.618334823054, "mean_flight_time": 2484.945470424007, "mean_swap_time": 80.0, "mean_idle_time": 598.6728643990468, "mean_delivery_time": 4956.907775475271, "mean_schedule_distance": 17394.61829296804, "mean_schedule_energy": 1.4505224529268144, "mean_number_swaps": 1.3333333333333333, "drone_utilization": 0.6666666666666666, "execution_time": 5046.917553901672}