{"completion_time": 5526.105591657535, "mean_schedule_time": 4708.868053210644, "mean_flight_time": 4540.765700922806, "mean_swap_time": 156.0, "mean_idle_time": 12.102352287837675, "mean_delivery_time": 4784.490575982826, "mean_schedule_distance": 31785.359906459646, "mean_schedule_energy": 2.7195480005372756, "mean_number_swaps": 2.6, "drone_utilization": 1.0, "execution_time": 6.797635555267334}