{"completion_time": 9131.635247095894, "mean_schedule_time": 8449.039728300493, "mean_flight_time": 7482.81753852475, "mean_swap_time": 308.0, "mean_idle_time": 658.2221897757436, "mean_delivery_time": 6302.31681515185, "mean_schedule_distance": 52379.722769673215, "mean_schedule_energy": 4.4202116225552315, "mean_number_swaps": 5.133333333333334, "drone_utilization": 1.0, "execution_time": 8707.197268724442}