{"completion_time": 2847.4243846279373, "execution_time": 0.25325512886047363}