{"completion_time": 6899.6010379577465, "mean_schedule_time": 6651.602037892369, "mean_flight_time": 6403.438724656475, "mean_swap_time": 225.0, "mean_idle_time": 23.16331323589384, "mean_delivery_time": 5871.685491506013, "mean_schedule_distance": 44824.071072595325, "mean_schedule_energy": 3.616671547535614, "mean_number_swaps": 3.75, "drone_utilization": 1.0, "execution_time": 30.617067575454712}