{"completion_time": 2023.5472415815789, "mean_delivery_time": 1430.6674337260295, "total_distance": 64457.318639024306, "consumed_energy": 4.678553499570181, "execution_time": 1.250114917755127}