{"completion_time": 4311.61058172224, "mean_delivery_time": 2291.4884519735597, "total_distance": 704907.2295725166, "consumed_energy": 59.778189683733046, "execution_time": 4319.23010969162}