{"completion_time": 4996.930247388009, "mean_schedule_time": 3839.4900950803253, "mean_flight_time": 3468.6756856478273, "mean_swap_time": 115.71428571428571, "mean_idle_time": 255.10012371821222, "mean_delivery_time": 3632.190009232997, "mean_schedule_distance": 24280.729799534798, "mean_schedule_energy": 2.074547861805555, "mean_number_swaps": 1.9285714285714286, "drone_utilization": 1.0, "total_number_parcel_handover": 7, "mean_number_parcel_handover": 0.4666666666666667, "execution_time": 165.4792628288269}