{"completion_time": 1726.5050158443514, "mean_delivery_time": 1526.916542568099, "total_distance": 234572.99294828554, "consumed_energy": 17.731596092431055, "execution_time": 4.522649765014648}