{"completion_time": 4294.475050032027, "mean_schedule_time": 1336.265004567101, "mean_flight_time": 900.281230197225, "mean_swap_time": 6.0, "mean_idle_time": 429.98377436987596, "mean_delivery_time": 3105.7134101744423, "mean_schedule_distance": 6301.968611380575, "mean_schedule_energy": 0.4803164414560824, "mean_number_swaps": 0.1, "drone_utilization": 0.5, "execution_time": 3.2644617557525635}