{"completion_time": 5760.8269724138045, "mean_schedule_time": 3437.468853588211, "mean_flight_time": 2685.870507385879, "mean_swap_time": 78.0, "mean_idle_time": 673.5983462023319, "mean_delivery_time": 3938.9396253800915, "mean_schedule_distance": 18801.09355170116, "mean_schedule_energy": 1.5516473988628747, "mean_number_swaps": 1.3, "drone_utilization": 0.9, "execution_time": 1319.464304447174}