{"completion_time": 2277.9228920362325, "mean_delivery_time": 1720.7038054830161, "total_distance": 131872.54348050186, "consumed_energy": 10.573812949581924, "execution_time": 19.37862277030945}