{"completion_time": 13352.614414113126, "mean_schedule_time": 13171.51924919502, "mean_flight_time": 12561.82472000443, "mean_swap_time": 564.0, "mean_idle_time": 45.6945291905904, "mean_delivery_time": 7742.576027073137, "mean_schedule_distance": 87932.773040031, "mean_schedule_energy": 7.561876741195752, "mean_number_swaps": 9.4, "drone_utilization": 1.0, "execution_time": 3197.5396735668182}