{"completion_time": 13613.451564124389, "mean_schedule_time": 8581.680123552534, "mean_flight_time": 8239.680123552533, "mean_swap_time": 342.0, "mean_idle_time": 1.8189894035458565e-12, "mean_delivery_time": 5464.787835594359, "mean_schedule_distance": 57677.760864867734, "mean_schedule_energy": 4.772499359585537, "mean_number_swaps": 5.7, "drone_utilization": 1.0, "total_number_parcel_handover": 0, "mean_number_parcel_handover": 0.0, "execution_time": 27.659525632858276}