{"completion_time": 7106.725782062194, "mean_delivery_time": 2836.7939177971803, "total_distance": 576777.6086486774, "consumed_energy": 47.72499359585537, "execution_time": 22.4463472366333}