{"completion_time": 4613.345902469695, "mean_schedule_time": 893.8023378975207, "mean_flight_time": 774.0154210771055, "mean_swap_time": 18.0, "mean_idle_time": 101.78691682041517, "mean_delivery_time": 2748.6584538568477, "mean_schedule_distance": 5418.107947539739, "mean_schedule_energy": 0.4318951090865383, "mean_number_swaps": 0.3, "drone_utilization": 0.35, "total_number_parcel_handover": 2, "mean_number_parcel_handover": 0.4, "execution_time": 6.134149789810181}