{"completion_time": 2306.6729512348475, "mean_delivery_time": 1398.3292269284239, "total_distance": 108362.15895079478, "consumed_energy": 8.637902181730766, "execution_time": 5.975224733352661}