{"completion_time": 8425.30067515695, "mean_schedule_time": 8012.136652202719, "mean_flight_time": 7540.889577075856, "mean_swap_time": 320.0, "mean_idle_time": 151.2470751268629, "mean_delivery_time": 5541.251382337831, "mean_schedule_distance": 52786.227039530975, "mean_schedule_energy": 4.360612089482214, "mean_number_swaps": 5.333333333333333, "drone_utilization": 1.0, "execution_time": 811.2501561641693}