{"completion_time": 5760.8269724138045, "mean_schedule_time": 4054.260925303639, "mean_flight_time": 3440.658886104593, "mean_swap_time": 124.28571428571429, "mean_idle_time": 489.31632491333175, "mean_delivery_time": 3821.5787935264875, "mean_schedule_distance": 24084.61220273215, "mean_schedule_energy": 2.1931251782404018, "mean_number_swaps": 2.0714285714285716, "drone_utilization": 1.0, "execution_time": 288.9157483577728}