{"completion_time": 2299.8326116120743, "mean_delivery_time": 1711.078351826991, "total_distance": 589661.2342882117, "consumed_energy": 47.4071945803208, "execution_time": 4220.373693943024}