{"completion_time": 2322.8963288054547, "mean_delivery_time": 1659.0281504713948, "total_distance": 218823.94106599534, "consumed_energy": 18.311168488128683, "execution_time": 7.273812294006348}