{"completion_time": 4465.792657610909, "mean_schedule_time": 1611.0281504713948, "mean_flight_time": 1563.028150471395, "mean_swap_time": 48.0, "mean_idle_time": -2.2737367544323206e-13, "mean_delivery_time": 3222.0563009427897, "mean_schedule_distance": 10941.197053299768, "mean_schedule_energy": 0.9155584244064341, "mean_number_swaps": 0.8, "drone_utilization": 0.5, "total_number_parcel_handover": 0, "mean_number_parcel_handover": 0.0, "execution_time": 10.760861873626709}