{"completion_time": 16225.801134720374, "mean_schedule_time": 16029.559342373605, "mean_flight_time": 15225.130764371579, "mean_swap_time": 690.0, "mean_idle_time": 114.42857800202546, "mean_delivery_time": 8618.91999014601, "mean_schedule_distance": 106575.91535060109, "mean_schedule_energy": 9.14759194939957, "mean_number_swaps": 11.5, "drone_utilization": 1.0, "execution_time": 686.6420564651489}