{"completion_time": 1783.569609658172, "mean_delivery_time": 1510.925589178565, "total_distance": 85467.43830854265, "consumed_energy": 7.657551978919, "execution_time": 12.790948629379272}