{"completion_time": 35886.19788776288, "mean_schedule_time": 35787.2166414394, "mean_flight_time": 34107.21664143941, "mean_swap_time": 1680.0, "mean_idle_time": -7.275957614183426e-12, "mean_delivery_time": 16636.42301568247, "mean_schedule_distance": 238750.51649007585, "mean_schedule_energy": 19.59616379334561, "mean_number_swaps": 28.0, "drone_utilization": 1.0, "execution_time": 16.235870122909546}