{"completion_time": 21318.195362173316, "mean_schedule_time": 21203.689600165715, "mean_flight_time": 20291.689600165708, "mean_swap_time": 912.0, "mean_idle_time": 7.275957614183426e-12, "mean_delivery_time": 10220.610575599696, "mean_schedule_distance": 142041.82720116, "mean_schedule_energy": 11.774591108653038, "mean_number_swaps": 15.2, "drone_utilization": 1.0, "execution_time": 1319.1781413555145}