{"completion_time": 7605.155242057946, "mean_schedule_time": 5344.217803469211, "mean_flight_time": 4136.8276863525625, "mean_swap_time": 152.72727272727272, "mean_idle_time": 1054.662844389375, "mean_delivery_time": 5600.45907349401, "mean_schedule_distance": 28957.79380446791, "mean_schedule_energy": 2.435205519054551, "mean_number_swaps": 2.5454545454545454, "drone_utilization": 0.9090909090909091, "execution_time": 2263.3303043842316}