{"completion_time": 10902.825750018917, "mean_schedule_time": 10523.556953240928, "mean_flight_time": 10041.917689102429, "mean_swap_time": 432.0, "mean_idle_time": 49.63926413849913, "mean_delivery_time": 7073.7250923391175, "mean_schedule_distance": 70293.42382371699, "mean_schedule_energy": 5.797293063232192, "mean_number_swaps": 7.2, "drone_utilization": 1.0, "execution_time": 230.39210987091064}