{"completion_time": 4728.8791378684255, "mean_schedule_time": 3731.0785366800455, "mean_flight_time": 3384.26046139052, "mean_swap_time": 102.85714285714286, "mean_idle_time": 243.96093243238283, "mean_delivery_time": 3467.064562390452, "mean_schedule_distance": 23689.82322973364, "mean_schedule_energy": 1.911443715128085, "mean_number_swaps": 1.7142857142857142, "drone_utilization": 1.0, "total_number_parcel_handover": 3, "mean_number_parcel_handover": 0.2, "execution_time": 176.94738960266113}