{"completion_time": 8542.844179797294, "mean_schedule_time": 4102.9533038381705, "mean_flight_time": 3942.1533038381694, "mean_swap_time": 160.8, "mean_idle_time": 9.094947017729282e-13, "mean_delivery_time": 3698.6826932832178, "mean_schedule_distance": 27595.0731268672, "mean_schedule_energy": 2.4582898560117936, "mean_number_swaps": 2.68, "drone_utilization": 1.0, "execution_time": 66.17238974571228}