{"completion_time": 29435.906510192668, "mean_schedule_time": 29261.010404940534, "mean_flight_time": 27908.56458607584, "mean_swap_time": 1275.0, "mean_idle_time": 77.44581886469314, "mean_delivery_time": 14096.13225754993, "mean_schedule_distance": 195359.9521025309, "mean_schedule_energy": 15.348985888712681, "mean_number_swaps": 21.25, "drone_utilization": 1.0, "execution_time": 7569.6379570961}