{"completion_time": 4918.942816581472, "mean_schedule_time": 1913.5149307871177, "mean_flight_time": 1662.67728306688, "mean_swap_time": 48.0, "mean_idle_time": 202.83764772023778, "mean_delivery_time": 3332.9621687513195, "mean_schedule_distance": 11638.740981468152, "mean_schedule_energy": 0.9772142324111993, "mean_number_swaps": 0.8, "drone_utilization": 0.6, "execution_time": 558.3045642375946}