{"completion_time": 3823.783955198057, "mean_delivery_time": 2283.240077863229, "total_distance": 592545.5458039825, "consumed_energy": 52.37988779066159, "execution_time": 673.434574842453}