{"completion_time": 7527.567910396114, "mean_schedule_time": 3480.260019332483, "mean_flight_time": 3281.801346457913, "mean_swap_time": 122.4, "mean_idle_time": 76.05867287456977, "mean_delivery_time": 4136.162147149651, "mean_schedule_distance": 22972.609425205384, "mean_schedule_energy": 2.032409065688585, "mean_number_swaps": 2.04, "drone_utilization": 0.8, "execution_time": 582.089314699173}