{"completion_time": 4940.848386644402, "mean_schedule_time": 1948.1805298734796, "mean_flight_time": 1724.3201435488793, "mean_swap_time": 54.0, "mean_idle_time": 169.8603863246003, "mean_delivery_time": 3201.770935294186, "mean_schedule_distance": 12070.241004842157, "mean_schedule_energy": 1.0550018254726337, "mean_number_swaps": 0.9, "drone_utilization": 0.6, "total_number_parcel_handover": 7, "mean_number_parcel_handover": 0.4666666666666667, "execution_time": 1378.7135705947876}