{"completion_time": 2500.424193322201, "mean_delivery_time": 1692.3586300548507, "total_distance": 370274.3110391993, "consumed_energy": 32.14007961781509, "execution_time": 689.7077176570892}