{"completion_time": 21398.554736637943, "mean_schedule_time": 17565.510291147333, "mean_flight_time": 16809.510291147344, "mean_swap_time": 756.0, "mean_idle_time": -1.0913936421275139e-11, "mean_delivery_time": 8484.771556373114, "mean_schedule_distance": 117666.57203803139, "mean_schedule_energy": 9.674764907030221, "mean_number_swaps": 12.6, "drone_utilization": 1.0, "execution_time": 14.434783458709717}