{"completion_time": 10131.096425543063, "mean_schedule_time": 3005.6773584819503, "mean_flight_time": 2911.9273584819503, "mean_swap_time": 93.75, "mean_idle_time": 0.0, "mean_delivery_time": 3268.2513292271046, "mean_schedule_distance": 20383.49150937365, "mean_schedule_energy": 1.74120119740706, "mean_number_swaps": 1.5625, "drone_utilization": 0.875, "execution_time": 18.906355142593384}