{"completion_time": 5760.8269724138045, "mean_schedule_time": 2996.6488730697774, "mean_flight_time": 2514.2526595232207, "mean_swap_time": 87.0, "mean_idle_time": 395.39621354655674, "mean_delivery_time": 4068.7969353611056, "mean_schedule_distance": 17599.76861666255, "mean_schedule_energy": 1.505449631144086, "mean_number_swaps": 1.45, "drone_utilization": 0.7, "execution_time": 412.18652272224426}