{"completion_time": 11699.372270013382, "mean_schedule_time": 7377.056051609954, "mean_flight_time": 7089.056051609954, "mean_swap_time": 288.0, "mean_idle_time": 0.0, "mean_delivery_time": 5744.914153064492, "mean_schedule_distance": 49623.392361269645, "mean_schedule_energy": 4.088106316819825, "mean_number_swaps": 4.8, "drone_utilization": 1.0, "execution_time": 295.14266657829285}