{"completion_time": 8579.382100508992, "mean_schedule_time": 6461.98678209414, "mean_flight_time": 6206.98678209414, "mean_swap_time": 255.0, "mean_idle_time": 0.0, "mean_delivery_time": 5725.445075715683, "mean_schedule_distance": 43448.90747465899, "mean_schedule_energy": 3.5468079061975946, "mean_number_swaps": 4.25, "drone_utilization": 1.0, "total_number_parcel_handover": 0, "mean_number_parcel_handover": 0.0, "execution_time": 4.177505970001221}