{"completion_time": 4357.6457307103665, "mean_schedule_time": 2031.2617354064, "mean_flight_time": 1786.2455355783572, "mean_swap_time": 50.4, "mean_idle_time": 194.61619982804268, "mean_delivery_time": 2999.8225838379035, "mean_schedule_distance": 12503.718749048498, "mean_schedule_energy": 1.0541611859136717, "mean_number_swaps": 0.84, "drone_utilization": 0.64, "execution_time": 367.36405324935913}