{"completion_time": 9458.65193330589, "mean_schedule_time": 6753.108919269053, "mean_flight_time": 6489.108919269053, "mean_swap_time": 264.0, "mean_idle_time": 0.0, "mean_delivery_time": 4714.209851982822, "mean_schedule_distance": 45423.76243488338, "mean_schedule_energy": 3.6535511070177726, "mean_number_swaps": 4.4, "drone_utilization": 1.0, "execution_time": 2.3184590339660645}