{"completion_time": 10363.863505918185, "mean_schedule_time": 9571.953186987255, "mean_flight_time": 9151.953186987254, "mean_swap_time": 420.0, "mean_idle_time": 1.8189894035458565e-12, "mean_delivery_time": 6400.887602143473, "mean_schedule_distance": 64063.672308910776, "mean_schedule_energy": 5.572963822663979, "mean_number_swaps": 7.0, "drone_utilization": 1.0, "execution_time": 77.94262170791626}