{"completion_time": 5391.931752959093, "mean_delivery_time": 3330.4438010717363, "total_distance": 320318.3615445539, "consumed_energy": 27.864819113319896, "execution_time": 71.98221683502197}