{"completion_time": 7180.898505203922, "mean_schedule_time": 4055.4272142770665, "mean_flight_time": 3764.629547361108, "mean_swap_time": 127.2, "mean_idle_time": 163.5976669159586, "mean_delivery_time": 3970.287617829174, "mean_schedule_distance": 26352.406831527755, "mean_schedule_energy": 2.1491225461672188, "mean_number_swaps": 2.12, "drone_utilization": 1.0, "execution_time": 278.3317723274231}