{"completion_time": 5771.775734248358, "mean_schedule_time": 4879.243988282784, "mean_flight_time": 4634.429657570842, "mean_swap_time": 177.0, "mean_idle_time": 67.8143307119417, "mean_delivery_time": 4332.225174880911, "mean_schedule_distance": 32441.007602995884, "mean_schedule_energy": 2.6374246620764192, "mean_number_swaps": 2.95, "drone_utilization": 1.0, "execution_time": 533.7502343654633}