{"completion_time": 9168.262764986728, "mean_schedule_time": 8081.684251102835, "mean_flight_time": 6292.5332312543405, "mean_swap_time": 258.0, "mean_idle_time": 1531.1510198484948, "mean_delivery_time": 6564.1213532083275, "mean_schedule_distance": 44047.73261878039, "mean_schedule_energy": 3.8015123866999323, "mean_number_swaps": 4.3, "drone_utilization": 1.0, "execution_time": 219.69859790802002}