{"completion_time": 1519.8876220689472, "execution_time": 0.00532841682434082}