{"completion_time": 8573.588194313286, "mean_schedule_time": 4345.986647278741, "mean_flight_time": 4183.986647278741, "mean_swap_time": 162.0, "mean_idle_time": 0.0, "mean_delivery_time": 3850.5280328288686, "mean_schedule_distance": 29287.90653095118, "mean_schedule_energy": 2.4433470289095633, "mean_number_swaps": 2.7, "drone_utilization": 1.0, "execution_time": 32.95808434486389}