{"completion_time": 5384.146249246587, "mean_delivery_time": 3137.413668669301, "total_distance": 508019.0329190509, "consumed_energy": 43.95616987822903, "execution_time": 2314.418958902359}