{"completion_time": 5486.8401364183765, "mean_schedule_time": 4008.9947916998826, "mean_flight_time": 2959.545175135726, "mean_swap_time": 85.71428571428571, "mean_idle_time": 963.7353308498709, "mean_delivery_time": 4182.517670441827, "mean_schedule_distance": 20716.81622595008, "mean_schedule_energy": 1.6788406190813492, "mean_number_swaps": 1.4285714285714286, "drone_utilization": 1.0, "total_number_parcel_handover": 7, "mean_number_parcel_handover": 0.7, "execution_time": 268.5465176105499}