{"completion_time": 8561.807222319385, "mean_delivery_time": 4419.514755830273, "total_distance": 539659.2153074909, "consumed_energy": 45.55686321571032, "execution_time": 1203.7684016227722}