{"completion_time": 3989.27570696154, "mean_schedule_time": 548.990432996416, "mean_flight_time": 423.1258820769201, "mean_swap_time": 9.6, "mean_idle_time": 116.26455091949583, "mean_delivery_time": 2287.4601374850668, "mean_schedule_distance": 2961.8811745384405, "mean_schedule_energy": 0.2751395196249606, "mean_number_swaps": 0.16, "drone_utilization": 0.24, "execution_time": 15.152427911758423}