{"completion_time": 3180.268056112104, "mean_delivery_time": 2729.8747190908025, "total_distance": 312939.77611977566, "consumed_energy": 25.58582109931495, "execution_time": 311.66204166412354}