{"completion_time": 6300.536112224208, "mean_schedule_time": 5354.707857203579, "mean_flight_time": 4470.56823028251, "mean_swap_time": 156.0, "mean_idle_time": 728.1396269210691, "mean_delivery_time": 5050.06193176409, "mean_schedule_distance": 31293.97761197757, "mean_schedule_energy": 2.558582109931495, "mean_number_swaps": 2.6, "drone_utilization": 1.0, "execution_time": 334.33459091186523}