{"completion_time": 7728.490675571189, "mean_schedule_time": 7031.872852123822, "mean_flight_time": 6609.427286424127, "mean_swap_time": 276.0, "mean_idle_time": 146.44556569969518, "mean_delivery_time": 4963.203146818298, "mean_schedule_distance": 46265.99100496887, "mean_schedule_energy": 4.058491854571156, "mean_number_swaps": 4.6, "drone_utilization": 1.0, "execution_time": 556.8660128116608}