{"completion_time": 6457.091060617488, "mean_schedule_time": 3628.6411041980714, "mean_flight_time": 2985.7418801877025, "mean_swap_time": 95.45454545454545, "mean_idle_time": 547.4446785558234, "mean_delivery_time": 3749.85505356933, "mean_schedule_distance": 20900.193161313913, "mean_schedule_energy": 1.763892103212038, "mean_number_swaps": 1.5909090909090908, "drone_utilization": 0.9090909090909091, "total_number_parcel_handover": 10, "mean_number_parcel_handover": 0.5, "execution_time": 260.3476643562317}