{"completion_time": 3343.239093070023, "mean_delivery_time": 2150.116263697312, "total_distance": 478403.7829149325, "consumed_energy": 39.817194651594974, "execution_time": 419.094712972641}