{"completion_time": 6386.478186140046, "mean_schedule_time": 5184.525323034434, "mean_flight_time": 4917.235285427671, "mean_swap_time": 184.28571428571428, "mean_idle_time": 83.0043233210481, "mean_delivery_time": 4248.230375554926, "mean_schedule_distance": 34420.6469979937, "mean_schedule_energy": 2.8623902916840342, "mean_number_swaps": 3.0714285714285716, "drone_utilization": 1.0, "total_number_parcel_handover": 8, "mean_number_parcel_handover": 0.4, "execution_time": 1248.4437789916992}