{"completion_time": 5486.8401364183765, "mean_schedule_time": 2666.9525033720042, "mean_flight_time": 2301.2145056219306, "mean_swap_time": 60.0, "mean_idle_time": 305.73799775007365, "mean_delivery_time": 3280.194203045555, "mean_schedule_distance": 16108.501539353514, "mean_schedule_energy": 1.2637997159773249, "mean_number_swaps": 1.0, "drone_utilization": 0.8, "execution_time": 168.0025441646576}