{"completion_time": 15281.440289637256, "mean_schedule_time": 15018.850468398994, "mean_flight_time": 14368.85046839899, "mean_swap_time": 650.0, "mean_idle_time": 3.637978807091713e-12, "mean_delivery_time": 8108.591513098346, "mean_schedule_distance": 100581.9532787929, "mean_schedule_energy": 8.543064053217039, "mean_number_swaps": 10.833333333333334, "drone_utilization": 1.0, "total_number_parcel_handover": 3, "mean_number_parcel_handover": 0.15, "execution_time": 4771.236207485199}