{"completion_time": 18840.32392746314, "mean_schedule_time": 12000.65774077439, "mean_flight_time": 11484.657740774386, "mean_swap_time": 516.0, "mean_idle_time": 3.637978807091713e-12, "mean_delivery_time": 6904.212429870969, "mean_schedule_distance": 80392.60418542076, "mean_schedule_energy": 6.901894794045535, "mean_number_swaps": 8.6, "drone_utilization": 1.0, "execution_time": 20.494216442108154}