{"completion_time": 4298.5186256302595, "mean_schedule_time": 1620.741259676223, "mean_flight_time": 1390.9479346815872, "mean_swap_time": 38.4, "mean_idle_time": 191.3933249946358, "mean_delivery_time": 2876.952183746853, "mean_schedule_distance": 9736.635542771108, "mean_schedule_energy": 0.8082724503186423, "mean_number_swaps": 0.64, "drone_utilization": 0.56, "execution_time": 168.34311437606812}