{"completion_time": 2366.6729512348475, "mean_delivery_time": 1769.2738062729568, "total_distance": 225897.89441997404, "consumed_energy": 20.31940199561349, "execution_time": 34.6641743183136}