{"completion_time": 8563.22116344448, "mean_schedule_time": 6414.984306155589, "mean_flight_time": 5913.320667119786, "mean_swap_time": 222.0, "mean_idle_time": 279.6636390358035, "mean_delivery_time": 4985.978938537785, "mean_schedule_distance": 41393.24466983849, "mean_schedule_energy": 3.4605701378500284, "mean_number_swaps": 3.7, "drone_utilization": 1.0, "execution_time": 463.8426833152771}