{"completion_time": 11839.383502187477, "mean_schedule_time": 5511.6496420886815, "mean_flight_time": 5292.649642088683, "mean_swap_time": 219.0, "mean_idle_time": -1.8189894035458565e-12, "mean_delivery_time": 4272.899659788904, "mean_schedule_distance": 37048.54749462077, "mean_schedule_energy": 3.246292234060956, "mean_number_swaps": 3.65, "drone_utilization": 1.0, "execution_time": 72.58250093460083}