{"1": [{"x": 2, "y": 1, "a": 1, "tau": 417.87357755700515}], "2": [{"x": 2, "y": 1, "a": 0, "tau": 417.87357755700515}, {"x": 1, "y": 2, "a": 2, "tau": 835.7471551140103}]}