{"completion_time": 9508.563426676923, "mean_schedule_time": 1794.4219538907375, "mean_flight_time": 1731.421953890737, "mean_swap_time": 63.0, "mean_idle_time": 4.547473508864641e-13, "mean_delivery_time": 3588.843907781475, "mean_schedule_distance": 12119.953677235164, "mean_schedule_energy": 1.0675300037745146, "mean_number_swaps": 1.05, "drone_utilization": 0.5, "execution_time": 10.510614395141602}