{"completion_time": 12358.515079983832, "mean_schedule_time": 12003.505048297158, "mean_flight_time": 11439.774333108828, "mean_swap_time": 468.0, "mean_idle_time": 95.73071518833058, "mean_delivery_time": 7924.642619310073, "mean_schedule_distance": 80078.42033176182, "mean_schedule_energy": 6.358054813277958, "mean_number_swaps": 7.8, "drone_utilization": 1.0, "execution_time": 395.6228814125061}