{"completion_time": 9454.212672687643, "mean_schedule_time": 5027.539090311852, "mean_flight_time": 4482.959741018848, "mean_swap_time": 160.0, "mean_idle_time": 384.57934929300427, "mean_delivery_time": 4900.612287433627, "mean_schedule_distance": 31380.71818713193, "mean_schedule_energy": 2.5814272968805922, "mean_number_swaps": 2.6666666666666665, "drone_utilization": 0.9583333333333334, "execution_time": 484.6943485736847}