{"completion_time": 5348.6487109594, "mean_schedule_time": 4397.875897651116, "mean_flight_time": 3770.5979573040454, "mean_swap_time": 144.0, "mean_idle_time": 483.27794034707085, "mean_delivery_time": 4066.7669481289677, "mean_schedule_distance": 26394.185701128343, "mean_schedule_energy": 2.2967019621362796, "mean_number_swaps": 2.4, "drone_utilization": 1.0, "execution_time": 2395.3027608394623}