{"completion_time": 5238.855789017156, "mean_schedule_time": 3863.0147264610823, "mean_flight_time": 3453.788659166648, "mean_swap_time": 132.5, "mean_idle_time": 276.7260672944344, "mean_delivery_time": 3739.2958437105976, "mean_schedule_distance": 24176.520614166526, "mean_schedule_energy": 2.115196679301627, "mean_number_swaps": 2.2083333333333335, "drone_utilization": 1.0, "total_number_parcel_handover": 9, "mean_number_parcel_handover": 0.36, "execution_time": 799.4461328983307}