{"completion_time": 8306.372782426746, "mean_schedule_time": 5437.225134977002, "mean_flight_time": 3903.4152055698155, "mean_swap_time": 132.0, "mean_idle_time": 1401.8099294071867, "mean_delivery_time": 4816.716644526647, "mean_schedule_distance": 27323.90643898871, "mean_schedule_energy": 2.207663064391178, "mean_number_swaps": 2.2, "drone_utilization": 1.0, "execution_time": 131.4213273525238}