{"completion_time": 4662.174945108432, "mean_delivery_time": 2737.4024371720197, "total_distance": 538095.3938809376, "consumed_energy": 43.59047909049692, "execution_time": 1193.3551614284515}