{"completion_time": 18710.51812996476, "mean_schedule_time": 18095.230147123988, "mean_flight_time": 17327.230147123988, "mean_swap_time": 768.0, "mean_idle_time": 0.0, "mean_delivery_time": 9555.61889020725, "mean_schedule_distance": 121290.61102986787, "mean_schedule_energy": 9.879630878034622, "mean_number_swaps": 12.8, "drone_utilization": 1.0, "execution_time": 265.7369577884674}