{"completion_time": 3488.1687660716275, "mean_delivery_time": 2250.0349774507517, "total_distance": 431328.4384757643, "consumed_energy": 38.00163167105476, "execution_time": 51.70302939414978}