{"completion_time": 18274.635027057113, "mean_schedule_time": 10204.457070320326, "mean_flight_time": 9796.45707032033, "mean_swap_time": 408.0, "mean_idle_time": -3.637978807091713e-12, "mean_delivery_time": 6658.257945926747, "mean_schedule_distance": 68575.19949224226, "mean_schedule_energy": 5.658296216262021, "mean_number_swaps": 6.8, "drone_utilization": 1.0, "execution_time": 16.59137487411499}