{"completion_time": 2746.188805625068, "mean_delivery_time": 2226.3285236088955, "total_distance": 347043.7705009784, "consumed_energy": 28.92408518033081, "execution_time": 4.115834951400757}