{"completion_time": 5390.293715877626, "mean_schedule_time": 1066.428702023683, "mean_flight_time": 1030.4287020236827, "mean_swap_time": 36.0, "mean_idle_time": 2.2737367544323206e-13, "mean_delivery_time": 3999.1076325888107, "mean_schedule_distance": 7213.00091416578, "mean_schedule_energy": 0.6291920888995782, "mean_number_swaps": 0.6, "drone_utilization": 0.26666666666666666, "execution_time": 5.30839204788208}