{"completion_time": 5191.772153251459, "mean_schedule_time": 1927.431216030863, "mean_flight_time": 1751.236704265463, "mean_swap_time": 45.6, "mean_idle_time": 130.59451176540006, "mean_delivery_time": 2934.2239012699915, "mean_schedule_distance": 12258.656929858245, "mean_schedule_energy": 0.9516730280461093, "mean_number_swaps": 0.76, "drone_utilization": 0.64, "execution_time": 477.30601930618286}