{"completion_time": 13881.452054378204, "mean_schedule_time": 11312.185388980815, "mean_flight_time": 10856.185388980815, "mean_swap_time": 456.0, "mean_idle_time": 0.0, "mean_delivery_time": 7533.231747210695, "mean_schedule_distance": 75993.29772286573, "mean_schedule_energy": 6.110612492053548, "mean_number_swaps": 7.6, "drone_utilization": 1.0, "execution_time": 3.2349801063537598}