{"completion_time": 17267.273051918823, "mean_schedule_time": 16318.480372386775, "mean_flight_time": 15643.480372386772, "mean_swap_time": 675.0, "mean_idle_time": 3.637978807091713e-12, "mean_delivery_time": 8979.234551531681, "mean_schedule_distance": 109504.3626067074, "mean_schedule_energy": 8.379618619732417, "mean_number_swaps": 11.25, "drone_utilization": 1.0, "execution_time": 67.5710551738739}