{"completion_time": 2527.68826191895, "mean_delivery_time": 2079.3136895439175, "total_distance": 249755.96669840542, "consumed_energy": 20.749127490592425, "execution_time": 2.7475736141204834}