{"completion_time": 3001.8242167088915, "mean_delivery_time": 2166.8928125829543, "total_distance": 161282.94969142697, "consumed_energy": 13.97097502124595, "execution_time": 14.870677709579468}