{"completion_time": 5923.651932402115, "mean_schedule_time": 2435.683245354145, "mean_flight_time": 1920.035115374131, "mean_swap_time": 60.0, "mean_idle_time": 455.6481299800141, "mean_delivery_time": 4229.787024759641, "mean_schedule_distance": 13440.245807618914, "mean_schedule_energy": 1.1642479184371626, "mean_number_swaps": 1.0, "drone_utilization": 0.6666666666666666, "total_number_parcel_handover": 5, "mean_number_parcel_handover": 1.0, "execution_time": 13.999366044998169}