{"completion_time": 4059.4778780906963, "mean_schedule_time": 1018.7754383839114, "mean_flight_time": 829.1290388258307, "mean_swap_time": 21.0, "mean_idle_time": 168.6463995580807, "mean_delivery_time": 2476.696256932141, "mean_schedule_distance": 5803.903271780815, "mean_schedule_energy": 0.4711055935893051, "mean_number_swaps": 0.35, "drone_utilization": 0.4, "execution_time": 6.038981676101685}