{"completion_time": 3935.091378389731, "mean_delivery_time": 2248.9560883884337, "total_distance": 567972.2452957126, "consumed_energy": 44.22997254774699, "execution_time": 123.9584972858429}