{"completion_time": 6175.992181019329, "mean_schedule_time": 3774.3514963164735, "mean_flight_time": 3622.8380436799007, "mean_swap_time": 132.0, "mean_idle_time": 19.513452636572765, "mean_delivery_time": 3699.704457116445, "mean_schedule_distance": 25359.86630575929, "mean_schedule_energy": 2.1855953663629104, "mean_number_swaps": 2.2, "drone_utilization": 0.92, "execution_time": 977.3086743354797}