{"completion_time": 41488.04677184959, "mean_schedule_time": 41142.424597229685, "mean_flight_time": 39282.42459722968, "mean_swap_time": 1860.0, "mean_idle_time": 7.275957614183426e-12, "mean_delivery_time": 19673.527841221596, "mean_schedule_distance": 274976.9721806077, "mean_schedule_energy": 22.83226525748317, "mean_number_swaps": 31.0, "drone_utilization": 1.0, "execution_time": 91.39834570884705}