{"completion_time": 8988.262764986728, "mean_schedule_time": 2030.6149201931555, "mean_flight_time": 1306.4153602665276, "mean_swap_time": 46.0, "mean_idle_time": 678.1995599266279, "mean_delivery_time": 5088.992266301217, "mean_schedule_distance": 9144.907521865693, "mean_schedule_energy": 0.8125485180396689, "mean_number_swaps": 0.7666666666666667, "drone_utilization": 0.4, "total_number_parcel_handover": 9, "mean_number_parcel_handover": 0.9, "execution_time": 103.65695643424988}