{"completion_time": 9828.548357480347, "mean_schedule_time": 2511.4251770253527, "mean_flight_time": 2427.425177025353, "mean_swap_time": 84.0, "mean_idle_time": -4.547473508864641e-13, "mean_delivery_time": 3587.750252893361, "mean_schedule_distance": 16991.976239177475, "mean_schedule_energy": 1.460768945601983, "mean_number_swaps": 1.4, "drone_utilization": 0.7, "execution_time": 18.15310549736023}