{"completion_time": 8709.51455848628, "mean_schedule_time": 3183.7400072047685, "mean_flight_time": 3063.7400072047685, "mean_swap_time": 120.0, "mean_idle_time": 0.0, "mean_delivery_time": 5093.984011527629, "mean_schedule_distance": 21446.180050433373, "mean_schedule_energy": 1.8874640615178542, "mean_number_swaps": 2.0, "drone_utilization": 0.625, "total_number_parcel_handover": 0, "mean_number_parcel_handover": 0.0, "execution_time": 1.1444792747497559}