{"completion_time": 4891.307939423916, "mean_schedule_time": 2657.594893297477, "mean_flight_time": 2379.0802589255236, "mean_swap_time": 81.6, "mean_idle_time": 196.91463437195353, "mean_delivery_time": 3116.781248448614, "mean_schedule_distance": 16653.561812478674, "mean_schedule_energy": 1.4304416753866156, "mean_number_swaps": 1.36, "drone_utilization": 0.84, "execution_time": 442.62548995018005}