{"completion_time": 5168.490562113875, "mean_schedule_time": 3812.826306898698, "mean_flight_time": 3671.0372126817406, "mean_swap_time": 128.0, "mean_idle_time": 13.789094216957437, "mean_delivery_time": 3926.0613219112647, "mean_schedule_distance": 25697.26048877219, "mean_schedule_energy": 2.037423701308629, "mean_number_swaps": 2.1333333333333333, "drone_utilization": 0.8666666666666667, "execution_time": 621.6532051563263}