{"completion_time": 11781.116686756772, "mean_schedule_time": 8387.594052351536, "mean_flight_time": 8051.594052351538, "mean_swap_time": 336.0, "mean_idle_time": -1.8189894035458565e-12, "mean_delivery_time": 5521.129175245211, "mean_schedule_distance": 56361.15836646074, "mean_schedule_energy": 4.566707784773433, "mean_number_swaps": 5.6, "drone_utilization": 1.0, "execution_time": 19.04828977584839}