{"completion_time": 5288.6487109594, "mean_schedule_time": 4415.661972079568, "mean_flight_time": 3744.043501749261, "mean_swap_time": 139.2, "mean_idle_time": 532.4184703303072, "mean_delivery_time": 4025.7347999689086, "mean_schedule_distance": 26208.30451224483, "mean_schedule_energy": 2.2827383508221946, "mean_number_swaps": 2.32, "drone_utilization": 1.0, "execution_time": 1901.3381967544556}