{"completion_time": 30381.730069366044, "mean_schedule_time": 24723.7410680612, "mean_flight_time": 23643.74106806119, "mean_swap_time": 1080.0, "mean_idle_time": 1.0913936421275139e-11, "mean_delivery_time": 11050.73440859667, "mean_schedule_distance": 165506.1874764284, "mean_schedule_energy": 13.663482419843081, "mean_number_swaps": 18.0, "drone_utilization": 1.0, "execution_time": 18.541542768478394}