{"completion_time": 7767.567910396114, "mean_schedule_time": 1605.6215767144304, "mean_flight_time": 1545.6215767144306, "mean_swap_time": 60.0, "mean_idle_time": -2.2737367544323206e-13, "mean_delivery_time": 3010.540456339557, "mean_schedule_distance": 10819.351037001008, "mean_schedule_energy": 1.010080473020644, "mean_number_swaps": 1.0, "drone_utilization": 0.5333333333333333, "execution_time": 4.769946098327637}