{"completion_time": 8048.471800410488, "mean_schedule_time": 3192.6765829885135, "mean_flight_time": 2599.764009300991, "mean_swap_time": 88.8, "mean_idle_time": 504.1125736875224, "mean_delivery_time": 3524.600452210761, "mean_schedule_distance": 18198.34806510694, "mean_schedule_energy": 1.6006751863248354, "mean_number_swaps": 1.48, "drone_utilization": 0.84, "execution_time": 657.1992576122284}