{"completion_time": 2980.307514895762, "mean_schedule_time": 342.66473460945167, "mean_flight_time": 335.4647346094517, "mean_swap_time": 7.2, "mean_idle_time": 0.0, "mean_delivery_time": 2141.654591309073, "mean_schedule_distance": 2348.253142266162, "mean_schedule_energy": 0.1897609166623343, "mean_number_swaps": 0.12, "drone_utilization": 0.16, "execution_time": 2.505282163619995}