{"completion_time": 7343.809150089764, "mean_schedule_time": 6171.776930661968, "mean_flight_time": 5568.375857683253, "mean_swap_time": 221.25, "mean_idle_time": 382.1510729787151, "mean_delivery_time": 4980.784267454623, "mean_schedule_distance": 38978.63100378277, "mean_schedule_energy": 3.2560787372846587, "mean_number_swaps": 3.6875, "drone_utilization": 1.0, "execution_time": 2065.81436419487}