{"completion_time": 7976.362274722182, "mean_schedule_time": 3930.6460764608073, "mean_flight_time": 3786.646076460809, "mean_swap_time": 144.0, "mean_idle_time": -1.8189894035458565e-12, "mean_delivery_time": 3740.241067081196, "mean_schedule_distance": 26506.522535225653, "mean_schedule_energy": 2.314790862239301, "mean_number_swaps": 2.4, "drone_utilization": 0.96, "execution_time": 53.40524220466614}