{"1": [{"x": 1, "y": 2, "a": 0, "tau": 374.3895920637004}, {"x": 2, "y": 1, "a": 2, "tau": 748.7791841274005}], "2": [], "3": [{"x": 3, "y": 1, "a": 1, "tau": 554.0124106361993}]}