{"completion_time": 7246.498384269667, "mean_schedule_time": 3371.3021570770857, "mean_flight_time": 2707.6115395347406, "mean_swap_time": 87.0, "mean_idle_time": 576.6906175423451, "mean_delivery_time": 4070.0180669686447, "mean_schedule_distance": 18953.28077674318, "mean_schedule_energy": 1.6289791992643228, "mean_number_swaps": 1.45, "drone_utilization": 0.85, "execution_time": 1015.5059926509857}