{"completion_time": 4357.6457307103665, "mean_schedule_time": 1726.0798769082626, "mean_flight_time": 1546.240898539411, "mean_swap_time": 45.0, "mean_idle_time": 134.83897836885149, "mean_delivery_time": 2987.62937665003, "mean_schedule_distance": 10823.68628977587, "mean_schedule_energy": 0.911453071129417, "mean_number_swaps": 0.75, "drone_utilization": 0.5714285714285714, "total_number_parcel_handover": 5, "mean_number_parcel_handover": 0.3333333333333333, "execution_time": 335.90099000930786}