{"completion_time": 10307.834561362193, "mean_delivery_time": 5065.35001668463, "total_distance": 650794.604941244, "consumed_energy": 55.26322743199336, "execution_time": 272.5248591899872}