{"completion_time": 19951.57227713938, "mean_schedule_time": 19823.735671138333, "mean_flight_time": 18843.00429320581, "mean_swap_time": 810.0, "mean_idle_time": 170.73137793252317, "mean_delivery_time": 10465.223253090688, "mean_schedule_distance": 131901.0300524406, "mean_schedule_energy": 10.32811086038192, "mean_number_swaps": 13.5, "drone_utilization": 1.0, "total_number_parcel_handover": 4, "mean_number_parcel_handover": 0.2, "execution_time": 3302.780466079712}