{"completion_time": 19322.192274495777, "mean_schedule_time": 19208.570073390354, "mean_flight_time": 18215.57898358619, "mean_swap_time": 840.0, "mean_idle_time": 152.9910898041635, "mean_delivery_time": 9505.082525102647, "mean_schedule_distance": 127509.05288510342, "mean_schedule_energy": 10.395693513532716, "mean_number_swaps": 14.0, "drone_utilization": 1.0, "execution_time": 179.8262050151825}