{"completion_time": 2475.2720894634344, "execution_time": 1.5491273403167725}