{"completion_time": 1322.2813229787064, "mean_delivery_time": 1083.6320323587177, "total_distance": 29501.696906044097, "consumed_energy": 2.3076718777598835, "execution_time": 0.288327693939209}