{"completion_time": 2584.5626459574128, "mean_schedule_time": 284.9685419623247, "mean_flight_time": 280.9685419623247, "mean_swap_time": 4.0, "mean_idle_time": 0.0, "mean_delivery_time": 2137.2640647174353, "mean_schedule_distance": 1966.7797937362732, "mean_schedule_energy": 0.15384479185065889, "mean_number_swaps": 0.06666666666666667, "drone_utilization": 0.13333333333333333, "execution_time": 0.47149014472961426}