{"completion_time": 7681.7988069490475, "mean_schedule_time": 3343.0020550395016, "mean_flight_time": 3220.859197896644, "mean_swap_time": 122.14285714285714, "mean_idle_time": 0.0, "mean_delivery_time": 3780.770843641331, "mean_schedule_distance": 22546.014385276514, "mean_schedule_energy": 1.9828491676942224, "mean_number_swaps": 2.0357142857142856, "drone_utilization": 0.8571428571428571, "total_number_parcel_handover": 0, "mean_number_parcel_handover": 0.0, "execution_time": 67.5139479637146}