{"completion_time": 4665.180726101917, "mean_schedule_time": 1363.128675884581, "mean_flight_time": 1155.3890489116818, "mean_swap_time": 26.666666666666668, "mean_idle_time": 181.07296030623252, "mean_delivery_time": 3001.8533019808647, "mean_schedule_distance": 8087.723342381773, "mean_schedule_energy": 0.7123121223098312, "mean_number_swaps": 0.4444444444444444, "drone_utilization": 0.5, "total_number_parcel_handover": 4, "mean_number_parcel_handover": 0.8, "execution_time": 106.42383217811584}