{"completion_time": 10380.623583007751, "mean_schedule_time": 10311.14495454609, "mean_flight_time": 8969.257037028741, "mean_swap_time": 348.0, "mean_idle_time": 993.8879175173479, "mean_delivery_time": 6162.252233958711, "mean_schedule_distance": 62784.79925920123, "mean_schedule_energy": 5.12179303811229, "mean_number_swaps": 5.8, "drone_utilization": 1.0, "execution_time": 903.3483929634094}