{"completion_time": 11553.529827039498, "mean_schedule_time": 6567.5354314781525, "mean_flight_time": 6170.582110358207, "mean_swap_time": 236.0, "mean_idle_time": 160.95332111994594, "mean_delivery_time": 5593.4690819603065, "mean_schedule_distance": 43194.074772507425, "mean_schedule_energy": 3.518516741405854, "mean_number_swaps": 3.933333333333333, "drone_utilization": 1.0, "execution_time": 679.9494521617889}