{"completion_time": 5862.794444925071, "mean_schedule_time": 979.5678088338884, "mean_flight_time": 646.8179609806558, "mean_swap_time": 12.857142857142858, "mean_idle_time": 319.8927049960897, "mean_delivery_time": 2959.0225852515023, "mean_schedule_distance": 4527.72572686459, "mean_schedule_energy": 0.3910956277948521, "mean_number_swaps": 0.21428571428571427, "drone_utilization": 0.32142857142857145, "execution_time": 156.20911288261414}