{"completion_time": 3777.072506294234, "mean_delivery_time": 1848.909620121534, "total_distance": 329670.39672311384, "consumed_energy": 26.64531329578444, "execution_time": 15.627830505371094}