{"completion_time": 9048.262764986728, "mean_schedule_time": 5344.499201933059, "mean_flight_time": 4543.154673161615, "mean_swap_time": 177.6, "mean_idle_time": 623.7445287714436, "mean_delivery_time": 4718.378295035405, "mean_schedule_distance": 31802.08271213131, "mean_schedule_energy": 2.6924729631117454, "mean_number_swaps": 2.96, "drone_utilization": 1.0, "execution_time": 1524.9573323726654}