{"completion_time": 2896.567348404745, "execution_time": 0.04377937316894531}