{"completion_time": 6567.509784516836, "mean_schedule_time": 2143.287233807263, "mean_flight_time": 2071.2872338072625, "mean_swap_time": 72.0, "mean_idle_time": 4.547473508864641e-13, "mean_delivery_time": 3214.9308507108944, "mean_schedule_distance": 14499.010636650839, "mean_schedule_energy": 1.3270371029090213, "mean_number_swaps": 1.2, "drone_utilization": 0.6666666666666666, "execution_time": 6.894898176193237}