{"completion_time": 6366.764038064893, "mean_schedule_time": 4764.897437460881, "mean_flight_time": 3975.433166815764, "mean_swap_time": 144.0, "mean_idle_time": 645.4642706451168, "mean_delivery_time": 4462.215914672047, "mean_schedule_distance": 27828.032167710353, "mean_schedule_energy": 2.2123897003479955, "mean_number_swaps": 2.4, "drone_utilization": 1.0, "total_number_parcel_handover": 10, "mean_number_parcel_handover": 1.0, "execution_time": 748.9617693424225}