{"completion_time": 4119.477878090696, "mean_schedule_time": 2162.196470125061, "mean_flight_time": 1705.4112785256268, "mean_swap_time": 30.0, "mean_idle_time": 426.78519159943403, "mean_delivery_time": 3265.063922003805, "mean_schedule_distance": 11937.87894967939, "mean_schedule_energy": 0.9151837698212208, "mean_number_swaps": 0.5, "drone_utilization": 0.75, "total_number_parcel_handover": 4, "mean_number_parcel_handover": 0.8, "execution_time": 34.443392753601074}