{"completion_time": 16019.803911096202, "mean_schedule_time": 15774.964615416065, "mean_flight_time": 15104.07487535606, "mean_swap_time": 670.0, "mean_idle_time": 0.8897400600053516, "mean_delivery_time": 8605.14699265468, "mean_schedule_distance": 105728.52412749243, "mean_schedule_energy": 8.96055880050744, "mean_number_swaps": 11.166666666666666, "drone_utilization": 1.0, "total_number_parcel_handover": 8, "mean_number_parcel_handover": 0.32, "execution_time": 5722.386735200882}