{"completion_time": 8366.466762116155, "mean_delivery_time": 4602.430973381071, "total_distance": 629679.1896090921, "consumed_energy": 53.135572269352416, "execution_time": 3751.232542991638}