{"completion_time": 12031.357312101545, "mean_schedule_time": 3382.6649067718795, "mean_flight_time": 3258.6649067718786, "mean_swap_time": 124.0, "mean_idle_time": 9.094947017729282e-13, "mean_delivery_time": 4228.331133464849, "mean_schedule_distance": 22810.65434740316, "mean_schedule_energy": 2.0979961015795117, "mean_number_swaps": 2.066666666666667, "drone_utilization": 0.8, "execution_time": 10.525884628295898}