{"completion_time": 5431.994994681943, "mean_schedule_time": 829.6186485950245, "mean_flight_time": 808.6186485950248, "mean_swap_time": 21.0, "mean_idle_time": -2.2737367544323206e-13, "mean_delivery_time": 4148.093242975123, "mean_schedule_distance": 5660.330540165172, "mean_schedule_energy": 0.4150972162617815, "mean_number_swaps": 0.35, "drone_utilization": 0.2, "execution_time": 1.8352055549621582}