{"completion_time": 6374.150127131734, "mean_schedule_time": 3970.8721176381937, "mean_flight_time": 3716.445714529786, "mean_swap_time": 131.25, "mean_idle_time": 123.17640310840761, "mean_delivery_time": 4235.59692548074, "mean_schedule_distance": 26015.120001708503, "mean_schedule_energy": 2.188774502082776, "mean_number_swaps": 2.1875, "drone_utilization": 0.9375, "total_number_parcel_handover": 3, "mean_number_parcel_handover": 0.2, "execution_time": 80.59502720832825}