{"completion_time": 2475.2720894634344, "execution_time": 6.2419140338897705}