{"completion_time": 3198.6863383026357, "mean_delivery_time": 2089.235991927991, "total_distance": 545753.4440103044, "consumed_energy": 43.96467772215378, "execution_time": 1440.1772117614746}