{"completion_time": 6252.460777171949, "mean_schedule_time": 5179.487497702088, "mean_flight_time": 4703.843588748935, "mean_swap_time": 174.0, "mean_idle_time": 301.6439089531532, "mean_delivery_time": 4880.505244184417, "mean_schedule_distance": 32926.90512124254, "mean_schedule_energy": 2.695843408284842, "mean_number_swaps": 2.9, "drone_utilization": 1.0, "execution_time": 993.2280333042145}