{"completion_time": 3403.4390655463208, "mean_delivery_time": 2397.044142613717, "total_distance": 607144.4467381791, "consumed_energy": 50.60983385274148, "execution_time": 592.464587688446}