{"completion_time": 6404.587828831564, "mean_schedule_time": 5318.712012635254, "mean_flight_time": 4544.491000183565, "mean_swap_time": 180.0, "mean_idle_time": 594.2210124516887, "mean_delivery_time": 4301.671311015424, "mean_schedule_distance": 31811.437001284976, "mean_schedule_energy": 2.8414810084302795, "mean_number_swaps": 3.0, "drone_utilization": 1.0, "execution_time": 40.91263723373413}