{"completion_time": 6130.282714826105, "mean_schedule_time": 1348.3556060972378, "mean_flight_time": 1309.9556060972375, "mean_swap_time": 38.4, "mean_idle_time": 2.2737367544323206e-13, "mean_delivery_time": 2809.0741793692455, "mean_schedule_distance": 9169.689242680664, "mean_schedule_energy": 0.7282823441645903, "mean_number_swaps": 0.64, "drone_utilization": 0.48, "execution_time": 15.043066263198853}