{"completion_time": 17774.820295157133, "mean_schedule_time": 9961.839242210184, "mean_flight_time": 9529.839242210184, "mean_swap_time": 432.0, "mean_idle_time": 0.0, "mean_delivery_time": 5860.775712120601, "mean_schedule_distance": 66708.87469547128, "mean_schedule_energy": 5.672875822757463, "mean_number_swaps": 7.2, "drone_utilization": 1.0, "execution_time": 25.84413433074951}