{"completion_time": 1911.5071938363649, "mean_delivery_time": 1658.1013741992017, "total_distance": 120431.22204515085, "consumed_energy": 9.761163740025307, "execution_time": 28800.060631990433}