{"completion_time": 7467.567910396114, "mean_schedule_time": 1509.4654356905944, "mean_flight_time": 895.7251290130654, "mean_swap_time": 30.0, "mean_idle_time": 583.740306677529, "mean_delivery_time": 3982.1899281580468, "mean_schedule_distance": 6270.075903091458, "mean_schedule_energy": 0.568759967684179, "mean_number_swaps": 0.5, "drone_utilization": 0.36363636363636365, "total_number_parcel_handover": 7, "mean_number_parcel_handover": 1.4, "execution_time": 72.975261926651}