{"completion_time": 10228.292498493174, "mean_schedule_time": 9778.909292733471, "mean_flight_time": 9039.445860534503, "mean_swap_time": 420.0, "mean_idle_time": 319.4634321989688, "mean_delivery_time": 6024.590906153544, "mean_schedule_distance": 63276.12102374153, "mean_schedule_energy": 5.4965039924265735, "mean_number_swaps": 7.0, "drone_utilization": 1.0, "execution_time": 1282.98232960701}