{"completion_time": 5559.588592560507, "mean_delivery_time": 3407.2144238290434, "total_distance": 641927.3169030129, "consumed_energy": 53.43526072274143, "execution_time": 3802.2046587467194}