{"completion_time": 10585.032170873692, "mean_schedule_time": 10251.326572981248, "mean_flight_time": 9501.724501521254, "mean_swap_time": 402.0, "mean_idle_time": 347.6020714599945, "mean_delivery_time": 6741.795101566217, "mean_schedule_distance": 66512.07151064873, "mean_schedule_energy": 5.487224813697088, "mean_number_swaps": 6.7, "drone_utilization": 1.0, "execution_time": 8617.58689403534}