{"completion_time": 3763.783955198057, "mean_delivery_time": 1995.8870413041484, "total_distance": 326554.92039081396, "consumed_energy": 29.09020880585062, "execution_time": 96.6524486541748}