{"completion_time": 5955.502545749298, "mean_delivery_time": 3003.627055590965, "total_distance": 248432.70855394573, "consumed_energy": 22.29861376348244, "execution_time": 1.8372840881347656}