{"completion_time": 4343.8574084202855, "mean_schedule_time": 874.9223947658978, "mean_flight_time": 848.6723947658978, "mean_swap_time": 26.25, "mean_idle_time": 0.0, "mean_delivery_time": 2799.751663250873, "mean_schedule_distance": 5940.706763361285, "mean_schedule_energy": 0.49361268793794183, "mean_number_swaps": 0.4375, "drone_utilization": 0.3125, "execution_time": 1.7141146659851074}