{"completion_time": 3608.968948432277, "mean_delivery_time": 2587.3802082520606, "total_distance": 304661.1808814942, "consumed_energy": 26.17132342173853, "execution_time": 4.354750871658325}