{"completion_time": 7761.21110984563, "mean_schedule_time": 2759.9076248844376, "mean_flight_time": 2666.3076248844377, "mean_swap_time": 93.6, "mean_idle_time": 0.0, "mean_delivery_time": 3332.796689306274, "mean_schedule_distance": 18664.15337419106, "mean_schedule_energy": 1.6426012984925462, "mean_number_swaps": 1.56, "drone_utilization": 0.8, "execution_time": 49.82036805152893}