{"completion_time": 7268.378021878029, "mean_schedule_time": 5144.875594283424, "mean_flight_time": 4700.537654194866, "mean_swap_time": 184.0, "mean_idle_time": 260.33794008855784, "mean_delivery_time": 4624.293638729398, "mean_schedule_distance": 32903.763579364066, "mean_schedule_energy": 2.891629411334456, "mean_number_swaps": 3.066666666666667, "drone_utilization": 1.0, "execution_time": 921.606627702713}