{"completion_time": 5389.911239693806, "mean_schedule_time": 3587.3139495639307, "mean_flight_time": 3338.5157386197075, "mean_swap_time": 107.14285714285714, "mean_idle_time": 141.6553538013659, "mean_delivery_time": 3997.471026200137, "mean_schedule_distance": 23369.610170337954, "mean_schedule_energy": 1.8755936803823057, "mean_number_swaps": 1.7857142857142858, "drone_utilization": 0.8214285714285714, "execution_time": 1215.530814409256}