{"completion_time": 7276.349184413604, "mean_schedule_time": 4098.52429329391, "mean_flight_time": 3954.52429329391, "mean_swap_time": 144.0, "mean_idle_time": 0.0, "mean_delivery_time": 3798.6593582774003, "mean_schedule_distance": 27681.670053057365, "mean_schedule_energy": 2.2585624435670906, "mean_number_swaps": 2.4, "drone_utilization": 1.0, "execution_time": 1.157423496246338}