{"completion_time": 2920.307514895762, "mean_schedule_time": 795.0089350763843, "mean_flight_time": 731.0050296365605, "mean_swap_time": 9.6, "mean_idle_time": 54.4039054398238, "mean_delivery_time": 1773.026488817705, "mean_schedule_distance": 5117.035207455923, "mean_schedule_energy": 0.41070550857574917, "mean_number_swaps": 0.16, "drone_utilization": 0.44, "execution_time": 16.709540128707886}