{"completion_time": 12784.396936207739, "mean_schedule_time": 12234.45190012887, "mean_flight_time": 11020.419780191909, "mean_swap_time": 440.0, "mean_idle_time": 774.032119936961, "mean_delivery_time": 8082.718635028623, "mean_schedule_distance": 77142.93846134336, "mean_schedule_energy": 6.144671110067051, "mean_number_swaps": 7.333333333333333, "drone_utilization": 1.0, "total_number_parcel_handover": 23, "mean_number_parcel_handover": 0.92, "execution_time": 6103.970613002777}