{"completion_time": 9018.624639774114, "mean_schedule_time": 4462.424956075739, "mean_flight_time": 4300.42495607574, "mean_swap_time": 162.0, "mean_idle_time": -9.094947017729282e-13, "mean_delivery_time": 4156.7062154886125, "mean_schedule_distance": 30102.974692530173, "mean_schedule_energy": 2.598260783476529, "mean_number_swaps": 2.7, "drone_utilization": 1.0, "execution_time": 7.0620012283325195}