{"completion_time": 4689.312319887057, "mean_delivery_time": 2153.3531077443063, "total_distance": 301029.74692530173, "consumed_energy": 25.98260783476529, "execution_time": 5.896743059158325}