{"completion_time": 9665.24759051183, "mean_schedule_time": 6225.1480981177965, "mean_flight_time": 5779.5403341345755, "mean_swap_time": 264.0, "mean_idle_time": 181.60776398322105, "mean_delivery_time": 5134.179826700281, "mean_schedule_distance": 40456.78233894203, "mean_schedule_energy": 3.500681186410901, "mean_number_swaps": 4.4, "drone_utilization": 1.0, "execution_time": 37.96641540527344}