{"completion_time": 5042.623795255915, "mean_delivery_time": 2672.0899133501407, "total_distance": 202283.91169471014, "consumed_energy": 17.503405932054505, "execution_time": 27.36664319038391}