{"completion_time": 2931.8259662010573, "mean_delivery_time": 2263.2740391246466, "total_distance": 158895.85895584483, "consumed_energy": 15.26442558001805, "execution_time": 110.35978484153748}