{"completion_time": 3343.3070471007813, "mean_delivery_time": 2932.6906542124857, "total_distance": 236869.23242669477, "consumed_energy": 20.597726452107235, "execution_time": 34.65443968772888}