{"completion_time": 8357.60458915357, "mean_schedule_time": 7287.365170228718, "mean_flight_time": 6865.3209593262245, "mean_swap_time": 280.0, "mean_idle_time": 142.04421090249343, "mean_delivery_time": 5289.182345423844, "mean_schedule_distance": 48057.246715283596, "mean_schedule_energy": 4.003943141256021, "mean_number_swaps": 4.666666666666667, "drone_utilization": 1.0, "execution_time": 661.2806420326233}