{"completion_time": 25709.64035649158, "mean_schedule_time": 21539.98392113938, "mean_flight_time": 20591.983921139385, "mean_swap_time": 948.0, "mean_idle_time": -3.637978807091713e-12, "mean_delivery_time": 10921.072245727353, "mean_schedule_distance": 144143.88744797575, "mean_schedule_energy": 12.10089669766926, "mean_number_swaps": 15.8, "drone_utilization": 1.0, "execution_time": 23.287562608718872}