{"completion_time": 13394.82017824579, "mean_delivery_time": 5686.536122863677, "total_distance": 720719.4372398788, "consumed_energy": 60.504483488346295, "execution_time": 24.222089767456055}