{"completion_time": 7667.032769324585, "mean_schedule_time": 2316.6393675318996, "mean_flight_time": 2235.21079610333, "mean_swap_time": 81.42857142857143, "mean_idle_time": -1.8189894035458565e-12, "mean_delivery_time": 3369.1417068480287, "mean_schedule_distance": 15646.475572723299, "mean_schedule_energy": 1.4095697346599123, "mean_number_swaps": 1.3571428571428572, "drone_utilization": 0.6785714285714286, "execution_time": 51.37348699569702}