{"completion_time": 12889.589454358504, "mean_schedule_time": 12450.483264008615, "mean_flight_time": 11825.64693137665, "mean_swap_time": 550.0, "mean_idle_time": 74.83633263196498, "mean_delivery_time": 6596.17044310313, "mean_schedule_distance": 82779.52851963653, "mean_schedule_energy": 7.292691800502637, "mean_number_swaps": 9.166666666666666, "drone_utilization": 1.0, "execution_time": 276.3806686401367}