{"completion_time": 10931.85748683967, "mean_schedule_time": 6557.0292268908115, "mean_flight_time": 6327.0292268908115, "mean_swap_time": 230.0, "mean_idle_time": 0.0, "mean_delivery_time": 5180.033012455378, "mean_schedule_distance": 44289.204588235676, "mean_schedule_energy": 3.4449652601414615, "mean_number_swaps": 3.8333333333333335, "drone_utilization": 1.0, "execution_time": 2.7014708518981934}