{"completion_time": 8843.675653412341, "mean_schedule_time": 7605.288374665053, "mean_flight_time": 6486.049949272934, "mean_swap_time": 270.0, "mean_idle_time": 849.2384253921191, "mean_delivery_time": 5687.006184867451, "mean_schedule_distance": 45402.34964491057, "mean_schedule_energy": 3.854607124968555, "mean_number_swaps": 4.5, "drone_utilization": 1.0, "execution_time": 7988.230363368988}