{"completion_time": 10200.805041822356, "mean_schedule_time": 9398.56337483239, "mean_flight_time": 8487.44054745225, "mean_swap_time": 372.0, "mean_idle_time": 539.1228273801407, "mean_delivery_time": 5823.017949102994, "mean_schedule_distance": 59412.083832165714, "mean_schedule_energy": 5.108766590745856, "mean_number_swaps": 6.2, "drone_utilization": 1.0, "total_number_parcel_handover": 8, "mean_number_parcel_handover": 0.32, "execution_time": 373.2906894683838}