{"completion_time": 2896.477029221378, "mean_delivery_time": 1915.4859203980964, "total_distance": 484788.9594251823, "consumed_energy": 40.1896600020042, "execution_time": 2219.9689898490906}