{"completion_time": 2920.307514895762, "mean_schedule_time": 1027.362593899143, "mean_flight_time": 992.7884381909115, "mean_swap_time": 16.8, "mean_idle_time": 17.774155708231433, "mean_delivery_time": 1961.5921965621683, "mean_schedule_distance": 6949.519067336381, "mean_schedule_energy": 0.5541127322363458, "mean_number_swaps": 0.28, "drone_utilization": 0.52, "execution_time": 32.604891300201416}