{"completion_time": 8605.57713440793, "mean_schedule_time": 8317.939635137649, "mean_flight_time": 7996.845540234566, "mean_swap_time": 306.0, "mean_idle_time": 15.094094903082805, "mean_delivery_time": 5723.453912433495, "mean_schedule_distance": 55977.91878164197, "mean_schedule_energy": 4.338852224485221, "mean_number_swaps": 5.1, "drone_utilization": 1.0, "execution_time": 431.67449927330017}