{"completion_time": 12357.02605840914, "mean_schedule_time": 11911.648031458966, "mean_flight_time": 11219.20175453436, "mean_swap_time": 520.0, "mean_idle_time": 172.44627692460563, "mean_delivery_time": 6846.694303289953, "mean_schedule_distance": 78534.41228174056, "mean_schedule_energy": 6.750332293145763, "mean_number_swaps": 8.666666666666666, "drone_utilization": 1.0, "total_number_parcel_handover": 3, "mean_number_parcel_handover": 0.15, "execution_time": 137.89870977401733}