{"completion_time": 4357.6457307103665, "mean_schedule_time": 2002.8361501504585, "mean_flight_time": 1762.6282657004172, "mean_swap_time": 53.07692307692308, "mean_idle_time": 187.13096137311823, "mean_delivery_time": 3121.43578746791, "mean_schedule_distance": 12338.397859902916, "mean_schedule_energy": 1.032343762967141, "mean_number_swaps": 0.8846153846153846, "drone_utilization": 0.6153846153846154, "execution_time": 381.1810111999512}