{"completion_time": 4585.2950941053305, "mean_schedule_time": 436.3673497564073, "mean_flight_time": 428.8673497564073, "mean_swap_time": 7.5, "mean_idle_time": 0.0, "mean_delivery_time": 2094.563278830755, "mean_schedule_distance": 3002.071448294851, "mean_schedule_energy": 0.23269810153227855, "mean_number_swaps": 0.125, "drone_utilization": 0.20833333333333334, "total_number_parcel_handover": 0, "mean_number_parcel_handover": 0.0, "execution_time": 3.4457149505615234}