{"completion_time": 5133.556631318885, "mean_schedule_time": 3146.1801902490092, "mean_flight_time": 2904.3336869834898, "mean_swap_time": 105.0, "mean_idle_time": 136.84650326551946, "mean_delivery_time": 4361.951148585537, "mean_schedule_distance": 20330.335808884425, "mean_schedule_energy": 1.766935518341302, "mean_number_swaps": 1.75, "drone_utilization": 0.75, "execution_time": 4.806524276733398}