{"completion_time": 5977.589306410375, "mean_schedule_time": 1393.1753998356787, "mean_flight_time": 883.3076998909261, "mean_swap_time": 30.0, "mean_idle_time": 479.86769994475264, "mean_delivery_time": 4388.622814880635, "mean_schedule_distance": 6183.153899236482, "mean_schedule_energy": 0.5608383695982646, "mean_number_swaps": 0.5, "drone_utilization": 0.35, "execution_time": 160.66974806785583}