{"completion_time": 5977.589306410375, "mean_schedule_time": 1526.6716109620274, "mean_flight_time": 1038.2095447359818, "mean_swap_time": 36.0, "mean_idle_time": 452.46206622604564, "mean_delivery_time": 3230.483019186685, "mean_schedule_distance": 7267.466813151873, "mean_schedule_energy": 0.6510000118308492, "mean_number_swaps": 0.6, "drone_utilization": 0.45, "execution_time": 49.70442008972168}