{"completion_time": 2112.614423931292, "mean_delivery_time": 1620.8026612606616, "total_distance": 237920.22178514904, "consumed_energy": 20.55724717449259, "execution_time": 151.54358172416687}