{"completion_time": 6314.649641459926, "mean_schedule_time": 5303.584558888611, "mean_flight_time": 4874.955483199857, "mean_swap_time": 165.0, "mean_idle_time": 263.6290756887547, "mean_delivery_time": 4665.349265795155, "mean_schedule_distance": 34124.68838239899, "mean_schedule_energy": 2.652775846435386, "mean_number_swaps": 2.75, "drone_utilization": 1.0, "execution_time": 3578.1253225803375}