{"completion_time": 19931.064239958756, "mean_schedule_time": 18820.849884635787, "mean_flight_time": 17980.849884635783, "mean_swap_time": 840.0, "mean_idle_time": 3.637978807091713e-12, "mean_delivery_time": 9476.213714022217, "mean_schedule_distance": 125865.9491924505, "mean_schedule_energy": 10.526399307569134, "mean_number_swaps": 14.0, "drone_utilization": 1.0, "execution_time": 17.524367094039917}