{"completion_time": 4537.6457307103665, "mean_schedule_time": 833.3555916207699, "mean_flight_time": 811.9270201921989, "mean_swap_time": 21.428571428571427, "mean_idle_time": -4.547473508864641e-13, "mean_delivery_time": 2333.395656538156, "mean_schedule_distance": 5683.48914134539, "mean_schedule_energy": 0.47213367429111264, "mean_number_swaps": 0.35714285714285715, "drone_utilization": 0.35714285714285715, "execution_time": 14.465216398239136}