{"completion_time": 6404.587828831564, "mean_schedule_time": 4765.431424879374, "mean_flight_time": 4476.847827028105, "mean_swap_time": 160.0, "mean_idle_time": 128.5835978512696, "mean_delivery_time": 3941.199350915937, "mean_schedule_distance": 31337.934789196745, "mean_schedule_energy": 2.611309343549526, "mean_number_swaps": 2.6666666666666665, "drone_utilization": 1.0, "total_number_parcel_handover": 4, "mean_number_parcel_handover": 0.16, "execution_time": 162.17331171035767}