{"completion_time": 3989.27570696154, "mean_schedule_time": 1163.9722710549888, "mean_flight_time": 1062.4209155690041, "mean_swap_time": 30.0, "mean_idle_time": 71.55135548598469, "mean_delivery_time": 2633.8803823137123, "mean_schedule_distance": 7436.946408983028, "mean_schedule_energy": 0.6214697587226431, "mean_number_swaps": 0.5, "drone_utilization": 0.4090909090909091, "execution_time": 65.99197912216187}