{"completion_time": 2101.5388731157377, "execution_time": 1.096022129058838}