{"completion_time": 4935.1093972868575, "mean_delivery_time": 3089.7862600493536, "total_distance": 827196.5129294266, "consumed_energy": 68.40400666535396, "execution_time": 5917.854647874832}