{"completion_time": 8613.348812800346, "mean_schedule_time": 7318.75081128809, "mean_flight_time": 7023.7508112880905, "mean_swap_time": 295.0, "mean_idle_time": -9.094947017729282e-13, "mean_delivery_time": 5039.905225586642, "mean_schedule_distance": 49166.255679016635, "mean_schedule_energy": 4.263080403216425, "mean_number_swaps": 4.916666666666667, "drone_utilization": 1.0, "execution_time": 472.8260009288788}