{"completion_time": 5279.92783165589, "mean_schedule_time": 2827.577018384508, "mean_flight_time": 2520.5593381848284, "mean_swap_time": 90.0, "mean_idle_time": 217.0176801996795, "mean_delivery_time": 3393.0924220614093, "mean_schedule_distance": 17643.9153672938, "mean_schedule_energy": 1.572679471604337, "mean_number_swaps": 1.5, "drone_utilization": 0.8333333333333334, "total_number_parcel_handover": 8, "mean_number_parcel_handover": 0.32, "execution_time": 515.1148979663849}