{"completion_time": 9108.262764986728, "mean_schedule_time": 6898.407611618645, "mean_flight_time": 5005.29755239875, "mean_swap_time": 204.0, "mean_idle_time": 1689.1100592198954, "mean_delivery_time": 6363.470108613488, "mean_schedule_distance": 35037.082866791265, "mean_schedule_energy": 3.1312535660983682, "mean_number_swaps": 3.4, "drone_utilization": 1.0, "execution_time": 756.7008609771729}