{"completion_time": 7607.018866171652, "mean_schedule_time": 4832.396326398486, "mean_flight_time": 4398.215203036694, "mean_swap_time": 162.0, "mean_idle_time": 272.18112336179183, "mean_delivery_time": 4083.128006049622, "mean_schedule_distance": 30787.50642125687, "mean_schedule_energy": 2.580441608338947, "mean_number_swaps": 2.7, "drone_utilization": 1.0, "execution_time": 255.38397312164307}