{"completion_time": 3803.509433085826, "mean_delivery_time": 2101.564003024811, "total_distance": 615750.1284251374, "consumed_energy": 51.608832166778946, "execution_time": 168.73879313468933}