{"completion_time": 3053.956308454003, "execution_time": 162.67043447494507}