{"completion_time": 5165.407712580159, "mean_schedule_time": 3846.9564413631933, "mean_flight_time": 3510.0067318238625, "mean_swap_time": 110.4, "mean_idle_time": 226.5497095393307, "mean_delivery_time": 4075.3366151127016, "mean_schedule_distance": 24570.047122767035, "mean_schedule_energy": 1.9436389128328484, "mean_number_swaps": 1.84, "drone_utilization": 0.92, "execution_time": 485.1716823577881}