{"completion_time": 4613.345902469695, "mean_schedule_time": 1413.8988201738457, "mean_flight_time": 1353.0438817319364, "mean_swap_time": 36.0, "mean_idle_time": 24.854938441909326, "mean_delivery_time": 2985.2129859358984, "mean_schedule_distance": 9471.307172123554, "mean_schedule_energy": 0.8018271939426675, "mean_number_swaps": 0.6, "drone_utilization": 0.52, "execution_time": 211.4851553440094}