{"completion_time": 7710.474764912739, "mean_schedule_time": 5117.707255933325, "mean_flight_time": 3900.8712292575497, "mean_swap_time": 132.0, "mean_idle_time": 1084.836026675775, "mean_delivery_time": 5221.514328625193, "mean_schedule_distance": 27306.098604802854, "mean_schedule_energy": 2.2985594602616506, "mean_number_swaps": 2.2, "drone_utilization": 0.96, "execution_time": 8968.282091617584}