{"completion_time": 6157.3310006776555, "mean_schedule_time": 5013.447077571227, "mean_flight_time": 4753.293942356797, "mean_swap_time": 176.25, "mean_idle_time": 83.90313521443022, "mean_delivery_time": 4467.8948301190485, "mean_schedule_distance": 33273.05759649756, "mean_schedule_energy": 2.766613048228686, "mean_number_swaps": 2.9375, "drone_utilization": 0.9375, "execution_time": 701.0262713432312}