{"completion_time": 8187.964211349868, "mean_schedule_time": 6720.3130642438555, "mean_flight_time": 5943.060693433915, "mean_swap_time": 225.6, "mean_idle_time": 551.6523708099403, "mean_delivery_time": 6093.281518508851, "mean_schedule_distance": 41601.42485403747, "mean_schedule_energy": 3.3758501851504663, "mean_number_swaps": 3.76, "drone_utilization": 1.0, "execution_time": 16739.010275125504}