{"completion_time": 3649.935899680623, "mean_delivery_time": 2383.2295150604286, "total_distance": 773311.0494288674, "consumed_energy": 63.36637850493092, "execution_time": 870.1933550834656}