{"completion_time": 18280.658709538122, "mean_schedule_time": 14818.397214624398, "mean_flight_time": 14203.397214624403, "mean_swap_time": 615.0, "mean_idle_time": -5.4569682106375694e-12, "mean_delivery_time": 8004.133767622548, "mean_schedule_distance": 99423.78050237079, "mean_schedule_energy": 8.14811023255219, "mean_number_swaps": 10.25, "drone_utilization": 1.0, "execution_time": 4.008622646331787}