{"completion_time": 3854.4673803014352, "mean_delivery_time": 2848.6664322651022, "total_distance": 288926.2171746519, "consumed_energy": 22.06125093956304, "execution_time": 400.74013590812683}