{"completion_time": 3533.897584549568, "mean_schedule_time": 1855.7543206962393, "mean_flight_time": 1683.661939243333, "mean_swap_time": 42.0, "mean_idle_time": 130.09238145290624, "mean_delivery_time": 2303.1476178408316, "mean_schedule_distance": 11785.633574703334, "mean_schedule_energy": 0.9972407202718532, "mean_number_swaps": 0.7, "drone_utilization": 0.8, "total_number_parcel_handover": 2, "mean_number_parcel_handover": 0.13333333333333333, "execution_time": 43.63009762763977}