{"completion_time": 11810.778099019464, "mean_schedule_time": 11227.553931321925, "mean_flight_time": 10413.165719093131, "mean_swap_time": 450.0, "mean_idle_time": 364.38821222879415, "mean_delivery_time": 6722.643472534057, "mean_schedule_distance": 72892.16003365189, "mean_schedule_energy": 6.086667186030287, "mean_number_swaps": 7.5, "drone_utilization": 1.0, "execution_time": 5775.116652727127}