{"completion_time": 4938.238982193333, "mean_schedule_time": 1216.0949908356176, "mean_flight_time": 1176.0949908356176, "mean_swap_time": 40.0, "mean_idle_time": 0.0, "mean_delivery_time": 2918.6279780054824, "mean_schedule_distance": 8232.664935849325, "mean_schedule_energy": 0.6928709289914172, "mean_number_swaps": 0.6666666666666666, "drone_utilization": 0.4166666666666667, "total_number_parcel_handover": 0, "mean_number_parcel_handover": 0.0, "execution_time": 1.4277091026306152}