{"completion_time": 3823.783955198057, "mean_delivery_time": 2400.011274677246, "total_distance": 790145.330977316, "consumed_energy": 67.30553713528896, "execution_time": 1269.9471280574799}