{"completion_time": 5239.682479731215, "mean_schedule_time": 1457.0790643647817, "mean_flight_time": 1413.0790643647815, "mean_swap_time": 44.0, "mean_idle_time": 2.2737367544323206e-13, "mean_delivery_time": 2914.1581287295635, "mean_schedule_distance": 9891.553450553474, "mean_schedule_energy": 0.8104056675128848, "mean_number_swaps": 0.7333333333333333, "drone_utilization": 0.5, "total_number_parcel_handover": 0, "mean_number_parcel_handover": 0.0, "execution_time": 27.054460287094116}