{"completion_time": 6109.988832575049, "mean_schedule_time": 2726.683504772819, "mean_flight_time": 2227.374535820631, "mean_swap_time": 55.714285714285715, "mean_idle_time": 443.59468323790225, "mean_delivery_time": 4908.493840458827, "mean_schedule_distance": 15591.621750744413, "mean_schedule_energy": 1.1299799107716821, "mean_number_swaps": 0.9285714285714286, "drone_utilization": 0.6428571428571429, "execution_time": 148.18954586982727}