{"completion_time": 10848.336187842495, "mean_schedule_time": 9390.666762772662, "mean_flight_time": 8236.729886483792, "mean_swap_time": 330.0, "mean_idle_time": 823.9368762888698, "mean_delivery_time": 6478.323762616046, "mean_schedule_distance": 57657.10920538658, "mean_schedule_energy": 4.580570707856085, "mean_number_swaps": 5.5, "drone_utilization": 1.0, "total_number_parcel_handover": 8, "mean_number_parcel_handover": 0.4, "execution_time": 1172.267821073532}