{"completion_time": 4299.739441063695, "mean_schedule_time": 1971.4768338115944, "mean_flight_time": 1744.8546727525254, "mean_swap_time": 62.4, "mean_idle_time": 164.22216105906887, "mean_delivery_time": 3295.2342011910728, "mean_schedule_distance": 12213.982709267679, "mean_schedule_energy": 1.1141172400339874, "mean_number_swaps": 1.04, "drone_utilization": 0.6, "execution_time": 255.26140809059143}