{"completion_time": 7162.68856633494, "mean_schedule_time": 2350.46083508573, "mean_flight_time": 1668.9078128482302, "mean_swap_time": 52.0, "mean_idle_time": 629.5530222375, "mean_delivery_time": 4610.2761544984, "mean_schedule_distance": 11682.354689937609, "mean_schedule_energy": 0.9999984129464689, "mean_number_swaps": 0.8666666666666667, "drone_utilization": 0.5, "execution_time": 6591.135703086853}