{"completion_time": 13842.020399407234, "mean_schedule_time": 12828.384882371882, "mean_flight_time": 12212.258001315091, "mean_swap_time": 546.0, "mean_idle_time": 70.12688105679081, "mean_delivery_time": 7742.966778521254, "mean_schedule_distance": 85485.80600920567, "mean_schedule_energy": 6.957709676299575, "mean_number_swaps": 9.1, "drone_utilization": 1.0, "execution_time": 702.703759431839}