{"completion_time": 3120.268056112104, "mean_delivery_time": 2636.94144390936, "total_distance": 265648.8884523729, "consumed_energy": 21.791846058413817, "execution_time": 189.70515966415405}