{"completion_time": 2530.7741314750256, "mean_delivery_time": 1967.8205791747123, "total_distance": 535270.0820237142, "consumed_energy": 43.79114926455396, "execution_time": 667.8183860778809}