{"completion_time": 12031.357312101545, "mean_schedule_time": 2553.5959717393466, "mean_flight_time": 2463.595971739347, "mean_swap_time": 90.0, "mean_idle_time": -4.547473508864641e-13, "mean_delivery_time": 3830.3939576090197, "mean_schedule_distance": 17245.171802175435, "mean_schedule_energy": 1.4811179313230711, "mean_number_swaps": 1.5, "drone_utilization": 0.6666666666666666, "total_number_parcel_handover": 0, "mean_number_parcel_handover": 0.0, "execution_time": 44.532904863357544}