{"completion_time": 38604.29670489731, "mean_schedule_time": 38579.23274826142, "mean_flight_time": 36899.23274826143, "mean_swap_time": 1680.0, "mean_idle_time": -7.275957614183426e-12, "mean_delivery_time": 17314.33682196555, "mean_schedule_distance": 258294.62923782997, "mean_schedule_energy": 20.88942662998513, "mean_number_swaps": 28.0, "drone_utilization": 1.0, "execution_time": 794.370272397995}