{"completion_time": 4726.566732042604, "mean_schedule_time": 597.9767024908153, "mean_flight_time": 580.4767024908153, "mean_swap_time": 17.5, "mean_idle_time": 0.0, "mean_delivery_time": 2870.2881719559136, "mean_schedule_distance": 4063.336917435708, "mean_schedule_energy": 0.3798908826934362, "mean_number_swaps": 0.2916666666666667, "drone_utilization": 0.20833333333333334, "execution_time": 2.121431350708008}