{"completion_time": 5753.334080192179, "mean_delivery_time": 2815.2343038938384, "total_distance": 1091653.9174323755, "consumed_energy": 90.14091674922827, "execution_time": 45.68887805938721}