{"completion_time": 1851.7267707746942, "mean_delivery_time": 1286.73612170191, "total_distance": 74392.89825597082, "consumed_energy": 6.507216691768331, "execution_time": 12.751230239868164}