{"completion_time": 5008.157472327086, "mean_schedule_time": 3763.346710941337, "mean_flight_time": 3639.2778646840247, "mean_swap_time": 112.0, "mean_idle_time": 12.068846257312089, "mean_delivery_time": 3686.627076579718, "mean_schedule_distance": 25474.94505278818, "mean_schedule_energy": 2.0281120487760544, "mean_number_swaps": 1.8666666666666667, "drone_utilization": 0.9333333333333333, "execution_time": 131.83986067771912}