{"completion_time": 6240.536112224208, "mean_schedule_time": 3894.306886450492, "mean_flight_time": 2719.2653067153105, "mean_swap_time": 78.0, "mean_idle_time": 1097.0415797351816, "mean_delivery_time": 4412.859190643291, "mean_schedule_distance": 19034.85714700717, "mean_schedule_energy": 1.5958050332221565, "mean_number_swaps": 1.3, "drone_utilization": 0.9, "execution_time": 22.95547103881836}