{"completion_time": 8563.22116344448, "mean_schedule_time": 6559.490953268214, "mean_flight_time": 5463.862820280663, "mean_swap_time": 217.5, "mean_idle_time": 878.128132987551, "mean_delivery_time": 5503.000993577998, "mean_schedule_distance": 38247.03974196463, "mean_schedule_energy": 3.3081953129828134, "mean_number_swaps": 3.625, "drone_utilization": 1.0, "total_number_parcel_handover": 7, "mean_number_parcel_handover": 0.7, "execution_time": 474.2541825771332}