{"completion_time": 2475.2720894634344, "execution_time": 16.086785316467285}