{"completion_time": 43535.050652052116, "mean_schedule_time": 40725.178014827856, "mean_flight_time": 38895.178014827856, "mean_swap_time": 1830.0, "mean_idle_time": 0.0, "mean_delivery_time": 18815.183676256314, "mean_schedule_distance": 272266.24610379507, "mean_schedule_energy": 22.26272286670362, "mean_number_swaps": 30.5, "drone_utilization": 1.0, "execution_time": 3.7887511253356934}