{"completion_time": 6551.2138185844, "mean_schedule_time": 1176.588194312547, "mean_flight_time": 1138.588194312547, "mean_swap_time": 38.0, "mean_idle_time": 0.0, "mean_delivery_time": 3529.7645829376415, "mean_schedule_distance": 7970.117360187831, "mean_schedule_energy": 0.6882454839600989, "mean_number_swaps": 0.6333333333333333, "drone_utilization": 0.3333333333333333, "execution_time": 11.416105270385742}