{"completion_time": 4847.791338929941, "mean_schedule_time": 2922.508617461532, "mean_flight_time": 2623.3475974921716, "mean_swap_time": 82.0, "mean_idle_time": 217.1610199693605, "mean_delivery_time": 3465.483138178538, "mean_schedule_distance": 18363.4331824452, "mean_schedule_energy": 1.5546102419708163, "mean_number_swaps": 1.3666666666666667, "drone_utilization": 0.8333333333333334, "total_number_parcel_handover": 8, "mean_number_parcel_handover": 0.32, "execution_time": 335.1321601867676}