{"completion_time": 8416.980216746031, "mean_schedule_time": 5706.13260325274, "mean_flight_time": 5349.31588997165, "mean_swap_time": 192.0, "mean_idle_time": 164.81671328109041, "mean_delivery_time": 5245.852143776723, "mean_schedule_distance": 37445.21122980156, "mean_schedule_energy": 3.0041593857839, "mean_number_swaps": 3.2, "drone_utilization": 1.0, "execution_time": 20.664519548416138}