{"completion_time": 3717.9565319771536, "mean_schedule_time": 650.1566684609137, "mean_flight_time": 566.4534689182951, "mean_swap_time": 12.0, "mean_idle_time": 71.70319954261856, "mean_delivery_time": 3408.9115802510805, "mean_schedule_distance": 3965.1742824280664, "mean_schedule_energy": 0.2738263634915661, "mean_number_swaps": 0.2, "drone_utilization": 0.2, "execution_time": 1.2464265823364258}