{"completion_time": 2230.1191703257473, "mean_delivery_time": 1557.9185350424407, "total_distance": 123305.156943565, "consumed_energy": 9.869410607465312, "execution_time": 3.8452107906341553}