{"completion_time": 4280.238340651495, "mean_schedule_time": 907.7511210254645, "mean_flight_time": 880.7511210254645, "mean_swap_time": 27.0, "mean_idle_time": 0.0, "mean_delivery_time": 3025.8370700848814, "mean_schedule_distance": 6165.25784717825, "mean_schedule_energy": 0.4934705303732656, "mean_number_swaps": 0.45, "drone_utilization": 0.3, "execution_time": 4.21281623840332}