{"completion_time": 7094.347630293452, "mean_schedule_time": 5826.136178583783, "mean_flight_time": 5585.696742690551, "mean_swap_time": 210.0, "mean_idle_time": 30.439435893231348, "mean_delivery_time": 4718.490874108664, "mean_schedule_distance": 39099.877198833856, "mean_schedule_energy": 3.0689647757109997, "mean_number_swaps": 3.5, "drone_utilization": 1.0, "execution_time": 1220.3306677341461}