{"completion_time": 2671.6396722453774, "mean_delivery_time": 1856.2645868555232, "total_distance": 120698.52107988662, "consumed_energy": 10.867698464915405, "execution_time": 0.22829413414001465}