{"completion_time": 5103.279344490755, "mean_schedule_time": 2237.830733569404, "mean_flight_time": 2155.3307335694035, "mean_swap_time": 82.5, "mean_idle_time": 4.547473508864641e-13, "mean_delivery_time": 3580.5291737110465, "mean_schedule_distance": 15087.315134985827, "mean_schedule_energy": 1.3584623081144256, "mean_number_swaps": 1.375, "drone_utilization": 0.625, "total_number_parcel_handover": 0, "mean_number_parcel_handover": 0.0, "execution_time": 0.9181790351867676}