{"completion_time": 7244.175254375586, "mean_schedule_time": 4215.812635135664, "mean_flight_time": 4065.8126351356646, "mean_swap_time": 150.0, "mean_idle_time": 0.0, "mean_delivery_time": 4407.249536971285, "mean_schedule_distance": 28460.688445949643, "mean_schedule_energy": 2.374590070084413, "mean_number_swaps": 2.5, "drone_utilization": 0.9, "total_number_parcel_handover": 0, "mean_number_parcel_handover": 0.0, "execution_time": 4.454827547073364}