{"completion_time": 9048.262764986728, "mean_schedule_time": 5461.748594495722, "mean_flight_time": 4516.421778867883, "mean_swap_time": 163.2, "mean_idle_time": 782.1268156278384, "mean_delivery_time": 5281.468889843178, "mean_schedule_distance": 31614.952452075173, "mean_schedule_energy": 2.6146700614868013, "mean_number_swaps": 2.72, "drone_utilization": 1.0, "execution_time": 10283.950396299362}