{"completion_time": 3409.687716849725, "mean_schedule_time": 671.9770803459223, "mean_flight_time": 606.5301635203913, "mean_swap_time": 13.636363636363637, "mean_idle_time": 51.81055318916742, "mean_delivery_time": 2347.2740647996516, "mean_schedule_distance": 4245.711144642739, "mean_schedule_energy": 0.3548532125486133, "mean_number_swaps": 0.22727272727272727, "drone_utilization": 0.3181818181818182, "total_number_parcel_handover": 2, "mean_number_parcel_handover": 0.4, "execution_time": 16.755669832229614}