{"completion_time": 5974.8064312783945, "mean_schedule_time": 2566.6153402466784, "mean_flight_time": 2494.6153402466784, "mean_swap_time": 72.0, "mean_idle_time": 0.0, "mean_delivery_time": 3208.2691753083477, "mean_schedule_distance": 17462.30738172675, "mean_schedule_energy": 1.463461428321015, "mean_number_swaps": 1.2, "drone_utilization": 0.8, "execution_time": 10.363644361495972}