{"completion_time": 15454.534283475277, "mean_schedule_time": 11158.9505897898, "mean_flight_time": 10702.950589789798, "mean_swap_time": 456.0, "mean_idle_time": 1.8189894035458565e-12, "mean_delivery_time": 6712.461187602196, "mean_schedule_distance": 74920.65412852862, "mean_schedule_energy": 6.253836826555448, "mean_number_swaps": 7.6, "drone_utilization": 1.0, "execution_time": 4.297755002975464}