{"completion_time": 2722.6997266212165, "mean_delivery_time": 1951.6425026423326, "total_distance": 477188.7020838551, "consumed_energy": 39.043742555814525, "execution_time": 521.7680659294128}