{"completion_time": 2485.0504616285984, "mean_delivery_time": 1615.9633331815808, "total_distance": 341000.9006265341, "consumed_energy": 29.584054638660906, "execution_time": 109.34460258483887}