{"completion_time": 2436.8373901502273, "mean_delivery_time": 1779.3940750491531, "total_distance": 110268.6461581905, "consumed_energy": 9.542722037196167, "execution_time": 0.387653112411499}