{"completion_time": 7467.567910396114, "mean_schedule_time": 3366.8306708450355, "mean_flight_time": 2769.4656011480865, "mean_swap_time": 93.0, "mean_idle_time": 504.3650696969489, "mean_delivery_time": 3634.8986844539063, "mean_schedule_distance": 19386.259208036605, "mean_schedule_energy": 1.6798417941877901, "mean_number_swaps": 1.55, "drone_utilization": 0.9, "execution_time": 1104.5120465755463}