{"completion_time": 3883.4535415493883, "mean_schedule_time": 423.8941746658595, "mean_flight_time": 407.8941746658595, "mean_swap_time": 16.0, "mean_idle_time": 0.0, "mean_delivery_time": 3179.2063099939464, "mean_schedule_distance": 2855.2592226610163, "mean_schedule_energy": 0.25495339416693924, "mean_number_swaps": 0.26666666666666666, "drone_utilization": 0.13333333333333333, "execution_time": 0.4320688247680664}