{"completion_time": 2940.6107833690403, "mean_delivery_time": 1567.4755107519459, "total_distance": 170638.8468451606, "consumed_energy": 14.04985216092672, "execution_time": 574.3649582862854}