{"completion_time": 5228.490562113875, "mean_schedule_time": 1737.4372679674766, "mean_flight_time": 1680.4372679674766, "mean_swap_time": 57.0, "mean_idle_time": 0.0, "mean_delivery_time": 2895.728779945794, "mean_schedule_distance": 11763.060875772335, "mean_schedule_energy": 1.0669066809019772, "mean_number_swaps": 0.95, "drone_utilization": 0.6, "execution_time": 13.449548482894897}