{"completion_time": 19758.183624777113, "mean_schedule_time": 16047.727616666705, "mean_flight_time": 15375.727616666705, "mean_swap_time": 672.0, "mean_idle_time": 0.0, "mean_delivery_time": 7985.779489678884, "mean_schedule_distance": 107630.09331666694, "mean_schedule_energy": 8.905122313594237, "mean_number_swaps": 11.2, "drone_utilization": 1.0, "execution_time": 10.724064826965332}