{"completion_time": 4629.312319887057, "mean_delivery_time": 2733.8390456038146, "total_distance": 435973.93448899285, "consumed_energy": 36.859788741149146, "execution_time": 401.4696362018585}