{"completion_time": 9226.89833365003, "mean_schedule_time": 5430.737650279647, "mean_flight_time": 5244.737650279648, "mean_swap_time": 186.0, "mean_idle_time": -9.094947017729282e-13, "mean_delivery_time": 4441.696065122936, "mean_schedule_distance": 36713.16355195753, "mean_schedule_energy": 2.892925129981328, "mean_number_swaps": 3.1, "drone_utilization": 1.0, "total_number_parcel_handover": 0, "mean_number_parcel_handover": 0.0, "execution_time": 8.393393754959106}