{"completion_time": 7770.474764912739, "mean_schedule_time": 5312.150317094443, "mean_flight_time": 4830.162901946128, "mean_swap_time": 170.0, "mean_idle_time": 311.98741514831545, "mean_delivery_time": 5001.122309741617, "mean_schedule_distance": 33811.14031362291, "mean_schedule_energy": 2.7789880083327394, "mean_number_swaps": 2.8333333333333335, "drone_utilization": 1.0, "execution_time": 982.6105778217316}