{"completion_time": 5330.3384504273145, "mean_schedule_time": 2391.1290476725017, "mean_flight_time": 2047.8777560642957, "mean_swap_time": 60.0, "mean_idle_time": 283.251291608206, "mean_delivery_time": 3649.686216425349, "mean_schedule_distance": 14335.144292450073, "mean_schedule_energy": 1.155100247376834, "mean_number_swaps": 1.0, "drone_utilization": 0.7, "execution_time": 13.38379979133606}