{"completion_time": 7830.97721244573, "mean_schedule_time": 5001.761937418874, "mean_flight_time": 3756.056353655196, "mean_swap_time": 123.75, "mean_idle_time": 1121.9555837636785, "mean_delivery_time": 5335.212733246799, "mean_schedule_distance": 26292.394475586363, "mean_schedule_energy": 2.044237701631138, "mean_number_swaps": 2.0625, "drone_utilization": 0.9375, "total_number_parcel_handover": 8, "mean_number_parcel_handover": 0.5333333333333333, "execution_time": 500.2814087867737}