{"completion_time": 3512.0092902749348, "mean_delivery_time": 2361.6438434516244, "total_distance": 410313.80031168694, "consumed_energy": 32.23546003862198, "execution_time": 564.0007276535034}