{"completion_time": 6784.0185805498695, "mean_schedule_time": 6085.272506503528, "mean_flight_time": 5861.6257187383835, "mean_swap_time": 204.0, "mean_idle_time": 19.646787765144836, "mean_delivery_time": 4592.037686903249, "mean_schedule_distance": 41031.380031168694, "mean_schedule_energy": 3.223546003862198, "mean_number_swaps": 3.4, "drone_utilization": 1.0, "execution_time": 655.2539618015289}