{"completion_time": 4564.077693427805, "mean_schedule_time": 2659.742541338042, "mean_flight_time": 2599.7425413380415, "mean_swap_time": 60.0, "mean_idle_time": 4.547473508864641e-13, "mean_delivery_time": 3324.6781766725526, "mean_schedule_distance": 18198.19778936629, "mean_schedule_energy": 1.3501596665485365, "mean_number_swaps": 1.0, "drone_utilization": 0.8, "execution_time": 0.540294885635376}