{"completion_time": 12818.118277901493, "mean_schedule_time": 9652.358494510027, "mean_flight_time": 9250.358494510027, "mean_swap_time": 402.0, "mean_idle_time": 0.0, "mean_delivery_time": 6008.851275173152, "mean_schedule_distance": 64752.50946157018, "mean_schedule_energy": 5.361876984627132, "mean_number_swaps": 6.7, "drone_utilization": 1.0, "execution_time": 31.76017689704895}