{"completion_time": 7083.411422083086, "mean_schedule_time": 6869.255062999811, "mean_flight_time": 6520.745696865769, "mean_swap_time": 240.0, "mean_idle_time": 108.50936613404247, "mean_delivery_time": 6045.807911591967, "mean_schedule_distance": 45645.21987806039, "mean_schedule_energy": 3.8248973121965912, "mean_number_swaps": 4.0, "drone_utilization": 1.0, "execution_time": 7.099299192428589}