{"completion_time": 5266.862822233102, "mean_delivery_time": 3132.8465325768407, "total_distance": 729893.4531261376, "consumed_energy": 64.00249017203811, "execution_time": 8928.030215740204}