{"completion_time": 3131.253292777113, "mean_delivery_time": 1587.9745897045468, "total_distance": 294443.0195820912, "consumed_energy": 25.02960982852915, "execution_time": 11.958644151687622}