{"completion_time": 6022.506585554226, "mean_schedule_time": 2884.219234115154, "mean_flight_time": 2804.219234115154, "mean_swap_time": 80.0, "mean_idle_time": 0.0, "mean_delivery_time": 3090.234893694808, "mean_schedule_distance": 19629.53463880608, "mean_schedule_energy": 1.6686406552352766, "mean_number_swaps": 1.3333333333333333, "drone_utilization": 0.9333333333333333, "execution_time": 13.238612651824951}