{"completion_time": 6382.374303649753, "mean_schedule_time": 2089.13787990028, "mean_flight_time": 2018.4235941859947, "mean_swap_time": 70.71428571428571, "mean_idle_time": -4.547473508864641e-13, "mean_delivery_time": 3034.6406850358876, "mean_schedule_distance": 14128.965159301968, "mean_schedule_energy": 1.2510290087791023, "mean_number_swaps": 1.1785714285714286, "drone_utilization": 0.6428571428571429, "execution_time": 36.442223072052}