{"completion_time": 8332.660841304709, "mean_schedule_time": 6618.636787904665, "mean_flight_time": 5709.413638092407, "mean_swap_time": 222.0, "mean_idle_time": 687.2231498122574, "mean_delivery_time": 5483.164191397742, "mean_schedule_distance": 39965.895466646834, "mean_schedule_energy": 3.3303319867384156, "mean_number_swaps": 3.7, "drone_utilization": 1.0, "execution_time": 7519.625088691711}