{"completion_time": 4442.664247313218, "mean_schedule_time": 2254.560239349543, "mean_flight_time": 1977.5727483030723, "mean_swap_time": 37.5, "mean_idle_time": 239.4874910464705, "mean_delivery_time": 2536.6281946231156, "mean_schedule_distance": 13843.00923812151, "mean_schedule_energy": 1.08981888645979, "mean_number_swaps": 0.625, "drone_utilization": 0.875, "execution_time": 5.969334840774536}