{"completion_time": 7467.567910396114, "mean_schedule_time": 1700.5599580688802, "mean_flight_time": 1025.4456207235983, "mean_swap_time": 33.0, "mean_idle_time": 642.1143373452819, "mean_delivery_time": 4142.781843394952, "mean_schedule_distance": 7178.119345065189, "mean_schedule_energy": 0.6394772275921536, "mean_number_swaps": 0.55, "drone_utilization": 0.4, "total_number_parcel_handover": 7, "mean_number_parcel_handover": 1.4, "execution_time": 69.10316038131714}