{"completion_time": 6061.221566738081, "mean_schedule_time": 1904.5528625689292, "mean_flight_time": 1839.7528625689295, "mean_swap_time": 64.8, "mean_idle_time": -2.2737367544323206e-13, "mean_delivery_time": 3400.9872545873736, "mean_schedule_distance": 12878.270037982506, "mean_schedule_energy": 1.090293865161758, "mean_number_swaps": 1.08, "drone_utilization": 0.56, "execution_time": 26.01131820678711}