{"completion_time": 4744.982728582742, "mean_schedule_time": 3520.7373764597864, "mean_flight_time": 3189.1731726227194, "mean_swap_time": 107.5, "mean_idle_time": 224.064203837067, "mean_delivery_time": 3545.6786363753613, "mean_schedule_distance": 22324.21220835904, "mean_schedule_energy": 1.8822006691943198, "mean_number_swaps": 1.7916666666666667, "drone_utilization": 0.9583333333333334, "total_number_parcel_handover": 9, "mean_number_parcel_handover": 0.36, "execution_time": 633.2602031230927}