{"completion_time": 7527.567910396114, "mean_schedule_time": 5057.001330446396, "mean_flight_time": 4612.708473362034, "mean_swap_time": 170.4, "mean_idle_time": 273.89285708436273, "mean_delivery_time": 4288.119865536169, "mean_schedule_distance": 32288.959313534222, "mean_schedule_energy": 2.7444648753363152, "mean_number_swaps": 2.84, "drone_utilization": 1.0, "execution_time": 15309.077459812164}