{"completion_time": 19737.58547681556, "mean_schedule_time": 19521.64291511719, "mean_flight_time": 18457.13794074311, "mean_swap_time": 855.0, "mean_idle_time": 209.50497437408194, "mean_delivery_time": 10261.395001710864, "mean_schedule_distance": 129199.9655852018, "mean_schedule_energy": 11.076811076141036, "mean_number_swaps": 14.25, "drone_utilization": 1.0, "execution_time": 3525.425668478012}