{"completion_time": 16001.196325359262, "mean_schedule_time": 15913.215726953145, "mean_flight_time": 15207.024344837211, "mean_swap_time": 684.0, "mean_idle_time": 22.191382115934175, "mean_delivery_time": 8401.06016373781, "mean_schedule_distance": 106449.17041386047, "mean_schedule_energy": 8.872613338880766, "mean_number_swaps": 11.4, "drone_utilization": 1.0, "execution_time": 1425.546448469162}