{"completion_time": 1750.5657604982782, "mean_schedule_time": 548.965029413416, "mean_flight_time": 548.965029413416, "mean_swap_time": 0.0, "mean_idle_time": 0.0, "mean_delivery_time": 1372.41257353354, "mean_schedule_distance": 3842.755205893912, "mean_schedule_energy": 0.2747388873955486, "mean_number_swaps": 0.0, "drone_utilization": 0.4, "execution_time": 0.20354223251342773}