{"1": [{"x": 4, "y": 12, "a": 1, "tau": 1750.5657604982782}], "2": [], "3": [{"x": 12, "y": 10, "a": 2, "tau": 994.2593865688017}], "4": [], "5": []}