{"completion_time": 10525.003079675125, "mean_schedule_time": 9916.314451386454, "mean_flight_time": 9122.525122665558, "mean_swap_time": 378.0, "mean_idle_time": 415.78932872089536, "mean_delivery_time": 6873.084081252302, "mean_schedule_distance": 63857.67585865887, "mean_schedule_energy": 5.272790512417019, "mean_number_swaps": 6.3, "drone_utilization": 1.0, "total_number_parcel_handover": 5, "mean_number_parcel_handover": 0.25, "execution_time": 753.4994764328003}