{"completion_time": 4508.908225827743, "mean_schedule_time": 2696.383156771044, "mean_flight_time": 2500.9325364239476, "mean_swap_time": 64.0, "mean_idle_time": 131.45062034709645, "mean_delivery_time": 3142.842800843838, "mean_schedule_distance": 17506.527754967636, "mean_schedule_energy": 1.361005172952403, "mean_number_swaps": 1.0666666666666667, "drone_utilization": 0.8666666666666667, "execution_time": 138.4013388156891}