{"completion_time": 2284.4541129138715, "mean_delivery_time": 1611.421400421919, "total_distance": 262597.91632451455, "consumed_energy": 20.415077594286046, "execution_time": 164.26655054092407}