{"completion_time": 3137.2920636168865, "mean_delivery_time": 2173.626522034502, "total_distance": 482883.79604701174, "consumed_energy": 39.221183298883155, "execution_time": 3453.163977622986}