{"completion_time": 2540.442448573382, "mean_delivery_time": 1706.0370287718886, "total_distance": 348682.06269350555, "consumed_energy": 28.968658766390515, "execution_time": 155.49733233451843}