{"completion_time": 8423.332237912015, "mean_schedule_time": 5535.20873244042, "mean_flight_time": 4984.028448536903, "mean_swap_time": 190.0, "mean_idle_time": 361.1802839035172, "mean_delivery_time": 6642.250478928504, "mean_schedule_distance": 34888.199139758326, "mean_schedule_energy": 2.724234983839637, "mean_number_swaps": 3.1666666666666665, "drone_utilization": 0.8333333333333334, "execution_time": 10.409516096115112}