{"completion_time": 5699.525122031663, "mean_schedule_time": 2136.1275672470642, "mean_flight_time": 1654.4691988787897, "mean_swap_time": 40.8, "mean_idle_time": 440.85836836827457, "mean_delivery_time": 3520.939894241933, "mean_schedule_distance": 11581.284392151527, "mean_schedule_energy": 0.9621035223693252, "mean_number_swaps": 0.68, "drone_utilization": 0.64, "execution_time": 779.6075599193573}