{"completion_time": 5425.566649791343, "mean_schedule_time": 4392.196780616906, "mean_flight_time": 3995.040308722849, "mean_swap_time": 140.0, "mean_idle_time": 257.15647189405627, "mean_delivery_time": 4039.9030378533653, "mean_schedule_distance": 27965.28216105996, "mean_schedule_energy": 2.366587941634051, "mean_number_swaps": 2.3333333333333335, "drone_utilization": 1.0, "execution_time": 170.63193345069885}