{"completion_time": 5770.926472517765, "mean_schedule_time": 4276.262699538306, "mean_flight_time": 3356.890246679088, "mean_swap_time": 113.33333333333333, "mean_idle_time": 806.0391195258849, "mean_delivery_time": 4057.9602057948014, "mean_schedule_distance": 23498.231726753605, "mean_schedule_energy": 1.9328949051969302, "mean_number_swaps": 1.8888888888888888, "drone_utilization": 0.9444444444444444, "execution_time": 3537.86470079422}