{"completion_time": 8806.665057232673, "mean_delivery_time": 4696.192275383609, "total_distance": 556157.9507229342, "consumed_energy": 47.729821022469025, "execution_time": 3368.178499698639}