{"completion_time": 1248.059204003744, "execution_time": 0.0015475749969482422}