{"completion_time": 11556.744824345042, "mean_schedule_time": 6650.492432972566, "mean_flight_time": 6390.492432972568, "mean_swap_time": 260.0, "mean_idle_time": -1.8189894035458565e-12, "mean_delivery_time": 4410.844296817485, "mean_schedule_distance": 44733.447030807954, "mean_schedule_energy": 3.7911081215271345, "mean_number_swaps": 4.333333333333333, "drone_utilization": 1.0, "total_number_parcel_handover": 0, "mean_number_parcel_handover": 0.0, "execution_time": 26.597705125808716}