{"completion_time": 9048.262764986728, "mean_schedule_time": 4538.993834477672, "mean_flight_time": 3310.760886324648, "mean_swap_time": 120.0, "mean_idle_time": 1108.2329481530242, "mean_delivery_time": 5115.265672489714, "mean_schedule_distance": 23175.326204272544, "mean_schedule_energy": 1.9996323407855998, "mean_number_swaps": 2.0, "drone_utilization": 0.9166666666666666, "execution_time": 196.5360245704651}