{"completion_time": 5091.398849402147, "mean_schedule_time": 1901.2979806946885, "mean_flight_time": 1841.2979806946885, "mean_swap_time": 60.0, "mean_idle_time": 0.0, "mean_delivery_time": 3168.8299678244807, "mean_schedule_distance": 12889.085864862818, "mean_schedule_energy": 1.1181133228155824, "mean_number_swaps": 1.0, "drone_utilization": 0.6, "execution_time": 2.154879093170166}