{"completion_time": 7759.742958349986, "mean_schedule_time": 7173.615403294519, "mean_flight_time": 6185.284057507121, "mean_swap_time": 225.0, "mean_idle_time": 763.3313457873974, "mean_delivery_time": 6919.938275563456, "mean_schedule_distance": 43296.988402549854, "mean_schedule_energy": 3.5130482236742995, "mean_number_swaps": 3.75, "drone_utilization": 1.0, "execution_time": 236.51174879074097}