{"completion_time": 4891.307939423916, "mean_schedule_time": 2765.2493414226838, "mean_flight_time": 2498.172317524343, "mean_swap_time": 81.6, "mean_idle_time": 185.47702389834103, "mean_delivery_time": 3052.8930183918264, "mean_schedule_distance": 17487.2062226704, "mean_schedule_energy": 1.4791843022272724, "mean_number_swaps": 1.36, "drone_utilization": 0.92, "execution_time": 797.0450768470764}