{"completion_time": 4040.3251576362086, "mean_delivery_time": 2702.4489982105733, "total_distance": 711465.9804826721, "consumed_energy": 61.990184772363946, "execution_time": 1294.488030910492}