{"completion_time": 7745.3427255327715, "mean_schedule_time": 7098.079147725448, "mean_flight_time": 6578.314909128175, "mean_swap_time": 280.0, "mean_idle_time": 239.7642385972731, "mean_delivery_time": 5017.679887490022, "mean_schedule_distance": 46048.20436389718, "mean_schedule_energy": 4.040360893558941, "mean_number_swaps": 4.666666666666667, "drone_utilization": 1.0, "execution_time": 3174.221166610718}