{"completion_time": 4334.572922600078, "mean_schedule_time": 715.2187807437596, "mean_flight_time": 698.8551443801232, "mean_swap_time": 16.363636363636363, "mean_idle_time": 0.0, "mean_delivery_time": 3146.962635272542, "mean_schedule_distance": 4891.986010660862, "mean_schedule_energy": 0.3966848288158746, "mean_number_swaps": 0.2727272727272727, "drone_utilization": 0.22727272727272727, "execution_time": 2.8662898540496826}