{"completion_time": 5799.53721309836, "mean_delivery_time": 2124.395889987505, "total_distance": 665599.505225215, "consumed_energy": 55.02109070507682, "execution_time": 45.36995983123779}