{"completion_time": 4970.337840108965, "mean_schedule_time": 2795.5279364970356, "mean_flight_time": 2490.904425892462, "mean_swap_time": 81.81818181818181, "mean_idle_time": 222.80532878639178, "mean_delivery_time": 3740.1342473719287, "mean_schedule_distance": 17436.33098124723, "mean_schedule_energy": 1.426019071090031, "mean_number_swaps": 1.3636363636363635, "drone_utilization": 0.7272727272727273, "execution_time": 943.788599729538}