{"completion_time": 6093.582888339302, "mean_delivery_time": 2399.519921042469, "total_distance": 678419.4960032363, "consumed_energy": 54.7711818506371, "execution_time": 35.82695126533508}