{"completion_time": 8623.738443331484, "mean_schedule_time": 4159.041291752239, "mean_flight_time": 4010.2412917522406, "mean_swap_time": 148.8, "mean_idle_time": -1.8189894035458565e-12, "mean_delivery_time": 4197.839055880901, "mean_schedule_distance": 28071.689042265676, "mean_schedule_energy": 2.3938222113034375, "mean_number_swaps": 2.48, "drone_utilization": 0.92, "execution_time": 43.1414155960083}