{"completion_time": 12499.09580359616, "mean_schedule_time": 12039.354242844269, "mean_flight_time": 11318.221215762333, "mean_swap_time": 472.5, "mean_idle_time": 248.63302708193623, "mean_delivery_time": 7635.29147728549, "mean_schedule_distance": 79227.54851033632, "mean_schedule_energy": 6.393158931287734, "mean_number_swaps": 7.875, "drone_utilization": 1.0, "execution_time": 988.4836871623993}