{"completion_time": 11435.423978399831, "mean_schedule_time": 4574.661297917742, "mean_flight_time": 4418.66129791774, "mean_swap_time": 156.0, "mean_idle_time": 1.8189894035458565e-12, "mean_delivery_time": 4494.30146595162, "mean_schedule_distance": 30930.62908542423, "mean_schedule_energy": 2.6125054989500587, "mean_number_swaps": 2.6, "drone_utilization": 1.0, "execution_time": 42.79387664794922}