{"completion_time": 8546.802268275256, "mean_schedule_time": 8189.786302501381, "mean_flight_time": 7675.1351403641675, "mean_swap_time": 324.0, "mean_idle_time": 190.65116213721376, "mean_delivery_time": 5253.987428024557, "mean_schedule_distance": 53725.94598254919, "mean_schedule_energy": 4.435857053758762, "mean_number_swaps": 5.4, "drone_utilization": 1.0, "execution_time": 2395.9635121822357}