{"completion_time": 4285.7926576109085, "mean_schedule_time": 1933.9257943659572, "mean_flight_time": 1651.6857748847428, "mean_swap_time": 45.0, "mean_idle_time": 237.2400194812144, "mean_delivery_time": 3309.48223959967, "mean_schedule_distance": 11561.800424193203, "mean_schedule_energy": 0.9527946266600402, "mean_number_swaps": 0.75, "drone_utilization": 0.6, "execution_time": 117.4797842502594}