{"completion_time": 10165.950772800896, "mean_schedule_time": 4310.504529363481, "mean_flight_time": 4151.504529363483, "mean_swap_time": 159.0, "mean_idle_time": -1.8189894035458565e-12, "mean_delivery_time": 4846.53239792792, "mean_schedule_distance": 29060.53170554437, "mean_schedule_energy": 2.415703226215896, "mean_number_swaps": 2.65, "drone_utilization": 0.85, "execution_time": 17.162941932678223}