{"completion_time": 6773.141649407986, "mean_schedule_time": 5010.477636409262, "mean_flight_time": 4677.26890292352, "mean_swap_time": 175.71428571428572, "mean_idle_time": 157.4944477714571, "mean_delivery_time": 4263.6418568436675, "mean_schedule_distance": 32740.882320464654, "mean_schedule_energy": 2.8327241830835783, "mean_number_swaps": 2.9285714285714284, "drone_utilization": 1.0, "execution_time": 180.3053171634674}