{"1": [], "2": [], "3": [], "4": [], "5": [{"x": 8, "y": 9, "a": 1, "tau": 546.231796909798}], "6": [], "7": [], "8": [], "9": [], "10": [], "11": [], "12": [], "13": [], "14": [{"x": 5, "y": 2, "a": 2, "tau": 499.2238919156554}], "15": [], "16": [], "17": [], "18": [], "19": [], "20": [], "21": [], "22": [], "23": [], "24": [{"x": 4, "y": 2, "a": 0, "tau": 418.89381293524}, {"x": 2, "y": 2, "a": -1, "tau": 478.89381293524}, {"x": 2, "y": 1, "a": 2, "tau": 1074.4488470896986}], "25": []}