{"completion_time": 9316.16061705998, "mean_schedule_time": 8017.426079599088, "mean_flight_time": 7413.32314282852, "mean_swap_time": 282.0, "mean_idle_time": 322.1029367705678, "mean_delivery_time": 5186.203228488862, "mean_schedule_distance": 51893.261999799644, "mean_schedule_energy": 4.267309531431826, "mean_number_swaps": 4.7, "drone_utilization": 1.0, "execution_time": 187.28515934944153}