{"completion_time": 7467.567910396114, "mean_schedule_time": 3336.543226920346, "mean_flight_time": 2492.935979944633, "mean_swap_time": 72.85714285714286, "mean_idle_time": 770.7501041185706, "mean_delivery_time": 4161.551251512643, "mean_schedule_distance": 17450.55185961244, "mean_schedule_energy": 1.4638075223663243, "mean_number_swaps": 1.2142857142857142, "drone_utilization": 0.8571428571428571, "execution_time": 163.35630774497986}