{"completion_time": 3331.14354906046, "mean_schedule_time": 1377.6259695191914, "mean_flight_time": 1266.1850098731622, "mean_swap_time": 31.2, "mean_idle_time": 80.24095964602907, "mean_delivery_time": 2712.823655656698, "mean_schedule_distance": 8863.295069112137, "mean_schedule_energy": 0.7016234900715737, "mean_number_swaps": 0.52, "drone_utilization": 0.56, "execution_time": 41.153371810913086}