{"completion_time": 7162.68856633494, "mean_schedule_time": 2954.3744705141244, "mean_flight_time": 2410.883221739734, "mean_swap_time": 78.46153846153847, "mean_idle_time": 465.0297103128519, "mean_delivery_time": 4176.937222172366, "mean_schedule_distance": 16876.182552178136, "mean_schedule_energy": 1.3972987828444365, "mean_number_swaps": 1.3076923076923077, "drone_utilization": 0.6923076923076923, "total_number_parcel_handover": 4, "mean_number_parcel_handover": 0.26666666666666666, "execution_time": 587.7144913673401}