{"completion_time": 2366.6729512348475, "mean_delivery_time": 1562.4146976494435, "total_distance": 235928.40379038829, "consumed_energy": 19.60111302638921, "execution_time": 101.45618224143982}