{"completion_time": 22014.960212449827, "mean_schedule_time": 21922.265762594245, "mean_flight_time": 20899.96374053523, "mean_swap_time": 990.0, "mean_idle_time": 32.302022059015144, "mean_delivery_time": 10815.014703158049, "mean_schedule_distance": 146299.74618374655, "mean_schedule_energy": 11.83141944472833, "mean_number_swaps": 16.5, "drone_utilization": 1.0, "total_number_parcel_handover": 5, "mean_number_parcel_handover": 0.2, "execution_time": 830.2764854431152}