{"completion_time": 3567.139219316344, "mean_schedule_time": 1372.7418357724812, "mean_flight_time": 1174.490984956899, "mean_swap_time": 24.0, "mean_idle_time": 174.25085081558223, "mean_delivery_time": 2887.8737657307383, "mean_schedule_distance": 8221.43689469829, "mean_schedule_energy": 0.6539030031703874, "mean_number_swaps": 0.4, "drone_utilization": 0.5, "execution_time": 133.64157032966614}