{"completion_time": 1783.569609658172, "mean_delivery_time": 1461.9368828653692, "total_distance": 158904.65874814484, "consumed_energy": 12.74661531465849, "execution_time": 81.63194513320923}