{"completion_time": 8602.676173125019, "mean_schedule_time": 7830.555500117499, "mean_flight_time": 6613.279412396442, "mean_swap_time": 260.0, "mean_idle_time": 957.2760877210567, "mean_delivery_time": 5792.728498855938, "mean_schedule_distance": 46292.95588677513, "mean_schedule_energy": 3.727217321626425, "mean_number_swaps": 4.333333333333333, "drone_utilization": 1.0, "total_number_parcel_handover": 18, "mean_number_parcel_handover": 0.9, "execution_time": 2680.734618663788}