{"completion_time": 7679.513833161006, "mean_schedule_time": 4893.409178587687, "mean_flight_time": 3994.7899900232396, "mean_swap_time": 141.0, "mean_idle_time": 757.6191885644475, "mean_delivery_time": 4660.736713179919, "mean_schedule_distance": 27963.52993016267, "mean_schedule_energy": 2.3795272574615955, "mean_number_swaps": 2.35, "drone_utilization": 0.95, "execution_time": 1411.1891796588898}