{"completion_time": 18561.986789685234, "mean_schedule_time": 18322.98685988754, "mean_flight_time": 17518.52958950471, "mean_swap_time": 756.0, "mean_idle_time": 48.45727038283076, "mean_delivery_time": 9627.922647020818, "mean_schedule_distance": 122629.70712653287, "mean_schedule_energy": 9.95997664383452, "mean_number_swaps": 12.6, "drone_utilization": 1.0, "execution_time": 990.4697940349579}