{"completion_time": 2505.3178664196425, "mean_delivery_time": 1785.857930027314, "total_distance": 486517.16016395105, "consumed_energy": 39.518480889106606, "execution_time": 671.3518772125244}