{"completion_time": 4890.635732839285, "mean_schedule_time": 3300.8648851860485, "mean_flight_time": 2995.4090252786295, "mean_swap_time": 87.27272727272727, "mean_idle_time": 218.18313263469145, "mean_delivery_time": 3402.3095099593775, "mean_schedule_distance": 20967.863176950403, "mean_schedule_energy": 1.722047044662438, "mean_number_swaps": 1.4545454545454546, "drone_utilization": 0.9545454545454546, "total_number_parcel_handover": 11, "mean_number_parcel_handover": 0.55, "execution_time": 1381.4235498905182}