{"completion_time": 15936.71018150935, "mean_schedule_time": 12719.910257152278, "mean_flight_time": 12179.910257152285, "mean_swap_time": 540.0, "mean_idle_time": -7.275957614183426e-12, "mean_delivery_time": 7113.594533980161, "mean_schedule_distance": 85259.37180006594, "mean_schedule_energy": 7.147157153062101, "mean_number_swaps": 9.0, "drone_utilization": 1.0, "execution_time": 27.19977378845215}