{"completion_time": 6860.395117532032, "mean_schedule_time": 2561.3690227875695, "mean_flight_time": 1941.2078893951698, "mean_swap_time": 60.0, "mean_idle_time": 560.1611333923997, "mean_delivery_time": 4243.963795972006, "mean_schedule_distance": 13588.455225766189, "mean_schedule_energy": 1.215214352739998, "mean_number_swaps": 1.0, "drone_utilization": 0.6, "total_number_parcel_handover": 6, "mean_number_parcel_handover": 0.6, "execution_time": 299.75152230262756}