{"completion_time": 7032.42651159225, "mean_schedule_time": 3352.729024211364, "mean_flight_time": 3244.7290242113636, "mean_swap_time": 108.0, "mean_idle_time": 4.547473508864641e-13, "mean_delivery_time": 3419.8853035733873, "mean_schedule_distance": 22713.103169479557, "mean_schedule_energy": 1.799929272915897, "mean_number_swaps": 1.8, "drone_utilization": 0.9333333333333333, "execution_time": 13.851366519927979}