{"completion_time": 5152.608660385484, "mean_schedule_time": 3124.81255968816, "mean_flight_time": 2633.8905007108033, "mean_swap_time": 79.0909090909091, "mean_idle_time": 411.83114988644775, "mean_delivery_time": 3356.234500593973, "mean_schedule_distance": 18437.23350497562, "mean_schedule_energy": 1.5849233144259882, "mean_number_swaps": 1.3181818181818181, "drone_utilization": 0.8636363636363636, "total_number_parcel_handover": 6, "mean_number_parcel_handover": 0.3, "execution_time": 305.2622923851013}