{"completion_time": 5862.96533149276, "mean_delivery_time": 2440.7203175389022, "total_distance": 638182.9305832327, "consumed_energy": 53.527619036976745, "execution_time": 38.64708995819092}