{"completion_time": 4611.533926022815, "mean_schedule_time": 2270.560441053621, "mean_flight_time": 2109.865215557593, "mean_swap_time": 69.0, "mean_idle_time": 91.69522549602834, "mean_delivery_time": 3375.6414912375603, "mean_schedule_distance": 14769.056508903153, "mean_schedule_energy": 1.2396287518398559, "mean_number_swaps": 1.15, "drone_utilization": 0.75, "execution_time": 209.35541105270386}