{"completion_time": 6763.481619191787, "mean_schedule_time": 5864.372093000863, "mean_flight_time": 5237.1690915245945, "mean_swap_time": 222.0, "mean_idle_time": 405.2030014762686, "mean_delivery_time": 4406.702035975449, "mean_schedule_distance": 36660.18364067218, "mean_schedule_energy": 3.2593643885295016, "mean_number_swaps": 3.7, "drone_utilization": 1.0, "execution_time": 86.63368368148804}