{"completion_time": 20626.890319403243, "mean_schedule_time": 20191.449608734903, "mean_flight_time": 19255.449608734914, "mean_swap_time": 936.0, "mean_idle_time": -1.0913936421275139e-11, "mean_delivery_time": 9508.347030889703, "mean_schedule_distance": 134788.14726114436, "mean_schedule_energy": 11.769073303400965, "mean_number_swaps": 15.6, "drone_utilization": 1.0, "execution_time": 592.4242317676544}