{"completion_time": 5377.7091723125695, "mean_schedule_time": 3205.7343597016634, "mean_flight_time": 3103.734359701663, "mean_swap_time": 102.0, "mean_idle_time": 4.547473508864641e-13, "mean_delivery_time": 2925.0792972812214, "mean_schedule_distance": 21726.140517911645, "mean_schedule_energy": 1.8692725808568842, "mean_number_swaps": 1.7, "drone_utilization": 1.0, "execution_time": 17.776499271392822}