{"completion_time": 7592.284957442287, "mean_schedule_time": 3682.4888600001173, "mean_flight_time": 3177.8081192500135, "mean_swap_time": 106.36363636363636, "mean_idle_time": 398.31710438646724, "mean_delivery_time": 4529.719033181037, "mean_schedule_distance": 22244.656834750083, "mean_schedule_energy": 1.8588774898658877, "mean_number_swaps": 1.7727272727272727, "drone_utilization": 0.8181818181818182, "total_number_parcel_handover": 7, "mean_number_parcel_handover": 0.4666666666666667, "execution_time": 2280.6942524909973}