{"completion_time": 3131.193628357591, "mean_delivery_time": 1541.233615865881, "total_distance": 305179.05933183496, "consumed_energy": 26.392613050884027, "execution_time": 15.70131540298462}