{"completion_time": 6082.387256715182, "mean_schedule_time": 2245.8504237988213, "mean_flight_time": 2179.8504237988213, "mean_swap_time": 66.0, "mean_idle_time": 0.0, "mean_delivery_time": 2994.467231731762, "mean_schedule_distance": 15258.952966591747, "mean_schedule_energy": 1.3196306525442014, "mean_number_swaps": 1.1, "drone_utilization": 0.75, "execution_time": 19.102723836898804}