{"completion_time": 7467.567910396114, "mean_schedule_time": 2245.386292645641, "mean_flight_time": 1729.5586437965949, "mean_swap_time": 55.2, "mean_idle_time": 460.62764884904595, "mean_delivery_time": 3492.0417749396825, "mean_schedule_distance": 12106.910506576161, "mean_schedule_energy": 1.0361906048231595, "mean_number_swaps": 0.92, "drone_utilization": 0.6, "execution_time": 1121.4286570549011}