{"completion_time": 3763.783955198057, "mean_delivery_time": 1788.5208874698412, "total_distance": 314252.24354814884, "consumed_energy": 26.599533973603677, "execution_time": 880.37526679039}