{"completion_time": 4298.5186256302595, "mean_schedule_time": 1745.8679294713431, "mean_flight_time": 1564.7912199789137, "mean_swap_time": 43.2, "mean_idle_time": 137.87670949242943, "mean_delivery_time": 2875.6494555729273, "mean_schedule_distance": 10953.538539852396, "mean_schedule_energy": 0.8972573987228654, "mean_number_swaps": 0.72, "drone_utilization": 0.6, "execution_time": 68.65661644935608}