{"completion_time": 9065.64420662852, "mean_schedule_time": 4113.901637290502, "mean_flight_time": 3339.060113785557, "mean_swap_time": 112.8, "mean_idle_time": 662.0415235049445, "mean_delivery_time": 4585.498925091168, "mean_schedule_distance": 23373.4207964989, "mean_schedule_energy": 2.0026631475067282, "mean_number_swaps": 1.88, "drone_utilization": 0.88, "execution_time": 6258.043561697006}