{"completion_time": 5145.584428208684, "mean_schedule_time": 2357.172861490668, "mean_flight_time": 2002.4214597167934, "mean_swap_time": 66.92307692307692, "mean_idle_time": 287.82832485079734, "mean_delivery_time": 3821.2878118378762, "mean_schedule_distance": 14016.95021801756, "mean_schedule_energy": 1.2112225831512062, "mean_number_swaps": 1.1153846153846154, "drone_utilization": 0.6153846153846154, "total_number_parcel_handover": 3, "mean_number_parcel_handover": 0.2, "execution_time": 336.84147810935974}