{"completion_time": 12945.284097838292, "mean_schedule_time": 12647.713000420152, "mean_flight_time": 12013.732235880476, "mean_swap_time": 564.0, "mean_idle_time": 69.98076453967587, "mean_delivery_time": 6865.467074702718, "mean_schedule_distance": 84096.12565116331, "mean_schedule_energy": 7.08118874058127, "mean_number_swaps": 9.4, "drone_utilization": 1.0, "execution_time": 477.03842639923096}