{"completion_time": 4885.300717986126, "mean_schedule_time": 1724.7764086379475, "mean_flight_time": 1681.4430753046147, "mean_swap_time": 43.333333333333336, "mean_idle_time": -4.547473508864641e-13, "mean_delivery_time": 3104.5975355483056, "mean_schedule_distance": 11770.1015271323, "mean_schedule_energy": 0.9156871308747851, "mean_number_swaps": 0.7222222222222222, "drone_utilization": 0.5555555555555556, "execution_time": 7.919490337371826}