{"completion_time": 5338.899959633207, "mean_schedule_time": 3355.605670177105, "mean_flight_time": 2925.4924122088564, "mean_swap_time": 102.5, "mean_idle_time": 327.6132579682485, "mean_delivery_time": 3933.804098545067, "mean_schedule_distance": 20478.44688546199, "mean_schedule_energy": 1.72210167575641, "mean_number_swaps": 1.7083333333333333, "drone_utilization": 0.8333333333333334, "total_number_parcel_handover": 8, "mean_number_parcel_handover": 0.4, "execution_time": 1482.1493380069733}