{"completion_time": 2699.4499798166034, "mean_delivery_time": 1964.711052378325, "total_distance": 482321.94712759735, "consumed_energy": 40.78079353074441, "execution_time": 723.8159837722778}