{"completion_time": 6695.790137752425, "mean_schedule_time": 5370.22848641312, "mean_flight_time": 4927.517161480949, "mean_swap_time": 201.0, "mean_idle_time": 241.711324932171, "mean_delivery_time": 4308.789823273499, "mean_schedule_distance": 34492.62013036666, "mean_schedule_energy": 2.958385980653319, "mean_number_swaps": 3.35, "drone_utilization": 1.0, "execution_time": 561.5460433959961}