{"completion_time": 3533.897584549568, "mean_schedule_time": 549.6075960785524, "mean_flight_time": 431.73456549761045, "mean_swap_time": 9.23076923076923, "mean_idle_time": 108.64226135017276, "mean_delivery_time": 2132.3848861493984, "mean_schedule_distance": 3022.141958483274, "mean_schedule_energy": 0.27481336013125224, "mean_number_swaps": 0.15384615384615385, "drone_utilization": 0.2692307692307692, "execution_time": 21.924420833587646}