{"completion_time": 7059.27848132088, "mean_delivery_time": 4155.297488969124, "total_distance": 169254.1588917255, "consumed_energy": 14.576852500359337, "execution_time": 0.2698678970336914}