{"completion_time": 1027.5010441138745, "execution_time": 7200.17747592926}