{"completion_time": 10898.688512935558, "mean_schedule_time": 6025.64589593429, "mean_flight_time": 5785.645895934289, "mean_swap_time": 240.0, "mean_idle_time": 9.094947017729282e-13, "mean_delivery_time": 4668.311384396005, "mean_schedule_distance": 40499.52127154003, "mean_schedule_energy": 3.3244972382495575, "mean_number_swaps": 4.0, "drone_utilization": 1.0, "total_number_parcel_handover": 0, "mean_number_parcel_handover": 0.0, "execution_time": 3.1662495136260986}