{"completion_time": 5538.405326419774, "mean_schedule_time": 4565.669578232768, "mean_flight_time": 4291.368408321779, "mean_swap_time": 162.0, "mean_idle_time": 112.3011699109893, "mean_delivery_time": 4046.1313285412903, "mean_schedule_distance": 30039.578858252462, "mean_schedule_energy": 2.602894908643669, "mean_number_swaps": 2.7, "drone_utilization": 1.0, "execution_time": 756.0578136444092}