{"completion_time": 5202.384218813515, "mean_schedule_time": 2912.729101549292, "mean_flight_time": 2726.4460082877586, "mean_swap_time": 88.8, "mean_idle_time": 97.48309326153321, "mean_delivery_time": 3522.6453458855067, "mean_schedule_distance": 19085.122058014305, "mean_schedule_energy": 1.5583394683688032, "mean_number_swaps": 1.48, "drone_utilization": 0.84, "execution_time": 404.6517255306244}