{"completion_time": 8486.992842688278, "mean_schedule_time": 4549.96927141539, "mean_flight_time": 4379.96927141539, "mean_swap_time": 170.0, "mean_idle_time": 0.0, "mean_delivery_time": 3868.9522060947766, "mean_schedule_distance": 30659.78489990773, "mean_schedule_energy": 2.621574766534643, "mean_number_swaps": 2.8333333333333335, "drone_utilization": 1.0, "total_number_parcel_handover": 0, "mean_number_parcel_handover": 0.0, "execution_time": 11.842166900634766}