{"completion_time": 3883.783955198057, "mean_delivery_time": 2491.4750133879784, "total_distance": 497465.1389792838, "consumed_energy": 42.89174932703735, "execution_time": 207.65885281562805}