{"completion_time": 5129.788501149214, "mean_schedule_time": 1074.8809931272785, "mean_flight_time": 1044.8809931272783, "mean_swap_time": 30.0, "mean_idle_time": 2.2737367544323206e-13, "mean_delivery_time": 3009.66678075638, "mean_schedule_distance": 7314.1669518909475, "mean_schedule_energy": 0.6662214376219555, "mean_number_swaps": 0.5, "drone_utilization": 0.35714285714285715, "total_number_parcel_handover": 0, "mean_number_parcel_handover": 0.0, "execution_time": 11.692704200744629}