{"completion_time": 17175.79296292213, "mean_schedule_time": 16600.356301870037, "mean_flight_time": 15669.26473778135, "mean_swap_time": 660.0, "mean_idle_time": 271.09156408868694, "mean_delivery_time": 9761.11535655834, "mean_schedule_distance": 109684.85316446947, "mean_schedule_energy": 9.01672253818121, "mean_number_swaps": 11.0, "drone_utilization": 1.0, "execution_time": 196.11164832115173}