{"completion_time": 9924.678859843967, "mean_schedule_time": 9583.717755321977, "mean_flight_time": 9015.086566511029, "mean_swap_time": 348.0, "mean_idle_time": 220.63118881094852, "mean_delivery_time": 6912.30602907052, "mean_schedule_distance": 63105.6059655772, "mean_schedule_energy": 4.926643022740468, "mean_number_swaps": 5.8, "drone_utilization": 1.0, "execution_time": 45.0836980342865}