{"completion_time": 4847.791338929941, "mean_schedule_time": 1640.9614746484624, "mean_flight_time": 1451.8765276088088, "mean_swap_time": 38.57142857142857, "mean_idle_time": 150.5135184682249, "mean_delivery_time": 2940.507359847541, "mean_schedule_distance": 10163.13569326166, "mean_schedule_energy": 0.9303674446324252, "mean_number_swaps": 0.6428571428571429, "drone_utilization": 0.5714285714285714, "execution_time": 242.16005563735962}