{"completion_time": 12842.546063580043, "mean_delivery_time": 6367.463243699973, "total_distance": 636945.6655555773, "consumed_energy": 50.69469490156759, "execution_time": 214.8891739845276}