{"completion_time": 9533.238454082624, "mean_schedule_time": 9006.25531428523, "mean_flight_time": 8555.56408933052, "mean_swap_time": 348.0, "mean_idle_time": 102.69122495470947, "mean_delivery_time": 5579.587559404259, "mean_schedule_distance": 59888.94862531364, "mean_schedule_energy": 4.85220558852343, "mean_number_swaps": 5.8, "drone_utilization": 1.0, "execution_time": 275.5253691673279}