{"completion_time": 6822.619414593257, "mean_schedule_time": 2394.339894045097, "mean_flight_time": 2313.339894045096, "mean_swap_time": 81.0, "mean_idle_time": 9.094947017729282e-13, "mean_delivery_time": 3990.5664900751617, "mean_schedule_distance": 16193.37925831568, "mean_schedule_energy": 1.360646131437343, "mean_number_swaps": 1.35, "drone_utilization": 0.6, "execution_time": 10.170480489730835}