{"completion_time": 5655.235259517608, "mean_schedule_time": 3424.4520112184796, "mean_flight_time": 3144.234588058604, "mean_swap_time": 95.0, "mean_idle_time": 185.21742315987558, "mean_delivery_time": 3614.028762205605, "mean_schedule_distance": 22009.642116410232, "mean_schedule_energy": 1.787698145241898, "mean_number_swaps": 1.5833333333333333, "drone_utilization": 0.9166666666666666, "total_number_parcel_handover": 6, "mean_number_parcel_handover": 0.3, "execution_time": 694.0488379001617}