{"completion_time": 7355.131853011731, "mean_schedule_time": 5557.7849828000835, "mean_flight_time": 5002.297498478184, "mean_swap_time": 180.0, "mean_idle_time": 375.4874843218995, "mean_delivery_time": 4842.780407080424, "mean_schedule_distance": 35016.082489347296, "mean_schedule_energy": 2.824274549444541, "mean_number_swaps": 3.0, "drone_utilization": 0.9166666666666666, "total_number_parcel_handover": 6, "mean_number_parcel_handover": 0.4, "execution_time": 95.03868389129639}