{"completion_time": 8457.499633417547, "mean_schedule_time": 8324.020380363185, "mean_flight_time": 7980.563777122154, "mean_swap_time": 324.0, "mean_idle_time": 19.45660324103119, "mean_delivery_time": 5714.110506381623, "mean_schedule_distance": 55863.94643985507, "mean_schedule_energy": 4.496709624173858, "mean_number_swaps": 5.4, "drone_utilization": 1.0, "execution_time": 89.51879930496216}