{"completion_time": 5422.266564016443, "mean_schedule_time": 1394.1920448680046, "mean_flight_time": 1349.1920448680046, "mean_swap_time": 45.0, "mean_idle_time": 0.0, "mean_delivery_time": 3485.4801121700116, "mean_schedule_distance": 9444.344314076034, "mean_schedule_energy": 0.7575969711807515, "mean_number_swaps": 0.75, "drone_utilization": 0.4, "execution_time": 5.677650690078735}