{"completion_time": 25121.519584811944, "mean_schedule_time": 22482.76535760895, "mean_flight_time": 21492.76535760895, "mean_swap_time": 990.0, "mean_idle_time": 0.0, "mean_delivery_time": 11535.200938870792, "mean_schedule_distance": 150449.35750326267, "mean_schedule_energy": 12.109799828145242, "mean_number_swaps": 16.5, "drone_utilization": 1.0, "execution_time": 1.0815083980560303}