{"completion_time": 7100.395117532032, "mean_schedule_time": 2554.253502046026, "mean_flight_time": 2464.253502046026, "mean_swap_time": 90.0, "mean_idle_time": 0.0, "mean_delivery_time": 4257.08917007671, "mean_schedule_distance": 17249.77451432218, "mean_schedule_energy": 1.5379714769694168, "mean_number_swaps": 1.5, "drone_utilization": 0.6, "execution_time": 1.82633638381958}