{"completion_time": 10466.567875540812, "mean_schedule_time": 3187.3728912587353, "mean_flight_time": 3076.972891258736, "mean_swap_time": 110.4, "mean_idle_time": -9.094947017729282e-13, "mean_delivery_time": 3300.509370195968, "mean_schedule_distance": 21538.81023881115, "mean_schedule_energy": 1.798587909597357, "mean_number_swaps": 1.84, "drone_utilization": 0.84, "execution_time": 52.998729944229126}