{"completion_time": 7402.193840879126, "mean_schedule_time": 3613.6227701135745, "mean_flight_time": 2303.2615684117427, "mean_swap_time": 60.0, "mean_idle_time": 1250.3612017018318, "mean_delivery_time": 4428.911124467656, "mean_schedule_distance": 16122.830978882199, "mean_schedule_energy": 1.4180715756685836, "mean_number_swaps": 1.0, "drone_utilization": 0.8, "execution_time": 60.63077473640442}