{"completion_time": 7857.022011179077, "mean_schedule_time": 6056.8453666470405, "mean_flight_time": 5395.449251548637, "mean_swap_time": 210.0, "mean_idle_time": 451.39611509840324, "mean_delivery_time": 5367.5050895170125, "mean_schedule_distance": 37768.14476084044, "mean_schedule_energy": 3.0959206827175345, "mean_number_swaps": 3.5, "drone_utilization": 0.95, "execution_time": 835.6810765266418}