{"completion_time": 3691.1133033458054, "mean_delivery_time": 2774.630637856424, "total_distance": 447201.9544241007, "consumed_energy": 37.0697764580896, "execution_time": 1534.8884375095367}