{"completion_time": 4063.783955198057, "mean_delivery_time": 1709.9148122395704, "total_distance": 222588.07371353995, "consumed_energy": 21.17948053234883, "execution_time": 11.441653966903687}