{"completion_time": 2416.387998668683, "execution_time": 3.271897554397583}