{"completion_time": 14537.193938953447, "mean_schedule_time": 12840.52745735943, "mean_flight_time": 12300.527457359427, "mean_swap_time": 540.0, "mean_idle_time": 3.637978807091713e-12, "mean_delivery_time": 7713.17010978279, "mean_schedule_distance": 86103.692201516, "mean_schedule_energy": 7.154477635351332, "mean_number_swaps": 9.0, "drone_utilization": 1.0, "execution_time": 3.4850902557373047}