{"completion_time": 17859.061923190176, "mean_schedule_time": 17513.05308198289, "mean_flight_time": 16763.053081982885, "mean_swap_time": 750.0, "mean_idle_time": 3.637978807091713e-12, "mean_delivery_time": 8428.353244835069, "mean_schedule_distance": 117341.37157388018, "mean_schedule_energy": 9.811874895802491, "mean_number_swaps": 12.5, "drone_utilization": 1.0, "total_number_parcel_handover": 2, "mean_number_parcel_handover": 0.1, "execution_time": 333.56993103027344}