{"completion_time": 1785.78065480103, "mean_delivery_time": 1688.741206830744, "total_distance": 146439.21477297813, "consumed_energy": 12.298707903744825, "execution_time": 22.43220615386963}