{"completion_time": 8785.148589894163, "mean_schedule_time": 4142.969036090743, "mean_flight_time": 4006.9690360907434, "mean_swap_time": 136.0, "mean_idle_time": 0.0, "mean_delivery_time": 3573.3990702077112, "mean_schedule_distance": 28048.7832526352, "mean_schedule_energy": 2.3004572224814854, "mean_number_swaps": 2.2666666666666666, "drone_utilization": 1.0, "execution_time": 24.718339681625366}