{"completion_time": 9264.56729095812, "mean_schedule_time": 2691.1294153071435, "mean_flight_time": 2601.129415307143, "mean_swap_time": 90.0, "mean_idle_time": 4.547473508864641e-13, "mean_delivery_time": 3307.274812576799, "mean_schedule_distance": 18207.905907149998, "mean_schedule_energy": 1.494916551756461, "mean_number_swaps": 1.5, "drone_utilization": 0.75, "execution_time": 34.75244212150574}