{"completion_time": 1977.902365088491, "mean_delivery_time": 1755.1731856192546, "total_distance": 53329.36257843249, "consumed_energy": 3.9461748556891347, "execution_time": 0.5214531421661377}