{"completion_time": 8598.873807513679, "mean_delivery_time": 4433.976141880226, "total_distance": 649182.710697449, "consumed_energy": 56.28094535903544, "execution_time": 1077.13991689682}