{"completion_time": 3180.6107833690403, "mean_delivery_time": 1594.8513286611965, "total_distance": 208999.18601256754, "consumed_energy": 17.407449747091075, "execution_time": 12.674304485321045}