{"completion_time": 6061.221566738081, "mean_schedule_time": 1235.0810629289572, "mean_flight_time": 1194.281062928957, "mean_swap_time": 40.8, "mean_idle_time": 2.2737367544323206e-13, "mean_delivery_time": 3087.702657322393, "mean_schedule_distance": 8359.967440502702, "mean_schedule_energy": 0.696297989883643, "mean_number_swaps": 0.68, "drone_utilization": 0.4, "execution_time": 14.524530172348022}