{"completion_time": 7018.981283226798, "mean_schedule_time": 2975.9068727016183, "mean_flight_time": 2867.906872701618, "mean_swap_time": 108.0, "mean_idle_time": 4.547473508864641e-13, "mean_delivery_time": 3242.7027505957763, "mean_schedule_distance": 20075.348108911323, "mean_schedule_energy": 1.8986501573511352, "mean_number_swaps": 1.8, "drone_utilization": 0.8666666666666667, "execution_time": 12.998543739318848}