{"completion_time": 21502.5283995519, "mean_schedule_time": 18153.41808850516, "mean_flight_time": 17409.418088505157, "mean_swap_time": 744.0, "mean_idle_time": 3.637978807091713e-12, "mean_delivery_time": 9676.579544332953, "mean_schedule_distance": 121865.92661953616, "mean_schedule_energy": 9.814207919330732, "mean_number_swaps": 12.4, "drone_utilization": 1.0, "execution_time": 7.039454698562622}