{"completion_time": 4638.386348105523, "mean_delivery_time": 2814.288001321943, "total_distance": 516999.105533389, "consumed_energy": 44.35790940503707, "execution_time": 724.5063199996948}