{"completion_time": 9828.548357480347, "mean_schedule_time": 2293.5180045832817, "mean_flight_time": 2222.608913674191, "mean_swap_time": 70.9090909090909, "mean_idle_time": -4.547473508864641e-13, "mean_delivery_time": 3363.8264067221467, "mean_schedule_distance": 15558.26239571934, "mean_schedule_energy": 1.291219448429261, "mean_number_swaps": 1.1818181818181819, "drone_utilization": 0.6818181818181818, "total_number_parcel_handover": 0, "mean_number_parcel_handover": 0.0, "execution_time": 20.801735162734985}