{"completion_time": 3155.4632362588827, "mean_delivery_time": 1737.0149210566653, "total_distance": 333262.81289457536, "consumed_energy": 29.09033742383348, "execution_time": 24.017961978912354}