{"completion_time": 11352.092343495206, "mean_delivery_time": 5483.230693541122, "total_distance": 714741.3608031181, "consumed_energy": 61.840772617358105, "execution_time": 1113.1901862621307}