{"completion_time": 5835.512918406021, "mean_schedule_time": 4859.0874387329295, "mean_flight_time": 4481.618500464059, "mean_swap_time": 165.0, "mean_idle_time": 212.46893826887026, "mean_delivery_time": 3894.248267855682, "mean_schedule_distance": 31371.329503248387, "mean_schedule_energy": 2.62611939524332, "mean_number_swaps": 2.75, "drone_utilization": 1.0, "execution_time": 1645.1738817691803}