{"completion_time": 9485.644206628518, "mean_schedule_time": 3129.983620713645, "mean_flight_time": 3019.583620713644, "mean_swap_time": 110.4, "mean_idle_time": 9.094947017729282e-13, "mean_delivery_time": 4347.199473213395, "mean_schedule_distance": 21137.085344995507, "mean_schedule_energy": 1.8551769299734462, "mean_number_swaps": 1.84, "drone_utilization": 0.72, "execution_time": 26.078144788742065}