{"completion_time": 4981.781136247799, "mean_schedule_time": 2294.3302409182406, "mean_flight_time": 1797.5480158336838, "mean_swap_time": 49.09090909090909, "mean_idle_time": 447.6913159936478, "mean_delivery_time": 3694.647006472374, "mean_schedule_distance": 12582.836110835784, "mean_schedule_energy": 1.1079213449590002, "mean_number_swaps": 0.8181818181818182, "drone_utilization": 0.6363636363636364, "total_number_parcel_handover": 11, "mean_number_parcel_handover": 1.1, "execution_time": 350.9955861568451}