{"completion_time": 7645.765865484961, "mean_schedule_time": 4305.216799608994, "mean_flight_time": 4149.216799608994, "mean_swap_time": 156.0, "mean_idle_time": 0.0, "mean_delivery_time": 5381.520999511242, "mean_schedule_distance": 29044.517597262944, "mean_schedule_energy": 2.403626378015761, "mean_number_swaps": 2.6, "drone_utilization": 0.8, "execution_time": 0.631023645401001}