{"completion_time": 2983.2559765203123, "mean_delivery_time": 1516.7368253167886, "total_distance": 300874.7333165256, "consumed_energy": 25.716790405690297, "execution_time": 16.753926277160645}