{"completion_time": 15523.988896665669, "mean_schedule_time": 15249.411791673247, "mean_flight_time": 14340.678543317994, "mean_swap_time": 660.0, "mean_idle_time": 248.73324835525273, "mean_delivery_time": 7600.0485349675055, "mean_schedule_distance": 100384.74980322593, "mean_schedule_energy": 8.297060701010825, "mean_number_swaps": 11.0, "drone_utilization": 1.0, "execution_time": 602.8004639148712}