{"completion_time": 11669.607390867512, "mean_schedule_time": 10921.42145835748, "mean_flight_time": 10481.421458357481, "mean_swap_time": 440.0, "mean_idle_time": -1.8189894035458565e-12, "mean_delivery_time": 6523.255880031063, "mean_schedule_distance": 73369.95020850234, "mean_schedule_energy": 5.812245313512396, "mean_number_swaps": 7.333333333333333, "drone_utilization": 1.0, "total_number_parcel_handover": 1, "mean_number_parcel_handover": 0.06666666666666667, "execution_time": 417.0710623264313}