{"completion_time": 3292.6992562208625, "mean_delivery_time": 2698.637495471972, "total_distance": 532528.9306471159, "consumed_energy": 46.49994599977287, "execution_time": 2796.1910469532013}