{"completion_time": 7882.228029330059, "mean_schedule_time": 7249.238239135802, "mean_flight_time": 6804.27308225564, "mean_swap_time": 272.0, "mean_idle_time": 172.9651568801628, "mean_delivery_time": 5917.542242472423, "mean_schedule_distance": 47629.9115757895, "mean_schedule_energy": 3.817678428895007, "mean_number_swaps": 4.533333333333333, "drone_utilization": 1.0, "execution_time": 1505.825202703476}