{"completion_time": 2146.6393280064167, "execution_time": 0.09374523162841797}