{"completion_time": 6072.9644288762365, "mean_schedule_time": 3849.595396323987, "mean_flight_time": 2702.77519353464, "mean_swap_time": 93.75, "mean_idle_time": 1053.0702027893471, "mean_delivery_time": 4287.576735988375, "mean_schedule_distance": 18919.42635474249, "mean_schedule_energy": 1.692906847847953, "mean_number_swaps": 1.5625, "drone_utilization": 0.9375, "total_number_parcel_handover": 9, "mean_number_parcel_handover": 0.9, "execution_time": 580.1899144649506}