{"completion_time": 8300.095058832878, "mean_schedule_time": 4008.1981871447247, "mean_flight_time": 3863.6527325992724, "mean_swap_time": 144.54545454545453, "mean_idle_time": -2.2737367544323206e-12, "mean_delivery_time": 4460.392634630844, "mean_schedule_distance": 27045.569128194882, "mean_schedule_energy": 2.314753394006884, "mean_number_swaps": 2.409090909090909, "drone_utilization": 0.8636363636363636, "execution_time": 26.702548027038574}