{"completion_time": 5400.658026386143, "mean_schedule_time": 1579.7450350052302, "mean_flight_time": 1333.517935294013, "mean_swap_time": 38.0, "mean_idle_time": 208.2270997112173, "mean_delivery_time": 2605.5871530096456, "mean_schedule_distance": 9334.625547058087, "mean_schedule_energy": 0.8382395952042869, "mean_number_swaps": 0.6333333333333333, "drone_utilization": 0.5666666666666667, "total_number_parcel_handover": 3, "mean_number_parcel_handover": 0.2, "execution_time": 69.60423564910889}