{"completion_time": 4829.514899847842, "mean_schedule_time": 1345.8357689249601, "mean_flight_time": 1163.8786711677947, "mean_swap_time": 26.25, "mean_idle_time": 155.70709775716546, "mean_delivery_time": 3221.551118393185, "mean_schedule_distance": 8147.150698174564, "mean_schedule_energy": 0.645146348615366, "mean_number_swaps": 0.4375, "drone_utilization": 0.4375, "total_number_parcel_handover": 2, "mean_number_parcel_handover": 0.4, "execution_time": 15.631921768188477}