{"completion_time": 4533.998459769807, "mean_schedule_time": 660.3250866984881, "mean_flight_time": 405.1778038230635, "mean_swap_time": 7.2, "mean_idle_time": 247.9472828754246, "mean_delivery_time": 4431.47551091905, "mean_schedule_distance": 2836.2446267614446, "mean_schedule_energy": 0.22199092056200187, "mean_number_swaps": 0.12, "drone_utilization": 0.2, "execution_time": 57.564565658569336}