{"completion_time": 13303.434904774005, "mean_schedule_time": 12899.465268213817, "mean_flight_time": 12371.465268213815, "mean_swap_time": 528.0, "mean_idle_time": 1.8189894035458565e-12, "mean_delivery_time": 7836.266889712011, "mean_schedule_distance": 86600.25687749674, "mean_schedule_energy": 7.1842715159101775, "mean_number_swaps": 8.8, "drone_utilization": 1.0, "execution_time": 176.8523347377777}