{"completion_time": 6888.589453474462, "mean_schedule_time": 4567.426588800604, "mean_flight_time": 4403.426588800604, "mean_swap_time": 164.0, "mean_idle_time": 0.0, "mean_delivery_time": 3400.0823953754157, "mean_schedule_distance": 30823.986121604215, "mean_schedule_energy": 2.5825105462852886, "mean_number_swaps": 2.7333333333333334, "drone_utilization": 1.0, "execution_time": 37.588595390319824}