{"completion_time": 4063.783955198057, "mean_delivery_time": 2022.7955884347164, "total_distance": 131515.69119043017, "consumed_energy": 12.814320391758383, "execution_time": 3.8807880878448486}