{"completion_time": 4847.791338929941, "mean_schedule_time": 2078.026133910235, "mean_flight_time": 1852.4270290306386, "mean_swap_time": 50.0, "mean_idle_time": 175.59910487959633, "mean_delivery_time": 3074.2776675717887, "mean_schedule_distance": 12966.989203214465, "mean_schedule_energy": 1.1547911459782572, "mean_number_swaps": 0.8333333333333334, "drone_utilization": 0.7083333333333334, "execution_time": 293.3066236972809}