{"completion_time": 6657.222278105842, "mean_schedule_time": 6138.621319043491, "mean_flight_time": 5806.4383110759445, "mean_swap_time": 227.14285714285714, "mean_idle_time": 105.04015082468959, "mean_delivery_time": 4610.090645317029, "mean_schedule_distance": 40645.06817753161, "mean_schedule_energy": 3.2770200202898288, "mean_number_swaps": 3.7857142857142856, "drone_utilization": 1.0, "execution_time": 635.3162865638733}