{"completion_time": 10818.658780011932, "mean_schedule_time": 9178.013150241672, "mean_flight_time": 8524.95325694194, "mean_swap_time": 375.0, "mean_idle_time": 278.0598932997309, "mean_delivery_time": 5361.193284911327, "mean_schedule_distance": 59674.672798593565, "mean_schedule_energy": 4.969249486660202, "mean_number_swaps": 6.25, "drone_utilization": 1.0, "total_number_parcel_handover": 3, "mean_number_parcel_handover": 0.15, "execution_time": 337.6926121711731}