{"completion_time": 7162.68856633494, "mean_schedule_time": 3443.953235260868, "mean_flight_time": 2821.1888888829762, "mean_swap_time": 91.2, "mean_idle_time": 531.564346377892, "mean_delivery_time": 4310.5360279465785, "mean_schedule_distance": 19748.32222218083, "mean_schedule_energy": 1.6283829821234062, "mean_number_swaps": 1.52, "drone_utilization": 0.8, "execution_time": 230.24855732917786}