{"completion_time": 10782.970563002058, "mean_schedule_time": 6310.326783932912, "mean_flight_time": 6076.326783932914, "mean_swap_time": 234.0, "mean_idle_time": -1.8189894035458565e-12, "mean_delivery_time": 5177.762010894736, "mean_schedule_distance": 42534.28748753038, "mean_schedule_energy": 3.5771041385329276, "mean_number_swaps": 3.9, "drone_utilization": 1.0, "total_number_parcel_handover": 0, "mean_number_parcel_handover": 0.0, "execution_time": 10.080986499786377}