{"completion_time": 2485.0504616285984, "mean_delivery_time": 1494.739193553399, "total_distance": 325129.4889255178, "consumed_energy": 28.64690722435838, "execution_time": 220.86198592185974}