{"completion_time": 4474.475050032027, "mean_schedule_time": 639.1426820348885, "mean_flight_time": 621.1426820348885, "mean_swap_time": 18.0, "mean_idle_time": 0.0, "mean_delivery_time": 3195.7134101744423, "mean_schedule_distance": 4347.998774244219, "mean_schedule_energy": 0.36307825122790105, "mean_number_swaps": 0.3, "drone_utilization": 0.2, "execution_time": 0.2956275939941406}