{"completion_time": 1240.7698782571865, "execution_time": 0.0028662681579589844}