{"completion_time": 3107.7224219122904, "mean_schedule_time": 1154.124489246881, "mean_flight_time": 1043.406059715733, "mean_swap_time": 30.0, "mean_idle_time": 80.7184295311481, "mean_delivery_time": 2783.051553267299, "mean_schedule_distance": 7303.842418010131, "mean_schedule_energy": 0.6159274108695812, "mean_number_swaps": 0.5, "drone_utilization": 0.42857142857142855, "execution_time": 6.505568742752075}