{"completion_time": 43205.99458377637, "mean_schedule_time": 41970.422992530366, "mean_flight_time": 40110.422992530366, "mean_swap_time": 1860.0, "mean_idle_time": 0.0, "mean_delivery_time": 18048.033682734287, "mean_schedule_distance": 280772.9609477125, "mean_schedule_energy": 22.449019278228974, "mean_number_swaps": 31.0, "drone_utilization": 1.0, "total_number_parcel_handover": 0, "mean_number_parcel_handover": 0.0, "execution_time": 4.067002058029175}