{"completion_time": 4451.262962585316, "mean_delivery_time": 2587.587032091493, "total_distance": 540979.4951884944, "consumed_energy": 44.015629425234636, "execution_time": 3.0268185138702393}