{"completion_time": 5020.884897146764, "mean_schedule_time": 2360.683221740341, "mean_flight_time": 1947.2807497710846, "mean_swap_time": 57.5, "mean_idle_time": 355.90247196925657, "mean_delivery_time": 3055.736562073724, "mean_schedule_distance": 13630.9652483976, "mean_schedule_energy": 1.119982336724096, "mean_number_swaps": 0.9583333333333334, "drone_utilization": 0.75, "total_number_parcel_handover": 6, "mean_number_parcel_handover": 0.4, "execution_time": 160.83806800842285}