{"completion_time": 6138.951203761907, "mean_schedule_time": 1246.6964745703497, "mean_flight_time": 1210.267903141778, "mean_swap_time": 36.42857142857143, "mean_idle_time": 2.2737367544323206e-13, "mean_delivery_time": 2327.166752531319, "mean_schedule_distance": 8471.875321992447, "mean_schedule_energy": 0.7834070391396433, "mean_number_swaps": 0.6071428571428571, "drone_utilization": 0.5357142857142857, "execution_time": 32.550689697265625}