{"completion_time": 5309.251925847702, "mean_schedule_time": 1445.2356718332792, "mean_flight_time": 1402.3785289761365, "mean_swap_time": 42.857142857142854, "mean_idle_time": -2.2737367544323206e-13, "mean_delivery_time": 2697.773254088788, "mean_schedule_distance": 9816.649702832952, "mean_schedule_energy": 0.838511289032532, "mean_number_swaps": 0.7142857142857143, "drone_utilization": 0.5357142857142857, "total_number_parcel_handover": 0, "mean_number_parcel_handover": 0.0, "execution_time": 29.749996185302734}