{"completion_time": 38722.481186354424, "mean_schedule_time": 38667.86582462335, "mean_flight_time": 36927.86582462336, "mean_swap_time": 1740.0, "mean_idle_time": -7.275957614183426e-12, "mean_delivery_time": 16110.592361112494, "mean_schedule_distance": 258495.06077236353, "mean_schedule_energy": 21.361309650476475, "mean_number_swaps": 29.0, "drone_utilization": 1.0, "execution_time": 66.35632872581482}