{"completion_time": 2003.9162875160478, "mean_delivery_time": 1355.2795271087803, "total_distance": 103763.52722110256, "consumed_energy": 7.230025258193255, "execution_time": 3.288783550262451}