{"completion_time": 5715.411135411561, "mean_schedule_time": 2997.56493310344, "mean_flight_time": 2434.7110946653743, "mean_swap_time": 84.0, "mean_idle_time": 478.85383843806585, "mean_delivery_time": 3937.354758753034, "mean_schedule_distance": 17042.97766265762, "mean_schedule_energy": 1.498117246430811, "mean_number_swaps": 1.4, "drone_utilization": 0.75, "execution_time": 511.2199592590332}