{"completion_time": 20172.003810254013, "mean_schedule_time": 19888.322836617506, "mean_flight_time": 19068.3228366175, "mean_swap_time": 820.0, "mean_idle_time": 7.275957614183426e-12, "mean_delivery_time": 10485.195820792445, "mean_schedule_distance": 133478.25985632266, "mean_schedule_energy": 10.985682862615732, "mean_number_swaps": 13.666666666666666, "drone_utilization": 1.0, "total_number_parcel_handover": 3, "mean_number_parcel_handover": 0.12, "execution_time": 823.5552835464478}