{"completion_time": 7609.539281224026, "mean_schedule_time": 1866.4557186857348, "mean_flight_time": 1418.778490914924, "mean_swap_time": 34.61538461538461, "mean_idle_time": 413.06184315542623, "mean_delivery_time": 3494.345874369667, "mean_schedule_distance": 9931.449436404468, "mean_schedule_energy": 0.7667040016952194, "mean_number_swaps": 0.5769230769230769, "drone_utilization": 0.5, "total_number_parcel_handover": 4, "mean_number_parcel_handover": 0.4, "execution_time": 430.33534693717957}