{"completion_time": 3593.897584549568, "mean_schedule_time": 821.3458453272982, "mean_flight_time": 782.2001624483099, "mean_swap_time": 18.0, "mean_idle_time": 21.145682878988282, "mean_delivery_time": 2299.8407933722738, "mean_schedule_distance": 5475.401137138169, "mean_schedule_energy": 0.45342180402613386, "mean_number_swaps": 0.3, "drone_utilization": 0.35, "execution_time": 8.49675178527832}