{"completion_time": 5683.978263082866, "mean_schedule_time": 3454.205982487904, "mean_flight_time": 3344.2059824879047, "mean_swap_time": 110.0, "mean_idle_time": -9.094947017729282e-13, "mean_delivery_time": 2967.3781032866486, "mean_schedule_distance": 23409.44187741532, "mean_schedule_energy": 1.9537698064482327, "mean_number_swaps": 1.8333333333333333, "drone_utilization": 1.0, "total_number_parcel_handover": 0, "mean_number_parcel_handover": 0.0, "execution_time": 13.328004360198975}