{"completion_time": 3134.336911310856, "mean_delivery_time": 2067.3146066897884, "total_distance": 465423.52777027345, "consumed_energy": 40.22548376638555, "execution_time": 227.7319746017456}