{"completion_time": 5863.651932402115, "mean_schedule_time": 2107.0280604699087, "mean_flight_time": 1572.5738575396292, "mean_swap_time": 48.0, "mean_idle_time": 486.4542029302795, "mean_delivery_time": 3586.3709681281102, "mean_schedule_distance": 11008.017002777404, "mean_schedule_energy": 1.0365931584644918, "mean_number_swaps": 0.8, "drone_utilization": 0.6, "execution_time": 243.46151041984558}