{"completion_time": 2931.8259662010573, "mean_delivery_time": 1970.1465794718376, "total_distance": 182272.07802964735, "consumed_energy": 16.578006756246555, "execution_time": 173.08038330078125}