{"completion_time": 6316.433865733359, "mean_schedule_time": 2053.7901727244594, "mean_flight_time": 1981.7901727244605, "mean_swap_time": 72.0, "mean_idle_time": -1.3642420526593924e-12, "mean_delivery_time": 2964.4459789086645, "mean_schedule_distance": 13872.53120907122, "mean_schedule_energy": 1.3208188024565204, "mean_number_swaps": 1.2, "drone_utilization": 0.64, "execution_time": 29.7675724029541}