{"completion_time": 3763.783955198057, "mean_delivery_time": 1970.167148114579, "total_distance": 372478.5014728665, "consumed_energy": 34.0554194122333, "execution_time": 133.9927442073822}