{"completion_time": 5075.262504567358, "mean_schedule_time": 3585.2131653019096, "mean_flight_time": 3326.741900285842, "mean_swap_time": 123.0, "mean_idle_time": 135.47126501606772, "mean_delivery_time": 3641.946619871653, "mean_schedule_distance": 23287.193302000895, "mean_schedule_energy": 1.9832828204268096, "mean_number_swaps": 2.05, "drone_utilization": 0.95, "total_number_parcel_handover": 9, "mean_number_parcel_handover": 0.45, "execution_time": 285.72355461120605}