{"completion_time": 4214.572922600078, "mean_schedule_time": 892.1118237349042, "mean_flight_time": 771.1885962041567, "mean_swap_time": 16.363636363636363, "mean_idle_time": 104.55959116711108, "mean_delivery_time": 3400.6446279393103, "mean_schedule_distance": 5398.320173429096, "mean_schedule_energy": 0.42706487858196857, "mean_number_swaps": 0.2727272727272727, "drone_utilization": 0.2727272727272727, "execution_time": 26.139169454574585}