{"completion_time": 14192.988505738585, "mean_schedule_time": 14026.810347902509, "mean_flight_time": 13441.810347902509, "mean_swap_time": 585.0, "mean_idle_time": 0.0, "mean_delivery_time": 7086.5079879223995, "mean_schedule_distance": 94092.67243531758, "mean_schedule_energy": 7.943042103260963, "mean_number_swaps": 9.75, "drone_utilization": 1.0, "execution_time": 71.93697595596313}