{"completion_time": 8002.062699512952, "mean_schedule_time": 1273.5433451170638, "mean_flight_time": 1238.9279605016795, "mean_swap_time": 34.61538461538461, "mean_idle_time": -2.2737367544323206e-13, "mean_delivery_time": 3311.212697304366, "mean_schedule_distance": 8672.495723511754, "mean_schedule_energy": 0.6911639577530247, "mean_number_swaps": 0.5769230769230769, "drone_utilization": 0.38461538461538464, "execution_time": 10.615920066833496}