{"completion_time": 4294.475050032027, "mean_schedule_time": 2315.595164944547, "mean_flight_time": 2044.075999615042, "mean_swap_time": 42.0, "mean_idle_time": 229.51916532950509, "mean_delivery_time": 3533.468609439975, "mean_schedule_distance": 14308.531997305297, "mean_schedule_energy": 1.0689946296652544, "mean_number_swaps": 0.7, "drone_utilization": 0.7, "execution_time": 25.039190530776978}