{"completion_time": 4798.24618415255, "mean_schedule_time": 2364.1269154830106, "mean_flight_time": 2094.6947591750486, "mean_swap_time": 66.0, "mean_idle_time": 203.43215630796203, "mean_delivery_time": 2884.9040563214194, "mean_schedule_distance": 14662.863314225344, "mean_schedule_energy": 1.2687878884885833, "mean_number_swaps": 1.1, "drone_utilization": 0.8, "total_number_parcel_handover": 4, "mean_number_parcel_handover": 0.26666666666666666, "execution_time": 48.668397426605225}