{"completion_time": 18127.33717444283, "mean_schedule_time": 17078.681386916836, "mean_flight_time": 16378.681386916842, "mean_swap_time": 700.0, "mean_idle_time": -3.637978807091713e-12, "mean_delivery_time": 9451.972684138103, "mean_schedule_distance": 114650.76970841782, "mean_schedule_energy": 8.888937851385561, "mean_number_swaps": 11.666666666666666, "drone_utilization": 1.0, "total_number_parcel_handover": 1, "mean_number_parcel_handover": 0.04, "execution_time": 335.7478427886963}