{"completion_time": 4611.533926022815, "mean_schedule_time": 4077.6381570488848, "mean_flight_time": 3720.913262726257, "mean_swap_time": 131.25, "mean_idle_time": 225.47489432262773, "mean_delivery_time": 4097.610540570442, "mean_schedule_distance": 26046.3928390838, "mean_schedule_energy": 2.2376177623095224, "mean_number_swaps": 2.1875, "drone_utilization": 1.0, "execution_time": 2296.6474964618683}