{"completion_time": 5152.608660385484, "mean_schedule_time": 1759.7480878880256, "mean_flight_time": 1395.4374949704923, "mean_swap_time": 48.0, "mean_idle_time": 316.3105929175333, "mean_delivery_time": 3574.3996148989986, "mean_schedule_distance": 9768.06246479345, "mean_schedule_energy": 0.9271087346857873, "mean_number_swaps": 0.8, "drone_utilization": 0.48, "execution_time": 259.83262872695923}