{"completion_time": 5715.411135411561, "mean_schedule_time": 1773.1797366915514, "mean_flight_time": 1285.789163995833, "mean_swap_time": 45.0, "mean_idle_time": 442.39057269571845, "mean_delivery_time": 4096.098906497239, "mean_schedule_distance": 9000.524147970835, "mean_schedule_energy": 0.7985410957377519, "mean_number_swaps": 0.75, "drone_utilization": 0.42857142857142855, "execution_time": 105.94023990631104}