{"completion_time": 2915.4632362588827, "mean_delivery_time": 1981.2846314067986, "total_distance": 241347.01449250575, "consumed_energy": 21.719090981616404, "execution_time": 67.59866738319397}