{"completion_time": 5258.883367267059, "mean_schedule_time": 890.1022492848168, "mean_flight_time": 727.7092189186649, "mean_swap_time": 20.0, "mean_idle_time": 142.39303036615195, "mean_delivery_time": 3444.484774825959, "mean_schedule_distance": 5093.964532430654, "mean_schedule_energy": 0.4243176012678224, "mean_number_swaps": 0.3333333333333333, "drone_utilization": 0.26666666666666666, "total_number_parcel_handover": 3, "mean_number_parcel_handover": 0.6, "execution_time": 52.62119221687317}