{"completion_time": 15888.593005575416, "mean_schedule_time": 15410.629067163147, "mean_flight_time": 14664.165687895893, "mean_swap_time": 636.0, "mean_idle_time": 110.46337926725391, "mean_delivery_time": 8403.43860406178, "mean_schedule_distance": 102649.15981527121, "mean_schedule_energy": 7.898034478389141, "mean_number_swaps": 10.6, "drone_utilization": 1.0, "execution_time": 1233.3915836811066}