{"completion_time": 4246.665016769516, "mean_delivery_time": 2621.229923855575, "total_distance": 102691.85251130913, "consumed_energy": 7.8074954631494755, "execution_time": 0.2373967170715332}