{"completion_time": 5191.772153251459, "mean_schedule_time": 1701.2177511665377, "mean_flight_time": 1544.1925029769732, "mean_swap_time": 38.4, "mean_idle_time": 118.62524818956445, "mean_delivery_time": 2794.074179369245, "mean_schedule_distance": 10809.347520838814, "mean_schedule_energy": 0.8266618408540793, "mean_number_swaps": 0.64, "drone_utilization": 0.6, "execution_time": 44.24684262275696}