{"completion_time": 5238.855789017156, "mean_schedule_time": 3940.6248111917016, "mean_flight_time": 3400.272781190047, "mean_swap_time": 130.0, "mean_idle_time": 410.3520300016544, "mean_delivery_time": 3813.8015250519925, "mean_schedule_distance": 23801.909468330316, "mean_schedule_energy": 2.0927200105514547, "mean_number_swaps": 2.1666666666666665, "drone_utilization": 1.0, "execution_time": 446.5958948135376}