{"completion_time": 4179.477878090696, "mean_schedule_time": 978.1886886960767, "mean_flight_time": 948.1886886960768, "mean_swap_time": 30.0, "mean_idle_time": -1.1368683772161603e-13, "mean_delivery_time": 2738.928328349015, "mean_schedule_distance": 6637.320820872538, "mean_schedule_energy": 0.6071431469015397, "mean_number_swaps": 0.5, "drone_utilization": 0.35714285714285715, "total_number_parcel_handover": 0, "mean_number_parcel_handover": 0.0, "execution_time": 1.934685468673706}