{"completion_time": 23048.650963537773, "mean_schedule_time": 22528.339338933594, "mean_flight_time": 21544.339338933598, "mean_swap_time": 984.0, "mean_idle_time": -3.637978807091713e-12, "mean_delivery_time": 10918.556217040545, "mean_schedule_distance": 150810.37537253523, "mean_schedule_energy": 12.474604841833978, "mean_number_swaps": 16.4, "drone_utilization": 1.0, "execution_time": 1561.6321413516998}