{"completion_time": 3294.368182422858, "mean_schedule_time": 1276.1474966330377, "mean_flight_time": 1211.008187625141, "mean_swap_time": 26.4, "mean_idle_time": 38.73930900789651, "mean_delivery_time": 2129.6761814442334, "mean_schedule_distance": 8477.057313375988, "mean_schedule_energy": 0.7151242608178231, "mean_number_swaps": 0.44, "drone_utilization": 0.6, "execution_time": 96.18051862716675}