{"completion_time": 4039.51732243519, "mean_schedule_time": 2888.1350645531393, "mean_flight_time": 2621.3685983042114, "mean_swap_time": 48.0, "mean_idle_time": 218.76646624892783, "mean_delivery_time": 4015.548900862889, "mean_schedule_distance": 18349.580188129483, "mean_schedule_energy": 1.3705803969728358, "mean_number_swaps": 0.8, "drone_utilization": 1.0, "execution_time": 1.2676551342010498}