{"completion_time": 3763.783955198057, "mean_delivery_time": 1920.7677571680579, "total_distance": 162748.83268624338, "consumed_energy": 13.363583587398473, "execution_time": 17.680013418197632}