{"completion_time": 24582.156614924068, "mean_schedule_time": 23829.72241679664, "mean_flight_time": 22737.722416796645, "mean_swap_time": 1092.0, "mean_idle_time": -3.637978807091713e-12, "mean_delivery_time": 10910.683099750437, "mean_schedule_distance": 159164.05691757638, "mean_schedule_energy": 13.768659316273135, "mean_number_swaps": 18.2, "drone_utilization": 1.0, "execution_time": 375.3517167568207}