{"completion_time": 3821.468017654479, "mean_delivery_time": 2107.790794535013, "total_distance": 112813.38522940206, "consumed_energy": 9.758817412075985, "execution_time": 0.6910719871520996}