{"completion_time": 9065.64420662852, "mean_schedule_time": 4307.071031734247, "mean_flight_time": 3491.6786917696486, "mean_swap_time": 126.0, "mean_idle_time": 689.3923399645987, "mean_delivery_time": 5017.9380049432375, "mean_schedule_distance": 24441.750842387548, "mean_schedule_energy": 2.1260913777728723, "mean_number_swaps": 2.1, "drone_utilization": 0.8666666666666667, "total_number_parcel_handover": 11, "mean_number_parcel_handover": 0.44, "execution_time": 583.5610771179199}