{"completion_time": 14236.393124218721, "mean_schedule_time": 14045.241120364564, "mean_flight_time": 13469.24112036456, "mean_swap_time": 576.0, "mean_idle_time": 3.637978807091713e-12, "mean_delivery_time": 8036.426470679083, "mean_schedule_distance": 94284.68784255194, "mean_schedule_energy": 7.419814108425358, "mean_number_swaps": 9.6, "drone_utilization": 1.0, "execution_time": 1046.390413761139}