{"completion_time": 5760.8269724138045, "mean_schedule_time": 3636.245766361019, "mean_flight_time": 2898.4725546667078, "mean_swap_time": 104.0, "mean_idle_time": 633.7732116943112, "mean_delivery_time": 4398.134602370629, "mean_schedule_distance": 20289.307882666955, "mean_schedule_energy": 1.8475520727825754, "mean_number_swaps": 1.7333333333333334, "drone_utilization": 0.8666666666666667, "execution_time": 291.90003871917725}