{"completion_time": 3763.783955198057, "mean_delivery_time": 2160.494950299155, "total_distance": 243432.831241152, "consumed_energy": 21.72276853955561, "execution_time": 56.535987854003906}