{"completion_time": 6418.073961110349, "mean_schedule_time": 4757.869663823792, "mean_flight_time": 4498.0374442883185, "mean_swap_time": 180.0, "mean_idle_time": 79.83221953547309, "mean_delivery_time": 4064.8066633365247, "mean_schedule_distance": 31486.2621100182, "mean_schedule_energy": 2.621812786534212, "mean_number_swaps": 3.0, "drone_utilization": 1.0, "total_number_parcel_handover": 9, "mean_number_parcel_handover": 0.6, "execution_time": 213.20829725265503}