{"completion_time": 7614.337896656707, "mean_schedule_time": 4321.334390510306, "mean_flight_time": 4185.334390510306, "mean_swap_time": 136.0, "mean_idle_time": 0.0, "mean_delivery_time": 4152.229581533593, "mean_schedule_distance": 29297.340733572142, "mean_schedule_energy": 2.356887478300889, "mean_number_swaps": 2.2666666666666666, "drone_utilization": 1.0, "execution_time": 15.363361358642578}