{"completion_time": 5089.3945792794175, "mean_schedule_time": 2255.069124167161, "mean_flight_time": 2191.069124167161, "mean_swap_time": 64.0, "mean_idle_time": 0.0, "mean_delivery_time": 3382.6036862507417, "mean_schedule_distance": 15337.483869170128, "mean_schedule_energy": 1.2395507786658684, "mean_number_swaps": 1.0666666666666667, "drone_utilization": 0.6666666666666666, "execution_time": 7.04751992225647}