{"completion_time": 4047.1674332463303, "mean_delivery_time": 2649.448646077053, "total_distance": 596693.0317102022, "consumed_energy": 48.06994314920407, "execution_time": 4889.824024438858}