{"completion_time": 4287.1595138093835, "mean_schedule_time": 1380.1820404106825, "mean_flight_time": 1086.5503720371294, "mean_swap_time": 24.0, "mean_idle_time": 269.6316683735531, "mean_delivery_time": 3523.220791070264, "mean_schedule_distance": 7605.852604259904, "mean_schedule_energy": 0.6223043221806515, "mean_number_swaps": 0.4, "drone_utilization": 0.5, "execution_time": 1.2595059871673584}