{"completion_time": 35108.40822107186, "mean_schedule_time": 28279.745898370365, "mean_flight_time": 27049.74589837036, "mean_swap_time": 1230.0, "mean_idle_time": 7.275957614183426e-12, "mean_delivery_time": 13122.774015558027, "mean_schedule_distance": 189348.22128859267, "mean_schedule_energy": 15.822578482130512, "mean_number_swaps": 20.5, "drone_utilization": 1.0, "total_number_parcel_handover": 0, "mean_number_parcel_handover": 0.0, "execution_time": 10.69488525390625}