{"completion_time": 4398.095582135069, "mean_schedule_time": 3426.593600196399, "mean_flight_time": 3207.294080998881, "mean_swap_time": 108.0, "mean_idle_time": 111.2995191975183, "mean_delivery_time": 3163.4826253159727, "mean_schedule_distance": 22451.05856699216, "mean_schedule_energy": 1.8750922654120015, "mean_number_swaps": 1.8, "drone_utilization": 1.0, "execution_time": 738.2822344303131}