{"completion_time": 758.9807556067784, "execution_time": 0.0012199878692626953}