{"completion_time": 42172.47260195986, "mean_schedule_time": 38227.42794519507, "mean_flight_time": 36637.42794519507, "mean_swap_time": 1590.0, "mean_idle_time": 0.0, "mean_delivery_time": 18391.021800860228, "mean_schedule_distance": 256461.99561636557, "mean_schedule_energy": 19.41444196041841, "mean_number_swaps": 26.5, "drone_utilization": 1.0, "total_number_parcel_handover": 0, "mean_number_parcel_handover": 0.0, "execution_time": 2.137840747833252}