{"completion_time": 10205.261054462004, "mean_schedule_time": 6097.740196761859, "mean_flight_time": 5887.740196761857, "mean_swap_time": 210.0, "mean_idle_time": 1.8189894035458565e-12, "mean_delivery_time": 4979.090928527054, "mean_schedule_distance": 41214.18137733302, "mean_schedule_energy": 3.1573265775347, "mean_number_swaps": 3.5, "drone_utilization": 1.0, "execution_time": 7.883323907852173}