{"completion_time": 4918.942816581472, "mean_schedule_time": 1804.5475707363767, "mean_flight_time": 1619.9112455037925, "mean_swap_time": 46.36363636363637, "mean_idle_time": 138.27268886894785, "mean_delivery_time": 3301.4329152318196, "mean_schedule_distance": 11339.378718526552, "mean_schedule_energy": 0.9104351570743746, "mean_number_swaps": 0.7727272727272727, "drone_utilization": 0.5454545454545454, "total_number_parcel_handover": 2, "mean_number_parcel_handover": 0.2, "execution_time": 139.00110268592834}