{"completion_time": 8043.273521241755, "mean_delivery_time": 4375.816959914035, "total_distance": 505752.0158830323, "consumed_energy": 42.80741014347973, "execution_time": 1969.563511133194}