{"completion_time": 4059.4778780906963, "mean_schedule_time": 521.4366904127766, "mean_flight_time": 374.9192584495954, "mean_swap_time": 6.0, "mean_idle_time": 140.51743196318114, "mean_delivery_time": 2456.7012910850754, "mean_schedule_distance": 2624.434809147168, "mean_schedule_energy": 0.21864414986219166, "mean_number_swaps": 0.1, "drone_utilization": 0.2, "execution_time": 5.142887592315674}