{"completion_time": 9485.644206628518, "mean_schedule_time": 3434.846824659506, "mean_flight_time": 3314.846824659506, "mean_swap_time": 120.0, "mean_idle_time": 0.0, "mean_delivery_time": 4121.816189591407, "mean_schedule_distance": 23203.927772616553, "mean_schedule_energy": 2.048946668728073, "mean_number_swaps": 2.0, "drone_utilization": 0.8333333333333334, "total_number_parcel_handover": 0, "mean_number_parcel_handover": 0.0, "execution_time": 46.91320729255676}