{"completion_time": 2001.1044196017733, "mean_delivery_time": 1618.5684222378961, "total_distance": 307851.7938446009, "consumed_energy": 25.78860928282672, "execution_time": 455.1755039691925}