{"completion_time": 3467.937146217556, "mean_schedule_time": 1774.4605986131544, "mean_flight_time": 1371.3758082713584, "mean_swap_time": 42.0, "mean_idle_time": 361.08479034179595, "mean_delivery_time": 2522.30550137656, "mean_schedule_distance": 9599.63065789951, "mean_schedule_energy": 0.9017984001795517, "mean_number_swaps": 0.7, "drone_utilization": 0.7, "execution_time": 12.03422737121582}