{"completion_time": 7635.593523311586, "execution_time": 0.28940725326538086}