{"completion_time": 7679.513833161006, "mean_schedule_time": 3635.8524680965656, "mean_flight_time": 2384.25553738643, "mean_swap_time": 60.0, "mean_idle_time": 1191.5969307101354, "mean_delivery_time": 3917.698790809149, "mean_schedule_distance": 16689.78876170502, "mean_schedule_energy": 1.342503216053509, "mean_number_swaps": 1.0, "drone_utilization": 0.8666666666666667, "execution_time": 447.52960419654846}