{"completion_time": 10888.400726419499, "mean_schedule_time": 4262.938154760133, "mean_flight_time": 4100.938154760132, "mean_swap_time": 162.0, "mean_idle_time": 9.094947017729282e-13, "mean_delivery_time": 3868.8136444002575, "mean_schedule_distance": 28706.567083320937, "mean_schedule_energy": 2.5804916498237054, "mean_number_swaps": 2.7, "drone_utilization": 0.95, "execution_time": 47.06261229515076}