{"completion_time": 3135.920655965822, "mean_delivery_time": 1830.6466550971256, "total_distance": 529966.1516836203, "consumed_energy": 45.90697312153276, "execution_time": 2349.4921567440033}