{"completion_time": 6211.841311931644, "mean_schedule_time": 3543.418974154772, "mean_flight_time": 3028.3780096206883, "mean_swap_time": 98.4, "mean_idle_time": 416.64096453408365, "mean_delivery_time": 3557.6569465578873, "mean_schedule_distance": 21198.646067344813, "mean_schedule_energy": 1.8362789248613103, "mean_number_swaps": 1.64, "drone_utilization": 0.96, "execution_time": 5118.617041110992}