{"completion_time": 2001.1044196017733, "mean_delivery_time": 1441.2750621643172, "total_distance": 201092.52461606017, "consumed_energy": 16.6888461232866, "execution_time": 95.32547426223755}