{"completion_time": 2771.002590014649, "mean_schedule_time": 883.4022702069578, "mean_flight_time": 859.6963666483352, "mean_swap_time": 18.0, "mean_idle_time": 5.705903558622595, "mean_delivery_time": 2769.7281503438353, "mean_schedule_distance": 6017.874566538347, "mean_schedule_energy": 0.4460254308415575, "mean_number_swaps": 0.3, "drone_utilization": 0.4, "execution_time": 1.2422354221343994}