{"completion_time": 9892.341536213635, "mean_schedule_time": 9152.518119870943, "mean_flight_time": 8680.925129524094, "mean_swap_time": 360.0, "mean_idle_time": 111.59299034684955, "mean_delivery_time": 5521.044789617902, "mean_schedule_distance": 60766.475906668624, "mean_schedule_energy": 4.935655406630769, "mean_number_swaps": 6.0, "drone_utilization": 1.0, "execution_time": 424.5258409976959}