{"completion_time": 5107.30893702938, "mean_delivery_time": 2860.907010193566, "total_distance": 607664.7590666863, "consumed_energy": 49.35655406630769, "execution_time": 325.6730856895447}