{"completion_time": 10272.629937477695, "mean_schedule_time": 9130.324265507177, "mean_flight_time": 8057.613786469398, "mean_swap_time": 348.0, "mean_idle_time": 724.710479037778, "mean_delivery_time": 6587.339907528061, "mean_schedule_distance": 56403.29650528581, "mean_schedule_energy": 4.53795280504741, "mean_number_swaps": 5.8, "drone_utilization": 1.0, "execution_time": 149.4381148815155}