{"completion_time": 5712.293735419838, "mean_delivery_time": 3465.3436642787956, "total_distance": 262263.88949012634, "consumed_energy": 22.41977727525897, "execution_time": 21.107129335403442}