{"completion_time": 2252.873975307245, "mean_delivery_time": 1824.4716263220237, "total_distance": 365940.05141985905, "consumed_energy": 28.8398616457873, "execution_time": 2183.065788269043}