{"completion_time": 11009.973481976254, "mean_schedule_time": 9701.064663889792, "mean_flight_time": 9249.312644642469, "mean_swap_time": 396.0, "mean_idle_time": 55.752019247323915, "mean_delivery_time": 6088.754943073829, "mean_schedule_distance": 64745.188512497276, "mean_schedule_energy": 5.270465642906335, "mean_number_swaps": 6.6, "drone_utilization": 1.0, "execution_time": 32.8433051109314}