{"completion_time": 7622.633581590507, "mean_schedule_time": 7104.98282352432, "mean_flight_time": 6834.982823524321, "mean_swap_time": 270.0, "mean_idle_time": -9.094947017729282e-13, "mean_delivery_time": 4687.085794663681, "mean_schedule_distance": 47844.87976467024, "mean_schedule_energy": 3.8737214424735797, "mean_number_swaps": 4.5, "drone_utilization": 1.0, "execution_time": 10.704379558563232}