{"completion_time": 7462.193840879126, "mean_schedule_time": 6452.497904863654, "mean_flight_time": 5221.759205074951, "mean_swap_time": 204.0, "mean_idle_time": 1026.7386997887033, "mean_delivery_time": 5766.949256910963, "mean_schedule_distance": 36552.31443552464, "mean_schedule_energy": 3.097069074802492, "mean_number_swaps": 3.4, "drone_utilization": 1.0, "execution_time": 770.5346434116364}