{"completion_time": 2487.3387298244843, "mean_delivery_time": 1735.6393491540493, "total_distance": 177417.15888528113, "consumed_energy": 14.002445048095758, "execution_time": 1.410050868988037}