{"completion_time": 6068.112546629164, "mean_schedule_time": 5046.741176763556, "mean_flight_time": 4862.571623919594, "mean_swap_time": 172.5, "mean_idle_time": 11.669552843962265, "mean_delivery_time": 4421.07046307871, "mean_schedule_distance": 34038.00136743714, "mean_schedule_energy": 2.7933243648184214, "mean_number_swaps": 2.875, "drone_utilization": 1.0, "total_number_parcel_handover": 3, "mean_number_parcel_handover": 0.15, "execution_time": 801.6191537380219}