{"completion_time": 6767.525517323361, "mean_schedule_time": 4965.7338732358085, "mean_flight_time": 4511.314017746602, "mean_swap_time": 157.5, "mean_idle_time": 296.9198554892064, "mean_delivery_time": 4899.638039725956, "mean_schedule_distance": 31579.19812422624, "mean_schedule_energy": 2.633344210801272, "mean_number_swaps": 2.625, "drone_utilization": 1.0, "execution_time": 732.5370111465454}