{"completion_time": 5431.2600273329535, "mean_schedule_time": 1015.2487901692199, "mean_flight_time": 985.2487901692202, "mean_swap_time": 30.0, "mean_idle_time": -3.410605131648481e-13, "mean_delivery_time": 2842.6966124738155, "mean_schedule_distance": 6896.74153118454, "mean_schedule_energy": 0.6300285666461308, "mean_number_swaps": 0.5, "drone_utilization": 0.35714285714285715, "execution_time": 14.22911524772644}