{"completion_time": 2835.6300136664768, "mean_delivery_time": 1463.3483062369078, "total_distance": 193108.7628731671, "consumed_energy": 17.640799866091662, "execution_time": 11.351038455963135}