{"completion_time": 10819.279760596002, "mean_schedule_time": 9118.370586452551, "mean_flight_time": 8067.47278662873, "mean_swap_time": 354.0, "mean_idle_time": 696.8977998238206, "mean_delivery_time": 5837.891690789981, "mean_schedule_distance": 56472.30950640115, "mean_schedule_energy": 4.821992578912588, "mean_number_swaps": 5.9, "drone_utilization": 1.0, "total_number_parcel_handover": 6, "mean_number_parcel_handover": 0.3, "execution_time": 221.5810112953186}