{"completion_time": 12050.969044606734, "mean_schedule_time": 5424.453862336689, "mean_flight_time": 5214.45386233669, "mean_swap_time": 210.0, "mean_idle_time": -9.094947017729282e-13, "mean_delivery_time": 4244.919109842054, "mean_schedule_distance": 36501.17703635682, "mean_schedule_energy": 3.1476491242192925, "mean_number_swaps": 3.5, "drone_utilization": 1.0, "execution_time": 12.93006443977356}