{"completion_time": 15564.851469274921, "mean_schedule_time": 15316.785591769929, "mean_flight_time": 14656.785591769925, "mean_swap_time": 660.0, "mean_idle_time": 3.637978807091713e-12, "mean_delivery_time": 9061.73606147255, "mean_schedule_distance": 102597.49914238953, "mean_schedule_energy": 8.519116824069991, "mean_number_swaps": 11.0, "drone_utilization": 1.0, "execution_time": 2366.7682027816772}