{"completion_time": 6000.018260368646, "mean_schedule_time": 4005.4388380580795, "mean_flight_time": 3632.894329312339, "mean_swap_time": 143.33333333333334, "mean_idle_time": 229.2111754124071, "mean_delivery_time": 3796.9875668590953, "mean_schedule_distance": 25430.260305186373, "mean_schedule_energy": 2.2633588793005397, "mean_number_swaps": 2.388888888888889, "drone_utilization": 0.9444444444444444, "execution_time": 164.91128945350647}