{"completion_time": 5601.485281501029, "mean_delivery_time": 2509.883298331649, "total_distance": 387351.32103496994, "consumed_energy": 32.15881725316863, "execution_time": 9.774921655654907}