{"completion_time": 4949.788501149214, "mean_schedule_time": 1300.9154390916322, "mean_flight_time": 1164.1130028162377, "mean_swap_time": 30.0, "mean_idle_time": 106.80243627539448, "mean_delivery_time": 3104.047318875568, "mean_schedule_distance": 8148.791019713664, "mean_schedule_energy": 0.7162988816913183, "mean_number_swaps": 0.5, "drone_utilization": 0.42857142857142855, "total_number_parcel_handover": 4, "mean_number_parcel_handover": 0.4, "execution_time": 174.69257354736328}