{"completion_time": 3155.4632362588827, "mean_delivery_time": 1820.888286668093, "total_distance": 469938.3997397415, "consumed_energy": 39.51588644447559, "execution_time": 45.13191032409668}