{"completion_time": 5710.690607088874, "mean_schedule_time": 4060.2832369249854, "mean_flight_time": 3085.9943130195206, "mean_swap_time": 108.0, "mean_idle_time": 866.2889239054648, "mean_delivery_time": 5227.204994392819, "mean_schedule_distance": 21601.96019113664, "mean_schedule_energy": 1.8198685076111372, "mean_number_swaps": 1.8, "drone_utilization": 0.8, "execution_time": 195.92524456977844}