{"completion_time": 7945.750102542546, "mean_schedule_time": 2104.3823305795945, "mean_flight_time": 2032.3823305795947, "mean_swap_time": 72.0, "mean_idle_time": -4.547473508864641e-13, "mean_delivery_time": 4208.764661159189, "mean_schedule_distance": 14226.67631405716, "mean_schedule_energy": 1.3063621688839429, "mean_number_swaps": 1.2, "drone_utilization": 0.5, "total_number_parcel_handover": 0, "mean_number_parcel_handover": 0.0, "execution_time": 1.309525489807129}