{"1": [{"x": 2, "y": 1, "a": 0, "tau": 417.8735775570049}, {"x": 1, "y": 3, "a": 2, "tau": 797.3639553603934}], "2": [], "3": [{"x": 3, "y": 1, "a": 0, "tau": 379.490377803389}, {"x": 1, "y": 2, "a": 1, "tau": 797.363955360393}]}