{"completion_time": 4565.970175302137, "mean_schedule_time": 1279.0577700174583, "mean_flight_time": 1243.057770017458, "mean_swap_time": 36.0, "mean_idle_time": 2.2737367544323206e-13, "mean_delivery_time": 3197.6444250436457, "mean_schedule_distance": 8701.404390122208, "mean_schedule_energy": 0.6949403637821933, "mean_number_swaps": 0.6, "drone_utilization": 0.4, "execution_time": 2.3671071529388428}