{"completion_time": 4905.180726101917, "mean_schedule_time": 1065.1071122170547, "mean_flight_time": 1026.5356836456262, "mean_swap_time": 38.57142857142857, "mean_idle_time": -2.2737367544323206e-13, "mean_delivery_time": 2982.2999142077533, "mean_schedule_distance": 7185.749785519384, "mean_schedule_energy": 0.6926963956525435, "mean_number_swaps": 0.6428571428571429, "drone_utilization": 0.35714285714285715, "execution_time": 1.4404430389404297}