{"completion_time": 588.0106953885293, "execution_time": 2.1676559448242188}