{"1": [], "2": [], "3": [{"x": 1, "y": 5, "a": 1, "tau": 522.8173492305816}], "4": [], "5": [{"x": 1, "y": 4, "a": 2, "tau": 588.0106953885293}]}