{"completion_time": 5865.708478018728, "mean_schedule_time": 4903.840008678146, "mean_flight_time": 4732.840008678146, "mean_swap_time": 171.0, "mean_idle_time": 0.0, "mean_delivery_time": 4040.19449317591, "mean_schedule_distance": 33129.88006074702, "mean_schedule_energy": 2.718866769132887, "mean_number_swaps": 2.85, "drone_utilization": 1.0, "execution_time": 2707.999097585678}