{"completion_time": 19719.067239322754, "mean_schedule_time": 19429.74318843562, "mean_flight_time": 18565.743188435627, "mean_swap_time": 864.0, "mean_idle_time": -7.275957614183426e-12, "mean_delivery_time": 10074.853944141547, "mean_schedule_distance": 129960.20231904935, "mean_schedule_energy": 10.772054495165065, "mean_number_swaps": 14.4, "drone_utilization": 1.0, "execution_time": 327.72514152526855}