{"completion_time": 4109.27570696154, "mean_schedule_time": 329.4419589347539, "mean_flight_time": 321.44195893475387, "mean_swap_time": 8.0, "mean_idle_time": 5.684341886080802e-14, "mean_delivery_time": 1976.6517536085237, "mean_schedule_distance": 2250.0937125432774, "mean_schedule_energy": 0.21180118256203534, "mean_number_swaps": 0.13333333333333333, "drone_utilization": 0.16666666666666666, "total_number_parcel_handover": 0, "mean_number_parcel_handover": 0.0, "execution_time": 4.2900471687316895}