{"completion_time": 12162.604705047674, "mean_schedule_time": 11072.43655469385, "mean_flight_time": 10532.786806771233, "mean_swap_time": 474.0, "mean_idle_time": 65.64974792261637, "mean_delivery_time": 6913.941235495483, "mean_schedule_distance": 73729.50764739866, "mean_schedule_energy": 6.351408525392637, "mean_number_swaps": 7.9, "drone_utilization": 1.0, "execution_time": 1234.719801902771}