{"completion_time": 6105.621788978166, "mean_delivery_time": 3635.609926840859, "total_distance": 751052.2222528686, "consumed_energy": 64.35627255538466, "execution_time": 976.7624862194061}