{"completion_time": 875.2828802491391, "mean_delivery_time": 686.20628676677, "total_distance": 19213.776029469558, "consumed_energy": 1.3736944369777428, "execution_time": 0.06295442581176758}