{"completion_time": 14687.277621885827, "mean_schedule_time": 14332.652279248689, "mean_flight_time": 13744.652279248698, "mean_swap_time": 588.0, "mean_idle_time": -9.094947017729282e-12, "mean_delivery_time": 8279.594950476383, "mean_schedule_distance": 96212.56595474081, "mean_schedule_energy": 7.7094494446547115, "mean_number_swaps": 9.8, "drone_utilization": 1.0, "execution_time": 2640.2509772777557}