{"completion_time": 5425.566649791343, "mean_schedule_time": 3147.1116675457174, "mean_flight_time": 2645.2928179110504, "mean_swap_time": 84.54545454545455, "mean_idle_time": 417.2733950892125, "mean_delivery_time": 3867.1892420458603, "mean_schedule_distance": 18517.04972537736, "mean_schedule_energy": 1.5790640956846256, "mean_number_swaps": 1.4090909090909092, "drone_utilization": 0.8636363636363636, "total_number_parcel_handover": 12, "mean_number_parcel_handover": 0.8, "execution_time": 735.2228951454163}