{"completion_time": 11036.864091310961, "mean_schedule_time": 10269.819136018925, "mean_flight_time": 9825.819136018923, "mean_swap_time": 444.0, "mean_idle_time": 1.8189894035458565e-12, "mean_delivery_time": 7504.31705588073, "mean_schedule_distance": 68780.73395213249, "mean_schedule_energy": 5.77099920565463, "mean_number_swaps": 7.4, "drone_utilization": 1.0, "execution_time": 936.5398738384247}