{"completion_time": 6860.395117532032, "mean_schedule_time": 1275.7647160550855, "mean_flight_time": 594.2380900613759, "mean_swap_time": 18.0, "mean_idle_time": 663.5266259937096, "mean_delivery_time": 5915.919452685391, "mean_schedule_distance": 4159.666630429631, "mean_schedule_energy": 0.3724502163273584, "mean_number_swaps": 0.3, "drone_utilization": 0.25, "execution_time": 54.63619518280029}