{"completion_time": 6526.201868953161, "mean_schedule_time": 3493.651378768077, "mean_flight_time": 3397.651378768078, "mean_swap_time": 96.0, "mean_idle_time": -9.094947017729282e-13, "mean_delivery_time": 4367.064223460096, "mean_schedule_distance": 23783.55965137654, "mean_schedule_energy": 1.628720758515097, "mean_number_swaps": 1.6, "drone_utilization": 0.8, "execution_time": 0.5208401679992676}