{"completion_time": 6860.395117532032, "mean_schedule_time": 2027.9332145776978, "mean_flight_time": 1425.7720811852978, "mean_swap_time": 42.0, "mean_idle_time": 560.1611333924, "mean_delivery_time": 3971.3652244403293, "mean_schedule_distance": 9980.404568297086, "mean_schedule_energy": 0.8887357015246243, "mean_number_swaps": 0.7, "drone_utilization": 0.5, "execution_time": 168.997793674469}