{"completion_time": 4611.533926022815, "mean_schedule_time": 2939.515624405428, "mean_flight_time": 2674.8964781544964, "mean_swap_time": 93.0, "mean_idle_time": 171.6191462509314, "mean_delivery_time": 3494.294696243532, "mean_schedule_distance": 18724.275347081486, "mean_schedule_energy": 1.6206009265628292, "mean_number_swaps": 1.55, "drone_utilization": 0.85, "execution_time": 1985.3033320903778}