{"completion_time": 5200.884897146764, "mean_schedule_time": 1060.7169076159826, "mean_flight_time": 1027.1169076159829, "mean_swap_time": 33.6, "mean_idle_time": -2.2737367544323206e-13, "mean_delivery_time": 2651.7922690399564, "mean_schedule_distance": 7189.818353311879, "mean_schedule_energy": 0.637587209420267, "mean_number_swaps": 0.56, "drone_utilization": 0.4, "execution_time": 13.339151620864868}