{"completion_time": 4311.61058172224, "mean_delivery_time": 2176.7025513407866, "total_distance": 617927.9420246104, "consumed_energy": 54.38530641789485, "execution_time": 3180.8823792934418}