{"completion_time": 12192.957682825403, "mean_schedule_time": 6546.586727284183, "mean_flight_time": 6294.586727284182, "mean_swap_time": 252.0, "mean_idle_time": 9.094947017729282e-13, "mean_delivery_time": 5035.646480754588, "mean_schedule_distance": 44062.107090989295, "mean_schedule_energy": 3.715053382833832, "mean_number_swaps": 4.2, "drone_utilization": 1.0, "execution_time": 66.97090578079224}