{"completion_time": 2306.6729512348475, "mean_delivery_time": 1514.4580032610181, "total_distance": 175085.7588682176, "consumed_energy": 14.490451986082359, "execution_time": 13.967081069946289}