{"completion_time": 8529.496137576989, "mean_schedule_time": 8079.61824425884, "mean_flight_time": 7569.924070988722, "mean_swap_time": 324.0, "mean_idle_time": 185.69417327011797, "mean_delivery_time": 4912.795796030835, "mean_schedule_distance": 52989.468496921065, "mean_schedule_energy": 4.4040322707481545, "mean_number_swaps": 5.4, "drone_utilization": 1.0, "execution_time": 918.5662951469421}