{"completion_time": 8548.575214638375, "mean_schedule_time": 7530.649838867173, "mean_flight_time": 6870.357344087849, "mean_swap_time": 276.0, "mean_idle_time": 384.29249477932353, "mean_delivery_time": 5364.483857746991, "mean_schedule_distance": 48092.501408614946, "mean_schedule_energy": 4.029269601492809, "mean_number_swaps": 4.6, "drone_utilization": 1.0, "execution_time": 521.8902792930603}