{"completion_time": 5348.114064239284, "mean_delivery_time": 3214.654164118619, "total_distance": 659656.0251742528, "consumed_energy": 54.14842996590362, "execution_time": 1190.9081315994263}