{"completion_time": 7679.513833161006, "mean_schedule_time": 4383.662312309746, "mean_flight_time": 3435.3836445567786, "mean_swap_time": 117.0, "mean_idle_time": 831.2786677529675, "mean_delivery_time": 4597.794451222053, "mean_schedule_distance": 24047.685511897453, "mean_schedule_energy": 2.014299289060398, "mean_number_swaps": 1.95, "drone_utilization": 0.9, "execution_time": 909.1188852787018}