{"completion_time": 5350.10889430245, "mean_schedule_time": 4226.57483643596, "mean_flight_time": 4076.57483643596, "mean_swap_time": 150.0, "mean_idle_time": -9.094947017729282e-13, "mean_delivery_time": 3774.0071783242597, "mean_schedule_distance": 28536.023855051713, "mean_schedule_energy": 2.277035239021926, "mean_number_swaps": 2.5, "drone_utilization": 1.0, "execution_time": 417.69719791412354}