{"completion_time": 18325.44191660737, "mean_schedule_time": 16893.552283702673, "mean_flight_time": 16161.552283702677, "mean_swap_time": 732.0, "mean_idle_time": -3.637978807091713e-12, "mean_delivery_time": 8772.598146804772, "mean_schedule_distance": 113130.86598591867, "mean_schedule_energy": 9.188393970776232, "mean_number_swaps": 12.2, "drone_utilization": 1.0, "execution_time": 9.127115726470947}