{"completion_time": 5975.2442207818785, "mean_schedule_time": 3802.6826437402074, "mean_flight_time": 3672.6826437402083, "mean_swap_time": 130.0, "mean_idle_time": -9.094947017729282e-13, "mean_delivery_time": 4563.219172488249, "mean_schedule_distance": 25708.77850618146, "mean_schedule_energy": 2.192178581792313, "mean_number_swaps": 2.1666666666666665, "drone_utilization": 0.8333333333333334, "execution_time": 0.8149607181549072}