{"completion_time": 9456.446655951671, "mean_schedule_time": 4569.583115651434, "mean_flight_time": 4404.583115651434, "mean_swap_time": 165.0, "mean_idle_time": 0.0, "mean_delivery_time": 3662.141552797663, "mean_schedule_distance": 30832.081809560023, "mean_schedule_energy": 2.606517862365686, "mean_number_swaps": 2.75, "drone_utilization": 1.0, "execution_time": 69.32502460479736}