{"completion_time": 3254.9451779377996, "mean_delivery_time": 2420.596595147091, "total_distance": 549018.4099370103, "consumed_energy": 48.14882729146711, "execution_time": 3935.68545460701}