{"completion_time": 5453.305678201427, "mean_schedule_time": 538.5435044208986, "mean_flight_time": 520.5435044208987, "mean_swap_time": 18.0, "mean_idle_time": -1.1368683772161603e-13, "mean_delivery_time": 3231.2610265253916, "mean_schedule_distance": 3643.804530946291, "mean_schedule_energy": 0.3373080011787606, "mean_number_swaps": 0.3, "drone_utilization": 0.16666666666666666, "total_number_parcel_handover": 0, "mean_number_parcel_handover": 0.0, "execution_time": 3.276606321334839}