{"completion_time": 5977.589306410375, "mean_schedule_time": 1075.2351921083177, "mean_flight_time": 607.773125882272, "mean_swap_time": 15.0, "mean_idle_time": 452.46206622604575, "mean_delivery_time": 3561.843359429616, "mean_schedule_distance": 4254.411881175904, "mean_schedule_energy": 0.3574532803785463, "mean_number_swaps": 0.25, "drone_utilization": 0.3, "execution_time": 4.215767860412598}