{"completion_time": 6111.178371592179, "mean_schedule_time": 4607.7344988815275, "mean_flight_time": 4333.895058593296, "mean_swap_time": 172.0, "mean_idle_time": 101.83944028823134, "mean_delivery_time": 4388.4899390747705, "mean_schedule_distance": 30337.265410153082, "mean_schedule_energy": 2.67297753158251, "mean_number_swaps": 2.8666666666666667, "drone_utilization": 1.0, "execution_time": 195.7586932182312}