{"completion_time": 6081.524795242862, "mean_schedule_time": 5589.387264768944, "mean_flight_time": 5072.365507358155, "mean_swap_time": 165.0, "mean_idle_time": 352.0217574107892, "mean_delivery_time": 5139.198315995914, "mean_schedule_distance": 35506.558551507085, "mean_schedule_energy": 2.8451997162732754, "mean_number_swaps": 2.75, "drone_utilization": 1.0, "total_number_parcel_handover": 3, "mean_number_parcel_handover": 0.6, "execution_time": 13.308607339859009}