{"completion_time": 7561.089906633217, "mean_schedule_time": 6137.143896816446, "mean_flight_time": 5091.651609950502, "mean_swap_time": 198.0, "mean_idle_time": 847.4922868659442, "mean_delivery_time": 5412.885290793584, "mean_schedule_distance": 35641.56126965352, "mean_schedule_energy": 3.0045434137044253, "mean_number_swaps": 3.3, "drone_utilization": 1.0, "execution_time": 7461.739974498749}