{"completion_time": 7923.21313237034, "mean_schedule_time": 5986.54518701853, "mean_flight_time": 5591.206439743908, "mean_swap_time": 198.0, "mean_idle_time": 197.3387472746217, "mean_delivery_time": 5732.195555823357, "mean_schedule_distance": 39138.44507820736, "mean_schedule_energy": 3.014150161582662, "mean_number_swaps": 3.3, "drone_utilization": 0.9, "execution_time": 82.15766429901123}