{"completion_time": 8668.575214638375, "mean_schedule_time": 7229.708236749463, "mean_flight_time": 6952.208236749462, "mean_swap_time": 277.5, "mean_idle_time": 9.094947017729282e-13, "mean_delivery_time": 5141.482693288957, "mean_schedule_distance": 48665.45765724623, "mean_schedule_energy": 4.073295380888895, "mean_number_swaps": 4.625, "drone_utilization": 1.0, "execution_time": 7.501941204071045}