{"completion_time": 2920.307514895762, "mean_schedule_time": 531.9092551802065, "mean_flight_time": 470.3053497403826, "mean_swap_time": 7.2, "mean_idle_time": 54.403905439823916, "mean_delivery_time": 1858.7954817954342, "mean_schedule_distance": 3292.1374481826783, "mean_schedule_energy": 0.27473334618483386, "mean_number_swaps": 0.12, "drone_utilization": 0.28, "execution_time": 7.298014163970947}