{"completion_time": 26594.69974098553, "mean_schedule_time": 18887.580020073274, "mean_flight_time": 18122.58002007327, "mean_swap_time": 765.0, "mean_idle_time": 3.637978807091713e-12, "mean_delivery_time": 10687.626775630228, "mean_schedule_distance": 126858.06014051297, "mean_schedule_energy": 9.808192941674562, "mean_number_swaps": 12.75, "drone_utilization": 1.0, "total_number_parcel_handover": 0, "mean_number_parcel_handover": 0.0, "execution_time": 4.791137456893921}