{"completion_time": 5772.332837192851, "mean_schedule_time": 2511.6514892787195, "mean_flight_time": 2434.1514892787195, "mean_swap_time": 77.5, "mean_idle_time": 0.0, "mean_delivery_time": 3013.981787134463, "mean_schedule_distance": 17039.060424951036, "mean_schedule_energy": 1.4087036163304596, "mean_number_swaps": 1.2916666666666667, "drone_utilization": 0.8333333333333334, "total_number_parcel_handover": 0, "mean_number_parcel_handover": 0.0, "execution_time": 26.29782009124756}