{"completion_time": 8712.92252115942, "mean_delivery_time": 3832.6126897610334, "total_distance": 431891.3639334979, "consumed_energy": 37.071165512586475, "execution_time": 9.108484983444214}