{"completion_time": 16645.845042318837, "mean_schedule_time": 12891.7532552428, "mean_flight_time": 12339.753255242798, "mean_swap_time": 552.0, "mean_idle_time": 1.8189894035458565e-12, "mean_delivery_time": 7375.225379522065, "mean_schedule_distance": 86378.27278669958, "mean_schedule_energy": 7.414233102517295, "mean_number_swaps": 9.2, "drone_utilization": 1.0, "execution_time": 8.361523151397705}