{"completion_time": 4082.946611779765, "mean_delivery_time": 1775.6423297631425, "total_distance": 590985.9398025301, "consumed_energy": 47.611837580750034, "execution_time": 58.44865655899048}