{"completion_time": 4613.345902469695, "mean_schedule_time": 987.6797453891476, "mean_flight_time": 916.5610875651278, "mean_swap_time": 21.818181818181817, "mean_idle_time": 49.300476005837936, "mean_delivery_time": 3246.722750714817, "mean_schedule_distance": 6415.927612955895, "mean_schedule_energy": 0.5164390122357501, "mean_number_swaps": 0.36363636363636365, "drone_utilization": 0.36363636363636365, "execution_time": 71.50214457511902}