{"completion_time": 6072.9644288762365, "mean_schedule_time": 3501.873940283396, "mean_flight_time": 2528.601554208575, "mean_swap_time": 84.0, "mean_idle_time": 889.272386074821, "mean_delivery_time": 4195.512341351463, "mean_schedule_distance": 17700.21087946003, "mean_schedule_energy": 1.5526510502948387, "mean_number_swaps": 1.4, "drone_utilization": 0.85, "execution_time": 1259.6421346664429}