{"completion_time": 4354.475050032027, "mean_schedule_time": 2098.1433590650167, "mean_flight_time": 1853.1689913657542, "mean_swap_time": 42.0, "mean_idle_time": 202.97436769926253, "mean_delivery_time": 3420.0216376054204, "mean_schedule_distance": 12972.18293956028, "mean_schedule_energy": 1.0263071372452717, "mean_number_swaps": 0.7, "drone_utilization": 0.7, "total_number_parcel_handover": 2, "mean_number_parcel_handover": 0.4, "execution_time": 7.456340789794922}