{"completion_time": 10130.11087292085, "mean_schedule_time": 4624.456922213807, "mean_flight_time": 4444.456922213809, "mean_swap_time": 180.0, "mean_idle_time": -1.8189894035458565e-12, "mean_delivery_time": 3876.11355721358, "mean_schedule_distance": 31111.198455496644, "mean_schedule_energy": 2.683496490947978, "mean_number_swaps": 3.0, "drone_utilization": 1.0, "execution_time": 9.428003549575806}