{"completion_time": 5558.0798541160675, "mean_schedule_time": 3494.658641530612, "mean_flight_time": 3176.4837845827005, "mean_swap_time": 103.2, "mean_idle_time": 214.97485694791158, "mean_delivery_time": 3775.7688713827406, "mean_schedule_distance": 22235.386492078895, "mean_schedule_energy": 1.859760218990755, "mean_number_swaps": 1.72, "drone_utilization": 0.88, "execution_time": 528.2458600997925}