{"completion_time": 6547.2636271731335, "mean_schedule_time": 5788.401119305199, "mean_flight_time": 5357.062018652065, "mean_swap_time": 204.0, "mean_idle_time": 227.33910065313466, "mean_delivery_time": 4811.34184846845, "mean_schedule_distance": 37499.43413056448, "mean_schedule_energy": 3.142070670638163, "mean_number_swaps": 3.4, "drone_utilization": 1.0, "execution_time": 89.13944816589355}