{"completion_time": 1960.605729620251, "mean_delivery_time": 1443.0692822083897, "total_distance": 38725.939901834914, "consumed_energy": 2.724758393386463, "execution_time": 0.0024306774139404297}