{"completion_time": 6732.873695741521, "mean_schedule_time": 5944.129611993546, "mean_flight_time": 5498.152612912083, "mean_swap_time": 215.0, "mean_idle_time": 230.97699908146296, "mean_delivery_time": 4217.63207787647, "mean_schedule_distance": 38487.06829038458, "mean_schedule_energy": 3.3139578867858788, "mean_number_swaps": 3.5833333333333335, "drone_utilization": 1.0, "total_number_parcel_handover": 6, "mean_number_parcel_handover": 0.3, "execution_time": 173.74981307983398}