{"completion_time": 12542.79006331944, "mean_schedule_time": 7711.026329840565, "mean_flight_time": 7427.026329840566, "mean_swap_time": 284.0, "mean_idle_time": -9.094947017729282e-13, "mean_delivery_time": 5232.337629655617, "mean_schedule_distance": 51989.184308883945, "mean_schedule_energy": 4.130793100923314, "mean_number_swaps": 4.733333333333333, "drone_utilization": 1.0, "execution_time": 37.686405181884766}