{"completion_time": 16557.19779813327, "mean_schedule_time": 16273.113194515774, "mean_flight_time": 15577.113194515774, "mean_swap_time": 696.0, "mean_idle_time": 0.0, "mean_delivery_time": 8419.690409784558, "mean_schedule_distance": 109039.79236161037, "mean_schedule_energy": 9.177604566678058, "mean_number_swaps": 11.6, "drone_utilization": 1.0, "execution_time": 318.34830117225647}