{"completion_time": 8782.865657322385, "mean_schedule_time": 8170.103586892755, "mean_flight_time": 7755.251924691032, "mean_swap_time": 324.0, "mean_idle_time": 90.85166220172232, "mean_delivery_time": 5268.517419588724, "mean_schedule_distance": 54286.76347283721, "mean_schedule_energy": 4.530822940370543, "mean_number_swaps": 5.4, "drone_utilization": 1.0, "execution_time": 560.5613603591919}