{"completion_time": 3989.27570696154, "mean_schedule_time": 1268.456710426541, "mean_flight_time": 1111.8449032364613, "mean_swap_time": 27.5, "mean_idle_time": 129.11180719007962, "mean_delivery_time": 2813.062862087193, "mean_schedule_distance": 7782.91432265523, "mean_schedule_energy": 0.6459244554442279, "mean_number_swaps": 0.4583333333333333, "drone_utilization": 0.4166666666666667, "total_number_parcel_handover": 5, "mean_number_parcel_handover": 0.5, "execution_time": 177.62021684646606}