{"completion_time": 10056.468442547139, "mean_schedule_time": 8750.301441680613, "mean_flight_time": 7980.761444425759, "mean_swap_time": 320.0, "mean_idle_time": 449.539997254853, "mean_delivery_time": 6018.401020038704, "mean_schedule_distance": 55865.33011098039, "mean_schedule_energy": 4.682413956334141, "mean_number_swaps": 5.333333333333333, "drone_utilization": 1.0, "execution_time": 1853.6403846740723}