{"completion_time": 4144.554196631011, "mean_schedule_time": 1360.5276509313985, "mean_flight_time": 979.6608203319356, "mean_swap_time": 18.75, "mean_idle_time": 362.1168305994629, "mean_delivery_time": 2587.3379934576233, "mean_schedule_distance": 6857.625742323548, "mean_schedule_energy": 0.5886601441788362, "mean_number_swaps": 0.3125, "drone_utilization": 0.5, "execution_time": 35.58096218109131}