{"completion_time": 4013.5163846622927, "mean_delivery_time": 1744.7471422017513, "total_distance": 350104.8369307205, "consumed_energy": 30.458689822812314, "execution_time": 26.48382329940796}