{"1": [{"x": 1, "y": 3, "a": 2, "tau": 829.5586195806177}, {"x": 3, "y": 3, "a": -1, "tau": 889.558619580614}, {"x": 3, "y": 2, "a": 1, "tau": 1359.140820432068}], "2": []}