{"completion_time": 5696.668525920286, "mean_delivery_time": 1997.8885162471693, "total_distance": 677864.2738987339, "consumed_energy": 60.36170812717056, "execution_time": 57.981292724609375}