{"completion_time": 1526.2163282335148, "execution_time": 0.09277772903442383}