{"completion_time": 17035.690615838463, "mean_schedule_time": 16708.09179503953, "mean_flight_time": 15988.091795039534, "mean_swap_time": 720.0, "mean_idle_time": -3.637978807091713e-12, "mean_delivery_time": 8748.46038925677, "mean_schedule_distance": 111916.64256527678, "mean_schedule_energy": 9.09734713876025, "mean_number_swaps": 12.0, "drone_utilization": 1.0, "execution_time": 124.8693196773529}