{"completion_time": 11096.089923512944, "mean_schedule_time": 8460.5746781115, "mean_flight_time": 8118.574678111496, "mean_swap_time": 342.0, "mean_idle_time": 3.637978807091713e-12, "mean_delivery_time": 4932.183298773106, "mean_schedule_distance": 56830.0227467805, "mean_schedule_energy": 4.734692961973027, "mean_number_swaps": 5.7, "drone_utilization": 1.0, "execution_time": 33.8491427898407}