{"completion_time": 5119.682479731215, "mean_schedule_time": 2477.6271729863233, "mean_flight_time": 2243.8884695445727, "mean_swap_time": 76.8, "mean_idle_time": 156.93870344175048, "mean_delivery_time": 3334.140868266482, "mean_schedule_distance": 15707.219286812013, "mean_schedule_energy": 1.3617644721473425, "mean_number_swaps": 1.28, "drone_utilization": 0.72, "execution_time": 135.52372550964355}