{"completion_time": 2612.780531120318, "mean_delivery_time": 2005.5457313376494, "total_distance": 255563.88283959866, "consumed_energy": 20.072558409796954, "execution_time": 131.41059565544128}