{"completion_time": 5105.561062240636, "mean_schedule_time": 3792.75624037159, "mean_flight_time": 3650.9126119942666, "mean_swap_time": 114.0, "mean_idle_time": 27.843628377323512, "mean_delivery_time": 3903.0914626752988, "mean_schedule_distance": 25556.388283959866, "mean_schedule_energy": 2.0072558409796954, "mean_number_swaps": 1.9, "drone_utilization": 0.9, "total_number_parcel_handover": 2, "mean_number_parcel_handover": 0.2, "execution_time": 153.20009541511536}