{"completion_time": 6495.222934160992, "mean_schedule_time": 1312.839795174114, "mean_flight_time": 1276.4112237455424, "mean_swap_time": 36.42857142857143, "mean_idle_time": 2.2737367544323206e-13, "mean_delivery_time": 2578.577704846677, "mean_schedule_distance": 8934.878566218798, "mean_schedule_energy": 0.8566720170098531, "mean_number_swaps": 0.6071428571428571, "drone_utilization": 0.5, "total_number_parcel_handover": 0, "mean_number_parcel_handover": 0.0, "execution_time": 25.08807945251465}