{"completion_time": 11178.23013397084, "mean_schedule_time": 10476.404628291328, "mean_flight_time": 9841.568595117882, "mean_swap_time": 420.0, "mean_idle_time": 214.83603317344568, "mean_delivery_time": 6914.711430017214, "mean_schedule_distance": 68890.98016582515, "mean_schedule_energy": 5.778338230597831, "mean_number_swaps": 7.0, "drone_utilization": 1.0, "execution_time": 935.7324340343475}