{"completion_time": 18001.05377762047, "mean_schedule_time": 17790.46465207618, "mean_flight_time": 17034.46465207619, "mean_swap_time": 756.0, "mean_idle_time": -7.275957614183426e-12, "mean_delivery_time": 8887.15748078225, "mean_schedule_distance": 119241.25256453318, "mean_schedule_energy": 9.782017878128112, "mean_number_swaps": 12.6, "drone_utilization": 1.0, "execution_time": 505.0269911289215}