{"completion_time": 6615.470858234135, "mean_schedule_time": 3347.7989705684427, "mean_flight_time": 3234.9989705684434, "mean_swap_time": 112.8, "mean_idle_time": -9.094947017729282e-13, "mean_delivery_time": 3173.863504819089, "mean_schedule_distance": 22644.9927939791, "mean_schedule_energy": 1.9543589357071682, "mean_number_swaps": 1.88, "drone_utilization": 0.96, "execution_time": 58.53662610054016}