{"completion_time": 3822.0965779142043, "mean_delivery_time": 2247.0756934503493, "total_distance": 813843.4087841546, "consumed_energy": 65.34374726678483, "execution_time": 839.9496734142303}