{"completion_time": 3892.7949729525462, "mean_schedule_time": 1730.425242751276, "mean_flight_time": 1420.0474321318022, "mean_swap_time": 38.57142857142857, "mean_idle_time": 271.8063820480452, "mean_delivery_time": 3296.440117766474, "mean_schedule_distance": 9940.332024922618, "mean_schedule_energy": 0.8356361418602619, "mean_number_swaps": 0.6428571428571429, "drone_utilization": 0.5714285714285714, "total_number_parcel_handover": 5, "mean_number_parcel_handover": 1.0, "execution_time": 44.48348331451416}