{"completion_time": 2957.8883957281782, "mean_delivery_time": 2059.2923044012023, "total_distance": 212735.0590417183, "consumed_energy": 16.710473909292446, "execution_time": 1.3524253368377686}