{"completion_time": 5651.17274457971, "mean_schedule_time": 5018.63451618575, "mean_flight_time": 4621.0665910982125, "mean_swap_time": 156.0, "mean_idle_time": 241.56792508753733, "mean_delivery_time": 4805.948449354321, "mean_schedule_distance": 32347.466137687497, "mean_schedule_energy": 2.5654080581089684, "mean_number_swaps": 2.6, "drone_utilization": 1.0, "execution_time": 1475.4822726249695}