{"completion_time": 4674.073841369784, "mean_schedule_time": 2076.6240005646923, "mean_flight_time": 1745.5855436444988, "mean_swap_time": 43.333333333333336, "mean_idle_time": 287.7051235868603, "mean_delivery_time": 3370.4533174452686, "mean_schedule_distance": 12219.098805511487, "mean_schedule_energy": 0.9434295624744371, "mean_number_swaps": 0.7222222222222222, "drone_utilization": 0.6111111111111112, "execution_time": 107.66740393638611}