{"completion_time": 2920.307514895762, "mean_schedule_time": 267.96327080863773, "mean_flight_time": 182.16493125933542, "mean_swap_time": 0.0, "mean_idle_time": 85.79833954930231, "mean_delivery_time": 2277.061640741693, "mean_schedule_distance": 1275.154518815348, "mean_schedule_energy": 0.08945103979461778, "mean_number_swaps": 0.0, "drone_utilization": 0.12, "execution_time": 3.54795241355896}