{"1": [], "2": [], "3": [], "4": [], "5": [], "6": [], "7": [{"x": 8, "y": 3, "a": 2, "tau": 1633.8157665876238}], "8": [], "9": [], "10": [], "11": [], "12": [], "13": [], "14": [], "15": [], "16": [], "17": [], "18": [], "19": [], "20": [{"x": 14, "y": 5, "a": 1, "tau": 2144.9584887325577}], "21": [], "22": [], "23": [], "24": [], "25": [{"x": 5, "y": 3, "a": 1, "tau": 2920.307514895762}]}