{"completion_time": 5035.295786756765, "mean_delivery_time": 1943.786658023287, "total_distance": 690647.1536843643, "consumed_energy": 60.49031913133679, "execution_time": 72.19558787345886}