{"completion_time": 1331.8963641835974, "execution_time": 7200.177609920502}