{"completion_time": 21464.995027100886, "mean_delivery_time": 8549.702547618752, "total_distance": 531233.5560141103, "consumed_energy": 44.19727938311182, "execution_time": 1.8334732055664062}