{"completion_time": 6419.790172960004, "mean_schedule_time": 1508.598152026839, "mean_flight_time": 1083.4405562561767, "mean_swap_time": 27.0, "mean_idle_time": 398.1575957706623, "mean_delivery_time": 4493.050388115704, "mean_schedule_distance": 7584.083893793238, "mean_schedule_energy": 0.5439721208919844, "mean_number_swaps": 0.45, "drone_utilization": 0.35, "execution_time": 15.913812398910522}