{"completion_time": 4918.942816581472, "mean_schedule_time": 1642.9752732540694, "mean_flight_time": 1487.4201247958313, "mean_swap_time": 43.2, "mean_idle_time": 112.35514845823809, "mean_delivery_time": 3438.866442746964, "mean_schedule_distance": 10411.940873570815, "mean_schedule_energy": 0.8536305721104855, "mean_number_swaps": 0.72, "drone_utilization": 0.48, "execution_time": 174.44694352149963}