{"completion_time": 23797.050997495815, "mean_schedule_time": 23172.14018745011, "mean_flight_time": 22058.553482059557, "mean_swap_time": 1008.0, "mean_idle_time": 105.5867053905531, "mean_delivery_time": 11358.700621042923, "mean_schedule_distance": 154409.87437441692, "mean_schedule_energy": 12.724231613960121, "mean_number_swaps": 16.8, "drone_utilization": 1.0, "execution_time": 1690.3171617984772}