{"completion_time": 4786.557636547126, "mean_schedule_time": 3766.2307034702126, "mean_flight_time": 3638.730703470212, "mean_swap_time": 127.5, "mean_idle_time": 4.547473508864641e-13, "mean_delivery_time": 3511.7976729021625, "mean_schedule_distance": 25471.11492429148, "mean_schedule_energy": 2.108188716645927, "mean_number_swaps": 2.125, "drone_utilization": 0.9375, "execution_time": 178.55262923240662}