{"completion_time": 5165.407712580159, "mean_schedule_time": 3560.0413822265004, "mean_flight_time": 3296.0106145735476, "mean_swap_time": 103.2, "mean_idle_time": 160.830767652953, "mean_delivery_time": 4167.217121722019, "mean_schedule_distance": 23072.074302014822, "mean_schedule_energy": 1.8454137625121418, "mean_number_swaps": 1.72, "drone_utilization": 0.84, "execution_time": 418.59107661247253}