{"completion_time": 29834.586726576566, "mean_schedule_time": 29555.680620834868, "mean_flight_time": 27631.994190299232, "mean_swap_time": 1215.0, "mean_idle_time": 708.6864305356357, "mean_delivery_time": 14218.868219290536, "mean_schedule_distance": 193423.95933209447, "mean_schedule_energy": 15.698635809759079, "mean_number_swaps": 20.25, "drone_utilization": 1.0, "execution_time": 264.3261761665344}