{"completion_time": 6167.487238987023, "mean_delivery_time": 3394.6125956004557, "total_distance": 598557.9020377038, "consumed_energy": 50.60536616394343, "execution_time": 1013.8758065700531}