{"completion_time": 8988.262764986728, "mean_schedule_time": 5550.415462127131, "mean_flight_time": 4384.479816581051, "mean_swap_time": 172.5, "mean_idle_time": 993.4356455460802, "mean_delivery_time": 5420.506374510984, "mean_schedule_distance": 30691.358716067363, "mean_schedule_energy": 2.56894351471732, "mean_number_swaps": 2.875, "drone_utilization": 1.0, "total_number_parcel_handover": 16, "mean_number_parcel_handover": 0.64, "execution_time": 839.6008915901184}