{"completion_time": 3823.783955198057, "mean_delivery_time": 1951.1863679469407, "total_distance": 453647.3686424064, "consumed_energy": 40.542396745793845, "execution_time": 424.28218936920166}