{"completion_time": 7527.567910396114, "mean_schedule_time": 3779.531791283799, "mean_flight_time": 3240.33834744576, "mean_swap_time": 117.0, "mean_idle_time": 422.193443838039, "mean_delivery_time": 3794.3727358938813, "mean_schedule_distance": 22682.36843212032, "mean_schedule_energy": 2.027119837289692, "mean_number_swaps": 1.95, "drone_utilization": 0.95, "total_number_parcel_handover": 6, "mean_number_parcel_handover": 0.3, "execution_time": 949.185784816742}