{"completion_time": 5145.584428208684, "mean_schedule_time": 1770.578221566851, "mean_flight_time": 1526.8540314413633, "mean_swap_time": 50.76923076923077, "mean_idle_time": 192.95495935625695, "mean_delivery_time": 3731.3090107597936, "mean_schedule_distance": 10687.978220089544, "mean_schedule_energy": 0.9279545670516378, "mean_number_swaps": 0.8461538461538461, "drone_utilization": 0.5, "total_number_parcel_handover": 3, "mean_number_parcel_handover": 0.3, "execution_time": 58.52768349647522}