{"completion_time": 4029.571358597156, "mean_schedule_time": 411.2618396219726, "mean_flight_time": 399.2618396219725, "mean_swap_time": 12.0, "mean_idle_time": 1.1368683772161603e-13, "mean_delivery_time": 2570.386497637329, "mean_schedule_distance": 2794.8328773538083, "mean_schedule_energy": 0.26768747758512623, "mean_number_swaps": 0.2, "drone_utilization": 0.16, "execution_time": 2.2419378757476807}