{"completion_time": 7467.567910396114, "mean_schedule_time": 1394.0672847668231, "mean_flight_time": 943.7219838977968, "mean_swap_time": 30.0, "mean_idle_time": 420.34530086902635, "mean_delivery_time": 4661.920124283743, "mean_schedule_distance": 6606.053887284579, "mean_schedule_energy": 0.6015040215842652, "mean_number_swaps": 0.5, "drone_utilization": 0.3333333333333333, "total_number_parcel_handover": 7, "mean_number_parcel_handover": 1.4, "execution_time": 108.11939787864685}