{"completion_time": 3231.8259662010573, "mean_delivery_time": 1840.9195554975747, "total_distance": 475547.1550119965, "consumed_energy": 40.494149057674974, "execution_time": 41.035003662109375}