{"completion_time": 6510.79169866831, "mean_schedule_time": 5678.506248489695, "mean_flight_time": 5423.97097367642, "mean_swap_time": 216.0, "mean_idle_time": 38.535274813275464, "mean_delivery_time": 4333.2662086606515, "mean_schedule_distance": 37967.79681573495, "mean_schedule_energy": 3.264813224509532, "mean_number_swaps": 3.6, "drone_utilization": 1.0, "execution_time": 1275.3434824943542}