{"completion_time": 7601.275160912158, "mean_schedule_time": 3294.8340865271402, "mean_flight_time": 3194.0340865271414, "mean_swap_time": 100.8, "mean_idle_time": -1.3642420526593924e-12, "mean_delivery_time": 3817.5686186391554, "mean_schedule_distance": 22358.238605689985, "mean_schedule_energy": 1.8109304018082253, "mean_number_swaps": 1.68, "drone_utilization": 0.84, "execution_time": 37.189858198165894}