{"completion_time": 9053.578878568698, "mean_schedule_time": 8693.770014265276, "mean_flight_time": 8010.48814891057, "mean_swap_time": 322.5, "mean_idle_time": 360.7818653547056, "mean_delivery_time": 6129.3044075997705, "mean_schedule_distance": 56073.41704237398, "mean_schedule_energy": 4.540216498867982, "mean_number_swaps": 5.375, "drone_utilization": 1.0, "execution_time": 2217.794730424881}