{"completion_time": 4581.376767658258, "mean_schedule_time": 1058.8853206580943, "mean_flight_time": 875.0671091244997, "mean_swap_time": 21.0, "mean_idle_time": 162.81821153359465, "mean_delivery_time": 2417.4005138900443, "mean_schedule_distance": 6125.469763871498, "mean_schedule_energy": 0.5307228552626624, "mean_number_swaps": 0.35, "drone_utilization": 0.4, "execution_time": 7.933809757232666}