{"completion_time": 17757.33375647503, "mean_schedule_time": 17599.454779999858, "mean_flight_time": 16816.751124951927, "mean_swap_time": 710.0, "mean_idle_time": 72.70365504793153, "mean_delivery_time": 9801.239289023424, "mean_schedule_distance": 117717.25787466345, "mean_schedule_energy": 9.02317524402058, "mean_number_swaps": 11.833333333333334, "drone_utilization": 1.0, "execution_time": 849.7844173908234}