{"completion_time": 5510.3384504273145, "mean_schedule_time": 1477.8744865701397, "mean_flight_time": 1417.8744865701397, "mean_swap_time": 60.0, "mean_idle_time": 0.0, "mean_delivery_time": 3694.686216425349, "mean_schedule_distance": 9925.121405990978, "mean_schedule_energy": 0.8904988741892883, "mean_number_swaps": 1.0, "drone_utilization": 0.4, "execution_time": 0.906980037689209}