{"completion_time": 7386.693867246942, "mean_schedule_time": 2118.2896195472704, "mean_flight_time": 2046.2896195472701, "mean_swap_time": 72.0, "mean_idle_time": 0.0, "mean_delivery_time": 4293.851711509683, "mean_schedule_distance": 14324.02733683089, "mean_schedule_energy": 1.155370680725013, "mean_number_swaps": 1.2, "drone_utilization": 0.4666666666666667, "execution_time": 4.989126682281494}