{"completion_time": 9765.527176977399, "mean_schedule_time": 4539.615531319044, "mean_flight_time": 4383.615531319044, "mean_swap_time": 156.0, "mean_idle_time": 0.0, "mean_delivery_time": 4120.751810241397, "mean_schedule_distance": 30685.308719233297, "mean_schedule_energy": 2.680533257594901, "mean_number_swaps": 2.6, "drone_utilization": 1.0, "execution_time": 5.261246204376221}