{"completion_time": 21480.576617035913, "mean_schedule_time": 14575.592397556413, "mean_flight_time": 13955.592397556413, "mean_swap_time": 620.0, "mean_idle_time": 0.0, "mean_delivery_time": 7474.25686097711, "mean_schedule_distance": 97689.14678289487, "mean_schedule_energy": 8.368165380503372, "mean_number_swaps": 10.333333333333334, "drone_utilization": 1.0, "execution_time": 11.729578495025635}