{"completion_time": 4595.831213201423, "mean_schedule_time": 521.0870030371035, "mean_flight_time": 320.7559226301925, "mean_swap_time": 7.2, "mean_idle_time": 193.131080406911, "mean_delivery_time": 3649.006878279779, "mean_schedule_distance": 2245.291458411348, "mean_schedule_energy": 0.16840372560877043, "mean_number_swaps": 0.12, "drone_utilization": 0.16, "execution_time": 2.034757137298584}