{"completion_time": 5349.1256941373185, "mean_schedule_time": 4386.903544884019, "mean_flight_time": 4226.876322273856, "mean_swap_time": 140.0, "mean_idle_time": 20.027222610162426, "mean_delivery_time": 4362.272912030958, "mean_schedule_distance": 29588.134255916986, "mean_schedule_energy": 2.3137251721012273, "mean_number_swaps": 2.3333333333333335, "drone_utilization": 1.0, "execution_time": 54.15920877456665}