{"completion_time": 4250.884988707265, "mean_delivery_time": 3189.2070463378086, "total_distance": 308411.4630882373, "consumed_energy": 26.01097199153078, "execution_time": 664.044182062149}