{"completion_time": 9935.294574564554, "mean_schedule_time": 5827.0884162550865, "mean_flight_time": 5599.088416255087, "mean_swap_time": 228.0, "mean_idle_time": -9.094947017729282e-13, "mean_delivery_time": 4495.869343768775, "mean_schedule_distance": 39193.6189137856, "mean_schedule_energy": 3.170364636307911, "mean_number_swaps": 3.8, "drone_utilization": 1.0, "execution_time": 2.0498805046081543}