{"completion_time": 9849.5945687521, "mean_schedule_time": 9706.538171778517, "mean_flight_time": 9062.30044192778, "mean_swap_time": 375.0, "mean_idle_time": 269.2377298507363, "mean_delivery_time": 6034.759989058119, "mean_schedule_distance": 63436.103093494465, "mean_schedule_energy": 5.1826011673006205, "mean_number_swaps": 6.25, "drone_utilization": 1.0, "total_number_parcel_handover": 6, "mean_number_parcel_handover": 0.3, "execution_time": 404.3066072463989}