{"completion_time": 2732.5889031082393, "mean_delivery_time": 2022.4500079160482, "total_distance": 464778.9690761829, "consumed_energy": 38.66802970399617, "execution_time": 274.18213534355164}