{"completion_time": 6079.767562679016, "mean_schedule_time": 5037.093535718831, "mean_flight_time": 4758.865864919448, "mean_swap_time": 157.5, "mean_idle_time": 120.7276707993833, "mean_delivery_time": 4407.710875908351, "mean_schedule_distance": 33312.06105443614, "mean_schedule_energy": 2.5606661942517244, "mean_number_swaps": 2.625, "drone_utilization": 1.0, "total_number_parcel_handover": 5, "mean_number_parcel_handover": 0.5, "execution_time": 87.90790224075317}