{"completion_time": 4553.960279003043, "mean_delivery_time": 2471.999262063756, "total_distance": 825900.2823814556, "consumed_energy": 66.6107184603468, "execution_time": 2287.630058526993}