{"completion_time": 5159.511126742337, "mean_delivery_time": 3189.904304575271, "total_distance": 376590.05866287585, "consumed_energy": 32.14832048827638, "execution_time": 271.9720084667206}