{"completion_time": 2389.54507958386, "execution_time": 2.147207260131836}