{"completion_time": 15856.547689878567, "mean_schedule_time": 15532.381691569484, "mean_flight_time": 14727.714422688636, "mean_swap_time": 690.0, "mean_idle_time": 114.6672688808485, "mean_delivery_time": 8290.179334573417, "mean_schedule_distance": 103094.00095882046, "mean_schedule_energy": 8.78210000919489, "mean_number_swaps": 11.5, "drone_utilization": 1.0, "execution_time": 222.8317165374756}