{"completion_time": 12336.200747873452, "mean_schedule_time": 11554.548404331112, "mean_flight_time": 10612.79451091981, "mean_swap_time": 457.5, "mean_idle_time": 484.25389341130176, "mean_delivery_time": 7276.784584778402, "mean_schedule_distance": 74289.56157643863, "mean_schedule_energy": 6.15793842370298, "mean_number_swaps": 7.625, "drone_utilization": 1.0, "execution_time": 373.7449743747711}