{"completion_time": 5612.954058442756, "mean_schedule_time": 3371.7777167037284, "mean_flight_time": 2946.6491023025255, "mean_swap_time": 93.0, "mean_idle_time": 332.12861440120287, "mean_delivery_time": 3488.7777525383394, "mean_schedule_distance": 20626.543716117674, "mean_schedule_energy": 1.7125507759929302, "mean_number_swaps": 1.55, "drone_utilization": 0.95, "execution_time": 179.20058941841125}