{"completion_time": 14627.34446917537, "mean_schedule_time": 12221.798711477297, "mean_flight_time": 11584.027698439992, "mean_swap_time": 468.0, "mean_idle_time": 169.77101303730524, "mean_delivery_time": 7572.2042626887705, "mean_schedule_distance": 81088.19388907994, "mean_schedule_energy": 6.4556146806840715, "mean_number_swaps": 7.8, "drone_utilization": 1.0, "execution_time": 35.35324811935425}