{"completion_time": 9419.979412595298, "mean_schedule_time": 8929.397957014937, "mean_flight_time": 8433.417249285727, "mean_swap_time": 352.5, "mean_idle_time": 143.48070772920983, "mean_delivery_time": 6274.895752216196, "mean_schedule_distance": 59033.9207450001, "mean_schedule_energy": 4.940362624784778, "mean_number_swaps": 5.875, "drone_utilization": 1.0, "execution_time": 4454.410694122314}