{"completion_time": 8988.262764986728, "mean_schedule_time": 1766.6780988422108, "mean_flight_time": 949.9521940801313, "mean_swap_time": 21.428571428571427, "mean_idle_time": 795.297333333508, "mean_delivery_time": 3783.964011342454, "mean_schedule_distance": 6649.665358560918, "mean_schedule_energy": 0.5395559603635307, "mean_number_swaps": 0.35714285714285715, "drone_utilization": 0.39285714285714285, "execution_time": 670.159006357193}