{"completion_time": 4385.970175302137, "mean_schedule_time": 2223.878072160225, "mean_flight_time": 2045.7896216994443, "mean_swap_time": 57.27272727272727, "mean_idle_time": 120.81572318805365, "mean_delivery_time": 3029.510534199815, "mean_schedule_distance": 14320.527351896106, "mean_schedule_energy": 1.149946678815444, "mean_number_swaps": 0.9545454545454546, "drone_utilization": 0.7272727272727273, "total_number_parcel_handover": 4, "mean_number_parcel_handover": 0.26666666666666666, "execution_time": 111.26884651184082}