{"completion_time": 6109.988832575049, "mean_schedule_time": 3329.4091372069424, "mean_flight_time": 2665.133111567715, "mean_swap_time": 72.0, "mean_idle_time": 592.2760256392276, "mean_delivery_time": 5277.997899909931, "mean_schedule_distance": 18655.93178097401, "mean_schedule_energy": 1.3353084807824314, "mean_number_swaps": 1.2, "drone_utilization": 0.7, "execution_time": 40.92714500427246}