{"completion_time": 2161.5388731157377, "execution_time": 0.3169891834259033}