{"completion_time": 3056.8648010129386, "execution_time": 0.18782663345336914}