{"completion_time": 10774.308256144932, "mean_schedule_time": 10506.78725218055, "mean_flight_time": 10086.787252180551, "mean_swap_time": 420.0, "mean_idle_time": -1.8189894035458565e-12, "mean_delivery_time": 7415.9665224947385, "mean_schedule_distance": 70607.51076526385, "mean_schedule_energy": 5.807134443534459, "mean_number_swaps": 7.0, "drone_utilization": 1.0, "execution_time": 0.9320869445800781}