{"completion_time": 6314.649641459926, "mean_schedule_time": 4520.802906097849, "mean_flight_time": 4231.513329944939, "mean_swap_time": 135.0, "mean_idle_time": 154.28957615290983, "mean_delivery_time": 4013.031221802852, "mean_schedule_distance": 29620.593309614567, "mean_schedule_energy": 2.364356564842238, "mean_number_swaps": 2.25, "drone_utilization": 1.0, "execution_time": 585.9799110889435}