{"completion_time": 12941.591646038914, "mean_schedule_time": 9456.129835556896, "mean_flight_time": 9084.129835556894, "mean_swap_time": 372.0, "mean_idle_time": 1.8189894035458565e-12, "mean_delivery_time": 5974.364531446219, "mean_schedule_distance": 63588.90884889827, "mean_schedule_energy": 5.29728952475309, "mean_number_swaps": 6.2, "drone_utilization": 1.0, "execution_time": 27.24998426437378}