{"completion_time": 4595.831213201423, "mean_schedule_time": 974.1243302638732, "mean_flight_time": 711.7104797552345, "mean_swap_time": 21.0, "mean_idle_time": 241.4138505086387, "mean_delivery_time": 3438.331321477358, "mean_schedule_distance": 4981.973358286641, "mean_schedule_energy": 0.43711192435261825, "mean_number_swaps": 0.35, "drone_utilization": 0.3, "execution_time": 6.095292329788208}