{"completion_time": 3935.371181964723, "mean_delivery_time": 2528.810301587102, "total_distance": 433105.86183792347, "consumed_energy": 33.84280876363183, "execution_time": 961.7863495349884}