{"completion_time": 3571.56130960206, "mean_schedule_time": 1090.6556466335635, "mean_flight_time": 915.3628789286512, "mean_swap_time": 16.363636363636363, "mean_idle_time": 158.92913134127593, "mean_delivery_time": 2960.4531377853964, "mean_schedule_distance": 6407.540152500557, "mean_schedule_energy": 0.5362802286738785, "mean_number_swaps": 0.2727272727272727, "drone_utilization": 0.45454545454545453, "execution_time": 129.6403329372406}