{"completion_time": 29332.276705149223, "mean_schedule_time": 28837.403819733107, "mean_flight_time": 27577.403819733117, "mean_swap_time": 1260.0, "mean_idle_time": -1.0913936421275139e-11, "mean_delivery_time": 13767.608494149577, "mean_schedule_distance": 193041.8267381318, "mean_schedule_energy": 15.547858507658344, "mean_number_swaps": 21.0, "drone_utilization": 1.0, "total_number_parcel_handover": 1, "mean_number_parcel_handover": 0.04, "execution_time": 203.17605423927307}