{"completion_time": 5489.670378377339, "mean_schedule_time": 1527.9334442703662, "mean_flight_time": 1479.9334442703664, "mean_swap_time": 48.0, "mean_idle_time": -2.2737367544323206e-13, "mean_delivery_time": 3819.8336106759157, "mean_schedule_distance": 10359.534109892562, "mean_schedule_energy": 0.8793647197329528, "mean_number_swaps": 0.8, "drone_utilization": 0.4, "execution_time": 0.5571668148040771}