{"completion_time": 2093.6667016876027, "execution_time": 0.1229245662689209}