{"completion_time": 4059.72802380329, "mean_delivery_time": 3304.2777265244085, "total_distance": 165913.2629627699, "consumed_energy": 12.9402446065878, "execution_time": 6.700803756713867}