{"completion_time": 11618.63357991676, "mean_schedule_time": 11095.110160550794, "mean_flight_time": 10124.743059605093, "mean_swap_time": 440.0, "mean_idle_time": 530.3671009457012, "mean_delivery_time": 6011.165705413685, "mean_schedule_distance": 70873.20141723561, "mean_schedule_energy": 5.684750921407567, "mean_number_swaps": 7.333333333333333, "drone_utilization": 1.0, "total_number_parcel_handover": 5, "mean_number_parcel_handover": 0.25, "execution_time": 628.8505997657776}