{"completion_time": 16312.82110607076, "mean_schedule_time": 15887.97928098649, "mean_flight_time": 14942.965525391171, "mean_swap_time": 700.0, "mean_idle_time": 245.0137555953188, "mean_delivery_time": 8758.924936509558, "mean_schedule_distance": 104600.75867773825, "mean_schedule_energy": 8.73763371651116, "mean_number_swaps": 11.666666666666666, "drone_utilization": 1.0, "total_number_parcel_handover": 3, "mean_number_parcel_handover": 0.15, "execution_time": 889.2342429161072}