{"completion_time": 12121.887934410908, "mean_schedule_time": 5114.928569093907, "mean_flight_time": 4937.328569093903, "mean_swap_time": 177.6, "mean_idle_time": 3.637978807091713e-12, "mean_delivery_time": 4783.810688221429, "mean_schedule_distance": 34561.29998365738, "mean_schedule_energy": 2.8685370279042286, "mean_number_swaps": 2.96, "drone_utilization": 1.0, "execution_time": 47.53082895278931}