{"completion_time": 13367.194492533466, "mean_schedule_time": 12827.48192499282, "mean_flight_time": 12153.621142414728, "mean_swap_time": 560.0, "mean_idle_time": 113.86078257809277, "mean_delivery_time": 6915.257895732435, "mean_schedule_distance": 85075.34799690313, "mean_schedule_energy": 7.596025533480862, "mean_number_swaps": 9.333333333333334, "drone_utilization": 1.0, "execution_time": 821.1558239459991}