{"completion_time": 5820.8269724138045, "mean_schedule_time": 4082.959698915103, "mean_flight_time": 3679.072215492541, "mean_swap_time": 132.0, "mean_idle_time": 271.8874834225621, "mean_delivery_time": 3714.522585390456, "mean_schedule_distance": 25753.505508447797, "mean_schedule_energy": 2.333167062270244, "mean_number_swaps": 2.2, "drone_utilization": 1.0, "execution_time": 350.50168442726135}