{"completion_time": 11366.044350475306, "mean_schedule_time": 10640.110300504732, "mean_flight_time": 10200.11030050473, "mean_swap_time": 440.0, "mean_idle_time": 1.8189894035458565e-12, "mean_delivery_time": 6842.0193123611225, "mean_schedule_distance": 71400.77210353313, "mean_schedule_energy": 6.013074208189754, "mean_number_swaps": 7.333333333333333, "drone_utilization": 1.0, "execution_time": 218.36023783683777}