{"completion_time": 7402.193840879126, "mean_schedule_time": 4041.3543854668706, "mean_flight_time": 2712.9931837650392, "mean_swap_time": 78.0, "mean_idle_time": 1250.3612017018313, "mean_delivery_time": 4398.592130280718, "mean_schedule_distance": 18990.952286355277, "mean_schedule_energy": 1.6924392641634913, "mean_number_swaps": 1.3, "drone_utilization": 0.9, "total_number_parcel_handover": 6, "mean_number_parcel_handover": 1.2, "execution_time": 95.5046546459198}