{"completion_time": 5777.685637120938, "mean_schedule_time": 2892.8242727008083, "mean_flight_time": 2798.538558415094, "mean_swap_time": 94.28571428571429, "mean_idle_time": 0.0, "mean_delivery_time": 2967.1204566238966, "mean_schedule_distance": 19589.76990890566, "mean_schedule_energy": 1.615331711944091, "mean_number_swaps": 1.5714285714285714, "drone_utilization": 0.7857142857142857, "total_number_parcel_handover": 0, "mean_number_parcel_handover": 0.0, "execution_time": 15.418147563934326}