{"completion_time": 5191.772153251459, "mean_schedule_time": 3387.9840462476354, "mean_flight_time": 2989.7477444616775, "mean_swap_time": 98.4, "mean_idle_time": 299.83630178595786, "mean_delivery_time": 3488.2802612121736, "mean_schedule_distance": 20928.23421123174, "mean_schedule_energy": 1.7157002988509868, "mean_number_swaps": 1.64, "drone_utilization": 0.88, "execution_time": 825.7802593708038}