{"completion_time": 6416.442178128645, "mean_delivery_time": 3464.7685682272886, "total_distance": 395304.0595366245, "consumed_energy": 33.924966403588044, "execution_time": 1041.779504776001}