{"completion_time": 3920.5081124816375, "mean_delivery_time": 2630.996932480732, "total_distance": 629420.3016025015, "consumed_energy": 51.25386977411447, "execution_time": 295.84586668014526}