{"completion_time": 6457.091060617488, "mean_schedule_time": 1270.0235135005353, "mean_flight_time": 770.0756196284291, "mean_swap_time": 18.46153846153846, "mean_idle_time": 481.48635541056774, "mean_delivery_time": 3803.7825050328693, "mean_schedule_distance": 5390.529337399005, "mean_schedule_energy": 0.446448945853011, "mean_number_swaps": 0.3076923076923077, "drone_utilization": 0.34615384615384615, "execution_time": 66.1973922252655}