{"completion_time": 12705.891018726525, "mean_schedule_time": 12130.679578329109, "mean_flight_time": 11375.243113038721, "mean_swap_time": 480.0, "mean_idle_time": 275.4364652903878, "mean_delivery_time": 7259.332830979221, "mean_schedule_distance": 79626.70179127112, "mean_schedule_energy": 6.332018379656412, "mean_number_swaps": 8.0, "drone_utilization": 1.0, "total_number_parcel_handover": 3, "mean_number_parcel_handover": 0.15, "execution_time": 1221.2099609375}