{"completion_time": 6256.981533978267, "mean_schedule_time": 4502.073507503366, "mean_flight_time": 4238.09578091014, "mean_swap_time": 161.25, "mean_idle_time": 102.72772659322618, "mean_delivery_time": 4115.837439050445, "mean_schedule_distance": 29666.670466370982, "mean_schedule_energy": 2.5573408241592923, "mean_number_swaps": 2.6875, "drone_utilization": 1.0, "execution_time": 278.5165605545044}