{"completion_time": 6262.374303649753, "mean_schedule_time": 5341.702919780947, "mean_flight_time": 4765.187459730414, "mean_swap_time": 180.0, "mean_idle_time": 396.51546005053297, "mean_delivery_time": 4305.975483424646, "mean_schedule_distance": 33356.31221811293, "mean_schedule_energy": 2.826713524793095, "mean_number_swaps": 3.0, "drone_utilization": 1.0, "execution_time": 180.9264178276062}