{"completion_time": 7067.24347955588, "mean_schedule_time": 3244.305848164752, "mean_flight_time": 3143.5058481647516, "mean_swap_time": 100.8, "mean_idle_time": 4.547473508864641e-13, "mean_delivery_time": 3379.4852585049503, "mean_schedule_distance": 22004.540937153262, "mean_schedule_energy": 1.7904524507952884, "mean_number_swaps": 1.68, "drone_utilization": 0.96, "execution_time": 74.51469850540161}