{"completion_time": 7132.4170513423505, "mean_delivery_time": 2551.6146057608958, "total_distance": 751915.1131251815, "consumed_energy": 61.58879303710525, "execution_time": 37.417227029800415}