{"completion_time": 13604.834102684701, "mean_schedule_time": 7453.096315477922, "mean_flight_time": 7161.09631547792, "mean_swap_time": 292.0, "mean_idle_time": 1.8189894035458565e-12, "mean_delivery_time": 4925.2292115217915, "mean_schedule_distance": 50127.67420834544, "mean_schedule_energy": 4.105919535807017, "mean_number_swaps": 4.866666666666666, "drone_utilization": 1.0, "execution_time": 48.69845962524414}