{"completion_time": 11046.920143710016, "mean_delivery_time": 5238.572316879231, "total_distance": 553231.2365769525, "consumed_energy": 45.74413829457064, "execution_time": 488.9820866584778}