{"completion_time": 21313.840287420033, "mean_schedule_time": 21059.67090450497, "mean_flight_time": 19758.25844917688, "mean_swap_time": 885.0, "mean_idle_time": 416.412455328089, "mean_delivery_time": 10173.42712482408, "mean_schedule_distance": 138307.80914423813, "mean_schedule_energy": 11.43603457364266, "mean_number_swaps": 14.75, "drone_utilization": 1.0, "total_number_parcel_handover": 2, "mean_number_parcel_handover": 0.1, "execution_time": 718.5510601997375}