{"completion_time": 1124.7476138421512, "execution_time": 0.1997389793395996}