{"completion_time": 5707.741501896444, "mean_delivery_time": 3344.983834776214, "total_distance": 419888.92148671456, "consumed_energy": 32.75011138877325, "execution_time": 675.3081555366516}