{"completion_time": 3763.783955198057, "mean_delivery_time": 2076.0015498337175, "total_distance": 421734.7743406477, "consumed_energy": 37.53401623607994, "execution_time": 490.0070171356201}