{"completion_time": 6480.536112224208, "mean_schedule_time": 1623.7975461393605, "mean_flight_time": 1573.79754613936, "mean_swap_time": 50.0, "mean_idle_time": 4.547473508864641e-13, "mean_delivery_time": 3897.114110734465, "mean_schedule_distance": 11016.582822975523, "mean_schedule_energy": 0.9078933616702353, "mean_number_swaps": 0.8333333333333334, "drone_utilization": 0.4166666666666667, "total_number_parcel_handover": 0, "mean_number_parcel_handover": 0.0, "execution_time": 1.5856773853302002}