{"completion_time": 16786.185112760508, "mean_schedule_time": 11595.921791118955, "mean_flight_time": 11121.921791118959, "mean_swap_time": 474.0, "mean_idle_time": -3.637978807091713e-12, "mean_delivery_time": 6922.111588679918, "mean_schedule_distance": 77853.45253783267, "mean_schedule_energy": 6.477901721510382, "mean_number_swaps": 7.9, "drone_utilization": 1.0, "execution_time": 20.054199695587158}