{"completion_time": 14454.491885388317, "mean_schedule_time": 14348.465429278409, "mean_flight_time": 13611.244220748393, "mean_swap_time": 570.0, "mean_idle_time": 167.22120853001616, "mean_delivery_time": 8369.39733927162, "mean_schedule_distance": 95278.70954523869, "mean_schedule_energy": 7.2603597723676545, "mean_number_swaps": 9.5, "drone_utilization": 1.0, "execution_time": 471.1926918029785}