{"completion_time": 5891.991665283369, "mean_schedule_time": 4211.632029476352, "mean_flight_time": 4065.3820294763495, "mean_swap_time": 146.25, "mean_idle_time": 1.8189894035458565e-12, "mean_delivery_time": 3993.399275189445, "mean_schedule_distance": 28457.674206334457, "mean_schedule_energy": 2.271646284042153, "mean_number_swaps": 2.4375, "drone_utilization": 0.9375, "total_number_parcel_handover": 2, "mean_number_parcel_handover": 0.1, "execution_time": 100.37654185295105}