{"completion_time": 5096.170768106817, "mean_delivery_time": 2868.040921626964, "total_distance": 603104.8835962287, "consumed_energy": 49.08101111914584, "execution_time": 868.1097440719604}