{"completion_time": 7254.893327192599, "mean_schedule_time": 6391.1899758320005, "mean_flight_time": 5656.230927688036, "mean_swap_time": 233.33333333333334, "mean_idle_time": 501.6257148106315, "mean_delivery_time": 5059.720585423205, "mean_schedule_distance": 39593.61649381625, "mean_schedule_energy": 3.4233812659481915, "mean_number_swaps": 3.888888888888889, "drone_utilization": 1.0, "total_number_parcel_handover": 27, "mean_number_parcel_handover": 1.08, "execution_time": 8674.33781170845}