{"completion_time": 1159.1680657729303, "execution_time": 7200.055536031723}