{"completion_time": 4689.312319887057, "mean_delivery_time": 2136.5930053262887, "total_distance": 249806.06958454946, "consumed_energy": 21.449084849343546, "execution_time": 5.370842695236206}