{"completion_time": 8783.675653412341, "mean_schedule_time": 6249.6700671696635, "mean_flight_time": 5606.160336715933, "mean_swap_time": 220.0, "mean_idle_time": 423.5097304537303, "mean_delivery_time": 5417.576807203435, "mean_schedule_distance": 39243.122357011554, "mean_schedule_energy": 3.236279353297162, "mean_number_swaps": 3.6666666666666665, "drone_utilization": 1.0, "total_number_parcel_handover": 10, "mean_number_parcel_handover": 0.4, "execution_time": 556.6793141365051}