{"completion_time": 2306.6729512348475, "mean_delivery_time": 1624.8539704080633, "total_distance": 258692.91530791298, "consumed_energy": 21.37479062193633, "execution_time": 143.30975198745728}