{"completion_time": 7609.539281224026, "mean_schedule_time": 2255.7996619716173, "mean_flight_time": 1853.340315074791, "mean_swap_time": 57.6, "mean_idle_time": 344.8593468968263, "mean_delivery_time": 3968.0939083633166, "mean_schedule_distance": 12973.382205523536, "mean_schedule_energy": 1.0406306545584025, "mean_number_swaps": 0.96, "drone_utilization": 0.56, "execution_time": 847.7311635017395}