{"completion_time": 4287.1595138093835, "mean_schedule_time": 1012.7255990829195, "mean_flight_time": 740.2971480222434, "mean_swap_time": 15.0, "mean_idle_time": 257.42845106067614, "mean_delivery_time": 3004.5970148928404, "mean_schedule_distance": 5182.080036155702, "mean_schedule_energy": 0.4337791915327985, "mean_number_swaps": 0.25, "drone_utilization": 0.39285714285714285, "total_number_parcel_handover": 6, "mean_number_parcel_handover": 1.2, "execution_time": 26.779061317443848}