{"completion_time": 8403.512397360288, "mean_schedule_time": 8279.615697546675, "mean_flight_time": 7858.045975986938, "mean_swap_time": 324.0, "mean_idle_time": 97.56972155973654, "mean_delivery_time": 4855.6063285207765, "mean_schedule_distance": 55006.321831908564, "mean_schedule_energy": 4.571964267923095, "mean_number_swaps": 5.4, "drone_utilization": 1.0, "execution_time": 1073.164583683014}