{"completion_time": 7797.022011179077, "mean_schedule_time": 5230.615021649438, "mean_flight_time": 4036.011346299704, "mean_swap_time": 150.0, "mean_idle_time": 1044.6036753497337, "mean_delivery_time": 4883.54162240311, "mean_schedule_distance": 28252.07942409793, "mean_schedule_energy": 2.2948114725744606, "mean_number_swaps": 2.5, "drone_utilization": 0.9375, "total_number_parcel_handover": 6, "mean_number_parcel_handover": 0.4, "execution_time": 226.95019721984863}