{"completion_time": 4847.928556717647, "mean_schedule_time": 3184.4909588952273, "mean_flight_time": 2867.7360170327297, "mean_swap_time": 77.14285714285714, "mean_idle_time": 239.61208471964028, "mean_delivery_time": 3662.593751346273, "mean_schedule_distance": 20074.152119229093, "mean_schedule_energy": 1.613078198054589, "mean_number_swaps": 1.2857142857142858, "drone_utilization": 0.9285714285714286, "execution_time": 47.275434732437134}