{"completion_time": 10848.336187842495, "mean_schedule_time": 9170.857489597787, "mean_flight_time": 8017.677441720989, "mean_swap_time": 330.0, "mean_idle_time": 823.1800478767982, "mean_delivery_time": 6159.745271671195, "mean_schedule_distance": 56123.74209204693, "mean_schedule_energy": 4.475655088790328, "mean_number_swaps": 5.5, "drone_utilization": 1.0, "total_number_parcel_handover": 7, "mean_number_parcel_handover": 0.35, "execution_time": 794.1605110168457}