{"completion_time": 3947.8325750320955, "mean_schedule_time": 954.3297075728642, "mean_flight_time": 916.7997680887963, "mean_swap_time": 20.0, "mean_idle_time": 17.52993948406788, "mean_delivery_time": 2996.1335843555476, "mean_schedule_distance": 6417.598376621575, "mean_schedule_energy": 0.47229741118860336, "mean_number_swaps": 0.3333333333333333, "drone_utilization": 0.3333333333333333, "total_number_parcel_handover": 1, "mean_number_parcel_handover": 0.2, "execution_time": 15.434622764587402}