{"completion_time": 2003.9162875160478, "mean_delivery_time": 1528.0667921777738, "total_distance": 115516.77077918834, "consumed_energy": 8.50135340139486, "execution_time": 17.74552011489868}