{"completion_time": 4613.345902469695, "mean_schedule_time": 2357.822776296085, "mean_flight_time": 2175.011334211903, "mean_swap_time": 62.4, "mean_idle_time": 120.411442084182, "mean_delivery_time": 3122.1055047171412, "mean_schedule_distance": 15225.079339483318, "mean_schedule_energy": 1.2560821356331453, "mean_number_swaps": 1.04, "drone_utilization": 0.76, "execution_time": 321.2564618587494}