{"completion_time": 8503.22116344448, "mean_schedule_time": 5753.43041495575, "mean_flight_time": 5002.528321994478, "mean_swap_time": 187.2, "mean_idle_time": 563.7020929612727, "mean_delivery_time": 4711.252687594979, "mean_schedule_distance": 35017.69825396132, "mean_schedule_energy": 2.960084550393298, "mean_number_swaps": 3.12, "drone_utilization": 1.0, "execution_time": 12636.416872501373}