{"completion_time": 5530.414848469326, "mean_schedule_time": 2458.108462803205, "mean_flight_time": 2296.765221188036, "mean_swap_time": 62.5, "mean_idle_time": 98.84324161516906, "mean_delivery_time": 3639.1203910855156, "mean_schedule_distance": 16077.356548316251, "mean_schedule_energy": 1.3538690527718833, "mean_number_swaps": 1.0416666666666667, "drone_utilization": 0.6666666666666666, "total_number_parcel_handover": 7, "mean_number_parcel_handover": 0.4666666666666667, "execution_time": 273.9307839870453}