{"completion_time": 4100.919531004599, "mean_schedule_time": 821.0472364525403, "mean_flight_time": 797.0472364525402, "mean_swap_time": 24.0, "mean_idle_time": 1.1368683772161603e-13, "mean_delivery_time": 2736.8241215084677, "mean_schedule_distance": 5579.3306551677815, "mean_schedule_energy": 0.4963596417842133, "mean_number_swaps": 0.4, "drone_utilization": 0.3, "execution_time": 3.610093832015991}