{"completion_time": 4682.341836098494, "mean_schedule_time": 867.4879985247188, "mean_flight_time": 844.1546651913854, "mean_swap_time": 23.333333333333332, "mean_idle_time": 0.0, "mean_delivery_time": 3122.956794688988, "mean_schedule_distance": 5909.0826563396995, "mean_schedule_energy": 0.4338366634724331, "mean_number_swaps": 0.3888888888888889, "drone_utilization": 0.2777777777777778, "total_number_parcel_handover": 0, "mean_number_parcel_handover": 0.0, "execution_time": 2.6555497646331787}