{"completion_time": 4486.566732042604, "mean_schedule_time": 969.4526785947146, "mean_flight_time": 709.3666170690327, "mean_swap_time": 15.0, "mean_idle_time": 245.08606152568188, "mean_delivery_time": 2822.2881719559136, "mean_schedule_distance": 4965.566319483229, "mean_schedule_energy": 0.43402464681628744, "mean_number_swaps": 0.25, "drone_utilization": 0.375, "total_number_parcel_handover": 4, "mean_number_parcel_handover": 0.8, "execution_time": 11.881908655166626}