{"completion_time": 4891.307939423916, "mean_schedule_time": 2628.4712522194045, "mean_flight_time": 2326.8537020465956, "mean_swap_time": 83.07692307692308, "mean_idle_time": 218.54062709588607, "mean_delivery_time": 3211.800259711993, "mean_schedule_distance": 16287.975914326169, "mean_schedule_energy": 1.3932075615290267, "mean_number_swaps": 1.3846153846153846, "drone_utilization": 0.8076923076923077, "total_number_parcel_handover": 8, "mean_number_parcel_handover": 0.4, "execution_time": 570.0400233268738}