{"completion_time": 6068.112546629164, "mean_schedule_time": 4101.929258881639, "mean_flight_time": 3963.5936166064685, "mean_swap_time": 129.0, "mean_idle_time": 9.335642275170358, "mean_delivery_time": 3983.638684620573, "mean_schedule_distance": 27745.155316245266, "mean_schedule_energy": 2.2630641765142405, "mean_number_swaps": 2.15, "drone_utilization": 0.95, "execution_time": 358.2521448135376}