{"completion_time": 5033.863692134777, "mean_schedule_time": 2292.754942123406, "mean_flight_time": 2122.0714822690047, "mean_swap_time": 69.0, "mean_idle_time": 101.68345985440146, "mean_delivery_time": 3490.014554348097, "mean_schedule_distance": 14854.500375883039, "mean_schedule_energy": 1.2354429505827693, "mean_number_swaps": 1.15, "drone_utilization": 0.65, "execution_time": 149.28898787498474}