{"completion_time": 4063.783955198057, "mean_delivery_time": 1618.0113800250017, "total_distance": 252505.91184420028, "consumed_energy": 23.186947625129108, "execution_time": 9.192849159240723}