{"completion_time": 7767.567910396114, "mean_schedule_time": 2496.8182080400024, "mean_flight_time": 2404.8182080400024, "mean_swap_time": 92.0, "mean_idle_time": 0.0, "mean_delivery_time": 3121.0227600500034, "mean_schedule_distance": 16833.72745628002, "mean_schedule_energy": 1.5457965083419405, "mean_number_swaps": 1.5333333333333334, "drone_utilization": 0.8, "execution_time": 10.95164442062378}