{"completion_time": 7739.513833161006, "mean_schedule_time": 5858.8884577376075, "mean_flight_time": 4916.954688768926, "mean_swap_time": 188.0, "mean_idle_time": 753.9337689686818, "mean_delivery_time": 4773.399940688007, "mean_schedule_distance": 34418.682821382485, "mean_schedule_energy": 2.8628483627826617, "mean_number_swaps": 3.1333333333333333, "drone_utilization": 1.0, "execution_time": 272.8000957965851}