{"completion_time": 8504.806492042131, "mean_schedule_time": 5836.624208661121, "mean_flight_time": 5334.134709396804, "mean_swap_time": 206.25, "mean_idle_time": 296.2394992643167, "mean_delivery_time": 4494.318049129501, "mean_schedule_distance": 37338.94296577762, "mean_schedule_energy": 3.1284086203428476, "mean_number_swaps": 3.4375, "drone_utilization": 1.0, "execution_time": 227.949702501297}