{"completion_time": 4254.120752004098, "mean_schedule_time": 500.2522049243696, "mean_flight_time": 356.40413123417306, "mean_swap_time": 7.2, "mean_idle_time": 136.64807369019655, "mean_delivery_time": 4130.976663518097, "mean_schedule_distance": 2494.828918639211, "mean_schedule_energy": 0.1700454444480867, "mean_number_swaps": 0.12, "drone_utilization": 0.16, "execution_time": 6.987073183059692}