{"completion_time": 5425.566649791343, "mean_schedule_time": 2930.4241979819967, "mean_flight_time": 1988.7994787305156, "mean_swap_time": 60.0, "mean_idle_time": 881.6247192514811, "mean_delivery_time": 3811.555979616961, "mean_schedule_distance": 13921.596351113607, "mean_schedule_energy": 1.1432515682594615, "mean_number_swaps": 1.0, "drone_utilization": 0.8, "execution_time": 144.31342959403992}