{"completion_time": 7570.671157691286, "mean_schedule_time": 3863.1945996918125, "mean_flight_time": 3731.1945996918116, "mean_swap_time": 132.0, "mean_idle_time": 9.094947017729282e-13, "mean_delivery_time": 3411.9482051888135, "mean_schedule_distance": 26118.36219784269, "mean_schedule_energy": 2.2601119349319014, "mean_number_swaps": 2.2, "drone_utilization": 1.0, "execution_time": 17.145312309265137}