{"completion_time": 3842.979424004502, "mean_schedule_time": 254.24796247243737, "mean_flight_time": 244.64796247243737, "mean_swap_time": 9.6, "mean_idle_time": 0.0, "mean_delivery_time": 3178.099530905467, "mean_schedule_distance": 1712.5357373070617, "mean_schedule_energy": 0.15945540617319165, "mean_number_swaps": 0.16, "drone_utilization": 0.08, "execution_time": 0.6559453010559082}