{"completion_time": 1216.7011576994564, "execution_time": 19.84066081047058}