{"completion_time": 3048.8761128304463, "mean_delivery_time": 1846.9417524353378, "total_distance": 563800.4264535414, "consumed_energy": 46.37854874791362, "execution_time": 92.73629879951477}