{"completion_time": 7797.022011179077, "mean_schedule_time": 4037.200440607642, "mean_flight_time": 3090.5175003278555, "mean_swap_time": 111.0, "mean_idle_time": 835.6829402797866, "mean_delivery_time": 4891.205289827434, "mean_schedule_distance": 21633.62250229499, "mean_schedule_energy": 1.776739672934039, "mean_number_swaps": 1.85, "drone_utilization": 0.8, "execution_time": 214.08950090408325}