{"completion_time": 7609.539281224026, "mean_schedule_time": 2309.0387579696207, "mean_flight_time": 1861.784016988377, "mean_swap_time": 57.6, "mean_idle_time": 389.6547409812438, "mean_delivery_time": 4409.953638003227, "mean_schedule_distance": 13032.488118918638, "mean_schedule_energy": 1.044959920947589, "mean_number_swaps": 0.96, "drone_utilization": 0.52, "execution_time": 312.3162889480591}