{"completion_time": 7024.7526130427195, "mean_schedule_time": 2448.2041434327957, "mean_flight_time": 2362.2041434327953, "mean_swap_time": 86.0, "mean_idle_time": 4.547473508864641e-13, "mean_delivery_time": 3182.960392643268, "mean_schedule_distance": 16535.429004029567, "mean_schedule_energy": 1.5105958362237146, "mean_number_swaps": 1.4333333333333333, "drone_utilization": 0.7333333333333333, "total_number_parcel_handover": 0, "mean_number_parcel_handover": 0.0, "execution_time": 69.29711866378784}