{"completion_time": 6173.934787939348, "mean_schedule_time": 3578.9218836329774, "mean_flight_time": 3482.9218836329774, "mean_swap_time": 96.0, "mean_idle_time": 0.0, "mean_delivery_time": 4473.652354541222, "mean_schedule_distance": 24380.45318543084, "mean_schedule_energy": 1.8786994075976704, "mean_number_swaps": 1.6, "drone_utilization": 0.8, "execution_time": 0.4475107192993164}