{"completion_time": 7767.567910396114, "mean_schedule_time": 2064.2356062395356, "mean_flight_time": 1996.0537880577178, "mean_swap_time": 68.18181818181819, "mean_idle_time": -4.547473508864641e-13, "mean_delivery_time": 3027.545555817986, "mean_schedule_distance": 13972.376516404025, "mean_schedule_energy": 1.2673189958550852, "mean_number_swaps": 1.1363636363636365, "drone_utilization": 0.6818181818181818, "execution_time": 23.50927209854126}