{"completion_time": 4063.783955198057, "mean_delivery_time": 1563.772777908993, "total_distance": 307392.28336088854, "consumed_energy": 27.881017908811877, "execution_time": 18.60694932937622}