{"completion_time": 12870.792331441886, "mean_schedule_time": 3227.1749887658057, "mean_flight_time": 3110.5083220991382, "mean_swap_time": 116.66666666666667, "mean_idle_time": 9.094947017729282e-13, "mean_delivery_time": 3872.6099865189667, "mean_schedule_distance": 21773.558254693973, "mean_schedule_energy": 1.981401604442387, "mean_number_swaps": 1.9444444444444444, "drone_utilization": 0.8333333333333334, "total_number_parcel_handover": 0, "mean_number_parcel_handover": 0.0, "execution_time": 19.23469066619873}