{"completion_time": 4048.4652133613195, "mean_delivery_time": 2596.2435760312787, "total_distance": 622895.4456346963, "consumed_energy": 53.36908681049503, "execution_time": 4237.120518922806}