{"completion_time": 22298.966249645717, "mean_schedule_time": 16718.03849925031, "mean_flight_time": 15948.038499250304, "mean_swap_time": 770.0, "mean_idle_time": 7.275957614183426e-12, "mean_delivery_time": 8581.280306403749, "mean_schedule_distance": 111636.26949475215, "mean_schedule_energy": 9.638656064488076, "mean_number_swaps": 12.833333333333334, "drone_utilization": 1.0, "total_number_parcel_handover": 0, "mean_number_parcel_handover": 0.0, "execution_time": 17.493449449539185}