{"completion_time": 4404.346598699408, "mean_delivery_time": 3379.092135220897, "total_distance": 506518.89742171596, "consumed_energy": 40.96626257694961, "execution_time": 353.33845019340515}