{"completion_time": 4013.5163846622927, "mean_delivery_time": 1776.1958600486394, "total_distance": 494589.80197250925, "consumed_energy": 43.30190024164113, "execution_time": 41.96673083305359}