{"completion_time": 4655.08001122875, "mean_schedule_time": 2583.8809574214197, "mean_flight_time": 2376.475926445326, "mean_swap_time": 64.0, "mean_idle_time": 143.4050309760937, "mean_delivery_time": 3035.707403868609, "mean_schedule_distance": 16635.331485117284, "mean_schedule_energy": 1.290608855601857, "mean_number_swaps": 1.0666666666666667, "drone_utilization": 0.8, "execution_time": 32.67604398727417}