{"completion_time": 6962.6797966818785, "mean_schedule_time": 5094.035651937783, "mean_flight_time": 4725.088295886295, "mean_swap_time": 186.0, "mean_idle_time": 182.947356051488, "mean_delivery_time": 4612.451705986324, "mean_schedule_distance": 33075.618071204066, "mean_schedule_energy": 2.74028318747711, "mean_number_swaps": 3.1, "drone_utilization": 1.0, "execution_time": 732.6846463680267}