{"completion_time": 3541.3398983409393, "mean_delivery_time": 2391.1649278622467, "total_distance": 661512.3614240814, "consumed_energy": 54.805663749542205, "execution_time": 611.8799865245819}