{"completion_time": 3942.2088392035466, "mean_schedule_time": 1325.7335318857029, "mean_flight_time": 1230.8083530266942, "mean_swap_time": 35.0, "mean_idle_time": 59.92517885900861, "mean_delivery_time": 2909.7398199346985, "mean_schedule_distance": 8615.658471186858, "mean_schedule_energy": 0.724014463818761, "mean_number_swaps": 0.5833333333333334, "drone_utilization": 0.4583333333333333, "total_number_parcel_handover": 1, "mean_number_parcel_handover": 0.1, "execution_time": 95.99756360054016}