{"completion_time": 1398.6637504745863, "execution_time": 7200.01806306839}