{"completion_time": 6641.559251000699, "mean_delivery_time": 3768.5777153322624, "total_distance": 503414.7461115207, "consumed_energy": 42.500649133762124, "execution_time": 2208.3634860515594}