{"completion_time": 13051.500574525277, "mean_schedule_time": 12673.74665647734, "mean_flight_time": 12133.746656477337, "mean_swap_time": 540.0, "mean_idle_time": 3.637978807091713e-12, "mean_delivery_time": 7382.593318007215, "mean_schedule_distance": 84936.22659534137, "mean_schedule_energy": 7.1410086224997436, "mean_number_swaps": 9.0, "drone_utilization": 1.0, "total_number_parcel_handover": 4, "mean_number_parcel_handover": 0.2, "execution_time": 2583.6392912864685}