{"completion_time": 4636.877338325931, "mean_schedule_time": 1809.9161411425355, "mean_flight_time": 1479.679487166198, "mean_swap_time": 40.90909090909091, "mean_idle_time": 289.3275630672465, "mean_delivery_time": 3618.065277246785, "mean_schedule_distance": 10357.756410163383, "mean_schedule_energy": 0.80561575953827, "mean_number_swaps": 0.6818181818181818, "drone_utilization": 0.5, "total_number_parcel_handover": 5, "mean_number_parcel_handover": 0.5, "execution_time": 171.01482725143433}