{"completion_time": 6782.178355629038, "mean_schedule_time": 3794.694347370436, "mean_flight_time": 3338.400784784447, "mean_swap_time": 116.25, "mean_idle_time": 340.0435625859891, "mean_delivery_time": 4250.8863173841355, "mean_schedule_distance": 23368.805493491134, "mean_schedule_energy": 1.9892991492012186, "mean_number_swaps": 1.9375, "drone_utilization": 0.8125, "total_number_parcel_handover": 3, "mean_number_parcel_handover": 0.2, "execution_time": 100.26431584358215}