{"completion_time": 5770.926472517765, "mean_schedule_time": 3712.617543855495, "mean_flight_time": 3009.408384202405, "mean_swap_time": 106.66666666666667, "mean_idle_time": 596.5424929864234, "mean_delivery_time": 3882.170016982639, "mean_schedule_distance": 21065.858689416833, "mean_schedule_energy": 1.7848660110121368, "mean_number_swaps": 1.7777777777777777, "drone_utilization": 0.8888888888888888, "total_number_parcel_handover": 5, "mean_number_parcel_handover": 0.3333333333333333, "execution_time": 732.1285202503204}