{"completion_time": 18114.794087404898, "mean_schedule_time": 11857.32195313143, "mean_flight_time": 11353.321953131428, "mean_swap_time": 504.0, "mean_idle_time": 1.8189894035458565e-12, "mean_delivery_time": 6927.4412196766025, "mean_schedule_distance": 79473.25367192003, "mean_schedule_energy": 6.836199128557718, "mean_number_swaps": 8.4, "drone_utilization": 1.0, "execution_time": 19.990241527557373}