{"completion_time": 5760.8269724138045, "mean_schedule_time": 4377.548967817937, "mean_flight_time": 3672.9431227042714, "mean_swap_time": 123.33333333333333, "mean_idle_time": 581.2725117803325, "mean_delivery_time": 3973.3438324712843, "mean_schedule_distance": 25710.60185892991, "mean_schedule_energy": 2.167912972463005, "mean_number_swaps": 2.0555555555555554, "drone_utilization": 1.0, "execution_time": 485.3438596725464}