{"completion_time": 12494.60943344236, "mean_schedule_time": 11530.294285829554, "mean_flight_time": 11017.835953787737, "mean_swap_time": 456.0, "mean_idle_time": 56.4583320418169, "mean_delivery_time": 7394.214298179311, "mean_schedule_distance": 77124.85167651423, "mean_schedule_energy": 6.150436069865558, "mean_number_swaps": 7.6, "drone_utilization": 1.0, "execution_time": 1129.6670169830322}