{"completion_time": 17458.607685697705, "mean_schedule_time": 14177.050490230624, "mean_flight_time": 13592.050490230626, "mean_swap_time": 585.0, "mean_idle_time": -1.8189894035458565e-12, "mean_delivery_time": 7424.725164604547, "mean_schedule_distance": 95144.35343161435, "mean_schedule_energy": 8.195516956807262, "mean_number_swaps": 9.75, "drone_utilization": 1.0, "execution_time": 4.871621608734131}