{"completion_time": 22571.12135269896, "mean_schedule_time": 22370.12702235823, "mean_flight_time": 21374.12702235823, "mean_swap_time": 996.0, "mean_idle_time": 0.0, "mean_delivery_time": 10640.898336075901, "mean_schedule_distance": 149618.8891565075, "mean_schedule_energy": 13.021699723630146, "mean_number_swaps": 16.6, "drone_utilization": 1.0, "execution_time": 7012.562427282333}