{"completion_time": 12284.687171804933, "mean_delivery_time": 5625.641321554193, "total_distance": 774856.1164907019, "consumed_energy": 67.21658174926492, "execution_time": 1981.0133826732635}