{"completion_time": 7595.641737628076, "mean_schedule_time": 5549.177524796075, "mean_flight_time": 5350.546898737407, "mean_swap_time": 198.0, "mean_idle_time": 0.6306260586679855, "mean_delivery_time": 4754.73451811354, "mean_schedule_distance": 37453.828291161895, "mean_schedule_energy": 3.203589900586241, "mean_number_swaps": 3.3, "drone_utilization": 1.0, "execution_time": 697.2615809440613}