{"completion_time": 8326.402108329721, "mean_schedule_time": 3603.7748614473576, "mean_flight_time": 3477.7748614473567, "mean_swap_time": 126.0, "mean_idle_time": 9.094947017729282e-13, "mean_delivery_time": 4004.194290497064, "mean_schedule_distance": 24344.424030131493, "mean_schedule_energy": 2.047751722096396, "mean_number_swaps": 2.1, "drone_utilization": 0.9, "execution_time": 19.145278692245483}