{"completion_time": 5770.690607088874, "mean_schedule_time": 935.3288822293534, "mean_flight_time": 893.3288822293532, "mean_swap_time": 42.0, "mean_idle_time": 2.2737367544323206e-13, "mean_delivery_time": 4676.644411146767, "mean_schedule_distance": 6253.302175605473, "mean_schedule_energy": 0.6281779908418372, "mean_number_swaps": 0.7, "drone_utilization": 0.2, "execution_time": 0.3388817310333252}