{"completion_time": 4349.292825153371, "mean_delivery_time": 2594.87185080581, "total_distance": 631454.8300090373, "consumed_energy": 55.420327732494755, "execution_time": 897.2056109905243}