{"completion_time": 3947.8325750320955, "mean_schedule_time": 1540.0555157297872, "mean_flight_time": 1353.860152773402, "mean_swap_time": 32.0, "mean_idle_time": 154.19536295638522, "mean_delivery_time": 2940.258582172837, "mean_schedule_distance": 9477.021069413813, "mean_schedule_energy": 0.7404738469150838, "mean_number_swaps": 0.5333333333333333, "drone_utilization": 0.5333333333333333, "execution_time": 87.05335712432861}