{"completion_time": 3862.133212145757, "mean_schedule_time": 914.7150928633358, "mean_flight_time": 880.4293785776215, "mean_swap_time": 34.285714285714285, "mean_idle_time": 0.0, "mean_delivery_time": 2561.2022600173404, "mean_schedule_distance": 6163.00565004335, "mean_schedule_energy": 0.6349459831257487, "mean_number_swaps": 0.5714285714285714, "drone_utilization": 0.35714285714285715, "execution_time": 2.1197664737701416}