{"completion_time": 5760.8269724138045, "mean_schedule_time": 3049.802040178021, "mean_flight_time": 2501.8511124275265, "mean_swap_time": 86.66666666666667, "mean_idle_time": 461.2842610838279, "mean_delivery_time": 3596.13298908117, "mean_schedule_distance": 17512.957786992694, "mean_schedule_energy": 1.611449951075288, "mean_number_swaps": 1.4444444444444444, "drone_utilization": 0.8333333333333334, "total_number_parcel_handover": 6, "mean_number_parcel_handover": 0.4, "execution_time": 290.3606653213501}