{"completion_time": 2589.527452404497, "mean_delivery_time": 1795.9651914956005, "total_distance": 469224.3649243638, "consumed_energy": 37.73685078384188, "execution_time": 285.428094625473}