{"completion_time": 8682.707308578953, "mean_schedule_time": 8038.076864359662, "mean_flight_time": 7681.842306951354, "mean_swap_time": 342.0, "mean_idle_time": 14.23455740830832, "mean_delivery_time": 5511.54077073103, "mean_schedule_distance": 53772.89614865946, "mean_schedule_energy": 4.615210999373364, "mean_number_swaps": 5.7, "drone_utilization": 1.0, "execution_time": 1429.5807094573975}