{"completion_time": 4521.353654289476, "mean_delivery_time": 2862.1340217291513, "total_distance": 537728.9614865946, "consumed_energy": 46.15210999373364, "execution_time": 785.0773620605469}