{"completion_time": 10830.743032521998, "mean_schedule_time": 10656.383612002344, "mean_flight_time": 9873.076550450267, "mean_swap_time": 432.0, "mean_idle_time": 351.30706155207736, "mean_delivery_time": 6948.2466128246015, "mean_schedule_distance": 69111.53585315184, "mean_schedule_energy": 5.761890275469709, "mean_number_swaps": 7.2, "drone_utilization": 1.0, "execution_time": 648.8244943618774}