{"completion_time": 5017.063001206458, "mean_delivery_time": 3327.50430518591, "total_distance": 208828.15192499594, "consumed_energy": 17.415792013009902, "execution_time": 5.545709133148193}