{"completion_time": 8636.049235325083, "mean_schedule_time": 3423.6990029113836, "mean_flight_time": 3318.6990029113836, "mean_swap_time": 105.0, "mean_idle_time": 0.0, "mean_delivery_time": 3708.276653206282, "mean_schedule_distance": 23230.893020379695, "mean_schedule_energy": 1.8724994523611895, "mean_number_swaps": 1.75, "drone_utilization": 0.875, "execution_time": 15.069148302078247}