{"completion_time": 4665.180726101917, "mean_schedule_time": 2198.125082744569, "mean_flight_time": 1733.3615079990075, "mean_swap_time": 45.0, "mean_idle_time": 419.76357474556175, "mean_delivery_time": 3370.0902673833393, "mean_schedule_distance": 12133.530555993051, "mean_schedule_energy": 0.9731230451638887, "mean_number_swaps": 0.75, "drone_utilization": 0.75, "total_number_parcel_handover": 4, "mean_number_parcel_handover": 0.8, "execution_time": 46.68477272987366}