{"completion_time": 14769.210884388547, "mean_schedule_time": 14525.569349863426, "mean_flight_time": 13889.569349863421, "mean_swap_time": 636.0, "mean_idle_time": 5.4569682106375694e-12, "mean_delivery_time": 7522.42380713492, "mean_schedule_distance": 97226.98544904392, "mean_schedule_energy": 8.200359996687535, "mean_number_swaps": 10.6, "drone_utilization": 1.0, "execution_time": 1525.7434482574463}