{"completion_time": 7616.608644184089, "mean_schedule_time": 5246.69766263961, "mean_flight_time": 4242.842368553246, "mean_swap_time": 158.1818181818182, "mean_idle_time": 845.6734759045457, "mean_delivery_time": 4671.584195400184, "mean_schedule_distance": 29699.89657987271, "mean_schedule_energy": 2.5752678946960037, "mean_number_swaps": 2.6363636363636362, "drone_utilization": 1.0, "total_number_parcel_handover": 15, "mean_number_parcel_handover": 0.6, "execution_time": 4378.86470079422}