{"completion_time": 5405.1778062164785, "mean_schedule_time": 4360.302195348949, "mean_flight_time": 3682.023943410234, "mean_swap_time": 123.0, "mean_idle_time": 555.2782519387147, "mean_delivery_time": 4371.489685564122, "mean_schedule_distance": 25774.167603871632, "mean_schedule_energy": 2.103725628780336, "mean_number_swaps": 2.05, "drone_utilization": 1.0, "execution_time": 6895.807879209518}