{"completion_time": 7856.220560208638, "mean_schedule_time": 3721.671259903628, "mean_flight_time": 3587.2712599036286, "mean_swap_time": 134.4, "mean_idle_time": -4.547473508864641e-13, "mean_delivery_time": 3474.3221482629365, "mean_schedule_distance": 25110.898819325397, "mean_schedule_energy": 2.202280224037874, "mean_number_swaps": 2.24, "drone_utilization": 0.92, "execution_time": 79.6373610496521}