{"completion_time": 8851.62811720699, "mean_schedule_time": 8419.336783188894, "mean_flight_time": 7801.051356134574, "mean_swap_time": 320.0, "mean_idle_time": 298.28542705431937, "mean_delivery_time": 6050.5137679706695, "mean_schedule_distance": 54607.359492942, "mean_schedule_energy": 4.546567728298097, "mean_number_swaps": 5.333333333333333, "drone_utilization": 1.0, "execution_time": 5137.120471000671}