{"completion_time": 12427.543435113435, "mean_schedule_time": 11909.664661447974, "mean_flight_time": 11119.107229805359, "mean_swap_time": 474.0, "mean_idle_time": 316.5574316426155, "mean_delivery_time": 7510.075048127948, "mean_schedule_distance": 77833.75060863754, "mean_schedule_energy": 6.414634788371335, "mean_number_swaps": 7.9, "drone_utilization": 1.0, "total_number_parcel_handover": 15, "mean_number_parcel_handover": 0.6, "execution_time": 7015.848106622696}