{"completion_time": 2186.777439779642, "mean_delivery_time": 1657.826161939122, "total_distance": 426957.46044087555, "consumed_energy": 35.16363934393557, "execution_time": 338.81557750701904}