{"completion_time": 3891.7155678807676, "mean_schedule_time": 1017.1166223944567, "mean_flight_time": 881.6389494112667, "mean_swap_time": 18.0, "mean_idle_time": 117.47767298319002, "mean_delivery_time": 3820.389900407859, "mean_schedule_distance": 6171.472645878867, "mean_schedule_energy": 0.4801277883589994, "mean_number_swaps": 0.3, "drone_utilization": 0.3, "execution_time": 2.2242395877838135}