{"completion_time": 3531.675441631156, "mean_delivery_time": 1754.351122102635, "total_distance": 338639.18426618114, "consumed_energy": 29.715953671757795, "execution_time": 8.192901372909546}