{"completion_time": 6240.536112224208, "mean_schedule_time": 3442.730997958012, "mean_flight_time": 2485.695143034028, "mean_swap_time": 72.0, "mean_idle_time": 885.0358549239836, "mean_delivery_time": 4647.505413367735, "mean_schedule_distance": 17399.8660012382, "mean_schedule_energy": 1.5340480114029096, "mean_number_swaps": 1.2, "drone_utilization": 0.8, "total_number_parcel_handover": 5, "mean_number_parcel_handover": 1.0, "execution_time": 144.0583016872406}