{"completion_time": 2540.442448573382, "mean_delivery_time": 1671.2942379845979, "total_distance": 327143.1659615423, "consumed_energy": 26.879576081378307, "execution_time": 425.32048177719116}