{"completion_time": 5020.884897146764, "mean_schedule_time": 2217.899467138119, "mean_flight_time": 1889.5900294558242, "mean_swap_time": 57.5, "mean_idle_time": 270.80943768229463, "mean_delivery_time": 3067.736562073724, "mean_schedule_distance": 13227.130206190775, "mean_schedule_energy": 1.0957522341916863, "mean_number_swaps": 0.9583333333333334, "drone_utilization": 0.7083333333333334, "execution_time": 414.7906789779663}