{"completion_time": 1912.0789995323769, "execution_time": 0.002198934555053711}