{"completion_time": 7527.567910396114, "mean_schedule_time": 4302.15925850695, "mean_flight_time": 3977.1738577878914, "mean_swap_time": 146.4, "mean_idle_time": 178.58540071905918, "mean_delivery_time": 4348.12771594522, "mean_schedule_distance": 27840.217004515227, "mean_schedule_energy": 2.3957279199587087, "mean_number_swaps": 2.44, "drone_utilization": 0.88, "execution_time": 2529.246156692505}