{"completion_time": 8563.22116344448, "mean_schedule_time": 6988.381689988697, "mean_flight_time": 6340.2909314524, "mean_swap_time": 264.0, "mean_idle_time": 384.09075853629656, "mean_delivery_time": 5217.226885450443, "mean_schedule_distance": 44382.036520166774, "mean_schedule_energy": 3.9295858056437365, "mean_number_swaps": 4.4, "drone_utilization": 1.0, "execution_time": 6726.111936807632}