{"completion_time": 17328.520446219947, "mean_schedule_time": 16929.83660549295, "mean_flight_time": 16209.836605492945, "mean_swap_time": 720.0, "mean_idle_time": 7.275957614183426e-12, "mean_delivery_time": 8332.996585104485, "mean_schedule_distance": 113468.85623845055, "mean_schedule_energy": 9.101069870270903, "mean_number_swaps": 12.0, "drone_utilization": 1.0, "execution_time": 1112.0125591754913}