{"completion_time": 5110.797712803421, "mean_schedule_time": 5006.028714109448, "mean_flight_time": 4782.516466357706, "mean_swap_time": 156.0, "mean_idle_time": 67.5122477517416, "mean_delivery_time": 4341.457907832807, "mean_schedule_distance": 33477.61526450394, "mean_schedule_energy": 2.590835320501311, "mean_number_swaps": 2.6, "drone_utilization": 1.0, "execution_time": 9.832576036453247}