{"completion_time": 2645.398856401711, "mean_delivery_time": 2235.7289539164035, "total_distance": 167388.07632251972, "consumed_energy": 12.954176602506555, "execution_time": 8.699234962463379}