{"completion_time": 5882.498719984519, "mean_delivery_time": 2798.9207677171307, "total_distance": 413676.86217800545, "consumed_energy": 33.62545731569769, "execution_time": 7.27397608757019}