{"completion_time": 17535.456218952237, "mean_delivery_time": 7367.908800480401, "total_distance": 439142.74119195004, "consumed_energy": 36.03448475168522, "execution_time": 2.3749773502349854}