{"completion_time": 33450.91243790447, "mean_schedule_time": 32897.33865656785, "mean_flight_time": 31367.338656567852, "mean_swap_time": 1530.0, "mean_idle_time": 0.0, "mean_delivery_time": 14107.817600960798, "mean_schedule_distance": 219571.37059597502, "mean_schedule_energy": 18.01724237584261, "mean_number_swaps": 25.5, "drone_utilization": 1.0, "total_number_parcel_handover": 0, "mean_number_parcel_handover": 0.0, "execution_time": 2.413750410079956}