{"completion_time": 4299.739441063695, "mean_schedule_time": 1741.5231623362915, "mean_flight_time": 1522.1010012772228, "mean_swap_time": 55.2, "mean_idle_time": 164.22216105906864, "mean_delivery_time": 3365.3697524827044, "mean_schedule_distance": 10654.70700894056, "mean_schedule_energy": 0.986467528210581, "mean_number_swaps": 0.92, "drone_utilization": 0.52, "execution_time": 57.653879165649414}