{"completion_time": 5902.09131202545, "mean_schedule_time": 1725.2472610462514, "mean_flight_time": 1163.9278882462227, "mean_swap_time": 36.0, "mean_idle_time": 525.3193728000288, "mean_delivery_time": 5811.243612923399, "mean_schedule_distance": 8147.495217723558, "mean_schedule_energy": 0.7105635199804017, "mean_number_swaps": 0.6, "drone_utilization": 0.4, "execution_time": 66.76520848274231}