{"completion_time": 9551.817389867027, "mean_schedule_time": 5968.607131497316, "mean_flight_time": 5020.3849364734715, "mean_swap_time": 195.0, "mean_idle_time": 753.2221950238445, "mean_delivery_time": 4914.719686323583, "mean_schedule_distance": 35142.6945553143, "mean_schedule_energy": 3.1124215932583867, "mean_number_swaps": 3.25, "drone_utilization": 1.0, "execution_time": 5301.9229526519775}