{"completion_time": 11591.330411712908, "mean_schedule_time": 5403.1452019883955, "mean_flight_time": 5202.145201988397, "mean_swap_time": 201.0, "mean_idle_time": -1.8189894035458565e-12, "mean_delivery_time": 5146.340177813982, "mean_schedule_distance": 36415.01641391874, "mean_schedule_energy": 3.1391277322696407, "mean_number_swaps": 3.35, "drone_utilization": 1.0, "execution_time": 32.56177806854248}