{"completion_time": 4370.9109631011925, "mean_delivery_time": 2767.0142701520604, "total_distance": 651216.6031650429, "consumed_energy": 53.19482920487692, "execution_time": 1121.3632836341858}