{"completion_time": 8501.821926202385, "mean_schedule_time": 6979.507923088684, "mean_flight_time": 6645.06737923513, "mean_swap_time": 265.7142857142857, "mean_idle_time": 68.7262581392688, "mean_delivery_time": 5354.028540304121, "mean_schedule_distance": 46515.471654645924, "mean_schedule_energy": 3.799630657491208, "mean_number_swaps": 4.428571428571429, "drone_utilization": 1.0, "execution_time": 2041.4429018497467}