{"completion_time": 20658.792568187673, "mean_schedule_time": 20413.786675846295, "mean_flight_time": 19468.786675846288, "mean_swap_time": 945.0, "mean_idle_time": 7.275957614183426e-12, "mean_delivery_time": 9821.059752902409, "mean_schedule_distance": 136281.50673092404, "mean_schedule_energy": 11.890194278104227, "mean_number_swaps": 15.75, "drone_utilization": 1.0, "execution_time": 360.2159671783447}