{"completion_time": 4362.22087300537, "mean_schedule_time": 3223.118083695779, "mean_flight_time": 3127.11808369578, "mean_swap_time": 96.0, "mean_idle_time": -9.094947017729282e-13, "mean_delivery_time": 2854.0032050441623, "mean_schedule_distance": 21889.82658587046, "mean_schedule_energy": 1.767898641637324, "mean_number_swaps": 1.6, "drone_utilization": 1.0, "total_number_parcel_handover": 1, "mean_number_parcel_handover": 0.1, "execution_time": 89.43228459358215}