{"completion_time": 2696.1671934192395, "execution_time": 0.054511308670043945}