{"completion_time": 2001.1044196017733, "mean_delivery_time": 1509.7178225132716, "total_distance": 177648.07565231473, "consumed_energy": 14.82507046698579, "execution_time": 83.93960571289062}