{"completion_time": 4389.3410127931365, "mean_schedule_time": 639.9263855024433, "mean_flight_time": 526.883260457969, "mean_swap_time": 12.0, "mean_idle_time": 101.04312504447432, "mean_delivery_time": 2572.8713342401634, "mean_schedule_distance": 3688.1828232057833, "mean_schedule_energy": 0.3351064422458031, "mean_number_swaps": 0.2, "drone_utilization": 0.26666666666666666, "execution_time": 83.3000841140747}