{"completion_time": 2306.6729512348475, "mean_delivery_time": 1572.5888795573999, "total_distance": 324307.11434088554, "consumed_energy": 27.58329425881037, "execution_time": 64.47245693206787}