{"completion_time": 10325.532119979378, "mean_delivery_time": 4996.987765205109, "total_distance": 636833.6111296532, "consumed_energy": 53.17574536784037, "execution_time": 729.8972957134247}