{"completion_time": 19726.115771641198, "mean_schedule_time": 19650.491942625395, "mean_flight_time": 18675.646686220156, "mean_swap_time": 852.0, "mean_idle_time": 122.84525640523862, "mean_delivery_time": 10135.390017434149, "mean_schedule_distance": 130729.52680354108, "mean_schedule_energy": 10.82042271076325, "mean_number_swaps": 14.2, "drone_utilization": 1.0, "execution_time": 1573.541817188263}