{"completion_time": 12756.806618599197, "mean_schedule_time": 12331.050019516138, "mean_flight_time": 11690.967933630021, "mean_swap_time": 498.0, "mean_idle_time": 142.08208588611706, "mean_delivery_time": 7726.159852651728, "mean_schedule_distance": 81836.77553541012, "mean_schedule_energy": 6.608617388999759, "mean_number_swaps": 8.3, "drone_utilization": 1.0, "execution_time": 1231.0774943828583}