{"completion_time": 6678.403309299599, "mean_delivery_time": 3974.516406003507, "total_distance": 810872.6569616719, "consumed_energy": 65.57257085756058, "execution_time": 568.8732781410217}