{"completion_time": 8671.054042543528, "mean_schedule_time": 8090.277730544126, "mean_flight_time": 7582.667239611693, "mean_swap_time": 316.0, "mean_idle_time": 191.6104909324331, "mean_delivery_time": 5337.711848420841, "mean_schedule_distance": 53078.67067728183, "mean_schedule_energy": 4.414288688871415, "mean_number_swaps": 5.266666666666667, "drone_utilization": 1.0, "execution_time": 4165.705449581146}