{"completion_time": 6519.151064799644, "mean_schedule_time": 3594.3011273934862, "mean_flight_time": 3486.3011273934853, "mean_swap_time": 108.0, "mean_idle_time": 9.094947017729282e-13, "mean_delivery_time": 3704.636349697195, "mean_schedule_distance": 24404.1078917544, "mean_schedule_energy": 1.913461787351497, "mean_number_swaps": 1.8, "drone_utilization": 0.9, "total_number_parcel_handover": 0, "mean_number_parcel_handover": 0.0, "execution_time": 5.999170303344727}