{"completion_time": 10972.28604199875, "mean_schedule_time": 5101.3973692858635, "mean_flight_time": 4921.397369285866, "mean_swap_time": 180.0, "mean_idle_time": -2.7284841053187847e-12, "mean_delivery_time": 4692.887882727714, "mean_schedule_distance": 34449.781585001016, "mean_schedule_energy": 2.8124636076414036, "mean_number_swaps": 3.0, "drone_utilization": 1.0, "total_number_parcel_handover": 0, "mean_number_parcel_handover": 0.0, "execution_time": 40.99227333068848}