{"completion_time": 6303.954045600842, "mean_delivery_time": 3698.041191474965, "total_distance": 307782.0163127747, "consumed_energy": 25.219646319217087, "execution_time": 18.907516956329346}