{"completion_time": 14376.961124571857, "mean_schedule_time": 14095.943756202842, "mean_flight_time": 13495.943756202843, "mean_swap_time": 600.0, "mean_idle_time": -1.8189894035458565e-12, "mean_delivery_time": 7317.206966363815, "mean_schedule_distance": 94471.60629341989, "mean_schedule_energy": 7.437079092958703, "mean_number_swaps": 10.0, "drone_utilization": 1.0, "execution_time": 92.82524228096008}