{"completion_time": 5251.557201260124, "mean_delivery_time": 3103.584224459037, "total_distance": 383802.353857521, "consumed_energy": 30.843861691752856, "execution_time": 0.40433382987976074}