{"completion_time": 6051.178371592179, "mean_schedule_time": 3714.496512704056, "mean_flight_time": 3314.9608855647552, "mean_swap_time": 120.0, "mean_idle_time": 279.5356271393007, "mean_delivery_time": 4111.355617711538, "mean_schedule_distance": 23204.72619895329, "mean_schedule_energy": 2.0181458827662055, "mean_number_swaps": 2.0, "drone_utilization": 0.8666666666666667, "execution_time": 395.89468717575073}