{"completion_time": 3583.3070471007813, "execution_time": 23.953323125839233}