{"completion_time": 8573.588194313286, "mean_schedule_time": 4049.352901949701, "mean_flight_time": 3905.3529019496978, "mean_swap_time": 144.0, "mean_idle_time": 3.183231456205249e-12, "mean_delivery_time": 3734.788807402391, "mean_schedule_distance": 27337.470313647897, "mean_schedule_energy": 2.204353542626703, "mean_number_swaps": 2.4, "drone_utilization": 1.0, "execution_time": 30.92344355583191}