{"completion_time": 9525.910886930635, "mean_schedule_time": 5610.542911092172, "mean_flight_time": 5398.542911092171, "mean_swap_time": 212.0, "mean_idle_time": 9.094947017729282e-13, "mean_delivery_time": 4353.322989868214, "mean_schedule_distance": 37789.8003776452, "mean_schedule_energy": 3.1194751537863565, "mean_number_swaps": 3.533333333333333, "drone_utilization": 1.0, "execution_time": 29.62775230407715}