{"completion_time": 9988.098855050202, "mean_schedule_time": 9726.600726737703, "mean_flight_time": 9294.600726737703, "mean_swap_time": 432.0, "mean_idle_time": 0.0, "mean_delivery_time": 6178.643714422054, "mean_schedule_distance": 65062.20508716391, "mean_schedule_energy": 5.503957769364802, "mean_number_swaps": 7.2, "drone_utilization": 1.0, "execution_time": 80.05722618103027}