{"completion_time": 8988.262764986728, "mean_schedule_time": 2682.669321636577, "mean_flight_time": 1675.6427139046825, "mean_swap_time": 52.5, "mean_idle_time": 954.5266077318945, "mean_delivery_time": 3850.4037370431774, "mean_schedule_distance": 11729.498997332777, "mean_schedule_energy": 1.0605999701965338, "mean_number_swaps": 0.875, "drone_utilization": 0.625, "total_number_parcel_handover": 7, "mean_number_parcel_handover": 0.7, "execution_time": 1575.7756052017212}