{"completion_time": 8518.585650306743, "mean_schedule_time": 6578.73723170019, "mean_flight_time": 6079.946034833442, "mean_swap_time": 252.0, "mean_idle_time": 246.79119686674767, "mean_delivery_time": 5035.339888942465, "mean_schedule_distance": 42559.62224383407, "mean_schedule_energy": 3.784373254581943, "mean_number_swaps": 4.2, "drone_utilization": 1.0, "execution_time": 740.2710957527161}