{"completion_time": 5147.463123642941, "mean_schedule_time": 364.1180408735241, "mean_flight_time": 349.7180408735241, "mean_swap_time": 14.4, "mean_idle_time": 0.0, "mean_delivery_time": 4551.475510919051, "mean_schedule_distance": 2448.0262861146684, "mean_schedule_energy": 0.19869782012319528, "mean_number_swaps": 0.24, "drone_utilization": 0.08, "execution_time": 0.6844570636749268}