{"completion_time": 7494.417593693879, "mean_schedule_time": 6758.698598424421, "mean_flight_time": 6343.37667596374, "mean_swap_time": 240.0, "mean_idle_time": 175.32192246068098, "mean_delivery_time": 5077.043792720289, "mean_schedule_distance": 44403.636731746206, "mean_schedule_energy": 3.5854329097983384, "mean_number_swaps": 4.0, "drone_utilization": 1.0, "execution_time": 1286.1365716457367}