{"completion_time": 4682.341836098494, "mean_schedule_time": 1381.9408302466336, "mean_flight_time": 1345.9408302466334, "mean_swap_time": 36.0, "mean_idle_time": 2.2737367544323206e-13, "mean_delivery_time": 3454.852075616584, "mean_schedule_distance": 9421.585811726434, "mean_schedule_energy": 0.7021979203106794, "mean_number_swaps": 0.6, "drone_utilization": 0.4, "execution_time": 3.4299628734588623}