{"completion_time": 6615.470858234135, "mean_schedule_time": 3106.71057246331, "mean_flight_time": 3003.51057246331, "mean_swap_time": 103.2, "mean_idle_time": 4.547473508864641e-13, "mean_delivery_time": 3132.5049079325136, "mean_schedule_distance": 21024.57400724316, "mean_schedule_energy": 1.830582140668819, "mean_number_swaps": 1.72, "drone_utilization": 0.92, "execution_time": 51.02222919464111}