{"completion_time": 5913.548154676235, "mean_schedule_time": 3035.8647373742315, "mean_flight_time": 2908.4231742582356, "mean_swap_time": 88.8, "mean_idle_time": 38.64156311599572, "mean_delivery_time": 3449.8462924707173, "mean_schedule_distance": 20358.962219807647, "mean_schedule_energy": 1.6393903480898901, "mean_number_swaps": 1.48, "drone_utilization": 0.88, "execution_time": 411.3362877368927}