{"completion_time": 2956.7740773381174, "mean_delivery_time": 1917.1354735125838, "total_distance": 520555.31286141527, "consumed_energy": 41.6796341442207, "execution_time": 374.9926793575287}