{"completion_time": 3007.4287089011755, "mean_delivery_time": 1881.5783924366444, "total_distance": 350252.72962132207, "consumed_energy": 32.3220388163074, "execution_time": 369.577054977417}