{"completion_time": 7679.513833161006, "mean_schedule_time": 5151.96018890267, "mean_flight_time": 3868.8938392017812, "mean_swap_time": 132.0, "mean_idle_time": 1151.0663497008886, "mean_delivery_time": 4735.777621336507, "mean_schedule_distance": 27082.25687441247, "mean_schedule_energy": 2.193164090516604, "mean_number_swaps": 2.2, "drone_utilization": 1.0, "execution_time": 541.620377779007}