{"completion_time": 5832.035617706062, "mean_schedule_time": 3348.922297479548, "mean_flight_time": 3135.082946087776, "mean_swap_time": 93.33333333333333, "mean_idle_time": 120.50601805843871, "mean_delivery_time": 4018.7067569754577, "mean_schedule_distance": 21945.580622614427, "mean_schedule_energy": 1.835045935571007, "mean_number_swaps": 1.5555555555555556, "drone_utilization": 0.8333333333333334, "execution_time": 151.72905731201172}