{"completion_time": 13399.563267795033, "mean_schedule_time": 12796.953496959379, "mean_flight_time": 12068.210747195943, "mean_swap_time": 498.0, "mean_idle_time": 230.74274976343622, "mean_delivery_time": 7891.360844402679, "mean_schedule_distance": 84477.47523037174, "mean_schedule_energy": 6.902823015403321, "mean_number_swaps": 8.3, "drone_utilization": 1.0, "execution_time": 714.1345794200897}