{"completion_time": 9370.060795400299, "mean_schedule_time": 9021.39386568352, "mean_flight_time": 8653.893865683518, "mean_swap_time": 367.5, "mean_idle_time": 1.8189894035458565e-12, "mean_delivery_time": 5958.756781538054, "mean_schedule_distance": 60577.25705978462, "mean_schedule_energy": 5.236896473004969, "mean_number_swaps": 6.125, "drone_utilization": 1.0, "execution_time": 2996.9947419166565}