{"completion_time": 4779.185643810383, "mean_delivery_time": 3133.751128740057, "total_distance": 479028.09934725385, "consumed_energy": 41.445743002132936, "execution_time": 2403.045485973358}