{"completion_time": 7584.9874942426695, "mean_schedule_time": 6687.519525809689, "mean_flight_time": 6003.193968843086, "mean_swap_time": 222.0, "mean_idle_time": 462.3255569666035, "mean_delivery_time": 5258.857591581718, "mean_schedule_distance": 42022.35778190159, "mean_schedule_energy": 3.447200287154079, "mean_number_swaps": 3.7, "drone_utilization": 1.0, "execution_time": 128.3672375679016}