{"completion_time": 7623.9615921583945, "mean_schedule_time": 3536.189579710127, "mean_flight_time": 2824.5580384880905, "mean_swap_time": 84.0, "mean_idle_time": 627.6315412220365, "mean_delivery_time": 3550.6947773662328, "mean_schedule_distance": 19771.906269416628, "mean_schedule_energy": 1.518321377461799, "mean_number_swaps": 1.4, "drone_utilization": 0.9333333333333333, "execution_time": 180.96503853797913}