{"completion_time": 5819.695311041272, "mean_schedule_time": 1365.3956722915425, "mean_flight_time": 1178.9165132853861, "mean_swap_time": 33.6, "mean_idle_time": 152.87915900615644, "mean_delivery_time": 2994.8368786602136, "mean_schedule_distance": 8252.415592997702, "mean_schedule_energy": 0.7028619370524107, "mean_number_swaps": 0.56, "drone_utilization": 0.44, "execution_time": 54.03869891166687}