{"completion_time": 9508.563426676923, "mean_schedule_time": 2243.2393942362387, "mean_flight_time": 2162.2393942362387, "mean_swap_time": 81.0, "mean_idle_time": 0.0, "mean_delivery_time": 3738.732323727065, "mean_schedule_distance": 15135.675759653672, "mean_schedule_energy": 1.3159790751539735, "mean_number_swaps": 1.35, "drone_utilization": 0.6, "execution_time": 12.0018470287323}