{"completion_time": 4613.345902469695, "mean_schedule_time": 1363.6139727724628, "mean_flight_time": 1203.8980836785763, "mean_swap_time": 24.0, "mean_idle_time": 135.71588909388652, "mean_delivery_time": 2720.2425171534614, "mean_schedule_distance": 8427.286585750033, "mean_schedule_energy": 0.6356326723006729, "mean_number_swaps": 0.4, "drone_utilization": 0.5333333333333333, "execution_time": 5.507151365280151}