{"completion_time": 15118.308480515709, "mean_schedule_time": 14817.032685951985, "mean_flight_time": 14157.032685951985, "mean_swap_time": 660.0, "mean_idle_time": 0.0, "mean_delivery_time": 7971.552999256838, "mean_schedule_distance": 99099.22880166389, "mean_schedule_energy": 8.36828274702439, "mean_number_swaps": 11.0, "drone_utilization": 1.0, "execution_time": 5662.2444190979}