{"completion_time": 5332.608660385484, "mean_schedule_time": 898.9708708442624, "mean_flight_time": 862.9708708442624, "mean_swap_time": 36.0, "mean_idle_time": 0.0, "mean_delivery_time": 3371.140765665984, "mean_schedule_distance": 6040.796095909838, "mean_schedule_energy": 0.5554927562163727, "mean_number_swaps": 0.6, "drone_utilization": 0.26666666666666666, "execution_time": 1.4467175006866455}