{"completion_time": 5405.1778062164785, "mean_schedule_time": 3292.437017394709, "mean_flight_time": 2940.3579854995833, "mean_swap_time": 102.0, "mean_idle_time": 250.0790318951258, "mean_delivery_time": 3932.700177518395, "mean_schedule_distance": 20582.50589849708, "mean_schedule_energy": 1.7204811193725136, "mean_number_swaps": 1.7, "drone_utilization": 0.85, "execution_time": 233.14463019371033}