{"completion_time": 4144.554196631011, "mean_schedule_time": 1015.718517129141, "mean_flight_time": 836.9372890732924, "mean_swap_time": 12.0, "mean_idle_time": 166.7812280558486, "mean_delivery_time": 2673.650465278048, "mean_schedule_distance": 5858.561023513048, "mean_schedule_energy": 0.43876396540425244, "mean_number_swaps": 0.2, "drone_utilization": 0.4, "execution_time": 5.4610254764556885}