{"completion_time": 6311.2138185844, "mean_schedule_time": 1018.2642506655485, "mean_flight_time": 694.2815636065969, "mean_swap_time": 22.0, "mean_idle_time": 301.98268705895157, "mean_delivery_time": 3815.6081505344773, "mean_schedule_distance": 4859.970945246179, "mean_schedule_energy": 0.4425342628670183, "mean_number_swaps": 0.36666666666666664, "drone_utilization": 0.26666666666666666, "execution_time": 66.49034905433655}