{"completion_time": 14918.376917370797, "mean_schedule_time": 11938.64833305537, "mean_flight_time": 10706.407437800643, "mean_swap_time": 444.0, "mean_idle_time": 788.2408952547266, "mean_delivery_time": 7506.953550188454, "mean_schedule_distance": 74944.85206460446, "mean_schedule_energy": 6.1193322486607284, "mean_number_swaps": 7.4, "drone_utilization": 1.0, "execution_time": 643.2306966781616}