{"completion_time": 4845.467667073491, "mean_schedule_time": 1606.7212301846132, "mean_flight_time": 1558.7212301846134, "mean_swap_time": 48.0, "mean_idle_time": -2.2737367544323206e-13, "mean_delivery_time": 2410.08184527692, "mean_schedule_distance": 10911.048611292295, "mean_schedule_energy": 1.0082694960263439, "mean_number_swaps": 0.8, "drone_utilization": 0.6666666666666666, "execution_time": 8.45859169960022}