{"completion_time": 24341.49143381403, "mean_schedule_time": 23996.278112590502, "mean_flight_time": 22887.072170626223, "mean_swap_time": 1095.0, "mean_idle_time": 14.20594196427919, "mean_delivery_time": 10815.650045225855, "mean_schedule_distance": 160209.5051943836, "mean_schedule_energy": 13.53991664250777, "mean_number_swaps": 18.25, "drone_utilization": 1.0, "total_number_parcel_handover": 4, "mean_number_parcel_handover": 0.16, "execution_time": 388.23008370399475}