{"completion_time": 2895.445010907774, "execution_time": 7200.037627220154}