{"completion_time": 12227.73542937243, "mean_schedule_time": 8747.672720672612, "mean_flight_time": 8395.172720672612, "mean_swap_time": 352.5, "mean_idle_time": 0.0, "mean_delivery_time": 5578.782837345812, "mean_schedule_distance": 58766.20904470828, "mean_schedule_energy": 4.902499322460222, "mean_number_swaps": 5.875, "drone_utilization": 1.0, "execution_time": 13.16502332687378}