{"completion_time": 7467.567910396114, "mean_schedule_time": 1401.5872614454388, "mean_flight_time": 904.5046995177822, "mean_swap_time": 24.0, "mean_idle_time": 473.08256192765657, "mean_delivery_time": 3656.9599345865126, "mean_schedule_distance": 6331.532896624476, "mean_schedule_energy": 0.5295123289140932, "mean_number_swaps": 0.4, "drone_utilization": 0.36, "execution_time": 339.0697362422943}