{"completion_time": 6128.112546629164, "mean_schedule_time": 2584.847067756654, "mean_flight_time": 2506.847067756654, "mean_swap_time": 78.0, "mean_idle_time": 0.0, "mean_delivery_time": 3502.793807109678, "mean_schedule_distance": 17547.92947429658, "mean_schedule_energy": 1.4540383773274468, "mean_number_swaps": 1.3, "drone_utilization": 0.7, "total_number_parcel_handover": 0, "mean_number_parcel_handover": 0.0, "execution_time": 18.033458948135376}