{"completion_time": 4203.041392126731, "mean_schedule_time": 2583.3477491934045, "mean_flight_time": 2482.1595101191588, "mean_swap_time": 78.75, "mean_idle_time": 22.438239074245757, "mean_delivery_time": 2760.7634458933653, "mean_schedule_distance": 17375.116570834114, "mean_schedule_energy": 1.4401613173998713, "mean_number_swaps": 1.3125, "drone_utilization": 0.875, "execution_time": 272.55482482910156}