{"completion_time": 5694.394435085037, "mean_schedule_time": 5168.805283514224, "mean_flight_time": 4329.839565848638, "mean_swap_time": 165.0, "mean_idle_time": 673.9657176655865, "mean_delivery_time": 4262.043792477451, "mean_schedule_distance": 30308.876960940474, "mean_schedule_energy": 2.7235001958194958, "mean_number_swaps": 2.75, "drone_utilization": 1.0, "total_number_parcel_handover": 7, "mean_number_parcel_handover": 0.4666666666666667, "execution_time": 429.84155201911926}