{"completion_time": 4436.730942602275, "mean_schedule_time": 1163.0613568078163, "mean_flight_time": 1124.4899282363879, "mean_swap_time": 38.57142857142857, "mean_idle_time": -2.2737367544323206e-13, "mean_delivery_time": 3256.5717990618855, "mean_schedule_distance": 7871.429497654715, "mean_schedule_energy": 0.6682584648779335, "mean_number_swaps": 0.6428571428571429, "drone_utilization": 0.35714285714285715, "total_number_parcel_handover": 0, "mean_number_parcel_handover": 0.0, "execution_time": 1.7542438507080078}