{"completion_time": 2142.8963288054542, "mean_delivery_time": 1682.2043099834834, "total_distance": 210492.12320465353, "consumed_energy": 16.79565569169748, "execution_time": 35.669169425964355}