{"completion_time": 5792.954058442756, "mean_schedule_time": 2109.773504221483, "mean_flight_time": 2042.2735042214838, "mean_swap_time": 67.5, "mean_idle_time": -4.547473508864641e-13, "mean_delivery_time": 3375.637606754373, "mean_schedule_distance": 14295.91452955039, "mean_schedule_energy": 1.2360161151553355, "mean_number_swaps": 1.125, "drone_utilization": 0.625, "total_number_parcel_handover": 0, "mean_number_parcel_handover": 0.0, "execution_time": 26.180492877960205}