{"completion_time": 3016.477029221378, "mean_delivery_time": 1741.8188033771864, "total_distance": 343101.94870920933, "consumed_energy": 29.66438676372805, "execution_time": 32.4846076965332}