{"completion_time": 5191.772153251459, "mean_schedule_time": 2458.0035265000397, "mean_flight_time": 2161.9792399085513, "mean_swap_time": 69.6, "mean_idle_time": 226.42428659148845, "mean_delivery_time": 3218.0193088992546, "mean_schedule_distance": 15133.854679359863, "mean_schedule_energy": 1.2463018652011422, "mean_number_swaps": 1.16, "drone_utilization": 0.72, "execution_time": 368.05032682418823}