{"completion_time": 3186.26393974529, "mean_delivery_time": 2168.906898791644, "total_distance": 470864.4967354651, "consumed_energy": 37.93765686539244, "execution_time": 226.88651180267334}