{"completion_time": 6360.064824415225, "mean_schedule_time": 4849.642924316267, "mean_flight_time": 4414.5888518515585, "mean_swap_time": 148.0, "mean_idle_time": 287.05407246470895, "mean_delivery_time": 4100.404486376854, "mean_schedule_distance": 30902.121962960893, "mean_schedule_energy": 2.497505673682762, "mean_number_swaps": 2.466666666666667, "drone_utilization": 1.0, "execution_time": 220.79425525665283}