{"completion_time": 5404.5101188800845, "mean_delivery_time": 2005.724183034464, "total_distance": 438965.79252931476, "consumed_energy": 38.949465398370506, "execution_time": 23.175889015197754}