{"completion_time": 5699.525122031663, "mean_schedule_time": 1497.889537064625, "mean_flight_time": 1108.0066048947808, "mean_swap_time": 24.0, "mean_idle_time": 365.88293216984425, "mean_delivery_time": 3983.6942376470142, "mean_schedule_distance": 7756.046234263468, "mean_schedule_energy": 0.635685543022553, "mean_number_swaps": 0.4, "drone_utilization": 0.44, "execution_time": 427.12679052352905}