{"completion_time": 18545.01972106735, "mean_schedule_time": 18033.06754772551, "mean_flight_time": 17208.067547725506, "mean_swap_time": 825.0, "mean_idle_time": 3.637978807091713e-12, "mean_delivery_time": 9143.836098857148, "mean_schedule_distance": 120456.47283407862, "mean_schedule_energy": 10.867386265440066, "mean_number_swaps": 13.75, "drone_utilization": 1.0, "execution_time": 99.36011171340942}