{"completion_time": 8972.350084921727, "mean_schedule_time": 8128.5424655786965, "mean_flight_time": 7548.787700208052, "mean_swap_time": 306.0, "mean_idle_time": 273.75476537064424, "mean_delivery_time": 5335.917108737418, "mean_schedule_distance": 52841.513901456376, "mean_schedule_energy": 4.268774212498036, "mean_number_swaps": 5.1, "drone_utilization": 1.0, "total_number_parcel_handover": 8, "mean_number_parcel_handover": 0.4, "execution_time": 784.70618724823}