{"completion_time": 7163.899535234791, "mean_schedule_time": 2733.440984405736, "mean_flight_time": 1755.4263829675729, "mean_swap_time": 52.0, "mean_idle_time": 926.014601438163, "mean_delivery_time": 4888.813904591966, "mean_schedule_distance": 12287.984680773008, "mean_schedule_energy": 1.0263689409452392, "mean_number_swaps": 0.8666666666666667, "drone_utilization": 0.5333333333333333, "execution_time": 337.6845545768738}