{"completion_time": 4385.970175302137, "mean_schedule_time": 741.9783749994548, "mean_flight_time": 569.846300135387, "mean_swap_time": 12.0, "mean_idle_time": 160.13207486406782, "mean_delivery_time": 2709.0702978396694, "mean_schedule_distance": 3988.9241009477096, "mean_schedule_energy": 0.3401017595405601, "mean_number_swaps": 0.2, "drone_utilization": 0.28, "execution_time": 54.66660714149475}