{"completion_time": 5183.69076133085, "mean_schedule_time": 2696.797168565842, "mean_flight_time": 2135.4672490967123, "mean_swap_time": 60.0, "mean_idle_time": 501.3299194691299, "mean_delivery_time": 4393.042653848511, "mean_schedule_distance": 14948.270743676985, "mean_schedule_energy": 1.2163160849243422, "mean_number_swaps": 1.0, "drone_utilization": 0.7, "execution_time": 22.118523597717285}