{"completion_time": 6732.348472287317, "mean_schedule_time": 6331.898656660154, "mean_flight_time": 6097.985401500717, "mean_swap_time": 228.0, "mean_idle_time": 5.91325515943754, "mean_delivery_time": 4778.098166829443, "mean_schedule_distance": 42685.89781050502, "mean_schedule_energy": 3.31770604765374, "mean_number_swaps": 3.8, "drone_utilization": 1.0, "execution_time": 107.17841649055481}