{"completion_time": 3989.27570696154, "mean_schedule_time": 2132.0922156204983, "mean_flight_time": 1972.9094506309586, "mean_swap_time": 56.0, "mean_idle_time": 103.18276498953969, "mean_delivery_time": 2726.0664245195703, "mean_schedule_distance": 13810.366154416704, "mean_schedule_energy": 1.120746560973392, "mean_number_swaps": 0.9333333333333333, "drone_utilization": 0.7333333333333333, "execution_time": 26.638525247573853}