{"completion_time": 2112.052285732069, "mean_delivery_time": 1831.455493731252, "total_distance": 246881.30350173643, "consumed_energy": 21.193206248714855, "execution_time": 57.01700019836426}