{"completion_time": 10329.020237760169, "mean_schedule_time": 4912.876884859086, "mean_flight_time": 4716.876884859086, "mean_swap_time": 196.0, "mean_idle_time": 0.0, "mean_delivery_time": 3906.038632742403, "mean_schedule_distance": 33018.138194013605, "mean_schedule_energy": 2.9412208844699257, "mean_number_swaps": 3.2666666666666666, "drone_utilization": 1.0, "execution_time": 32.97196912765503}