{"completion_time": 4116.177080320609, "mean_schedule_time": 2020.7102470360142, "mean_flight_time": 1891.3357790318062, "mean_swap_time": 46.666666666666664, "mean_idle_time": 82.70780133754124, "mean_delivery_time": 2424.8522964432173, "mean_schedule_distance": 13239.350453222643, "mean_schedule_energy": 1.1211138067703148, "mean_number_swaps": 0.7777777777777778, "drone_utilization": 0.8333333333333334, "execution_time": 54.987666606903076}