{"completion_time": 7415.628255906886, "mean_delivery_time": 4038.9795015000477, "total_distance": 560541.4664922202, "consumed_energy": 45.62329078078206, "execution_time": 156.48745965957642}