{"completion_time": 5309.670378377339, "mean_schedule_time": 2898.0451232041073, "mean_flight_time": 2176.36899944666, "mean_swap_time": 60.0, "mean_idle_time": 661.6761237574474, "mean_delivery_time": 4302.730734184431, "mean_schedule_distance": 15234.582996126624, "mean_schedule_energy": 1.2066398978165003, "mean_number_swaps": 1.0, "drone_utilization": 0.7, "execution_time": 7.737605571746826}