{"completion_time": 9734.643094574003, "mean_schedule_time": 9237.172799490723, "mean_flight_time": 8877.172799490723, "mean_swap_time": 360.0, "mean_idle_time": 0.0, "mean_delivery_time": 5797.965278721953, "mean_schedule_distance": 62140.20959643506, "mean_schedule_energy": 5.14704222550858, "mean_number_swaps": 6.0, "drone_utilization": 1.0, "execution_time": 44.12059044837952}