{"completion_time": 13941.323907039752, "mean_schedule_time": 9878.631602253066, "mean_flight_time": 9482.63160225307, "mean_swap_time": 396.0, "mean_idle_time": -3.637978807091713e-12, "mean_delivery_time": 5841.544381412345, "mean_schedule_distance": 66378.42121577148, "mean_schedule_energy": 5.4136075369046015, "mean_number_swaps": 6.6, "drone_utilization": 1.0, "execution_time": 25.068321704864502}