{"completion_time": 5407.056155062037, "mean_delivery_time": 1862.0898072293728, "total_distance": 549075.7644965594, "consumed_energy": 50.1987900175099, "execution_time": 44.36883020401001}