{"completion_time": 5370.329727583795, "mean_schedule_time": 2637.1171172223844, "mean_flight_time": 2021.8370861968638, "mean_swap_time": 60.0, "mean_idle_time": 555.2800310255207, "mean_delivery_time": 3176.7866608182094, "mean_schedule_distance": 14152.859603378049, "mean_schedule_energy": 1.2505307799950585, "mean_number_swaps": 1.0, "drone_utilization": 0.7727272727272727, "execution_time": 101.69803047180176}