{"completion_time": 9274.212672687643, "mean_schedule_time": 5376.134245879489, "mean_flight_time": 4077.9413028798, "mean_swap_time": 141.42857142857142, "mean_idle_time": 1156.7643715711174, "mean_delivery_time": 5746.84107848619, "mean_schedule_distance": 28545.589120158602, "mean_schedule_energy": 2.356068222536257, "mean_number_swaps": 2.357142857142857, "drone_utilization": 0.8928571428571429, "total_number_parcel_handover": 13, "mean_number_parcel_handover": 0.52, "execution_time": 2303.2996096611023}