{"completion_time": 4613.345902469695, "mean_schedule_time": 2173.2206931099736, "mean_flight_time": 1978.4870470844546, "mean_swap_time": 67.5, "mean_idle_time": 127.23364602551896, "mean_delivery_time": 3244.767266796678, "mean_schedule_distance": 13849.40932959118, "mean_schedule_energy": 1.2438135254487288, "mean_number_swaps": 1.125, "drone_utilization": 0.6875, "execution_time": 36.27889323234558}