{"completion_time": 2306.6729512348475, "mean_delivery_time": 1679.1882802756354, "total_distance": 221590.5492734589, "consumed_energy": 19.90101640717966, "execution_time": 31.55717420578003}