{"completion_time": 5242.266564016443, "mean_schedule_time": 3515.9867711989004, "mean_flight_time": 3098.3844001673087, "mean_swap_time": 90.0, "mean_idle_time": 327.6023710315917, "mean_delivery_time": 3626.581889653006, "mean_schedule_distance": 21688.69080117116, "mean_schedule_energy": 1.7342139418909985, "mean_number_swaps": 1.5, "drone_utilization": 0.9375, "total_number_parcel_handover": 7, "mean_number_parcel_handover": 0.4666666666666667, "execution_time": 211.8309497833252}