{"completion_time": 3883.783955198057, "mean_delivery_time": 2334.5052571205224, "total_distance": 772885.46834646, "consumed_energy": 66.27048920686626, "execution_time": 1568.9511840343475}