{"completion_time": 6314.649641459926, "mean_schedule_time": 4810.210934199644, "mean_flight_time": 4502.921358046736, "mean_swap_time": 153.0, "mean_idle_time": 154.289576152908, "mean_delivery_time": 4134.8895490679015, "mean_schedule_distance": 31520.44950632715, "mean_schedule_energy": 2.5257113009997787, "mean_number_swaps": 2.55, "drone_utilization": 1.0, "execution_time": 601.3885860443115}