{"completion_time": 3717.9565319771536, "mean_schedule_time": 650.1566684609137, "mean_flight_time": 547.0223806308094, "mean_swap_time": 12.0, "mean_idle_time": 91.13428783010431, "mean_delivery_time": 3408.9115802510805, "mean_schedule_distance": 3829.1566644156655, "mean_schedule_energy": 0.26566530641082203, "mean_number_swaps": 0.2, "drone_utilization": 0.2, "execution_time": 1.1495287418365479}