{"completion_time": 7606.602855832665, "mean_schedule_time": 4275.764571046388, "mean_flight_time": 4128.764571046388, "mean_swap_time": 147.0, "mean_idle_time": 0.0, "mean_delivery_time": 3741.7786421805004, "mean_schedule_distance": 28901.35199732471, "mean_schedule_energy": 2.4058906271082923, "mean_number_swaps": 2.45, "drone_utilization": 1.0, "execution_time": 47.84240436553955}