{"completion_time": 6081.524795242862, "mean_schedule_time": 4280.38646157143, "mean_flight_time": 3478.1373993977927, "mean_swap_time": 110.0, "mean_idle_time": 692.2490621736374, "mean_delivery_time": 4353.16623918586, "mean_schedule_distance": 24346.96179578455, "mean_schedule_energy": 1.942855634710222, "mean_number_swaps": 1.8333333333333333, "drone_utilization": 1.0, "execution_time": 17.87990927696228}