{"completion_time": 6838.981283226798, "mean_schedule_time": 5222.710092020874, "mean_flight_time": 4458.876403891654, "mean_swap_time": 150.0, "mean_idle_time": 613.8336881292198, "mean_delivery_time": 4207.162066724877, "mean_schedule_distance": 31212.13482724157, "mean_schedule_energy": 2.518775050663761, "mean_number_swaps": 2.5, "drone_utilization": 1.0, "total_number_parcel_handover": 4, "mean_number_parcel_handover": 0.2, "execution_time": 450.554160118103}