{"completion_time": 3891.7155678807676, "mean_schedule_time": 1549.820989991043, "mean_flight_time": 1402.3433170078533, "mean_swap_time": 30.0, "mean_idle_time": 117.47767298318968, "mean_delivery_time": 3241.9558691953953, "mean_schedule_distance": 9816.403219054973, "mean_schedule_energy": 0.737599660175366, "mean_number_swaps": 0.5, "drone_utilization": 0.5, "execution_time": 2.4537386894226074}