{"completion_time": 9235.629803717691, "mean_schedule_time": 9051.954453744267, "mean_flight_time": 7902.7761882845825, "mean_swap_time": 300.0, "mean_idle_time": 849.1782654596846, "mean_delivery_time": 7109.274702504236, "mean_schedule_distance": 55319.433317992094, "mean_schedule_energy": 4.2811568839355605, "mean_number_swaps": 5.0, "drone_utilization": 1.0, "execution_time": 92.94650173187256}