{"completion_time": 19355.180763334887, "mean_schedule_time": 19177.386413423737, "mean_flight_time": 18367.38641342374, "mean_swap_time": 810.0, "mean_idle_time": -3.637978807091713e-12, "mean_delivery_time": 10195.05098099992, "mean_schedule_distance": 128571.70489396615, "mean_schedule_energy": 9.893568058129315, "mean_number_swaps": 13.5, "drone_utilization": 1.0, "execution_time": 9.447072505950928}