{"completion_time": 8060.041007531588, "mean_schedule_time": 7538.644036482193, "mean_flight_time": 7243.644036482195, "mean_swap_time": 295.0, "mean_idle_time": -1.8189894035458565e-12, "mean_delivery_time": 4976.877962707969, "mean_schedule_distance": 50705.50825537538, "mean_schedule_energy": 4.230727878236587, "mean_number_swaps": 4.916666666666667, "drone_utilization": 1.0, "execution_time": 258.55992341041565}