{"completion_time": 10656.055710481502, "mean_schedule_time": 7811.965316573715, "mean_flight_time": 7511.965316573714, "mean_swap_time": 300.0, "mean_idle_time": 1.8189894035458565e-12, "mean_delivery_time": 5990.1600373801, "mean_schedule_distance": 52583.75721601599, "mean_schedule_energy": 4.245711880209706, "mean_number_swaps": 5.0, "drone_utilization": 1.0, "execution_time": 1.6943554878234863}