{"completion_time": 13525.77984987196, "mean_schedule_time": 10020.492400727988, "mean_flight_time": 9606.492400727988, "mean_swap_time": 414.0, "mean_idle_time": 0.0, "mean_delivery_time": 5786.752473722432, "mean_schedule_distance": 67245.44680509591, "mean_schedule_energy": 5.489573389295209, "mean_number_swaps": 6.9, "drone_utilization": 1.0, "execution_time": 47.07614469528198}