{"completion_time": 6085.636668847435, "mean_schedule_time": 1424.7409922407253, "mean_flight_time": 1221.1679079359426, "mean_swap_time": 33.0, "mean_idle_time": 170.5730843047827, "mean_delivery_time": 3683.5799544738657, "mean_schedule_distance": 8548.175355551599, "mean_schedule_energy": 0.6575083829650901, "mean_number_swaps": 0.55, "drone_utilization": 0.4, "execution_time": 64.90588569641113}