{"completion_time": 6997.919501346051, "mean_schedule_time": 4342.51060938342, "mean_flight_time": 3933.6128007179664, "mean_swap_time": 144.54545454545453, "mean_idle_time": 264.3523541199993, "mean_delivery_time": 4014.188673895961, "mean_schedule_distance": 27535.28960502576, "mean_schedule_energy": 2.370604956651984, "mean_number_swaps": 2.409090909090909, "drone_utilization": 1.0, "execution_time": 276.23370242118835}