{"completion_time": 2277.9228920362325, "mean_delivery_time": 1926.8285942550067, "total_distance": 119325.67837497109, "consumed_energy": 9.817216131828083, "execution_time": 16.31092882156372}