{"completion_time": 4495.845784072465, "mean_schedule_time": 2181.415500687072, "mean_flight_time": 1704.6525482138727, "mean_swap_time": 48.0, "mean_idle_time": 428.7629524731992, "mean_delivery_time": 3763.6571885100134, "mean_schedule_distance": 11932.567837497108, "mean_schedule_energy": 0.9817216131828083, "mean_number_swaps": 0.8, "drone_utilization": 0.6, "execution_time": 16.288121461868286}