{"completion_time": 4385.970175302137, "mean_schedule_time": 1255.9010492222649, "mean_flight_time": 1032.3349529421241, "mean_swap_time": 23.333333333333332, "mean_idle_time": 200.2327629468075, "mean_delivery_time": 3510.2284795216356, "mean_schedule_distance": 7226.344670594871, "mean_schedule_energy": 0.5631550667359522, "mean_number_swaps": 0.3888888888888889, "drone_utilization": 0.3888888888888889, "execution_time": 8.66362977027893}