{"completion_time": 9108.262764986728, "mean_schedule_time": 5701.804804570189, "mean_flight_time": 4812.301659534842, "mean_swap_time": 190.0, "mean_idle_time": 699.5031450353472, "mean_delivery_time": 5280.186524905894, "mean_schedule_distance": 33686.1116167439, "mean_schedule_energy": 2.908062915825186, "mean_number_swaps": 3.1666666666666665, "drone_utilization": 1.0, "execution_time": 1128.7278764247894}