{"completion_time": 47011.116974741104, "mean_schedule_time": 46986.57999932894, "mean_flight_time": 44976.57999932892, "mean_swap_time": 2010.0, "mean_idle_time": 2.1827872842550278e-11, "mean_delivery_time": 20126.80985657946, "mean_schedule_distance": 314836.05999530264, "mean_schedule_energy": 25.22774964713409, "mean_number_swaps": 33.5, "drone_utilization": 1.0, "total_number_parcel_handover": 0, "mean_number_parcel_handover": 0.0, "execution_time": 220.73295783996582}