{"completion_time": 9065.64420662852, "mean_schedule_time": 5954.075504661965, "mean_flight_time": 4845.879335177413, "mean_swap_time": 190.9090909090909, "mean_idle_time": 917.2870785754612, "mean_delivery_time": 5452.1888795883915, "mean_schedule_distance": 33921.1553462419, "mean_schedule_energy": 2.9186754503336756, "mean_number_swaps": 3.1818181818181817, "drone_utilization": 1.0, "total_number_parcel_handover": 14, "mean_number_parcel_handover": 0.56, "execution_time": 10081.763996124268}