{"completion_time": 7609.539281224026, "mean_schedule_time": 1714.0052283310997, "mean_flight_time": 1335.5377617175193, "mean_swap_time": 38.57142857142857, "mean_idle_time": 339.89603804215176, "mean_delivery_time": 4318.562110006898, "mean_schedule_distance": 9348.764332022634, "mean_schedule_energy": 0.7371948329349545, "mean_number_swaps": 0.6428571428571429, "drone_utilization": 0.39285714285714285, "total_number_parcel_handover": 5, "mean_number_parcel_handover": 0.5, "execution_time": 527.4884266853333}