{"completion_time": 3653.897584549568, "mean_schedule_time": 1023.4200408360444, "mean_flight_time": 999.4200408360444, "mean_swap_time": 24.0, "mean_idle_time": 0.0, "mean_delivery_time": 2046.840081672089, "mean_schedule_distance": 6995.940285852312, "mean_schedule_energy": 0.6008618256237546, "mean_number_swaps": 0.4, "drone_utilization": 0.5, "execution_time": 12.032143115997314}