{"completion_time": 4733.345902469695, "mean_schedule_time": 819.5272010801841, "mean_flight_time": 799.5272010801841, "mean_swap_time": 20.0, "mean_idle_time": 0.0, "mean_delivery_time": 2950.297923888663, "mean_schedule_distance": 5596.690407561287, "mean_schedule_energy": 0.4312797333652283, "mean_number_swaps": 0.3333333333333333, "drone_utilization": 0.2777777777777778, "execution_time": 2.4880285263061523}