{"completion_time": 2915.4632362588827, "mean_delivery_time": 1886.711534450628, "total_distance": 404462.9938986273, "consumed_energy": 33.95856493921847, "execution_time": 1497.9920618534088}