{"completion_time": 6495.222934160992, "mean_schedule_time": 2460.9356368543945, "mean_flight_time": 2390.0265459453026, "mean_swap_time": 70.9090909090909, "mean_idle_time": 9.094947017729282e-13, "mean_delivery_time": 2840.948536821912, "mean_schedule_distance": 16730.185821617117, "mean_schedule_energy": 1.4623128452517598, "mean_number_swaps": 1.1818181818181819, "drone_utilization": 0.8181818181818182, "execution_time": 30.306337118148804}