{"completion_time": 2306.6729512348475, "mean_delivery_time": 1630.3566496019232, "total_distance": 307446.5268415681, "consumed_energy": 27.800113251229146, "execution_time": 37.86000180244446}