{"completion_time": 5883.648433417783, "mean_schedule_time": 4094.603699527579, "mean_flight_time": 3855.2263407808227, "mean_swap_time": 150.0, "mean_idle_time": 89.37735874675627, "mean_delivery_time": 4073.922258835495, "mean_schedule_distance": 26986.58438546576, "mean_schedule_energy": 2.3953927731093647, "mean_number_swaps": 2.5, "drone_utilization": 0.8571428571428571, "execution_time": 171.6866636276245}