{"completion_time": 10155.076607780651, "mean_schedule_time": 10108.801584105075, "mean_flight_time": 9748.801584105076, "mean_swap_time": 360.0, "mean_idle_time": -1.8189894035458565e-12, "mean_delivery_time": 5746.61630931181, "mean_schedule_distance": 68241.61108873553, "mean_schedule_energy": 5.09893133748334, "mean_number_swaps": 6.0, "drone_utilization": 1.0, "execution_time": 2.686643600463867}