{"completion_time": 5287.538303890326, "mean_delivery_time": 2963.308154655905, "total_distance": 136483.22217747106, "consumed_energy": 10.19786267496668, "execution_time": 2.991497278213501}