{"completion_time": 6920.395117532032, "mean_schedule_time": 4186.59028643481, "mean_flight_time": 3930.3160267580515, "mean_swap_time": 123.75, "mean_idle_time": 132.52425967675845, "mean_delivery_time": 4410.802398957764, "mean_schedule_distance": 27512.212187306366, "mean_schedule_energy": 2.290942138344758, "mean_number_swaps": 2.0625, "drone_utilization": 0.9375, "total_number_parcel_handover": 7, "mean_number_parcel_handover": 0.4666666666666667, "execution_time": 417.14647459983826}