{"completion_time": 35014.95897841677, "mean_schedule_time": 29939.423508953507, "mean_flight_time": 28664.42350895353, "mean_swap_time": 1275.0, "mean_idle_time": -2.1827872842550278e-11, "mean_delivery_time": 14447.912835098872, "mean_schedule_distance": 200650.96456267458, "mean_schedule_energy": 16.207048881331712, "mean_number_swaps": 21.25, "drone_utilization": 1.0, "execution_time": 9.20128846168518}