{"completion_time": 9350.439678601671, "mean_schedule_time": 4942.929991822641, "mean_flight_time": 4762.92999182264, "mean_swap_time": 180.0, "mean_idle_time": 9.094947017729282e-13, "mean_delivery_time": 4024.275070935026, "mean_schedule_distance": 33340.50994275849, "mean_schedule_energy": 2.7232310818208654, "mean_number_swaps": 3.0, "drone_utilization": 1.0, "execution_time": 25.98140287399292}