{"completion_time": 4757.4357877077955, "mean_delivery_time": 2657.2696661370187, "total_distance": 505902.90115478466, "consumed_energy": 41.14430234595476, "execution_time": 758.7013430595398}