{"completion_time": 6059.382148882901, "mean_delivery_time": 2891.4471109542187, "total_distance": 548607.6999938138, "consumed_energy": 46.5743861357501, "execution_time": 19.835695505142212}