{"completion_time": 11698.764297765802, "mean_schedule_time": 8155.252857054482, "mean_flight_time": 7837.252857054477, "mean_swap_time": 318.0, "mean_idle_time": 4.547473508864641e-12, "mean_delivery_time": 5587.894221908437, "mean_schedule_distance": 54860.76999938137, "mean_schedule_energy": 4.65743861357501, "mean_number_swaps": 5.3, "drone_utilization": 1.0, "total_number_parcel_handover": 0, "mean_number_parcel_handover": 0.0, "execution_time": 20.35573983192444}