{"completion_time": 6039.531416447228, "mean_schedule_time": 5263.156537711835, "mean_flight_time": 4785.246649789969, "mean_swap_time": 190.0, "mean_idle_time": 287.90988792186636, "mean_delivery_time": 4439.502019131933, "mean_schedule_distance": 33496.72654852979, "mean_schedule_energy": 2.814877096303055, "mean_number_swaps": 3.1666666666666665, "drone_utilization": 1.0, "total_number_parcel_handover": 11, "mean_number_parcel_handover": 0.7333333333333333, "execution_time": 211.8735728263855}