{"completion_time": 2419.7402593244065, "execution_time": 99.62073850631714}