{"completion_time": 6752.038770626605, "mean_schedule_time": 2437.7097953669495, "mean_flight_time": 2360.909795366949, "mean_swap_time": 76.8, "mean_idle_time": 4.547473508864641e-13, "mean_delivery_time": 3047.1372442086868, "mean_schedule_distance": 16526.368567568643, "mean_schedule_energy": 1.4486705150779693, "mean_number_swaps": 1.28, "drone_utilization": 0.8, "execution_time": 42.400569677352905}