{"completion_time": 758.9807556067784, "execution_time": 0.0013341903686523438}