{"completion_time": 5821.221566738081, "mean_schedule_time": 1196.1237243028556, "mean_flight_time": 786.1547880291423, "mean_swap_time": 19.2, "mean_idle_time": 390.7689362737133, "mean_delivery_time": 3780.9464702425785, "mean_schedule_distance": 5503.0835162039975, "mean_schedule_energy": 0.40323097974064004, "mean_number_swaps": 0.32, "drone_utilization": 0.32, "execution_time": 17.246028423309326}