{"completion_time": 7766.931305255624, "mean_schedule_time": 7541.877052086237, "mean_flight_time": 7170.635749752324, "mean_swap_time": 272.0, "mean_idle_time": 99.24130233391315, "mean_delivery_time": 5511.6364620065815, "mean_schedule_distance": 50194.45024826625, "mean_schedule_energy": 3.943562426586498, "mean_number_swaps": 4.533333333333333, "drone_utilization": 1.0, "execution_time": 3668.781556367874}