{"completion_time": 2232.285759408184, "mean_delivery_time": 1802.9495820641396, "total_distance": 192170.10765022426, "consumed_energy": 15.05849753599824, "execution_time": 1.765350580215454}