{"completion_time": 23870.51696341151, "mean_schedule_time": 23728.698054912624, "mean_flight_time": 22529.230025786306, "mean_swap_time": 1056.0, "mean_idle_time": 143.46802912631756, "mean_delivery_time": 11718.373267403682, "mean_schedule_distance": 157704.61018050413, "mean_schedule_energy": 13.216871350397767, "mean_number_swaps": 17.6, "drone_utilization": 1.0, "execution_time": 2049.412657022476}