{"completion_time": 8709.51455848628, "mean_schedule_time": 3272.7224549308644, "mean_flight_time": 3164.7224549308644, "mean_swap_time": 108.0, "mean_idle_time": 0.0, "mean_delivery_time": 4090.9030686635806, "mean_schedule_distance": 22153.057184516052, "mean_schedule_energy": 1.8835933240785288, "mean_number_swaps": 1.8, "drone_utilization": 0.8, "execution_time": 2.994140148162842}