{"completion_time": 10290.882200700442, "mean_schedule_time": 5727.499398844495, "mean_flight_time": 5020.721278526647, "mean_swap_time": 182.72727272727272, "mean_idle_time": 524.0508475905744, "mean_delivery_time": 5241.457668739309, "mean_schedule_distance": 35145.04894968651, "mean_schedule_energy": 2.854179649522533, "mean_number_swaps": 3.0454545454545454, "drone_utilization": 1.0, "execution_time": 486.4749779701233}