{"completion_time": 22712.440265055167, "mean_schedule_time": 22396.104253322475, "mean_flight_time": 21436.104253322483, "mean_swap_time": 960.0, "mean_idle_time": -7.275957614183426e-12, "mean_delivery_time": 11770.454696716146, "mean_schedule_distance": 150052.72977325734, "mean_schedule_energy": 11.990173187479288, "mean_number_swaps": 16.0, "drone_utilization": 1.0, "execution_time": 517.6065547466278}