{"completion_time": 10317.799395158025, "mean_schedule_time": 6174.927395991314, "mean_flight_time": 5928.9273959913135, "mean_swap_time": 246.0, "mean_idle_time": 9.094947017729282e-13, "mean_delivery_time": 4081.2679687153386, "mean_schedule_distance": 41502.491771939196, "mean_schedule_energy": 3.6800097582838176, "mean_number_swaps": 4.1, "drone_utilization": 1.0, "execution_time": 21.141926765441895}