{"completion_time": 8583.156544210802, "mean_schedule_time": 6773.321121998441, "mean_flight_time": 5241.357108120987, "mean_swap_time": 192.0, "mean_idle_time": 1339.9640138774548, "mean_delivery_time": 5982.173135807563, "mean_schedule_distance": 36689.4997568469, "mean_schedule_energy": 3.119025272047214, "mean_number_swaps": 3.2, "drone_utilization": 1.0, "execution_time": 74.60487747192383}