{"completion_time": 17850.23515475577, "mean_schedule_time": 14071.427612065247, "mean_flight_time": 13495.427612065247, "mean_swap_time": 576.0, "mean_idle_time": 0.0, "mean_delivery_time": 8669.391836316152, "mean_schedule_distance": 94467.99328445675, "mean_schedule_energy": 7.659076672817916, "mean_number_swaps": 9.6, "drone_utilization": 1.0, "execution_time": 4.013806581497192}