{"completion_time": 7366.164774689467, "mean_schedule_time": 5832.076920034771, "mean_flight_time": 5604.076920034771, "mean_swap_time": 228.0, "mean_idle_time": 0.0, "mean_delivery_time": 4498.987158631077, "mean_schedule_distance": 39228.53844024339, "mean_schedule_energy": 3.172459807895378, "mean_number_swaps": 3.8, "drone_utilization": 1.0, "execution_time": 8.920546531677246}