{"completion_time": 4063.783955198057, "mean_delivery_time": 1621.7595087703291, "total_distance": 318729.4968417692, "consumed_energy": 28.50083295845835, "execution_time": 18.815198183059692}