{"completion_time": 7767.567910396114, "mean_schedule_time": 2354.6392631554936, "mean_flight_time": 2276.639263155493, "mean_swap_time": 78.0, "mean_idle_time": 4.547473508864641e-13, "mean_delivery_time": 3139.5190175406583, "mean_schedule_distance": 15936.47484208846, "mean_schedule_energy": 1.4250416479229175, "mean_number_swaps": 1.3, "drone_utilization": 0.75, "execution_time": 22.868917226791382}