{"completion_time": 2142.8963288054542, "mean_delivery_time": 1716.8764725803508, "total_distance": 255741.85136034334, "consumed_energy": 20.53852536417603, "execution_time": 333.01435947418213}