{"completion_time": 6406.87704619518, "mean_delivery_time": 3546.247648352113, "total_distance": 644941.8618652937, "consumed_energy": 51.88656678191783, "execution_time": 268.9772787094116}