{"completion_time": 4840.922487296102, "mean_delivery_time": 3150.535925474463, "total_distance": 585803.5297801553, "consumed_energy": 46.473819065437475, "execution_time": 4377.600268602371}