{"completion_time": 9151.792423352454, "mean_schedule_time": 8578.607906621699, "mean_flight_time": 8061.747380284376, "mean_swap_time": 306.0, "mean_idle_time": 210.86052633732288, "mean_delivery_time": 5643.946294722532, "mean_schedule_distance": 56432.23166199061, "mean_schedule_energy": 4.4977329463510785, "mean_number_swaps": 5.1, "drone_utilization": 1.0, "execution_time": 6925.252232313156}