{"completion_time": 5801.244315760619, "mean_schedule_time": 3484.0284335677375, "mean_flight_time": 2776.5398214040274, "mean_swap_time": 90.0, "mean_idle_time": 617.4886121637101, "mean_delivery_time": 4114.458534881191, "mean_schedule_distance": 19435.778749828194, "mean_schedule_energy": 1.621205424916814, "mean_number_swaps": 1.5, "drone_utilization": 0.8, "execution_time": 158.76355123519897}