{"completion_time": 5298.855789017157, "mean_schedule_time": 3843.108703674564, "mean_flight_time": 3214.512863356093, "mean_swap_time": 117.85714285714286, "mean_idle_time": 510.73869746132823, "mean_delivery_time": 4076.756682198569, "mean_schedule_distance": 22501.590043492673, "mean_schedule_energy": 1.9487539046175495, "mean_number_swaps": 1.9642857142857142, "drone_utilization": 1.0, "execution_time": 2130.0568006038666}