{"completion_time": 12073.45224637277, "mean_schedule_time": 6881.053846520484, "mean_flight_time": 6623.053846520484, "mean_swap_time": 258.0, "mean_idle_time": 0.0, "mean_delivery_time": 5461.8536455183075, "mean_schedule_distance": 46361.376925643395, "mean_schedule_energy": 3.7048700661994403, "mean_number_swaps": 4.3, "drone_utilization": 1.0, "execution_time": 11.6057767868042}