{"completion_time": 5191.772153251459, "mean_schedule_time": 3317.665286478745, "mean_flight_time": 2809.447926987734, "mean_swap_time": 91.2, "mean_idle_time": 417.0173594910116, "mean_delivery_time": 3646.8001235784627, "mean_schedule_distance": 19666.135488914137, "mean_schedule_energy": 1.5966462635601957, "mean_number_swaps": 1.52, "drone_utilization": 0.84, "execution_time": 351.71543550491333}