{"completion_time": 7400.145175990358, "mean_schedule_time": 2613.0503486618272, "mean_flight_time": 2535.050348661827, "mean_swap_time": 78.0, "mean_idle_time": 4.547473508864641e-13, "mean_delivery_time": 3732.929069516896, "mean_schedule_distance": 17745.352440632796, "mean_schedule_energy": 1.564838680733033, "mean_number_swaps": 1.3, "drone_utilization": 0.7, "execution_time": 15.991901874542236}