{"completion_time": 2287.9356498992283, "execution_time": 0.15897369384765625}