{"completion_time": 7676.761238620926, "mean_delivery_time": 4129.09682827569, "total_distance": 381740.91348558216, "consumed_energy": 29.84287500640679, "execution_time": 43.72849106788635}