{"completion_time": 7681.7988069490475, "mean_schedule_time": 3971.5484973226567, "mean_flight_time": 3839.548497322657, "mean_swap_time": 132.0, "mean_idle_time": -4.547473508864641e-13, "mean_delivery_time": 4023.462782398414, "mean_schedule_distance": 26876.8394812586, "mean_schedule_energy": 2.250197017968934, "mean_number_swaps": 2.2, "drone_utilization": 0.95, "total_number_parcel_handover": 0, "mean_number_parcel_handover": 0.0, "execution_time": 32.20500922203064}