{"completion_time": 14095.401588509083, "mean_schedule_time": 13814.59955914332, "mean_flight_time": 13244.599559143318, "mean_swap_time": 570.0, "mean_idle_time": 1.8189894035458565e-12, "mean_delivery_time": 7076.355900634602, "mean_schedule_distance": 92712.19691400326, "mean_schedule_energy": 7.8602135719821025, "mean_number_swaps": 9.5, "drone_utilization": 1.0, "execution_time": 190.43631672859192}