{"completion_time": 3854.105007118579, "mean_schedule_time": 733.4271162996555, "mean_flight_time": 710.0937829663224, "mean_swap_time": 23.333333333333332, "mean_idle_time": -2.2737367544323206e-13, "mean_delivery_time": 2640.33761867876, "mean_schedule_distance": 4970.656480764255, "mean_schedule_energy": 0.4508740682967678, "mean_number_swaps": 0.3888888888888889, "drone_utilization": 0.2777777777777778, "execution_time": 2.4026498794555664}