{"completion_time": 9394.988408107374, "mean_schedule_time": 6314.462879698073, "mean_flight_time": 6061.605736840929, "mean_swap_time": 252.85714285714286, "mean_idle_time": 9.094947017729282e-13, "mean_delivery_time": 4439.472446034636, "mean_schedule_distance": 42431.24015788651, "mean_schedule_energy": 3.756973901395784, "mean_number_swaps": 4.214285714285714, "drone_utilization": 1.0, "total_number_parcel_handover": 0, "mean_number_parcel_handover": 0.0, "execution_time": 40.596835136413574}