{"completion_time": 6575.054276855586, "mean_schedule_time": 2498.9867328031555, "mean_flight_time": 2416.486732803156, "mean_swap_time": 82.5, "mean_idle_time": -4.547473508864641e-13, "mean_delivery_time": 3050.2159158955074, "mean_schedule_distance": 16915.40712962209, "mean_schedule_energy": 1.5351783693994374, "mean_number_swaps": 1.375, "drone_utilization": 0.7916666666666666, "execution_time": 32.286728858947754}