{"completion_time": 22456.10338372443, "mean_schedule_time": 22055.481006239337, "mean_flight_time": 21070.88579456365, "mean_swap_time": 924.0, "mean_idle_time": 60.595211675688915, "mean_delivery_time": 11254.067680605714, "mean_schedule_distance": 147496.20056194553, "mean_schedule_energy": 11.904146786054808, "mean_number_swaps": 15.4, "drone_utilization": 1.0, "execution_time": 328.62794947624207}