{"completion_time": 11104.455374450115, "mean_schedule_time": 3783.8734189351608, "mean_flight_time": 3649.4734189351625, "mean_swap_time": 134.4, "mean_idle_time": -1.8189894035458565e-12, "mean_delivery_time": 3688.5929492147266, "mean_schedule_distance": 25546.31393254613, "mean_schedule_energy": 2.090004651009935, "mean_number_swaps": 2.24, "drone_utilization": 0.88, "execution_time": 58.24959945678711}