{"completion_time": 8343.477502354794, "mean_schedule_time": 4304.210082586259, "mean_flight_time": 4166.210082586258, "mean_swap_time": 138.0, "mean_idle_time": 9.094947017729282e-13, "mean_delivery_time": 4561.857022473099, "mean_schedule_distance": 29163.470578103803, "mean_schedule_energy": 2.1692808195409428, "mean_number_swaps": 2.3, "drone_utilization": 0.9, "execution_time": 4.84654974937439}