{"completion_time": 1805.2842161565627, "execution_time": 0.023969650268554688}