{"completion_time": 4025.4556605631315, "mean_schedule_time": 923.6823947465779, "mean_flight_time": 875.5568493398248, "mean_swap_time": 24.0, "mean_idle_time": 24.125545406753076, "mean_delivery_time": 3133.703886560897, "mean_schedule_distance": 6128.897945378773, "mean_schedule_energy": 0.5014415797536704, "mean_number_swaps": 0.4, "drone_utilization": 0.3, "total_number_parcel_handover": 2, "mean_number_parcel_handover": 0.4, "execution_time": 17.33004379272461}