{"completion_time": 5727.003362481451, "mean_schedule_time": 2965.054084381282, "mean_flight_time": 2604.7886702870233, "mean_swap_time": 84.0, "mean_idle_time": 276.26541409425863, "mean_delivery_time": 3275.193519041742, "mean_schedule_distance": 18233.520692009173, "mean_schedule_energy": 1.5640999268439588, "mean_number_swaps": 1.4, "drone_utilization": 0.9, "total_number_parcel_handover": 8, "mean_number_parcel_handover": 0.32, "execution_time": 1456.8635749816895}