{"completion_time": 6215.053119223215, "mean_schedule_time": 1581.2927662010109, "mean_flight_time": 1002.378200138082, "mean_swap_time": 27.857142857142858, "mean_idle_time": 551.0574232057861, "mean_delivery_time": 4500.741075040456, "mean_schedule_distance": 7016.647400966577, "mean_schedule_energy": 0.5824494800278991, "mean_number_swaps": 0.4642857142857143, "drone_utilization": 0.35714285714285715, "total_number_parcel_handover": 7, "mean_number_parcel_handover": 1.4, "execution_time": 581.4315252304077}