{"completion_time": 4843.400306706406, "mean_schedule_time": 1424.7801399107277, "mean_flight_time": 1268.7346771456705, "mean_swap_time": 37.5, "mean_idle_time": 118.54546276505721, "mean_delivery_time": 3515.8096202569177, "mean_schedule_distance": 8881.142740019694, "mean_schedule_energy": 0.7689385942995114, "mean_number_swaps": 0.625, "drone_utilization": 0.4375, "total_number_parcel_handover": 2, "mean_number_parcel_handover": 0.4, "execution_time": 33.82285523414612}