{"completion_time": 6379.595904221799, "mean_delivery_time": 3125.441124588622, "total_distance": 306195.7583877821, "consumed_energy": 26.40495029838507, "execution_time": 4.7510552406311035}