{"completion_time": 6582.619414593257, "mean_schedule_time": 2920.111246947094, "mean_flight_time": 2487.375956238065, "mean_swap_time": 81.0, "mean_idle_time": 351.73529070902896, "mean_delivery_time": 4499.373716933458, "mean_schedule_distance": 17411.631693666463, "mean_schedule_energy": 1.4380417027335182, "mean_number_swaps": 1.35, "drone_utilization": 0.65, "execution_time": 441.80840849876404}