{"completion_time": 2836.477029221378, "mean_delivery_time": 1794.3888762691697, "total_distance": 412530.87432235345, "consumed_energy": 34.251015519858605, "execution_time": 389.4130506515503}