{"completion_time": 1038.8724132458349, "execution_time": 0.053179025650024414}