{"completion_time": 2612.0139373268976, "mean_delivery_time": 1610.0408837123532, "total_distance": 84282.28948789179, "consumed_energy": 6.888323028937587, "execution_time": 0.9041965007781982}