{"completion_time": 7220.145175990358, "mean_schedule_time": 5547.830395335984, "mean_flight_time": 5169.3079214723275, "mean_swap_time": 183.75, "mean_idle_time": 194.77247386365616, "mean_delivery_time": 5138.055859010512, "mean_schedule_distance": 36185.15545030631, "mean_schedule_energy": 2.9933750486659823, "mean_number_swaps": 3.0625, "drone_utilization": 1.0, "total_number_parcel_handover": 13, "mean_number_parcel_handover": 0.65, "execution_time": 1300.7663178443909}