{"completion_time": 15122.731321363706, "mean_schedule_time": 14874.059103878439, "mean_flight_time": 14234.059103878439, "mean_swap_time": 640.0, "mean_idle_time": 0.0, "mean_delivery_time": 7976.044729732229, "mean_schedule_distance": 99638.41372714909, "mean_schedule_energy": 8.487781365751845, "mean_number_swaps": 10.666666666666666, "drone_utilization": 1.0, "total_number_parcel_handover": 5, "mean_number_parcel_handover": 0.25, "execution_time": 1017.2953495979309}