{"completion_time": 4847.791338929941, "mean_schedule_time": 2680.473974162889, "mean_flight_time": 2356.7779770396155, "mean_swap_time": 54.0, "mean_idle_time": 269.6959971232736, "mean_delivery_time": 3243.839818188334, "mean_schedule_distance": 16497.445839277305, "mean_schedule_energy": 1.330456126057601, "mean_number_swaps": 0.9, "drone_utilization": 0.8666666666666667, "total_number_parcel_handover": 10, "mean_number_parcel_handover": 0.5, "execution_time": 874.446483373642}