{"completion_time": 4891.307939423916, "mean_schedule_time": 2545.268316771818, "mean_flight_time": 2066.813865007775, "mean_swap_time": 72.0, "mean_idle_time": 406.4544517640429, "mean_delivery_time": 3437.309814046365, "mean_schedule_distance": 14467.697055054428, "mean_schedule_energy": 1.2564377399434281, "mean_number_swaps": 1.2, "drone_utilization": 0.7333333333333333, "execution_time": 360.283488035202}