{"completion_time": 1148.4599612624029, "execution_time": 0.0012981891632080078}