{"completion_time": 7676.608644184089, "mean_schedule_time": 5581.984463815269, "mean_flight_time": 4967.919604508801, "mean_swap_time": 192.0, "mean_idle_time": 422.06485930646795, "mean_delivery_time": 4803.166503989066, "mean_schedule_distance": 34775.4372315616, "mean_schedule_energy": 2.9731655286285603, "mean_number_swaps": 3.2, "drone_utilization": 1.0, "execution_time": 1042.8422584533691}