{"completion_time": 4311.61058172224, "mean_delivery_time": 2510.995325498776, "total_distance": 679040.540295247, "consumed_energy": 58.13234379017511, "execution_time": 378.7925612926483}