{"completion_time": 10054.467419907016, "mean_schedule_time": 3924.0602391998627, "mean_flight_time": 3792.060239199863, "mean_swap_time": 132.0, "mean_idle_time": -4.547473508864641e-13, "mean_delivery_time": 4459.159362727117, "mean_schedule_distance": 26544.421674399036, "mean_schedule_energy": 2.1907425524269084, "mean_number_swaps": 2.2, "drone_utilization": 0.88, "execution_time": 33.347814083099365}