{"completion_time": 2836.8306738919578, "mean_delivery_time": 1600.424537647155, "total_distance": 380626.98348708305, "consumed_energy": 31.402053390828634, "execution_time": 25.60320234298706}