{"completion_time": 5433.6613477839155, "mean_schedule_time": 2239.811334211903, "mean_flight_time": 2175.0113342119034, "mean_swap_time": 64.8, "mean_idle_time": -4.547473508864641e-13, "mean_delivery_time": 3110.84907529431, "mean_schedule_distance": 15225.079339483322, "mean_schedule_energy": 1.2560821356331453, "mean_number_swaps": 1.08, "drone_utilization": 0.72, "execution_time": 35.10167169570923}