{"completion_time": 5722.769698206328, "mean_schedule_time": 515.0821691804148, "mean_flight_time": 503.0821691804148, "mean_swap_time": 12.0, "mean_idle_time": 0.0, "mean_delivery_time": 3219.2635573775924, "mean_schedule_distance": 3521.575184262904, "mean_schedule_energy": 0.25527343607047226, "mean_number_swaps": 0.2, "drone_utilization": 0.16, "execution_time": 1.9452595710754395}