{"completion_time": 3734.105007118579, "mean_schedule_time": 1784.4976956803698, "mean_flight_time": 1519.4653664846924, "mean_swap_time": 30.0, "mean_idle_time": 235.03232919567745, "mean_delivery_time": 3342.9711806622026, "mean_schedule_distance": 10636.257565392847, "mean_schedule_energy": 0.8341481489422214, "mean_number_swaps": 0.5, "drone_utilization": 0.6428571428571429, "total_number_parcel_handover": 4, "mean_number_parcel_handover": 0.8, "execution_time": 42.75515055656433}