{"completion_time": 9000.500249596935, "mean_delivery_time": 3874.4245713237615, "total_distance": 2991753.869015989, "consumed_energy": 260.04735317763465, "execution_time": 850.1753866672516}