{"completion_time": 3803.509433085826, "mean_delivery_time": 2109.0473665602585, "total_distance": 604123.1380686971, "consumed_energy": 50.55672588242645, "execution_time": 311.4681963920593}