{"completion_time": 9340.377236256496, "mean_schedule_time": 9013.289324977493, "mean_flight_time": 8485.140217871074, "mean_swap_time": 360.0, "mean_idle_time": 168.14910710641925, "mean_delivery_time": 5701.637311461969, "mean_schedule_distance": 59395.981525097544, "mean_schedule_energy": 5.043476087511238, "mean_number_swaps": 6.0, "drone_utilization": 1.0, "total_number_parcel_handover": 5, "mean_number_parcel_handover": 0.25, "execution_time": 365.2714853286743}