{"completion_time": 3749.831228053873, "mean_delivery_time": 2604.821913977431, "total_distance": 559820.2535996212, "consumed_energy": 46.38127753028335, "execution_time": 317.748416185379}