{"completion_time": 7319.662456107746, "mean_schedule_time": 5805.325960743123, "mean_flight_time": 4885.935375195431, "mean_swap_time": 176.25, "mean_idle_time": 743.1405855476914, "mean_delivery_time": 5003.610746069202, "mean_schedule_distance": 34201.547626368, "mean_schedule_energy": 2.85701699382174, "mean_number_swaps": 2.9375, "drone_utilization": 1.0, "total_number_parcel_handover": 6, "mean_number_parcel_handover": 0.3, "execution_time": 490.54244661331177}