{"completion_time": 4553.960279003043, "mean_delivery_time": 2313.8881843175113, "total_distance": 743990.2730179833, "consumed_energy": 61.60713192027786, "execution_time": 412.39591789245605}