{"completion_time": 2355.4239463090407, "mean_delivery_time": 1545.125162413642, "total_distance": 335816.6874866757, "consumed_energy": 28.40533143134588, "execution_time": 568.3200929164886}