{"completion_time": 4613.345902469695, "mean_schedule_time": 2810.1251808214006, "mean_flight_time": 2332.83450826159, "mean_swap_time": 63.0, "mean_idle_time": 414.29067255981045, "mean_delivery_time": 3014.7144683881147, "mean_schedule_distance": 16329.84155783113, "mean_schedule_energy": 1.3926070025771349, "mean_number_swaps": 1.05, "drone_utilization": 0.95, "execution_time": 1050.133764743805}