{"completion_time": 6420.893958068735, "mean_schedule_time": 4719.792220965094, "mean_flight_time": 4552.649363822236, "mean_swap_time": 167.14285714285714, "mean_idle_time": 9.094947017729282e-13, "mean_delivery_time": 3915.339094104232, "mean_schedule_distance": 31868.545546755668, "mean_schedule_energy": 2.493604531244183, "mean_number_swaps": 2.7857142857142856, "drone_utilization": 1.0, "execution_time": 80.99921584129333}