{"completion_time": 5875.040694856503, "mean_schedule_time": 3786.493143614362, "mean_flight_time": 3366.8088206487228, "mean_swap_time": 110.0, "mean_idle_time": 309.68432296563924, "mean_delivery_time": 3363.291715291178, "mean_schedule_distance": 23567.661744541056, "mean_schedule_energy": 1.9971205894106718, "mean_number_swaps": 1.8333333333333333, "drone_utilization": 1.0, "total_number_parcel_handover": 4, "mean_number_parcel_handover": 0.2, "execution_time": 146.64082741737366}