{"completion_time": 4512.65241419756, "mean_delivery_time": 2464.182665443412, "total_distance": 634651.2773490709, "consumed_energy": 50.73121093932845, "execution_time": 197.00326585769653}