{"completion_time": 4686.481661221162, "mean_delivery_time": 2989.4325027080413, "total_distance": 560215.8963853446, "consumed_energy": 44.352264044916645, "execution_time": 7242.548083782196}