{"completion_time": 8983.281551193197, "mean_schedule_time": 8562.12600264143, "mean_flight_time": 8076.7653590011705, "mean_swap_time": 306.0, "mean_idle_time": 179.3606436402588, "mean_delivery_time": 5950.226452161031, "mean_schedule_distance": 56537.35751300817, "mean_schedule_energy": 4.466434907776839, "mean_number_swaps": 5.1, "drone_utilization": 1.0, "execution_time": 9333.856132268906}