{"completion_time": 24330.370866320358, "mean_delivery_time": 11217.840047814334, "total_distance": 623784.6563506067, "consumed_energy": 52.158667623618406, "execution_time": 897.5443503856659}