{"completion_time": 6240.536112224208, "mean_schedule_time": 4554.307750303056, "mean_flight_time": 3911.726354942917, "mean_swap_time": 131.25, "mean_idle_time": 511.33139536013914, "mean_delivery_time": 4658.8309833636, "mean_schedule_distance": 27382.08448460042, "mean_schedule_energy": 2.2378186379418468, "mean_number_swaps": 2.1875, "drone_utilization": 0.9375, "total_number_parcel_handover": 7, "mean_number_parcel_handover": 0.4666666666666667, "execution_time": 1098.4066972732544}