{"completion_time": 5819.695311041272, "mean_schedule_time": 1158.1604386093247, "mean_flight_time": 978.831265025699, "mean_swap_time": 26.4, "mean_idle_time": 152.9291735836257, "mean_delivery_time": 3095.935993068335, "mean_schedule_distance": 6851.818855179893, "mean_schedule_energy": 0.5728009609624725, "mean_number_swaps": 0.44, "drone_utilization": 0.36, "execution_time": 16.085904359817505}