{"completion_time": 3512.0092902749348, "mean_delivery_time": 2302.5990360107, "total_distance": 369738.723265089, "consumed_energy": 29.6969576072386, "execution_time": 1028.167282819748}