{"completion_time": 6494.150127131732, "mean_schedule_time": 1292.7108237077562, "mean_flight_time": 1243.4251094220422, "mean_swap_time": 49.285714285714285, "mean_idle_time": -2.2737367544323206e-13, "mean_delivery_time": 3711.1116613744407, "mean_schedule_distance": 8703.975765954294, "mean_schedule_energy": 0.8036935090198811, "mean_number_swaps": 0.8214285714285714, "drone_utilization": 0.32142857142857145, "total_number_parcel_handover": 0, "mean_number_parcel_handover": 0.0, "execution_time": 13.823626518249512}