{"completion_time": 857.3639553603945, "mean_delivery_time": 667.7486195287327, "total_distance": 36553.922693609034, "consumed_energy": 3.572574779787364, "execution_time": 0.005495548248291016}