{"completion_time": 24737.028800153705, "mean_schedule_time": 18865.184331347125, "mean_flight_time": 18010.184331347114, "mean_swap_time": 855.0, "mean_idle_time": 1.0913936421275139e-11, "mean_delivery_time": 9446.08464329, "mean_schedule_distance": 126071.2903194298, "mean_schedule_energy": 10.732603708246415, "mean_number_swaps": 14.25, "drone_utilization": 1.0, "total_number_parcel_handover": 0, "mean_number_parcel_handover": 0.0, "execution_time": 8.277861595153809}