{"completion_time": 3228.8286781850534, "mean_delivery_time": 1815.8764977102223, "total_distance": 463075.8028484466, "consumed_energy": 42.55308987795635, "execution_time": 351.4283392429352}