{"completion_time": 4600.928158347891, "mean_schedule_time": 3231.613745903379, "mean_flight_time": 3024.4592424420393, "mean_swap_time": 88.0, "mean_idle_time": 119.15450346133957, "mean_delivery_time": 3749.29555116858, "mean_schedule_distance": 21171.214697094278, "mean_schedule_energy": 1.6655674654543267, "mean_number_swaps": 1.4666666666666666, "drone_utilization": 0.8666666666666667, "execution_time": 280.2919211387634}