{"completion_time": 3931.3215997885, "mean_schedule_time": 956.2375558314845, "mean_flight_time": 895.8556216997853, "mean_swap_time": 18.0, "mean_idle_time": 42.38193413169927, "mean_delivery_time": 3652.211210136381, "mean_schedule_distance": 6270.989351898497, "mean_schedule_energy": 0.4268030286040162, "mean_number_swaps": 0.3, "drone_utilization": 0.3, "execution_time": 0.9215264320373535}