{"completion_time": 14346.967628683338, "mean_schedule_time": 14159.284886664842, "mean_flight_time": 13523.448466990778, "mean_swap_time": 612.0, "mean_idle_time": 23.836419674064018, "mean_delivery_time": 7665.56421954597, "mean_schedule_distance": 94664.13926893545, "mean_schedule_energy": 8.024827339310546, "mean_number_swaps": 10.2, "drone_utilization": 1.0, "execution_time": 312.5698571205139}