{"completion_time": 4860.3196844380645, "mean_schedule_time": 1266.972069853876, "mean_flight_time": 1229.4720698538758, "mean_swap_time": 37.5, "mean_idle_time": 2.2737367544323206e-13, "mean_delivery_time": 3040.7329676493027, "mean_schedule_distance": 8606.304488977134, "mean_schedule_energy": 0.7408154150386287, "mean_number_swaps": 0.625, "drone_utilization": 0.4166666666666667, "execution_time": 9.120012521743774}