{"completion_time": 4486.566732042604, "mean_schedule_time": 1359.8928054484475, "mean_flight_time": 1035.789531617629, "mean_swap_time": 30.0, "mean_idle_time": 294.10327383081835, "mean_delivery_time": 3169.772108934156, "mean_schedule_distance": 7250.526721323404, "mean_schedule_energy": 0.602196432073042, "mean_number_swaps": 0.5, "drone_utilization": 0.45, "execution_time": 16.28606915473938}