{"completion_time": 922.6872738037266, "execution_time": 0.000957489013671875}