{"completion_time": 4235.278507525707, "mean_schedule_time": 710.8830561879398, "mean_flight_time": 686.8830561879397, "mean_swap_time": 24.0, "mean_idle_time": 1.1368683772161603e-13, "mean_delivery_time": 2843.5322247517593, "mean_schedule_distance": 4808.181393315578, "mean_schedule_energy": 0.4491076730874246, "mean_number_swaps": 0.4, "drone_utilization": 0.25, "execution_time": 3.1700704097747803}