{"completion_time": 7739.513833161006, "mean_schedule_time": 6284.566763946665, "mean_flight_time": 5287.104057468273, "mean_swap_time": 220.0, "mean_idle_time": 777.4627064783917, "mean_delivery_time": 4814.082894240287, "mean_schedule_distance": 37009.72840227792, "mean_schedule_energy": 3.149464974979926, "mean_number_swaps": 3.6666666666666665, "drone_utilization": 1.0, "execution_time": 857.106173992157}