{"completion_time": 9560.501108537319, "mean_schedule_time": 9233.823186763067, "mean_flight_time": 8415.487962089606, "mean_swap_time": 367.5, "mean_idle_time": 450.8352246734612, "mean_delivery_time": 6608.175657600868, "mean_schedule_distance": 58908.41573462726, "mean_schedule_energy": 4.911261694870257, "mean_number_swaps": 6.125, "drone_utilization": 1.0, "execution_time": 3713.9799904823303}