{"completion_time": 7609.539281224026, "mean_schedule_time": 1664.6209179013194, "mean_flight_time": 1364.0356319409811, "mean_swap_time": 40.0, "mean_idle_time": 260.5852859603383, "mean_delivery_time": 3953.296579165121, "mean_schedule_distance": 9548.249423586867, "mean_schedule_energy": 0.7661281279540236, "mean_number_swaps": 0.6666666666666666, "drone_utilization": 0.4, "total_number_parcel_handover": 6, "mean_number_parcel_handover": 0.6, "execution_time": 684.8629417419434}