{"completion_time": 18979.397289055752, "mean_schedule_time": 18647.583824228408, "mean_flight_time": 17767.257255455523, "mean_swap_time": 816.0, "mean_idle_time": 64.32656877288537, "mean_delivery_time": 9704.744148434094, "mean_schedule_distance": 124370.80078818866, "mean_schedule_energy": 10.584842256648354, "mean_number_swaps": 13.6, "drone_utilization": 1.0, "execution_time": 974.4377183914185}