{"completion_time": 4688.368886611958, "mean_schedule_time": 2667.0513420881134, "mean_flight_time": 2431.6994812677035, "mean_swap_time": 72.0, "mean_idle_time": 163.3518608204099, "mean_delivery_time": 3827.904404069148, "mean_schedule_distance": 17021.896368873924, "mean_schedule_energy": 1.326483489320927, "mean_number_swaps": 1.2, "drone_utilization": 0.7, "execution_time": 7.549402236938477}