{"completion_time": 9747.906503527845, "mean_schedule_time": 8964.099826471205, "mean_flight_time": 7879.703504300102, "mean_swap_time": 316.0, "mean_idle_time": 768.3963221711037, "mean_delivery_time": 6326.956463251051, "mean_schedule_distance": 55157.924530100805, "mean_schedule_energy": 4.617461501935925, "mean_number_swaps": 5.266666666666667, "drone_utilization": 1.0, "execution_time": 3789.6086094379425}