{"completion_time": 8357.127122327505, "mean_schedule_time": 5243.523489627144, "mean_flight_time": 5055.523489627145, "mean_swap_time": 188.0, "mean_idle_time": -9.094947017729282e-13, "mean_delivery_time": 4460.323717658184, "mean_schedule_distance": 35388.66442739001, "mean_schedule_energy": 2.9040286304994463, "mean_number_swaps": 3.1333333333333333, "drone_utilization": 1.0, "execution_time": 20.607701063156128}