{"completion_time": 4597.142093231204, "mean_schedule_time": 3285.585892257908, "mean_flight_time": 3180.585892257908, "mean_swap_time": 105.0, "mean_idle_time": 0.0, "mean_delivery_time": 3017.8316176047524, "mean_schedule_distance": 22264.10124580536, "mean_schedule_energy": 1.832226501310686, "mean_number_swaps": 1.75, "drone_utilization": 1.0, "execution_time": 110.3759970664978}