{"completion_time": 6072.9644288762365, "mean_schedule_time": 2636.2002459627574, "mean_flight_time": 1743.3301896984954, "mean_swap_time": 57.0, "mean_idle_time": 835.8700562642621, "mean_delivery_time": 4467.402786219905, "mean_schedule_distance": 12203.31132788947, "mean_schedule_energy": 1.0847167622514247, "mean_number_swaps": 0.95, "drone_utilization": 0.65, "execution_time": 782.174111366272}