{"completion_time": 4919.882880246539, "mean_delivery_time": 2631.978680072003, "total_distance": 110943.89070901678, "consumed_energy": 9.392736122467795, "execution_time": 0.0023260116577148438}