{"completion_time": 6311.2138185844, "mean_schedule_time": 4305.084024781877, "mean_flight_time": 3672.7575072882446, "mean_swap_time": 132.0, "mean_idle_time": 500.3265174936323, "mean_delivery_time": 4028.7073584238556, "mean_schedule_distance": 25709.3025510177, "mean_schedule_energy": 2.168217389536587, "mean_number_swaps": 2.2, "drone_utilization": 1.0, "execution_time": 350.7945098876953}