{"completion_time": 4594.320837166964, "mean_schedule_time": 3371.8680340961578, "mean_flight_time": 2674.666611074481, "mean_swap_time": 70.0, "mean_idle_time": 627.2014230216769, "mean_delivery_time": 3293.599933289376, "mean_schedule_distance": 18722.666277521366, "mean_schedule_energy": 1.5041107457009437, "mean_number_swaps": 1.1666666666666667, "drone_utilization": 1.0, "execution_time": 7.715806245803833}