{"completion_time": 12588.246866538766, "mean_schedule_time": 6944.410448599215, "mean_flight_time": 6679.410448599214, "mean_swap_time": 265.0, "mean_idle_time": 9.094947017729282e-13, "mean_delivery_time": 5012.368264929884, "mean_schedule_distance": 46755.87314019448, "mean_schedule_energy": 3.8655331266739066, "mean_number_swaps": 4.416666666666667, "drone_utilization": 1.0, "execution_time": 15.73226547241211}