{"completion_time": 2192.873975307245, "mean_delivery_time": 1619.218210459698, "total_distance": 265782.0783096036, "consumed_energy": 21.66347005633483, "execution_time": 218.2218189239502}