{"completion_time": 4385.74795061449, "mean_schedule_time": 1800.4929600304224, "mean_flight_time": 1509.0959403935458, "mean_swap_time": 35.0, "mean_idle_time": 256.3970196368766, "mean_delivery_time": 3190.436420919396, "mean_schedule_distance": 10563.671582754818, "mean_schedule_energy": 0.872009684871898, "mean_number_swaps": 0.5833333333333334, "drone_utilization": 0.625, "execution_time": 275.88125872612}