{"completion_time": 6767.525517323361, "mean_schedule_time": 5246.685231732368, "mean_flight_time": 4573.659590179077, "mean_swap_time": 163.84615384615384, "mean_idle_time": 509.179487707137, "mean_delivery_time": 5222.434509766459, "mean_schedule_distance": 32015.617131253563, "mean_schedule_energy": 2.6661683596238914, "mean_number_swaps": 2.730769230769231, "drone_utilization": 1.0, "total_number_parcel_handover": 25, "mean_number_parcel_handover": 1.0, "execution_time": 11479.868027448654}