{"completion_time": 7745.89322355953, "mean_schedule_time": 3857.704933660044, "mean_flight_time": 3618.393779891625, "mean_swap_time": 122.4, "mean_idle_time": 116.9111537684189, "mean_delivery_time": 3493.1567845496184, "mean_schedule_distance": 25328.756459241366, "mean_schedule_energy": 2.084339909193089, "mean_number_swaps": 2.04, "drone_utilization": 1.0, "execution_time": 113.12567520141602}