{"completion_time": 3506.778456295294, "mean_delivery_time": 2035.15458166627, "total_distance": 703337.3051531359, "consumed_energy": 61.261246430821195, "execution_time": 1131.7094736099243}