{"completion_time": 5658.405326419774, "mean_schedule_time": 4602.40235018368, "mean_flight_time": 4414.066574855556, "mean_swap_time": 162.0, "mean_idle_time": 26.335775328124328, "mean_delivery_time": 4118.74952766409, "mean_schedule_distance": 30898.466023988876, "mean_schedule_energy": 2.662897943548718, "mean_number_swaps": 2.7, "drone_utilization": 1.0, "execution_time": 423.1033561229706}