{"completion_time": 6018.593313652926, "mean_schedule_time": 5388.943002188273, "mean_flight_time": 4771.259703637962, "mean_swap_time": 160.0, "mean_idle_time": 457.6832985503106, "mean_delivery_time": 4821.306844896985, "mean_schedule_distance": 33398.81792546573, "mean_schedule_energy": 2.7129452189804963, "mean_number_swaps": 2.6666666666666665, "drone_utilization": 1.0, "execution_time": 1167.7607700824738}