{"completion_time": 2031.5073025491427, "mean_delivery_time": 1469.0226346327265, "total_distance": 96001.75735422291, "consumed_energy": 8.355355492107822, "execution_time": 0.44594621658325195}