{"completion_time": 2558.4651236940044, "mean_delivery_time": 1870.0950046164985, "total_distance": 323557.5275824294, "consumed_energy": 28.061308688614297, "execution_time": 403.01030802726746}