{"completion_time": 41312.89084482589, "mean_schedule_time": 41112.424597229685, "mean_flight_time": 39282.42459722967, "mean_swap_time": 1830.0, "mean_idle_time": 1.4551915228366852e-11, "mean_delivery_time": 19773.786620018076, "mean_schedule_distance": 274976.9721806077, "mean_schedule_energy": 22.83226525748317, "mean_number_swaps": 30.5, "drone_utilization": 1.0, "total_number_parcel_handover": 1, "mean_number_parcel_handover": 0.05, "execution_time": 383.4215581417084}