{"completion_time": 3662.979424004502, "mean_schedule_time": 466.1966548353882, "mean_flight_time": 345.63579620137784, "mean_swap_time": 7.2, "mean_idle_time": 113.36085863401036, "mean_delivery_time": 3088.099530905467, "mean_schedule_distance": 2419.450573409644, "mean_schedule_energy": 0.2018702963393466, "mean_number_swaps": 0.12, "drone_utilization": 0.2, "execution_time": 2.218954563140869}