{"completion_time": 4257.378654961861, "mean_delivery_time": 3111.7370464350433, "total_distance": 738605.2013079, "consumed_energy": 61.96466295233967, "execution_time": 137.42913937568665}