{"completion_time": 19952.122970567973, "mean_schedule_time": 18702.20211652482, "mean_flight_time": 17847.202116524826, "mean_swap_time": 855.0, "mean_idle_time": -7.275957614183426e-12, "mean_delivery_time": 8845.433420046762, "mean_schedule_distance": 124930.41481567368, "mean_schedule_energy": 10.520773501903173, "mean_number_swaps": 14.25, "drone_utilization": 1.0, "execution_time": 12.576336145401001}