{"completion_time": 2306.6729512348475, "mean_delivery_time": 1638.4880797309313, "total_distance": 230654.793665314, "consumed_energy": 19.284696418884756, "execution_time": 29.0758113861084}