{"completion_time": 2023.5472415815789, "mean_delivery_time": 1784.6592983097185, "total_distance": 52457.21109475124, "consumed_energy": 3.9585470469137958, "execution_time": 0.32926106452941895}