{"completion_time": 2914.4297090401615, "mean_schedule_time": 368.99471228193846, "mean_flight_time": 356.9947122819386, "mean_swap_time": 12.0, "mean_idle_time": -1.1368683772161603e-13, "mean_delivery_time": 2306.2169517621155, "mean_schedule_distance": 2498.9629859735696, "mean_schedule_energy": 0.2519220951995161, "mean_number_swaps": 0.2, "drone_utilization": 0.16, "execution_time": 1.969930648803711}