{"completion_time": 2143.5797569046917, "mean_delivery_time": 1776.610395535132, "total_distance": 76058.52604259904, "consumed_energy": 6.223043221806515, "execution_time": 1.2153282165527344}