{"completion_time": 4486.566732042604, "mean_schedule_time": 1313.5646753303076, "mean_flight_time": 1150.595497929509, "mean_swap_time": 34.285714285714285, "mean_idle_time": 128.68346311508435, "mean_delivery_time": 2762.4387482755037, "mean_schedule_distance": 8054.168485506563, "mean_schedule_energy": 0.7288590106189158, "mean_number_swaps": 0.5714285714285714, "drone_utilization": 0.5, "total_number_parcel_handover": 4, "mean_number_parcel_handover": 0.4, "execution_time": 163.65863275527954}