{"completion_time": 8988.262764986728, "mean_schedule_time": 4385.242239050404, "mean_flight_time": 3561.4619944534693, "mean_swap_time": 130.71428571428572, "mean_idle_time": 693.0659588826493, "mean_delivery_time": 4453.009324300083, "mean_schedule_distance": 24930.23396117429, "mean_schedule_energy": 2.1383559229399127, "mean_number_swaps": 2.1785714285714284, "drone_utilization": 0.9642857142857143, "execution_time": 5886.130859851837}