{"completion_time": 5720.3959138213495, "mean_schedule_time": 1869.2514251714306, "mean_flight_time": 1802.5847585047643, "mean_swap_time": 66.66666666666667, "mean_idle_time": -4.547473508864641e-13, "mean_delivery_time": 3364.652565308575, "mean_schedule_distance": 12618.093309533353, "mean_schedule_energy": 1.138200562793256, "mean_number_swaps": 1.1111111111111112, "drone_utilization": 0.5555555555555556, "execution_time": 8.96969485282898}