{"completion_time": 5344.667400027896, "mean_schedule_time": 2562.969051686947, "mean_flight_time": 2482.969051686947, "mean_swap_time": 80.0, "mean_idle_time": 0.0, "mean_delivery_time": 3075.562862024336, "mean_schedule_distance": 17380.78336180863, "mean_schedule_energy": 1.4235977707581797, "mean_number_swaps": 1.3333333333333333, "drone_utilization": 0.8333333333333334, "total_number_parcel_handover": 0, "mean_number_parcel_handover": 0.0, "execution_time": 0.7031214237213135}