{"completion_time": 4650.8478926180815, "mean_schedule_time": 2893.2224525294905, "mean_flight_time": 2622.346376303851, "mean_swap_time": 75.0, "mean_idle_time": 195.87607622563974, "mean_delivery_time": 3087.8266946708745, "mean_schedule_distance": 18356.424634126946, "mean_schedule_energy": 1.5312142718000008, "mean_number_swaps": 1.25, "drone_utilization": 0.95, "execution_time": 1188.053375005722}