{"completion_time": 4847.791338929941, "mean_schedule_time": 1746.9514541053597, "mean_flight_time": 1476.202861042153, "mean_swap_time": 30.0, "mean_idle_time": 240.74859306320673, "mean_delivery_time": 2861.2649577978036, "mean_schedule_distance": 10333.420027295071, "mean_schedule_energy": 0.89933558582987, "mean_number_swaps": 0.5, "drone_utilization": 0.6428571428571429, "total_number_parcel_handover": 8, "mean_number_parcel_handover": 0.8, "execution_time": 714.2046234607697}