{"completion_time": 8504.806492042131, "mean_schedule_time": 5806.500544632364, "mean_flight_time": 5334.134709396804, "mean_swap_time": 206.25, "mean_idle_time": 266.11583523555964, "mean_delivery_time": 4475.038904151097, "mean_schedule_distance": 37338.94296577762, "mean_schedule_energy": 3.128408620342848, "mean_number_swaps": 3.4375, "drone_utilization": 1.0, "execution_time": 246.28719568252563}