{"completion_time": 7605.155242057946, "mean_schedule_time": 4210.143398804383, "mean_flight_time": 3368.539611880277, "mean_swap_time": 110.76923076923077, "mean_idle_time": 730.8345561548749, "mean_delivery_time": 4137.8897746673065, "mean_schedule_distance": 23579.77728316191, "mean_schedule_energy": 1.9503710439822266, "mean_number_swaps": 1.8461538461538463, "drone_utilization": 0.9615384615384616, "execution_time": 3299.846702337265}