{"completion_time": 5161.4665366887975, "mean_delivery_time": 2960.4998882670798, "total_distance": 286797.6531151868, "consumed_energy": 24.708473727313653, "execution_time": 2.9441182613372803}