{"completion_time": 9842.933073377595, "mean_schedule_time": 7108.515550361591, "mean_flight_time": 6828.51555036159, "mean_swap_time": 280.0, "mean_idle_time": 9.094947017729282e-13, "mean_delivery_time": 5704.9997765341595, "mean_schedule_distance": 47799.60885253113, "mean_schedule_energy": 4.118078954552275, "mean_number_swaps": 4.666666666666667, "drone_utilization": 1.0, "execution_time": 3.1459286212921143}