{"completion_time": 21872.817997329363, "mean_schedule_time": 18419.764377540207, "mean_flight_time": 17615.764377540207, "mean_swap_time": 804.0, "mean_idle_time": 0.0, "mean_delivery_time": 9055.910624417673, "mean_schedule_distance": 123310.35064278147, "mean_schedule_energy": 9.9256705729418, "mean_number_swaps": 13.4, "drone_utilization": 1.0, "execution_time": 11.896839618682861}