{"completion_time": 5360.353427838384, "mean_schedule_time": 1958.5920506784792, "mean_flight_time": 1898.5920506784785, "mean_swap_time": 60.0, "mean_idle_time": 6.821210263296962e-13, "mean_delivery_time": 2760.9008403827415, "mean_schedule_distance": 13290.144354749347, "mean_schedule_energy": 1.141754007692509, "mean_number_swaps": 1.0, "drone_utilization": 0.68, "execution_time": 34.68627858161926}