{"completion_time": 4545.147914134696, "execution_time": 0.04875516891479492}