{"1": [], "2": [], "3": [], "4": [], "5": [{"x": 8, "y": 9, "a": 1, "tau": 1092.463593819596}], "6": [], "7": [], "8": [], "9": [], "10": [], "11": [], "12": [], "13": [], "14": [{"x": 5, "y": 2, "a": 2, "tau": 998.4477838313107}, {"x": 2, "y": 2, "a": -1, "tau": 1058.4477838313107}, {"x": 2, "y": 1, "a": 2, "tau": 2208.897694179397}], "15": [], "16": [], "17": [], "18": [], "19": [], "20": [], "21": [], "22": [], "23": [], "24": [], "25": []}