{"completion_time": 2896.477029221378, "mean_delivery_time": 2139.3878651009577, "total_distance": 516579.62349690276, "consumed_energy": 41.18580255707379, "execution_time": 3471.8314151763916}