{"completion_time": 4611.533926022815, "mean_schedule_time": 2901.2356678928372, "mean_flight_time": 2473.1992922369873, "mean_swap_time": 80.0, "mean_idle_time": 348.03637565584995, "mean_delivery_time": 3202.1200357803464, "mean_schedule_distance": 17312.39504565891, "mean_schedule_energy": 1.5589976443616462, "mean_number_swaps": 1.3333333333333333, "drone_utilization": 0.875, "execution_time": 1179.973751783371}