{"completion_time": 9049.274286922246, "mean_schedule_time": 4796.863826981071, "mean_flight_time": 4616.863826981071, "mean_swap_time": 180.0, "mean_idle_time": 0.0, "mean_delivery_time": 4299.64089415125, "mean_schedule_distance": 32318.046788867498, "mean_schedule_energy": 2.7161975495701642, "mean_number_swaps": 3.0, "drone_utilization": 1.0, "execution_time": 3.4561290740966797}