{"completion_time": 10306.123516687625, "mean_schedule_time": 9755.203352935563, "mean_flight_time": 8899.187067113757, "mean_swap_time": 364.0, "mean_idle_time": 492.0162858218064, "mean_delivery_time": 6938.388806978781, "mean_schedule_distance": 62294.30946979626, "mean_schedule_energy": 5.283131338136224, "mean_number_swaps": 6.066666666666666, "drone_utilization": 1.0, "execution_time": 3522.972195148468}