{"completion_time": 10474.732761908706, "mean_schedule_time": 8590.70637973008, "mean_flight_time": 7010.174220109056, "mean_swap_time": 288.0, "mean_idle_time": 1292.5321596210242, "mean_delivery_time": 6470.643513373308, "mean_schedule_distance": 49071.21954076343, "mean_schedule_energy": 4.107554067337204, "mean_number_swaps": 4.8, "drone_utilization": 1.0, "execution_time": 24217.13816332817}