{"completion_time": 4296.580795522605, "mean_schedule_time": 464.93773334610063, "mean_flight_time": 452.9377333461007, "mean_swap_time": 12.0, "mean_idle_time": -5.684341886080802e-14, "mean_delivery_time": 2789.6264000766037, "mean_schedule_distance": 3170.5641334227053, "mean_schedule_energy": 0.24891658642580694, "mean_number_swaps": 0.2, "drone_utilization": 0.16666666666666666, "total_number_parcel_handover": 0, "mean_number_parcel_handover": 0.0, "execution_time": 3.8423094749450684}