{"completion_time": 12121.887934410908, "mean_schedule_time": 6722.858879593233, "mean_flight_time": 6466.85887959323, "mean_swap_time": 256.0, "mean_idle_time": 2.7284841053187847e-12, "mean_delivery_time": 4968.150613495034, "mean_schedule_distance": 45268.012157152654, "mean_schedule_energy": 3.891501984906444, "mean_number_swaps": 4.266666666666667, "drone_utilization": 1.0, "execution_time": 32.44054961204529}