{"completion_time": 5212.608660385484, "mean_schedule_time": 4088.330223673736, "mean_flight_time": 3567.5918692842056, "mean_swap_time": 112.8, "mean_idle_time": 407.9383543895301, "mean_delivery_time": 3934.742869019911, "mean_schedule_distance": 24973.14308498943, "mean_schedule_energy": 2.075051502961037, "mean_number_swaps": 1.88, "drone_utilization": 1.0, "execution_time": 1720.8860278129578}