{"completion_time": 2426.6729512348475, "mean_delivery_time": 1675.375656219759, "total_distance": 337537.981452924, "consumed_energy": 28.147907890801342, "execution_time": 62.90308690071106}