{"completion_time": 20304.5822387601, "mean_schedule_time": 17430.35569357583, "mean_flight_time": 16626.355693575835, "mean_swap_time": 804.0, "mean_idle_time": -3.637978807091713e-12, "mean_delivery_time": 8458.139185731376, "mean_schedule_distance": 116384.48985503087, "mean_schedule_energy": 10.021404852220481, "mean_number_swaps": 13.4, "drone_utilization": 1.0, "execution_time": 17.09959077835083}