{"completion_time": 10453.18230253891, "mean_schedule_time": 9776.728706725939, "mean_flight_time": 8928.425338389234, "mean_swap_time": 414.0, "mean_idle_time": 434.3033683367048, "mean_delivery_time": 6098.9023936982385, "mean_schedule_distance": 62498.977368724605, "mean_schedule_energy": 5.5874204036247175, "mean_number_swaps": 6.9, "drone_utilization": 1.0, "execution_time": 11454.913892269135}