{"completion_time": 5436.591151269455, "mean_delivery_time": 3030.17086835855, "total_distance": 612889.04473685, "consumed_energy": 55.30077018361972, "execution_time": 5391.332489967346}