{"completion_time": 4353.081135584484, "mean_delivery_time": 2432.0451544237994, "total_distance": 630074.335965097, "consumed_energy": 56.28139802571035, "execution_time": 272.1928174495697}