{"completion_time": 9348.262764986728, "mean_schedule_time": 2726.0618508833895, "mean_flight_time": 2630.0618508833895, "mean_swap_time": 96.0, "mean_idle_time": 0.0, "mean_delivery_time": 3786.197015115819, "mean_schedule_distance": 18410.432956183733, "mean_schedule_energy": 1.6109875144452048, "mean_number_swaps": 1.6, "drone_utilization": 0.72, "execution_time": 34.52285623550415}