{"completion_time": 5358.907546055824, "mean_delivery_time": 3056.913892209408, "total_distance": 617978.3222980503, "consumed_energy": 54.31601458709946, "execution_time": 4652.478466033936}