{"completion_time": 5298.855789017156, "mean_schedule_time": 3823.3982987526138, "mean_flight_time": 3066.9214069232326, "mean_swap_time": 108.0, "mean_idle_time": 648.4768918293812, "mean_delivery_time": 4171.797213783624, "mean_schedule_distance": 21468.44984846265, "mean_schedule_energy": 1.8642871439888171, "mean_number_swaps": 1.8, "drone_utilization": 0.9666666666666667, "execution_time": 4467.8153920173645}