{"completion_time": 9783.708842794831, "mean_schedule_time": 9398.116867546778, "mean_flight_time": 8593.059923752615, "mean_swap_time": 352.0, "mean_idle_time": 453.0569437941631, "mean_delivery_time": 6640.459670549127, "mean_schedule_distance": 60151.41946626829, "mean_schedule_energy": 5.038679247578885, "mean_number_swaps": 5.866666666666666, "drone_utilization": 1.0, "execution_time": 9245.804253578186}