{"completion_time": 2803.7208808687037, "mean_schedule_time": 379.3475363550372, "mean_flight_time": 343.4029003465782, "mean_swap_time": 3.0, "mean_idle_time": 32.94463600845904, "mean_delivery_time": 2226.5494642465296, "mean_schedule_distance": 2403.8203024260474, "mean_schedule_energy": 0.18066208940028988, "mean_number_swaps": 0.05, "drone_utilization": 0.2, "execution_time": 3.3154373168945312}