{"completion_time": 9445.191790446168, "mean_schedule_time": 9221.522705426225, "mean_flight_time": 8763.070950998414, "mean_swap_time": 384.0, "mean_idle_time": 74.45175442781147, "mean_delivery_time": 6360.466846005232, "mean_schedule_distance": 61341.4966569889, "mean_schedule_energy": 5.13477004628285, "mean_number_swaps": 6.4, "drone_utilization": 1.0, "execution_time": 1659.4620745182037}