{"completion_time": 4442.664247313218, "mean_schedule_time": 2417.1457524143284, "mean_flight_time": 2165.5557595771525, "mean_swap_time": 60.0, "mean_idle_time": 191.58999283717594, "mean_delivery_time": 3763.6233164925043, "mean_schedule_distance": 15158.890317040064, "mean_schedule_energy": 1.167645939869428, "mean_number_swaps": 1.0, "drone_utilization": 0.7, "execution_time": 16.203694105148315}