{"completion_time": 5699.525122031663, "mean_schedule_time": 1837.2314857693698, "mean_flight_time": 1435.348553599526, "mean_swap_time": 36.0, "mean_idle_time": 365.8829321698438, "mean_delivery_time": 4048.2142679375884, "mean_schedule_distance": 10047.439875196684, "mean_schedule_energy": 0.8432782748772386, "mean_number_swaps": 0.6, "drone_utilization": 0.52, "execution_time": 685.0164413452148}