{"completion_time": 9583.357147206814, "mean_schedule_time": 9148.727463051408, "mean_flight_time": 8213.477811732939, "mean_swap_time": 360.0, "mean_idle_time": 575.2496513184688, "mean_delivery_time": 6104.1123773734835, "mean_schedule_distance": 57494.34468213058, "mean_schedule_energy": 4.860869153044511, "mean_number_swaps": 6.0, "drone_utilization": 1.0, "total_number_parcel_handover": 14, "mean_number_parcel_handover": 0.56, "execution_time": 6758.03014087677}