{"completion_time": 3763.783955198057, "mean_delivery_time": 1722.8752244298746, "total_distance": 274760.0750660264, "consumed_energy": 23.207212047123136, "execution_time": 542.8006591796875}