{"completion_time": 7467.567910396114, "mean_schedule_time": 2594.38664958696, "mean_flight_time": 1962.571964757332, "mean_swap_time": 57.0, "mean_idle_time": 574.8146848296283, "mean_delivery_time": 3355.750448859749, "mean_schedule_distance": 13738.00375330132, "mean_schedule_energy": 1.1603606023561568, "mean_number_swaps": 0.95, "drone_utilization": 0.7, "execution_time": 802.8553123474121}