{"completion_time": 9796.136706649397, "mean_schedule_time": 8929.08805622766, "mean_flight_time": 8115.548596918455, "mean_swap_time": 336.0, "mean_idle_time": 477.5394593092042, "mean_delivery_time": 6314.145729460493, "mean_schedule_distance": 56808.84017842922, "mean_schedule_energy": 4.709641737835876, "mean_number_swaps": 5.6, "drone_utilization": 1.0, "execution_time": 10395.90847325325}