{"completion_time": 11375.579604795725, "mean_schedule_time": 4585.715790676203, "mean_flight_time": 4428.215790676205, "mean_swap_time": 157.5, "mean_idle_time": -1.8189894035458565e-12, "mean_delivery_time": 4476.461919783404, "mean_schedule_distance": 30997.510534733407, "mean_schedule_energy": 2.5584348377366815, "mean_number_swaps": 2.625, "drone_utilization": 0.9583333333333334, "total_number_parcel_handover": 0, "mean_number_parcel_handover": 0.0, "execution_time": 40.51136064529419}