{"completion_time": 3278.9824491101963, "mean_delivery_time": 1985.939188271589, "total_distance": 79008.3367571083, "consumed_energy": 6.590326030687919, "execution_time": 0.019107341766357422}