{"completion_time": 9065.64420662852, "mean_schedule_time": 6824.91174447973, "mean_flight_time": 5542.523798187388, "mean_swap_time": 228.0, "mean_idle_time": 1054.3879462923423, "mean_delivery_time": 5631.531626078534, "mean_schedule_distance": 38797.66658731173, "mean_schedule_energy": 3.2992319877490663, "mean_number_swaps": 3.8, "drone_utilization": 1.0, "execution_time": 1753.3997457027435}