{"completion_time": 14420.453500838688, "mean_schedule_time": 14169.16855052177, "mean_flight_time": 13521.168550521767, "mean_swap_time": 648.0, "mean_idle_time": 3.637978807091713e-12, "mean_delivery_time": 7523.50173206008, "mean_schedule_distance": 94648.17985365239, "mean_schedule_energy": 8.21478841740007, "mean_number_swaps": 10.8, "drone_utilization": 1.0, "execution_time": 346.59366273880005}