{"completion_time": 6211.841311931644, "mean_schedule_time": 5051.275772894765, "mean_flight_time": 4585.782818928505, "mean_swap_time": 163.63636363636363, "mean_idle_time": 301.8565903298968, "mean_delivery_time": 4553.162575402825, "mean_schedule_distance": 32100.47973249955, "mean_schedule_energy": 2.60235435425006, "mean_number_swaps": 2.727272727272727, "drone_utilization": 1.0, "execution_time": 916.0707101821899}