{"completion_time": 16538.1261638352, "mean_schedule_time": 10300.53150542812, "mean_flight_time": 9880.531505428118, "mean_swap_time": 420.0, "mean_idle_time": 1.8189894035458565e-12, "mean_delivery_time": 6076.927790663344, "mean_schedule_distance": 69163.72053799682, "mean_schedule_energy": 5.662578084146355, "mean_number_swaps": 7.0, "drone_utilization": 1.0, "execution_time": 31.587871313095093}