{"completion_time": 5441.26959941043, "mean_schedule_time": 2877.96322244704, "mean_flight_time": 2793.9632224470406, "mean_swap_time": 84.0, "mean_idle_time": -4.547473508864641e-13, "mean_delivery_time": 3597.4540280588003, "mean_schedule_distance": 19557.742557129277, "mean_schedule_energy": 1.5295169304716725, "mean_number_swaps": 1.4, "drone_utilization": 0.8, "execution_time": 9.184879302978516}