{"completion_time": 2843.696636691346, "mean_delivery_time": 1733.9403496018083, "total_distance": 221664.40378751603, "consumed_energy": 18.908345193639303, "execution_time": 5.429461479187012}