{"completion_time": 15344.6655607647, "mean_schedule_time": 15098.065111565193, "mean_flight_time": 14468.06511156519, "mean_swap_time": 630.0, "mean_idle_time": 1.8189894035458565e-12, "mean_delivery_time": 8324.11215258013, "mean_schedule_distance": 101276.45578095636, "mean_schedule_energy": 8.156811890908896, "mean_number_swaps": 10.5, "drone_utilization": 1.0, "total_number_parcel_handover": 0, "mean_number_parcel_handover": 0.0, "execution_time": 1.8000140190124512}