{"completion_time": 9649.771909764764, "mean_schedule_time": 9143.701465856217, "mean_flight_time": 8033.372138141731, "mean_swap_time": 348.0, "mean_idle_time": 762.3293277144858, "mean_delivery_time": 6735.527220685248, "mean_schedule_distance": 56233.604966992156, "mean_schedule_energy": 4.721094552790365, "mean_number_swaps": 5.8, "drone_utilization": 1.0, "execution_time": 9315.902217626572}