{"completion_time": 6839.084774955858, "mean_schedule_time": 2646.1930783931266, "mean_flight_time": 2566.193078393126, "mean_swap_time": 80.0, "mean_idle_time": 4.547473508864641e-13, "mean_delivery_time": 3307.7413479914085, "mean_schedule_distance": 17963.351548751885, "mean_schedule_energy": 1.4686220649606738, "mean_number_swaps": 1.3333333333333333, "drone_utilization": 0.8, "execution_time": 7.640853404998779}