{"completion_time": 4012.7949729525462, "mean_schedule_time": 2284.0786477111087, "mean_flight_time": 2216.5786477111083, "mean_swap_time": 67.5, "mean_idle_time": 4.547473508864641e-13, "mean_delivery_time": 3654.525836337774, "mean_schedule_distance": 15516.050533977761, "mean_schedule_energy": 1.3648516716883676, "mean_number_swaps": 1.125, "drone_utilization": 0.625, "execution_time": 4.435147523880005}