{"completion_time": 3947.8325750320955, "mean_schedule_time": 1107.8615775444014, "mean_flight_time": 933.7710907919861, "mean_swap_time": 17.142857142857142, "mean_idle_time": 156.94762960955813, "mean_delivery_time": 2662.5590542175605, "mean_schedule_distance": 6536.397635543901, "mean_schedule_energy": 0.4639134027702841, "mean_number_swaps": 0.2857142857142857, "drone_utilization": 0.42857142857142855, "total_number_parcel_handover": 1, "mean_number_parcel_handover": 0.2, "execution_time": 8.859734535217285}