{"completion_time": 11799.836210995869, "mean_schedule_time": 11101.940653355015, "mean_flight_time": 10380.892440382531, "mean_swap_time": 450.0, "mean_idle_time": 271.0482129724842, "mean_delivery_time": 6895.997988119275, "mean_schedule_distance": 72666.24708267771, "mean_schedule_energy": 6.012655676654394, "mean_number_swaps": 7.5, "drone_utilization": 1.0, "total_number_parcel_handover": 11, "mean_number_parcel_handover": 0.55, "execution_time": 2895.0020401477814}