{"completion_time": 19787.644170853753, "mean_schedule_time": 16365.89920793385, "mean_flight_time": 15669.899207933846, "mean_swap_time": 696.0, "mean_idle_time": 3.637978807091713e-12, "mean_delivery_time": 8143.660271829979, "mean_schedule_distance": 109689.29445553695, "mean_schedule_energy": 8.74927196352228, "mean_number_swaps": 11.6, "drone_utilization": 1.0, "execution_time": 5.9863128662109375}