{"completion_time": 12752.473492456636, "mean_schedule_time": 12394.516088038134, "mean_flight_time": 11899.516088038134, "mean_swap_time": 495.0, "mean_idle_time": 0.0, "mean_delivery_time": 7320.864895317471, "mean_schedule_distance": 83296.61261626694, "mean_schedule_energy": 6.649765141031467, "mean_number_swaps": 8.25, "drone_utilization": 1.0, "execution_time": 262.4781970977783}