{"completion_time": 1567.5580994461345, "execution_time": 0.22112202644348145}