{"completion_time": 7605.155242057946, "mean_schedule_time": 4271.3939726641365, "mean_flight_time": 3230.030106394923, "mean_swap_time": 120.0, "mean_idle_time": 921.3638662692133, "mean_delivery_time": 5153.592241404009, "mean_schedule_distance": 22610.210744764445, "mean_schedule_energy": 1.9137828468058535, "mean_number_swaps": 2.0, "drone_utilization": 0.7857142857142857, "total_number_parcel_handover": 14, "mean_number_parcel_handover": 0.7, "execution_time": 2637.291936159134}