{"completion_time": 5433.6613477839155, "mean_schedule_time": 1908.3835105193468, "mean_flight_time": 1853.183510519347, "mean_swap_time": 55.2, "mean_idle_time": -2.2737367544323206e-13, "mean_delivery_time": 2981.8492351864793, "mean_schedule_distance": 12972.284573635427, "mean_schedule_energy": 1.1033317703524148, "mean_number_swaps": 0.92, "drone_utilization": 0.64, "execution_time": 25.992789268493652}