{"completion_time": 2836.8306738919578, "mean_delivery_time": 1534.0496175932396, "total_distance": 324307.11434088566, "consumed_energy": 27.583294258810373, "execution_time": 21.544397115707397}