{"completion_time": 9108.262764986728, "mean_schedule_time": 7205.6975849658675, "mean_flight_time": 6740.43988336933, "mean_swap_time": 276.0, "mean_idle_time": 189.25770159653712, "mean_delivery_time": 5557.107391337572, "mean_schedule_distance": 47183.07918358537, "mean_schedule_energy": 3.9557248651582264, "mean_number_swaps": 4.6, "drone_utilization": 1.0, "execution_time": 2795.4531977176666}