{"completion_time": 1739.7383068218996, "mean_delivery_time": 1085.1531550684704, "total_distance": 28704.28834191717, "consumed_energy": 2.8876741897745184, "execution_time": 0.3703734874725342}