{"completion_time": 5425.566649791343, "mean_schedule_time": 3847.8920197979637, "mean_flight_time": 3329.548959877404, "mean_swap_time": 110.0, "mean_idle_time": 408.3430599205599, "mean_delivery_time": 3629.4324945238823, "mean_schedule_distance": 23306.842719141827, "mean_schedule_energy": 1.9476668525396892, "mean_number_swaps": 1.8333333333333333, "drone_utilization": 1.0, "execution_time": 652.3304562568665}