{"completion_time": 10279.347167728196, "mean_schedule_time": 3111.820807587594, "mean_flight_time": 2986.820807587594, "mean_swap_time": 125.0, "mean_idle_time": 0.0, "mean_delivery_time": 3818.8268162490967, "mean_schedule_distance": 20907.74565311317, "mean_schedule_energy": 1.8843454479397395, "mean_number_swaps": 2.0833333333333335, "drone_utilization": 0.75, "total_number_parcel_handover": 0, "mean_number_parcel_handover": 0.0, "execution_time": 6.262096643447876}