{"completion_time": 19118.13191922713, "mean_schedule_time": 12724.73653224215, "mean_flight_time": 12166.736532242145, "mean_swap_time": 558.0, "mean_idle_time": 5.4569682106375694e-12, "mean_delivery_time": 7165.567577204015, "mean_schedule_distance": 85167.1557256951, "mean_schedule_energy": 7.386002321921355, "mean_number_swaps": 9.3, "drone_utilization": 1.0, "execution_time": 22.343483448028564}