{"completion_time": 8988.262764986728, "mean_schedule_time": 2607.959279151153, "mean_flight_time": 1737.6547698327613, "mean_swap_time": 57.6, "mean_idle_time": 812.704509318392, "mean_delivery_time": 4949.666961013498, "mean_schedule_distance": 12163.58338882933, "mean_schedule_energy": 1.0729881413448472, "mean_number_swaps": 0.96, "drone_utilization": 0.52, "execution_time": 401.61728405952454}