{"completion_time": 3763.783955198057, "mean_delivery_time": 1871.8730676607363, "total_distance": 160933.72849738275, "consumed_energy": 13.180962048093289, "execution_time": 215.3814823627472}