{"completion_time": 5145.584428208684, "mean_schedule_time": 2402.200897145203, "mean_flight_time": 2067.293607261457, "mean_swap_time": 62.30769230769231, "mean_idle_time": 272.5995975760534, "mean_delivery_time": 3354.895408412992, "mean_schedule_distance": 14471.055250830203, "mean_schedule_energy": 1.2384688851199652, "mean_number_swaps": 1.0384615384615385, "drone_utilization": 0.7307692307692307, "execution_time": 614.1864438056946}