{"completion_time": 6980.519473048094, "mean_schedule_time": 5784.956654044064, "mean_flight_time": 5198.109029329212, "mean_swap_time": 192.0, "mean_idle_time": 394.8476247148519, "mean_delivery_time": 5200.4375283274185, "mean_schedule_distance": 36386.763205304545, "mean_schedule_energy": 3.1229129082589333, "mean_number_swaps": 3.2, "drone_utilization": 1.0, "execution_time": 2197.919429063797}