{"completion_time": 9334.212672687643, "mean_schedule_time": 5508.206043198728, "mean_flight_time": 4501.041556342761, "mean_swap_time": 158.4, "mean_idle_time": 848.7644868559673, "mean_delivery_time": 5072.357959384337, "mean_schedule_distance": 31507.290894399328, "mean_schedule_energy": 2.6506173729979543, "mean_number_swaps": 2.64, "drone_utilization": 1.0, "execution_time": 787.9232456684113}