{"completion_time": 11859.249919592166, "mean_schedule_time": 11374.118880934282, "mean_flight_time": 10534.471767053745, "mean_swap_time": 468.0, "mean_idle_time": 371.6471138805373, "mean_delivery_time": 7577.758508554875, "mean_schedule_distance": 73741.30236937627, "mean_schedule_energy": 6.1644960045829205, "mean_number_swaps": 7.8, "drone_utilization": 1.0, "execution_time": 16863.79865884781}