{"completion_time": 9900.468500213678, "mean_schedule_time": 9373.949269749728, "mean_flight_time": 8952.068370995823, "mean_swap_time": 367.5, "mean_idle_time": 54.38089875390506, "mean_delivery_time": 5868.720814886612, "mean_schedule_distance": 62664.47859697076, "mean_schedule_energy": 5.137408069402048, "mean_number_swaps": 6.125, "drone_utilization": 1.0, "total_number_parcel_handover": 3, "mean_number_parcel_handover": 0.15, "execution_time": 867.2453594207764}