{"completion_time": 8458.606336645014, "mean_schedule_time": 7868.730350400814, "mean_flight_time": 7342.329414461181, "mean_swap_time": 318.0, "mean_idle_time": 208.4009359396332, "mean_delivery_time": 5060.228773311597, "mean_schedule_distance": 51396.305901228254, "mean_schedule_energy": 4.270224259809881, "mean_number_swaps": 5.3, "drone_utilization": 1.0, "execution_time": 3443.6677272319794}