{"completion_time": 3467.937146217556, "mean_schedule_time": 2104.0340772500713, "mean_flight_time": 1777.5294278363558, "mean_swap_time": 54.0, "mean_idle_time": 272.50464941371547, "mean_delivery_time": 2303.695974328566, "mean_schedule_distance": 12442.705994854496, "mean_schedule_energy": 1.147675069901337, "mean_number_swaps": 0.9, "drone_utilization": 0.9, "execution_time": 11.614016771316528}