{"completion_time": 4595.831213201423, "mean_schedule_time": 1852.467269405787, "mean_flight_time": 1417.844676199205, "mean_swap_time": 41.25, "mean_idle_time": 393.372593206582, "mean_delivery_time": 3664.709950857592, "mean_schedule_distance": 9924.912733394434, "mean_schedule_energy": 0.8251198563211465, "mean_number_swaps": 0.6875, "drone_utilization": 0.5625, "total_number_parcel_handover": 5, "mean_number_parcel_handover": 1.0, "execution_time": 143.34877562522888}