{"completion_time": 5684.13086969521, "mean_schedule_time": 3378.8453803090165, "mean_flight_time": 3278.8453803090156, "mean_swap_time": 100.0, "mean_idle_time": 9.094947017729282e-13, "mean_delivery_time": 3326.157079111918, "mean_schedule_distance": 22951.917662163116, "mean_schedule_energy": 1.8494591407480259, "mean_number_swaps": 1.6666666666666667, "drone_utilization": 0.9333333333333333, "execution_time": 19.967467546463013}