{"completion_time": 2932.065434847605, "mean_delivery_time": 1709.9535395559592, "total_distance": 344278.76493244676, "consumed_energy": 27.74188711122039, "execution_time": 18.329349279403687}