{"completion_time": 4059.4778780906963, "mean_schedule_time": 1507.005854234002, "mean_flight_time": 1105.3855764631617, "mean_swap_time": 18.75, "mean_idle_time": 382.8702777708404, "mean_delivery_time": 3104.5912931588223, "mean_schedule_distance": 7737.699035242131, "mean_schedule_energy": 0.6014322242507926, "mean_number_swaps": 0.3125, "drone_utilization": 0.5, "execution_time": 32.60247755050659}