{"completion_time": 3386.643354224527, "mean_delivery_time": 1630.4612208901444, "total_distance": 334073.5550950503, "consumed_energy": 27.940042309328916, "execution_time": 14.262619018554688}