{"completion_time": 6533.286708449054, "mean_schedule_time": 3273.652905667145, "mean_flight_time": 3181.652905667145, "mean_swap_time": 92.0, "mean_idle_time": 0.0, "mean_delivery_time": 3174.672441780289, "mean_schedule_distance": 22271.57033967002, "mean_schedule_energy": 1.8626694872885945, "mean_number_swaps": 1.5333333333333334, "drone_utilization": 1.0, "execution_time": 17.828184127807617}