{"completion_time": 25385.224381859633, "mean_schedule_time": 24765.89903184204, "mean_flight_time": 23721.899031842033, "mean_swap_time": 1044.0, "mean_idle_time": 7.275957614183426e-12, "mean_delivery_time": 12124.53077349688, "mean_schedule_distance": 166053.29322289437, "mean_schedule_energy": 13.718639117744761, "mean_number_swaps": 17.4, "drone_utilization": 1.0, "execution_time": 808.247768163681}