{"completion_time": 2887.7055677057806, "mean_delivery_time": 1914.6872292355617, "total_distance": 366434.56878784206, "consumed_energy": 31.457537629872636, "execution_time": 150.7044062614441}