{"completion_time": 5715.411135411561, "mean_schedule_time": 2969.2855302841967, "mean_flight_time": 2327.1520741260106, "mean_swap_time": 79.0909090909091, "mean_idle_time": 563.0425470672772, "mean_delivery_time": 3851.8474976605075, "mean_schedule_distance": 16290.064518882067, "mean_schedule_energy": 1.4079249394330196, "mean_number_swaps": 1.3181818181818181, "drone_utilization": 0.7272727272727273, "execution_time": 207.56719398498535}