{"completion_time": 22130.0392651082, "mean_schedule_time": 21837.57694410834, "mean_flight_time": 20613.52635911261, "mean_swap_time": 924.0, "mean_idle_time": 300.0505849957299, "mean_delivery_time": 10758.486672552373, "mean_schedule_distance": 144294.68451378835, "mean_schedule_energy": 11.788395904031265, "mean_number_swaps": 15.4, "drone_utilization": 1.0, "execution_time": 6950.393198728561}