{"completion_time": 6702.550930812007, "mean_schedule_time": 2386.0652192749985, "mean_flight_time": 2308.9223621321416, "mean_swap_time": 77.14285714285714, "mean_idle_time": -4.547473508864641e-13, "mean_delivery_time": 3340.491306984998, "mean_schedule_distance": 16162.456534924988, "mean_schedule_energy": 1.3902216856064873, "mean_number_swaps": 1.2857142857142858, "drone_utilization": 0.7142857142857143, "execution_time": 5.566957473754883}