{"completion_time": 11275.366562877833, "mean_schedule_time": 10823.98613948495, "mean_flight_time": 10220.216113722778, "mean_swap_time": 420.0, "mean_idle_time": 183.77002576217274, "mean_delivery_time": 7254.182512715555, "mean_schedule_distance": 71541.51279605943, "mean_schedule_energy": 5.534339219057255, "mean_number_swaps": 7.0, "drone_utilization": 1.0, "execution_time": 782.7138795852661}