{"completion_time": 5475.6199875465245, "mean_schedule_time": 4904.340063666119, "mean_flight_time": 4615.543565230863, "mean_swap_time": 170.0, "mean_idle_time": 118.79649843525567, "mean_delivery_time": 3653.7355559121556, "mean_schedule_distance": 32308.804956616037, "mean_schedule_energy": 2.5188483318423662, "mean_number_swaps": 2.8333333333333335, "drone_utilization": 1.0, "execution_time": 19.801973342895508}