{"completion_time": 3620.432051685098, "mean_delivery_time": 3064.192376549543, "total_distance": 167358.54284503698, "consumed_energy": 15.015841983372963, "execution_time": 8.711155891418457}