{"completion_time": 1074.4488470896986, "mean_delivery_time": 810.3403219997483, "total_distance": 28554.042397086312, "consumed_energy": 2.5761690279809315, "execution_time": 1.1643493175506592}