{"completion_time": 5145.584428208684, "mean_schedule_time": 1208.1239087175225, "mean_flight_time": 952.6714245705025, "mean_swap_time": 32.72727272727273, "mean_idle_time": 222.7252114197472, "mean_delivery_time": 3571.3564677290606, "mean_schedule_distance": 6668.699971993515, "mean_schedule_energy": 0.5432655353586084, "mean_number_swaps": 0.5454545454545454, "drone_utilization": 0.36363636363636365, "execution_time": 50.473371744155884}