{"completion_time": 6822.753994442125, "mean_schedule_time": 5708.412487425716, "mean_flight_time": 5272.047365619018, "mean_swap_time": 177.0, "mean_idle_time": 259.36512180669797, "mean_delivery_time": 4928.249846266237, "mean_schedule_distance": 36904.33155933312, "mean_schedule_energy": 2.8977761193667915, "mean_number_swaps": 2.95, "drone_utilization": 1.0, "execution_time": 3274.945781469345}