{"completion_time": 7400.145175990358, "mean_schedule_time": 1874.0605652478287, "mean_flight_time": 1817.0605652478287, "mean_swap_time": 57.0, "mean_idle_time": 0.0, "mean_delivery_time": 3748.1211304956573, "mean_schedule_distance": 12719.423956734803, "mean_schedule_energy": 1.1589960278566533, "mean_number_swaps": 0.95, "drone_utilization": 0.5, "total_number_parcel_handover": 0, "mean_number_parcel_handover": 0.0, "execution_time": 9.157585620880127}