{"completion_time": 7601.275160912158, "mean_schedule_time": 3473.3382065299534, "mean_flight_time": 3366.9745701663182, "mean_swap_time": 106.36363636363636, "mean_idle_time": -1.3642420526593924e-12, "mean_delivery_time": 3901.454899527094, "mean_schedule_distance": 23568.82199116422, "mean_schedule_energy": 1.9298879364242916, "mean_number_swaps": 1.7727272727272727, "drone_utilization": 0.8636363636363636, "execution_time": 29.242725133895874}