{"completion_time": 922.6872738037266, "execution_time": 0.0009884834289550781}