{"completion_time": 4569.803014989252, "mean_schedule_time": 1366.6942362142258, "mean_flight_time": 1182.3203803529998, "mean_swap_time": 32.30769230769231, "mean_idle_time": 152.06616355353367, "mean_delivery_time": 2641.292615461415, "mean_schedule_distance": 8276.242662470997, "mean_schedule_energy": 0.7377432411991559, "mean_number_swaps": 0.5384615384615384, "drone_utilization": 0.5384615384615384, "total_number_parcel_handover": 4, "mean_number_parcel_handover": 0.4, "execution_time": 103.4416732788086}