{"completion_time": 7081.435616574787, "mean_schedule_time": 6532.828820185125, "mean_flight_time": 6260.697674825541, "mean_swap_time": 236.0, "mean_idle_time": 36.13114535958357, "mean_delivery_time": 4773.830629852704, "mean_schedule_distance": 43824.88372377881, "mean_schedule_energy": 3.542530733231463, "mean_number_swaps": 3.933333333333333, "drone_utilization": 1.0, "execution_time": 284.3385167121887}