{"completion_time": 16127.511271367699, "mean_schedule_time": 15580.942282351849, "mean_flight_time": 14902.334928825347, "mean_swap_time": 650.0, "mean_idle_time": 28.607353526502266, "mean_delivery_time": 8167.249646259355, "mean_schedule_distance": 104316.34450177744, "mean_schedule_energy": 8.415227173750957, "mean_number_swaps": 10.833333333333334, "drone_utilization": 1.0, "execution_time": 785.137044429779}