{"completion_time": 12110.282024913104, "mean_schedule_time": 11453.322231004628, "mean_flight_time": 10873.764332559302, "mean_swap_time": 498.0, "mean_idle_time": 81.55789844532592, "mean_delivery_time": 7058.622200138119, "mean_schedule_distance": 76116.35032791503, "mean_schedule_energy": 6.476039223821177, "mean_number_swaps": 8.3, "drone_utilization": 1.0, "execution_time": 4562.618409156799}