{"completion_time": 6145.2182129501825, "mean_delivery_time": 3487.251473662583, "total_distance": 729098.0923122178, "consumed_energy": 63.22639574538448, "execution_time": 1962.2947790622711}