{"completion_time": 9274.212672687643, "mean_schedule_time": 5271.6301082529035, "mean_flight_time": 3786.983605735732, "mean_swap_time": 127.2, "mean_idle_time": 1357.4465025171717, "mean_delivery_time": 5845.981191787647, "mean_schedule_distance": 26508.885240150114, "mean_schedule_energy": 2.1873379549570497, "mean_number_swaps": 2.12, "drone_utilization": 0.88, "execution_time": 1995.2456855773926}