{"completion_time": 16001.364532896969, "mean_schedule_time": 10722.28962504194, "mean_flight_time": 10302.28962504194, "mean_swap_time": 420.0, "mean_idle_time": 0.0, "mean_delivery_time": 7002.664679417463, "mean_schedule_distance": 72116.02737529356, "mean_schedule_energy": 5.672052320046793, "mean_number_swaps": 7.0, "drone_utilization": 1.0, "execution_time": 2.9239864349365234}