{"completion_time": 8988.262764986728, "mean_schedule_time": 4473.432832758631, "mean_flight_time": 3545.025563363702, "mean_swap_time": 127.5, "mean_idle_time": 800.9072693949288, "mean_delivery_time": 4694.0762569426715, "mean_schedule_distance": 24815.17894354592, "mean_schedule_energy": 2.076113914308657, "mean_number_swaps": 2.125, "drone_utilization": 0.9166666666666666, "execution_time": 3334.423171043396}