{"completion_time": 2306.6729512348475, "mean_delivery_time": 1566.482002959532, "total_distance": 294401.34591984365, "consumed_energy": 25.144658271611327, "execution_time": 58.0550274848938}