{"completion_time": 5060.728670433842, "mean_schedule_time": 1129.0953256153455, "mean_flight_time": 1099.0953256153452, "mean_swap_time": 30.0, "mean_idle_time": 2.2737367544323206e-13, "mean_delivery_time": 3161.466911722967, "mean_schedule_distance": 7693.667279307416, "mean_schedule_energy": 0.6441336770583053, "mean_number_swaps": 0.5, "drone_utilization": 0.35714285714285715, "execution_time": 13.05026650428772}