{"completion_time": 9702.051105006509, "mean_schedule_time": 8750.263129869163, "mean_flight_time": 8191.703724778369, "mean_swap_time": 372.0, "mean_idle_time": 186.559405090793, "mean_delivery_time": 6083.226867521187, "mean_schedule_distance": 57341.9260734486, "mean_schedule_energy": 4.946064051985846, "mean_number_swaps": 6.2, "drone_utilization": 1.0, "execution_time": 32.33453559875488}