{"completion_time": 5061.025552503254, "mean_delivery_time": 3164.6134337605936, "total_distance": 286709.630367243, "consumed_energy": 24.73032025992923, "execution_time": 24.844897985458374}