{"completion_time": 5715.411135411561, "mean_schedule_time": 3772.710700072278, "mean_flight_time": 3311.503752089736, "mean_swap_time": 117.0, "mean_idle_time": 344.20694798254226, "mean_delivery_time": 3630.692158442393, "mean_schedule_distance": 23180.52626462815, "mean_schedule_energy": 1.9799613543561736, "mean_number_swaps": 1.95, "drone_utilization": 1.0, "total_number_parcel_handover": 7, "mean_number_parcel_handover": 0.35, "execution_time": 1326.0886731147766}