{"completion_time": 6861.899873006775, "mean_schedule_time": 6579.053478830121, "mean_flight_time": 6138.160712350057, "mean_swap_time": 252.0, "mean_idle_time": 188.89276648006398, "mean_delivery_time": 5139.101171533879, "mean_schedule_distance": 42967.124986450406, "mean_schedule_energy": 3.566367196069635, "mean_number_swaps": 4.2, "drone_utilization": 1.0, "execution_time": 751.1981451511383}