{"completion_time": 8012.983576713982, "mean_schedule_time": 7593.011736837482, "mean_flight_time": 7170.266707172088, "mean_swap_time": 306.0, "mean_idle_time": 116.74502966539421, "mean_delivery_time": 5292.908686876554, "mean_schedule_distance": 50191.866950204625, "mean_schedule_energy": 4.251168447390479, "mean_number_swaps": 5.1, "drone_utilization": 1.0, "execution_time": 574.7426233291626}