{"completion_time": 8972.951734148905, "mean_schedule_time": 3833.485026724975, "mean_flight_time": 2784.5750467580247, "mean_swap_time": 93.6, "mean_idle_time": 955.3099799669503, "mean_delivery_time": 5342.067795754512, "mean_schedule_distance": 19492.025327306168, "mean_schedule_energy": 1.6068188636800838, "mean_number_swaps": 1.56, "drone_utilization": 0.72, "execution_time": 886.5768928527832}