{"completion_time": 14155.493533910407, "mean_schedule_time": 13821.83082683829, "mean_flight_time": 13002.459923235903, "mean_swap_time": 510.0, "mean_idle_time": 309.37090360238653, "mean_delivery_time": 8853.789214089422, "mean_schedule_distance": 91017.21946265132, "mean_schedule_energy": 7.029685745152228, "mean_number_swaps": 8.5, "drone_utilization": 1.0, "execution_time": 12.0623300075531}