{"completion_time": 1783.569609658172, "mean_delivery_time": 1309.3193685394406, "total_distance": 166551.90390488203, "consumed_energy": 13.48905075604445, "execution_time": 90.58017301559448}