{"completion_time": 6111.178371592179, "mean_schedule_time": 4608.619021153859, "mean_flight_time": 4358.762569410942, "mean_swap_time": 162.85714285714286, "mean_idle_time": 86.99930888577364, "mean_delivery_time": 4374.699189208496, "mean_schedule_distance": 30511.3379858766, "mean_schedule_energy": 2.5587090043780614, "mean_number_swaps": 2.7142857142857144, "drone_utilization": 1.0, "execution_time": 121.87202405929565}