{"completion_time": 6920.395117532032, "mean_schedule_time": 5839.975517172234, "mean_flight_time": 5113.548943611603, "mean_swap_time": 189.0, "mean_idle_time": 537.4265735606305, "mean_delivery_time": 5241.2865809342275, "mean_schedule_distance": 35794.84260528126, "mean_schedule_energy": 3.09041950800846, "mean_number_swaps": 3.15, "drone_utilization": 1.0, "execution_time": 978.6790790557861}