{"completion_time": 6976.42760135641, "mean_schedule_time": 5622.055646240093, "mean_flight_time": 5418.055646240091, "mean_swap_time": 204.0, "mean_idle_time": 1.8189894035458565e-12, "mean_delivery_time": 4650.306560439954, "mean_schedule_distance": 37926.38952368065, "mean_schedule_energy": 3.2231735216540662, "mean_number_swaps": 3.4, "drone_utilization": 1.0, "execution_time": 302.3650801181793}