{"completion_time": 2108.394163018871, "mean_delivery_time": 1461.8014380973004, "total_distance": 95606.10066681103, "consumed_energy": 8.079190243039992, "execution_time": 2.4216556549072266}