{"completion_time": 3942.2088392035466, "mean_schedule_time": 782.9489280787598, "mean_flight_time": 685.8057852193974, "mean_swap_time": 10.909090909090908, "mean_idle_time": 86.23405195027146, "mean_delivery_time": 2900.9339703645674, "mean_schedule_distance": 4800.640496535782, "mean_schedule_energy": 0.36011707482023647, "mean_number_swaps": 0.18181818181818182, "drone_utilization": 0.2727272727272727, "execution_time": 19.67735195159912}