{"completion_time": 12594.97018577956, "mean_schedule_time": 12276.651619331213, "mean_flight_time": 11789.151619331215, "mean_swap_time": 487.5, "mean_idle_time": -1.8189894035458565e-12, "mean_delivery_time": 7020.4114657112395, "mean_schedule_distance": 82524.06133531852, "mean_schedule_energy": 6.660717075276416, "mean_number_swaps": 8.125, "drone_utilization": 1.0, "execution_time": 1966.9269688129425}