{"completion_time": 6650.75024541345, "mean_schedule_time": 4403.638031642373, "mean_flight_time": 3578.103946337365, "mean_swap_time": 105.0, "mean_idle_time": 720.5340853050079, "mean_delivery_time": 4232.513939223347, "mean_schedule_distance": 25046.72762436155, "mean_schedule_energy": 1.9429003237912592, "mean_number_swaps": 1.75, "drone_utilization": 1.0, "total_number_parcel_handover": 3, "mean_number_parcel_handover": 0.3, "execution_time": 38.70205903053284}