{"1": [{"x": 2, "y": 1, "a": 0, "tau": 417.87357755700515}, {"x": 1, "y": 2, "a": 1, "tau": 835.7471551140103}], "2": [], "3": [{"x": 3, "y": 1, "a": 0, "tau": 379.4903778033892}, {"x": 1, "y": 3, "a": 2, "tau": 758.9807556067784}]}