{"completion_time": 4469.642786788937, "mean_schedule_time": 3681.6789551981265, "mean_flight_time": 3053.6949920831744, "mean_swap_time": 81.42857142857143, "mean_idle_time": 546.5553916863805, "mean_delivery_time": 3056.3865380824086, "mean_schedule_distance": 21375.86494458222, "mean_schedule_energy": 1.722497414084685, "mean_number_swaps": 1.3571428571428572, "drone_utilization": 1.0, "execution_time": 353.6993260383606}