{"completion_time": 8545.31857624071, "mean_schedule_time": 8022.280714917446, "mean_flight_time": 7591.139584390056, "mean_swap_time": 306.0, "mean_idle_time": 125.14113052738958, "mean_delivery_time": 6156.716981683948, "mean_schedule_distance": 53137.977090730405, "mean_schedule_energy": 4.173722303894378, "mean_number_swaps": 5.1, "drone_utilization": 1.0, "execution_time": 1961.6051099300385}