{"completion_time": 10669.343459268603, "mean_schedule_time": 4272.786428344208, "mean_flight_time": 4116.786428344207, "mean_swap_time": 156.0, "mean_idle_time": 9.094947017729282e-13, "mean_delivery_time": 3979.7350129068873, "mean_schedule_distance": 28817.504998409444, "mean_schedule_energy": 2.3786718014766293, "mean_number_swaps": 2.6, "drone_utilization": 0.9, "execution_time": 6.946284532546997}