{"completion_time": 3608.213800678205, "mean_delivery_time": 2464.119572317749, "total_distance": 382428.07360419695, "consumed_energy": 32.47654698555436, "execution_time": 561.6306595802307}