{"completion_time": 5626.57198204352, "mean_delivery_time": 3134.8110134932185, "total_distance": 690118.4372048865, "consumed_energy": 55.956793221422586, "execution_time": 1573.9328126907349}