{"completion_time": 10833.14396408704, "mean_schedule_time": 10301.982571902468, "mean_flight_time": 9858.834817212664, "mean_swap_time": 420.0, "mean_idle_time": 23.14775468980406, "mean_delivery_time": 6039.622026986437, "mean_schedule_distance": 69011.84372048864, "mean_schedule_energy": 5.595679322142258, "mean_number_swaps": 7.0, "drone_utilization": 1.0, "execution_time": 2254.054060459137}