{"completion_time": 6008.973245772104, "mean_schedule_time": 2475.3552686357443, "mean_flight_time": 2093.682435398154, "mean_swap_time": 67.5, "mean_idle_time": 314.1728332375901, "mean_delivery_time": 3261.961834968358, "mean_schedule_distance": 14655.777047787084, "mean_schedule_energy": 1.2793165074348705, "mean_number_swaps": 1.125, "drone_utilization": 0.75, "execution_time": 73.33512258529663}