{"completion_time": 8046.308235805747, "mean_schedule_time": 6944.900428622534, "mean_flight_time": 5841.3533050867645, "mean_swap_time": 228.0, "mean_idle_time": 875.5471235357691, "mean_delivery_time": 5812.71724966608, "mean_schedule_distance": 40889.47313560732, "mean_schedule_energy": 3.3874397653719024, "mean_number_swaps": 3.8, "drone_utilization": 1.0, "execution_time": 1274.0520951747894}