{"completion_time": 10215.573070077093, "mean_delivery_time": 4146.273930188752, "total_distance": 512290.86234912084, "consumed_energy": 42.76944907620072, "execution_time": 10.058295011520386}