{"completion_time": 6254.150127131734, "mean_schedule_time": 2336.6587930322894, "mean_flight_time": 1989.1504425844685, "mean_swap_time": 62.72727272727273, "mean_idle_time": 284.7810777205482, "mean_delivery_time": 4240.508887906888, "mean_schedule_distance": 13924.053098091284, "mean_schedule_energy": 1.1023423787224063, "mean_number_swaps": 1.0454545454545454, "drone_utilization": 0.5454545454545454, "total_number_parcel_handover": 5, "mean_number_parcel_handover": 0.5, "execution_time": 73.15626931190491}