{"completion_time": 5193.934080281424, "mean_delivery_time": 2953.977447875658, "total_distance": 1170448.5802998124, "consumed_energy": 95.2817329345293, "execution_time": 365.9960856437683}