{"completion_time": 3091.6920392712395, "mean_delivery_time": 1469.022634632727, "total_distance": 96001.75735422292, "consumed_energy": 8.355355492107824, "execution_time": 0.008393526077270508}