{"completion_time": 6014.857417802351, "mean_schedule_time": 1010.3430284002874, "mean_flight_time": 668.0623429662235, "mean_swap_time": 12.857142857142858, "mean_idle_time": 329.423542576921, "mean_delivery_time": 2807.8786053780905, "mean_schedule_distance": 4676.436400763564, "mean_schedule_energy": 0.4074092810069869, "mean_number_swaps": 0.21428571428571427, "drone_utilization": 0.35714285714285715, "total_number_parcel_handover": 5, "mean_number_parcel_handover": 1.0, "execution_time": 352.53550958633423}