{"completion_time": 6494.150127131732, "mean_schedule_time": 1299.2610948571216, "mean_flight_time": 1258.4610948571221, "mean_swap_time": 40.8, "mean_idle_time": -4.547473508864641e-13, "mean_delivery_time": 4060.190921428505, "mean_schedule_distance": 8809.227663999853, "mean_schedule_energy": 0.7111404010151751, "mean_number_swaps": 0.68, "drone_utilization": 0.32, "execution_time": 7.930936098098755}