{"completion_time": 7758.260064142093, "mean_schedule_time": 7593.033332371546, "mean_flight_time": 7317.033332371544, "mean_swap_time": 276.0, "mean_idle_time": 1.8189894035458565e-12, "mean_delivery_time": 5281.260140589329, "mean_schedule_distance": 51219.23332660083, "mean_schedule_energy": 3.837487568742565, "mean_number_swaps": 4.6, "drone_utilization": 1.0, "execution_time": 44.34493398666382}