{"completion_time": 2207.2375250160135, "mean_delivery_time": 1822.596017337489, "total_distance": 134578.4761303395, "consumed_energy": 10.827911615142204, "execution_time": 40.07212686538696}