{"completion_time": 4294.475050032027, "mean_schedule_time": 2719.273997548321, "mean_flight_time": 2429.754832218817, "mean_swap_time": 60.0, "mean_idle_time": 229.51916532950418, "mean_delivery_time": 3634.132552759528, "mean_schedule_distance": 17008.283825531722, "mean_schedule_energy": 1.2958173342640862, "mean_number_swaps": 1.0, "drone_utilization": 0.8, "total_number_parcel_handover": 4, "mean_number_parcel_handover": 0.8, "execution_time": 46.44407773017883}