{"completion_time": 4442.664247313218, "mean_schedule_time": 3163.236768178819, "mean_flight_time": 2710.124488577426, "mean_swap_time": 66.0, "mean_idle_time": 387.1122796013933, "mean_delivery_time": 3869.798178492331, "mean_schedule_distance": 18970.871420041978, "mean_schedule_energy": 1.4287783842404915, "mean_number_swaps": 1.1, "drone_utilization": 0.9, "execution_time": 33.26105713844299}