{"completion_time": 4611.703161931449, "mean_schedule_time": 356.0787948704162, "mean_flight_time": 347.0787948704162, "mean_swap_time": 9.0, "mean_idle_time": 0.0, "mean_delivery_time": 3560.787948704162, "mean_schedule_distance": 2429.5515640929134, "mean_schedule_energy": 0.21940845529834668, "mean_number_swaps": 0.15, "drone_utilization": 0.1, "execution_time": 0.4936487674713135}