{"completion_time": 7774.193050551078, "mean_schedule_time": 7296.786205039663, "mean_flight_time": 6832.080561765045, "mean_swap_time": 312.0, "mean_idle_time": 152.70564327461852, "mean_delivery_time": 5109.1082694290635, "mean_schedule_distance": 47824.56393235533, "mean_schedule_energy": 4.169860544906431, "mean_number_swaps": 5.2, "drone_utilization": 1.0, "execution_time": 6213.041791200638}