{"completion_time": 9168.262764986728, "mean_schedule_time": 8357.18279017173, "mean_flight_time": 6783.416402645795, "mean_swap_time": 282.0, "mean_idle_time": 1291.766387525935, "mean_delivery_time": 5954.856512136215, "mean_schedule_distance": 47483.91481852056, "mean_schedule_energy": 4.028068276685191, "mean_number_swaps": 4.7, "drone_utilization": 1.0, "execution_time": 213.83251690864563}