{"completion_time": 2143.5797569046917, "mean_delivery_time": 1520.2985074464202, "total_distance": 145098.24101235965, "consumed_energy": 12.145817362918358, "execution_time": 92.72950005531311}