{"completion_time": 3703.4535415493883, "mean_schedule_time": 1059.0749767848542, "mean_flight_time": 879.9682443805949, "mean_swap_time": 16.0, "mean_idle_time": 163.10673240425933, "mean_delivery_time": 2487.137993074107, "mean_schedule_distance": 6159.777710664165, "mean_schedule_energy": 0.5058295157338554, "mean_number_swaps": 0.26666666666666666, "drone_utilization": 0.4666666666666667, "execution_time": 21.480462312698364}