{"completion_time": 6599.790172960004, "mean_schedule_time": 961.984706394788, "mean_flight_time": 931.984706394788, "mean_swap_time": 30.0, "mean_idle_time": 0.0, "mean_delivery_time": 3847.938825579152, "mean_schedule_distance": 6523.892944763516, "mean_schedule_energy": 0.4894215795225582, "mean_number_swaps": 0.5, "drone_utilization": 0.25, "total_number_parcel_handover": 0, "mean_number_parcel_handover": 0.0, "execution_time": 2.2775659561157227}