{"completion_time": 10886.452568676903, "mean_schedule_time": 5139.894838560698, "mean_flight_time": 4959.894838560697, "mean_swap_time": 180.0, "mean_idle_time": 9.094947017729282e-13, "mean_delivery_time": 4895.776242247509, "mean_schedule_distance": 34719.26386992489, "mean_schedule_energy": 2.9324934231730233, "mean_number_swaps": 3.0, "drone_utilization": 0.9444444444444444, "total_number_parcel_handover": 0, "mean_number_parcel_handover": 0.0, "execution_time": 22.77495837211609}