{"completion_time": 11281.170974659479, "mean_schedule_time": 10886.585407053679, "mean_flight_time": 10426.585407053675, "mean_swap_time": 460.0, "mean_idle_time": 3.637978807091713e-12, "mean_delivery_time": 7163.819099297593, "mean_schedule_distance": 72986.09784937571, "mean_schedule_energy": 6.10819375294031, "mean_number_swaps": 7.666666666666667, "drone_utilization": 1.0, "execution_time": 607.1220881938934}