{"completion_time": 10599.160701478106, "mean_schedule_time": 10173.596654980276, "mean_flight_time": 9673.497981096853, "mean_swap_time": 390.0, "mean_idle_time": 110.09867388342354, "mean_delivery_time": 6787.131865493335, "mean_schedule_distance": 67714.48586767798, "mean_schedule_energy": 5.3264736268751145, "mean_number_swaps": 6.5, "drone_utilization": 1.0, "total_number_parcel_handover": 5, "mean_number_parcel_handover": 0.25, "execution_time": 343.66309690475464}