{"completion_time": 5515.339004735505, "mean_schedule_time": 3859.068803460439, "mean_flight_time": 3673.3571418650054, "mean_swap_time": 129.0, "mean_idle_time": 56.711661595433725, "mean_delivery_time": 3679.5092595282445, "mean_schedule_distance": 25713.499993055048, "mean_schedule_energy": 2.195450744662616, "mean_number_swaps": 2.15, "drone_utilization": 1.0, "execution_time": 527.8946261405945}