{"completion_time": 5117.693410068376, "mean_schedule_time": 2137.610658840042, "mean_flight_time": 2069.039230268613, "mean_swap_time": 68.57142857142857, "mean_idle_time": 4.547473508864641e-13, "mean_delivery_time": 3085.955770212383, "mean_schedule_distance": 14483.274611880293, "mean_schedule_energy": 1.1763472223698554, "mean_number_swaps": 1.1428571428571428, "drone_utilization": 0.6428571428571429, "execution_time": 6.9756574630737305}