{"completion_time": 4299.739441063695, "mean_schedule_time": 1348.6168688112737, "mean_flight_time": 1157.9356062225145, "mean_swap_time": 42.857142857142854, "mean_idle_time": 147.8241197316163, "mean_delivery_time": 3460.763029810082, "mean_schedule_distance": 8105.549243557601, "mean_schedule_energy": 0.748189324285895, "mean_number_swaps": 0.7142857142857143, "drone_utilization": 0.39285714285714285, "execution_time": 145.41897559165955}