{"completion_time": 10126.02750261909, "mean_schedule_time": 4090.1823524059496, "mean_flight_time": 3967.182352405948, "mean_swap_time": 123.0, "mean_idle_time": 1.3642420526593924e-12, "mean_delivery_time": 3654.1807603929356, "mean_schedule_distance": 27770.276466841642, "mean_schedule_energy": 2.2533375542758614, "mean_number_swaps": 2.05, "drone_utilization": 1.0, "execution_time": 37.107770681381226}