{"completion_time": 3989.27570696154, "mean_schedule_time": 562.8315014727424, "mean_flight_time": 499.1971974969857, "mean_swap_time": 11.538461538461538, "mean_idle_time": 52.09584243729512, "mean_delivery_time": 2427.2930401894964, "mean_schedule_distance": 3494.3803824788997, "mean_schedule_energy": 0.2889007857214803, "mean_number_swaps": 0.19230769230769232, "drone_utilization": 0.23076923076923078, "execution_time": 46.600144147872925}