{"completion_time": 4354.475050032027, "mean_schedule_time": 1694.4645264612423, "mean_flight_time": 1467.49015876198, "mean_swap_time": 24.0, "mean_idle_time": 202.9743676992623, "mean_delivery_time": 3265.82996549734, "mean_schedule_distance": 10272.43111133386, "mean_schedule_energy": 0.7994844326464396, "mean_number_swaps": 0.4, "drone_utilization": 0.6, "execution_time": 11.292236566543579}