{"completion_time": 8072.138563070883, "mean_schedule_time": 7697.730149769382, "mean_flight_time": 7387.104638382807, "mean_swap_time": 264.0, "mean_idle_time": 46.625511386574544, "mean_delivery_time": 5844.523507326842, "mean_schedule_distance": 51709.732468679635, "mean_schedule_energy": 3.7772273270129553, "mean_number_swaps": 4.4, "drone_utilization": 1.0, "execution_time": 86.20321941375732}