{"completion_time": 15688.487194207168, "mean_schedule_time": 10957.033628032466, "mean_flight_time": 10453.033628032465, "mean_swap_time": 504.0, "mean_idle_time": 1.8189894035458565e-12, "mean_delivery_time": 6156.191778897494, "mean_schedule_distance": 73171.23539622726, "mean_schedule_energy": 6.42379126176738, "mean_number_swaps": 8.4, "drone_utilization": 1.0, "execution_time": 34.75392508506775}