{"completion_time": 5152.608660385484, "mean_schedule_time": 3424.367355075671, "mean_flight_time": 2974.216232944252, "mean_swap_time": 93.6, "mean_idle_time": 356.5511221314191, "mean_delivery_time": 3661.4197972619663, "mean_schedule_distance": 20819.51363060977, "mean_schedule_energy": 1.7658262961431255, "mean_number_swaps": 1.56, "drone_utilization": 0.92, "execution_time": 264.37075757980347}