{"completion_time": 10972.28604199875, "mean_schedule_time": 4506.705669995028, "mean_flight_time": 4350.705669995028, "mean_swap_time": 156.0, "mean_idle_time": 0.0, "mean_delivery_time": 4178.161197595319, "mean_schedule_distance": 30454.939689965173, "mean_schedule_energy": 2.5775623797489344, "mean_number_swaps": 2.6, "drone_utilization": 1.0, "execution_time": 51.58230233192444}