{"completion_time": 10089.233510831387, "mean_schedule_time": 8897.064747340413, "mean_flight_time": 8460.936742520827, "mean_swap_time": 342.0, "mean_idle_time": 94.12800481958584, "mean_delivery_time": 6216.49672930144, "mean_schedule_distance": 59226.557197645736, "mean_schedule_energy": 4.80232829401996, "mean_number_swaps": 5.7, "drone_utilization": 1.0, "execution_time": 254.72010445594788}