{"completion_time": 2306.6729512348475, "mean_delivery_time": 1441.8339454251511, "total_distance": 273441.46228220954, "consumed_energy": 23.130873811989012, "execution_time": 111.74621248245239}