{"completion_time": 6632.180145155531, "mean_schedule_time": 6019.58027967397, "mean_flight_time": 5673.682698783535, "mean_swap_time": 232.0, "mean_idle_time": 113.89758089043517, "mean_delivery_time": 4555.253937906716, "mean_schedule_distance": 39715.77889148472, "mean_schedule_energy": 3.4010275774735144, "mean_number_swaps": 3.8666666666666667, "drone_utilization": 1.0, "execution_time": 1289.3271679878235}