{"completion_time": 898.3461676953193, "execution_time": 0.012490272521972656}