{"completion_time": 7587.567910396114, "mean_schedule_time": 5632.9655225034085, "mean_flight_time": 4970.079143764247, "mean_swap_time": 197.14285714285714, "mean_idle_time": 465.74352159630416, "mean_delivery_time": 4555.054285183352, "mean_schedule_distance": 34790.554006349725, "mean_schedule_energy": 2.991125953575943, "mean_number_swaps": 3.2857142857142856, "drone_utilization": 1.0, "total_number_parcel_handover": 5, "mean_number_parcel_handover": 0.25, "execution_time": 688.816591501236}