{"completion_time": 3587.500328598269, "mean_schedule_time": 494.21301036500034, "mean_flight_time": 442.2619668850819, "mean_swap_time": 9.0, "mean_idle_time": 42.95104347991844, "mean_delivery_time": 3561.9456592403035, "mean_schedule_distance": 3095.833768195573, "mean_schedule_energy": 0.20570879204032302, "mean_number_swaps": 0.15, "drone_utilization": 0.15, "execution_time": 5.149470090866089}