{"completion_time": 7945.750102542546, "mean_schedule_time": 1387.4584406682256, "mean_flight_time": 1342.4584406682256, "mean_swap_time": 45.0, "mean_idle_time": 0.0, "mean_delivery_time": 4439.867010138322, "mean_schedule_distance": 9397.209084677579, "mean_schedule_energy": 0.7748936059805241, "mean_number_swaps": 0.75, "drone_utilization": 0.3125, "total_number_parcel_handover": 0, "mean_number_parcel_handover": 0.0, "execution_time": 2.0189380645751953}