{"completion_time": 5710.414848469326, "mean_schedule_time": 2878.2176206689305, "mean_flight_time": 2786.21762066893, "mean_swap_time": 92.0, "mean_idle_time": 4.547473508864641e-13, "mean_delivery_time": 3673.9863788730995, "mean_schedule_distance": 19503.52334468251, "mean_schedule_energy": 1.7006424862607312, "mean_number_swaps": 1.5333333333333334, "drone_utilization": 0.7333333333333333, "execution_time": 8.92790412902832}