{"completion_time": 1236.8543331637838, "mean_delivery_time": 783.4940242740807, "total_distance": 64133.49803902277, "consumed_energy": 6.095460493000399, "execution_time": 0.006211996078491211}