{"completion_time": 20472.806579547676, "mean_schedule_time": 19971.000324148576, "mean_flight_time": 18859.907795302814, "mean_swap_time": 840.0, "mean_idle_time": 271.092528845762, "mean_delivery_time": 10617.64228511147, "mean_schedule_distance": 132019.3545671199, "mean_schedule_energy": 10.932003279412086, "mean_number_swaps": 14.0, "drone_utilization": 1.0, "total_number_parcel_handover": 5, "mean_number_parcel_handover": 0.2, "execution_time": 1914.7939610481262}