{"completion_time": 2510.818986743644, "mean_schedule_time": 341.89880144026637, "mean_flight_time": 335.89880144026637, "mean_swap_time": 6.0, "mean_idle_time": 0.0, "mean_delivery_time": 1709.494007201332, "mean_schedule_distance": 2351.2916100818643, "mean_schedule_energy": 0.22298949114527322, "mean_number_swaps": 0.1, "drone_utilization": 0.2, "execution_time": 0.26198744773864746}