{"1": [{"x": 11, "y": 7, "a": 2, "tau": 1471.1427672182194}, {"x": 7, "y": 7, "a": -1, "tau": 1531.1427672182194}, {"x": 7, "y": 3, "a": 2, "tau": 2510.818986743644}], "2": [], "3": [], "4": [], "5": [], "6": [], "7": [{"x": 8, "y": 10, "a": 1, "tau": 908.1690276590195}], "8": [], "9": [], "10": []}