{"1": [], "2": [], "3": [{"x": 2, "y": 10, "a": 0, "tau": 423.986134340198}, {"x": 10, "y": 10, "a": -1, "tau": 483.986134340198}, {"x": 10, "y": 15, "a": 2, "tau": 1262.2813229787064}], "4": [], "5": [], "6": [{"x": 18, "y": 9, "a": 1, "tau": 844.9827417387289}], "7": [{"x": 9, "y": 10, "a": 2, "tau": 565.7426031533995}], "8": [], "9": [], "10": [], "11": [], "12": [], "13": [], "14": [], "15": []}