{"1": [], "2": [{"x": 5, "y": 1, "a": 2, "tau": 522.8173492305816}], "3": [{"x": 1, "y": 3, "a": 0, "tau": 379.4903778033905}, {"x": 3, "y": 1, "a": 1, "tau": 758.980755606777}]}