{"completion_time": 2101.5388731157377, "execution_time": 7.957392692565918}