{"completion_time": 12808.72857844823, "mean_schedule_time": 12479.760921103627, "mean_flight_time": 11946.3352433646, "mean_swap_time": 516.0, "mean_idle_time": 17.42567773902738, "mean_delivery_time": 7816.909228678772, "mean_schedule_distance": 83624.34670355218, "mean_schedule_energy": 6.8701556622968685, "mean_number_swaps": 8.6, "drone_utilization": 1.0, "execution_time": 1020.7422034740448}