{"completion_time": 9758.808096863873, "mean_schedule_time": 8013.990875197987, "mean_flight_time": 7325.531438966301, "mean_swap_time": 304.0, "mean_idle_time": 384.4594362316866, "mean_delivery_time": 5846.875549345686, "mean_schedule_distance": 51278.72007276417, "mean_schedule_energy": 4.324767397375012, "mean_number_swaps": 5.066666666666666, "drone_utilization": 1.0, "execution_time": 592.1896481513977}