{"completion_time": 6573.15173833556, "mean_schedule_time": 2563.4003960864284, "mean_flight_time": 1516.6077830888519, "mean_swap_time": 30.0, "mean_idle_time": 1016.7926129975765, "mean_delivery_time": 3916.52123934624, "mean_schedule_distance": 10616.254481621962, "mean_schedule_energy": 0.7704891709691544, "mean_number_swaps": 0.5, "drone_utilization": 0.5833333333333334, "execution_time": 59.909477949142456}