{"completion_time": 2735.896915907675, "mean_delivery_time": 2294.572412731025, "total_distance": 292874.77267067775, "consumed_energy": 22.442238020265158, "execution_time": 35.463428258895874}