{"1": [{"x": 1, "y": 5, "a": 1, "tau": 357.14285714285717}, {"x": 5, "y": 5, "a": -1, "tau": 417.14285714285717}, {"x": 5, "y": 3, "a": 1, "tau": 774.2857142857143}], "2": [{"x": 2, "y": 4, "a": 2, "tau": 714.2857142857143}]}