{"completion_time": 13013.516952165704, "mean_schedule_time": 7745.279902977491, "mean_flight_time": 7433.279902977489, "mean_swap_time": 312.0, "mean_idle_time": 1.8189894035458565e-12, "mean_delivery_time": 5525.227818078854, "mean_schedule_distance": 52032.95932084244, "mean_schedule_energy": 4.262284224056381, "mean_number_swaps": 5.2, "drone_utilization": 1.0, "execution_time": 1.5304155349731445}