{"completion_time": 9162.68933997254, "mean_schedule_time": 4018.868748959347, "mean_flight_time": 3867.6687489593487, "mean_swap_time": 151.2, "mean_idle_time": -1.3642420526593924e-12, "mean_delivery_time": 3556.875107655361, "mean_schedule_distance": 27073.681242715436, "mean_schedule_energy": 2.5334073482879544, "mean_number_swaps": 2.52, "drone_utilization": 1.0, "execution_time": 61.65528202056885}