{"completion_time": 6304.754977692114, "mean_schedule_time": 5346.448592588163, "mean_flight_time": 4524.574469091664, "mean_swap_time": 146.25, "mean_idle_time": 675.6241234964991, "mean_delivery_time": 5204.926056713999, "mean_schedule_distance": 31672.021283641654, "mean_schedule_energy": 2.4953314979550885, "mean_number_swaps": 2.4375, "drone_utilization": 1.0, "execution_time": 10446.062525987625}