{"completion_time": 2833.092230875969, "mean_delivery_time": 1922.8988249038873, "total_distance": 401561.5497479436, "consumed_energy": 32.64614612519909, "execution_time": 98.19951462745667}