{"completion_time": 6162.393240470408, "mean_schedule_time": 3573.0517992644504, "mean_flight_time": 3330.6782418963944, "mean_swap_time": 107.5, "mean_idle_time": 134.87355736805603, "mean_delivery_time": 3469.532206196843, "mean_schedule_distance": 23314.747693274752, "mean_schedule_energy": 1.8864887670643968, "mean_number_swaps": 1.7916666666666667, "drone_utilization": 0.875, "execution_time": 674.6661696434021}