{"completion_time": 4701.376767658258, "mean_schedule_time": 426.85108698576533, "mean_flight_time": 408.8510869857654, "mean_swap_time": 18.0, "mean_idle_time": -5.684341886080802e-14, "mean_delivery_time": 4268.510869857653, "mean_schedule_distance": 2861.9576089003576, "mean_schedule_energy": 0.2884385749831041, "mean_number_swaps": 0.3, "drone_utilization": 0.1, "execution_time": 0.6274621486663818}