{"completion_time": 12569.60238678355, "mean_schedule_time": 11482.907453254298, "mean_flight_time": 10887.708723549807, "mean_swap_time": 456.0, "mean_idle_time": 139.1987297044907, "mean_delivery_time": 6771.109915055223, "mean_schedule_distance": 76213.96106484867, "mean_schedule_energy": 6.331435242734651, "mean_number_swaps": 7.6, "drone_utilization": 1.0, "execution_time": 140.07139110565186}