{"completion_time": 5811.271612089298, "mean_schedule_time": 5012.875877848686, "mean_flight_time": 4785.980398783346, "mean_swap_time": 160.0, "mean_idle_time": 66.89547906534062, "mean_delivery_time": 4381.98780459312, "mean_schedule_distance": 33501.86279148343, "mean_schedule_energy": 2.6690551657381385, "mean_number_swaps": 2.6666666666666665, "drone_utilization": 1.0, "execution_time": 1424.0526835918427}