{"completion_time": 9530.731739111428, "mean_schedule_time": 6943.249132665794, "mean_flight_time": 5943.430567140932, "mean_swap_time": 248.0, "mean_idle_time": 751.8185655248617, "mean_delivery_time": 5632.513524335133, "mean_schedule_distance": 41604.013969986554, "mean_schedule_energy": 3.5578230018845667, "mean_number_swaps": 4.133333333333334, "drone_utilization": 1.0, "execution_time": 451.4599006175995}