{"completion_time": 22810.28682684765, "mean_schedule_time": 22344.913581828245, "mean_flight_time": 21366.163651752668, "mean_swap_time": 960.0, "mean_idle_time": 18.74993007557714, "mean_delivery_time": 11104.656546177857, "mean_schedule_distance": 149563.14556226868, "mean_schedule_energy": 12.1936492600185, "mean_number_swaps": 16.0, "drone_utilization": 1.0, "total_number_parcel_handover": 4, "mean_number_parcel_handover": 0.2, "execution_time": 346.02342796325684}