{"completion_time": 6052.894618888648, "mean_schedule_time": 2470.8734750194026, "mean_flight_time": 2392.8734750194026, "mean_swap_time": 78.0, "mean_idle_time": 0.0, "mean_delivery_time": 3190.0455162718663, "mean_schedule_distance": 16750.114325135815, "mean_schedule_energy": 1.3308405038312991, "mean_number_swaps": 1.3, "drone_utilization": 0.7, "execution_time": 3.404085159301758}