{"completion_time": 9292.55638569938, "mean_schedule_time": 5427.190302132363, "mean_flight_time": 5219.1903021323615, "mean_swap_time": 208.0, "mean_idle_time": 1.8189894035458565e-12, "mean_delivery_time": 4085.3424462104363, "mean_schedule_distance": 36534.33211492653, "mean_schedule_energy": 3.1788053424610276, "mean_number_swaps": 3.466666666666667, "drone_utilization": 1.0, "execution_time": 40.488508462905884}