{"completion_time": 3548.1687660716275, "mean_delivery_time": 2258.6064060221806, "total_distance": 421346.85246428114, "consumed_energy": 37.402736510365784, "execution_time": 11.396426439285278}