{"completion_time": 4002.2088392035466, "mean_schedule_time": 662.030447810129, "mean_flight_time": 648.3940841737653, "mean_swap_time": 13.636363636363637, "mean_idle_time": 0.0, "mean_delivery_time": 2912.933970364568, "mean_schedule_distance": 4538.758589216359, "mean_schedule_energy": 0.34440416038107097, "mean_number_swaps": 0.22727272727272727, "drone_utilization": 0.22727272727272727, "total_number_parcel_handover": 0, "mean_number_parcel_handover": 0.0, "execution_time": 2.131183385848999}