{"completion_time": 7067.525517323359, "mean_schedule_time": 2516.0875128082102, "mean_flight_time": 2430.0875128082102, "mean_swap_time": 86.0, "mean_idle_time": 0.0, "mean_delivery_time": 3774.131269212315, "mean_schedule_distance": 17010.612589657467, "mean_schedule_energy": 1.5277930477845987, "mean_number_swaps": 1.4333333333333333, "drone_utilization": 0.6666666666666666, "total_number_parcel_handover": 0, "mean_number_parcel_handover": 0.0, "execution_time": 34.893195390701294}