{"completion_time": 6860.395117532032, "mean_schedule_time": 3619.931009400985, "mean_flight_time": 2698.753621387289, "mean_swap_time": 78.0, "mean_idle_time": 843.1773880136961, "mean_delivery_time": 4503.170935655785, "mean_schedule_distance": 18891.275349711024, "mean_schedule_energy": 1.5633270595565922, "mean_number_swaps": 1.3, "drone_utilization": 0.8, "total_number_parcel_handover": 5, "mean_number_parcel_handover": 1.0, "execution_time": 36.287731885910034}