{"completion_time": 5183.69076133085, "mean_schedule_time": 2869.1479538326616, "mean_flight_time": 2384.8867200297254, "mean_swap_time": 72.0, "mean_idle_time": 412.2612338029362, "mean_delivery_time": 4462.5054004636295, "mean_schedule_distance": 16694.207040208075, "mean_schedule_energy": 1.3955656083374097, "mean_number_swaps": 1.2, "drone_utilization": 0.7, "execution_time": 9.334494352340698}