{"completion_time": 4533.998459769807, "mean_schedule_time": 660.3250866984881, "mean_flight_time": 480.08767799205157, "mean_swap_time": 9.6, "mean_idle_time": 170.63740870643653, "mean_delivery_time": 4431.47551091905, "mean_schedule_distance": 3360.6137459443603, "mean_schedule_energy": 0.2534530677129768, "mean_number_swaps": 0.16, "drone_utilization": 0.2, "execution_time": 17.27089762687683}