{"completion_time": 3837.1006936753383, "mean_schedule_time": 2395.1831673680417, "mean_flight_time": 2284.424807536429, "mean_swap_time": 64.28571428571429, "mean_idle_time": 46.47264554589856, "mean_delivery_time": 2969.6054240856397, "mean_schedule_distance": 15990.973652755007, "mean_schedule_energy": 1.266809164822338, "mean_number_swaps": 1.0714285714285714, "drone_utilization": 0.7857142857142857, "execution_time": 79.01249122619629}