{"completion_time": 8117.155664606734, "mean_schedule_time": 5991.412395368829, "mean_flight_time": 5648.400151590268, "mean_swap_time": 236.0, "mean_idle_time": 107.01224377856033, "mean_delivery_time": 4149.122203252058, "mean_schedule_distance": 39538.80106113187, "mean_schedule_energy": 3.443464507317352, "mean_number_swaps": 3.933333333333333, "drone_utilization": 1.0, "execution_time": 109.66197776794434}