{"completion_time": 2001.1044196017733, "mean_delivery_time": 1359.6549887306421, "total_distance": 99529.86512420066, "consumed_energy": 7.746205457617692, "execution_time": 16.231064319610596}