{"completion_time": 3942.2088392035466, "mean_schedule_time": 572.0270161862964, "mean_flight_time": 507.80543430714624, "mean_swap_time": 12.857142857142858, "mean_idle_time": 51.36443902200722, "mean_delivery_time": 2659.3099774612842, "mean_schedule_distance": 3554.6380401500237, "mean_schedule_energy": 0.27665019491491755, "mean_number_swaps": 0.21428571428571427, "drone_utilization": 0.21428571428571427, "execution_time": 17.107656002044678}