{"completion_time": 19258.951996324813, "mean_schedule_time": 15381.50213306777, "mean_flight_time": 14709.502133067774, "mean_swap_time": 672.0, "mean_idle_time": -3.637978807091713e-12, "mean_delivery_time": 7881.029760496435, "mean_schedule_distance": 102966.51493147439, "mean_schedule_energy": 8.294700944752664, "mean_number_swaps": 11.2, "drone_utilization": 1.0, "execution_time": 11.424841403961182}