{"completion_time": 6240.536112224208, "mean_schedule_time": 3384.992904233003, "mean_flight_time": 2763.2426929956437, "mean_swap_time": 82.5, "mean_idle_time": 539.2502112373595, "mean_delivery_time": 4573.758412854091, "mean_schedule_distance": 19342.698850969507, "mean_schedule_energy": 1.550724593999993, "mean_number_swaps": 1.375, "drone_utilization": 0.75, "total_number_parcel_handover": 5, "mean_number_parcel_handover": 0.5, "execution_time": 268.41240406036377}