{"completion_time": 10342.759453487406, "mean_schedule_time": 5366.360182362037, "mean_flight_time": 5182.3601823620365, "mean_swap_time": 184.0, "mean_idle_time": 9.094947017729282e-13, "mean_delivery_time": 4164.773576688906, "mean_schedule_distance": 36276.52127653425, "mean_schedule_energy": 2.944175787172848, "mean_number_swaps": 3.066666666666667, "drone_utilization": 1.0, "execution_time": 36.26017713546753}