{"completion_time": 4406.071292732739, "mean_delivery_time": 2776.532140048021, "total_distance": 539427.679121743, "consumed_energy": 42.766108748933775, "execution_time": 1091.4588520526886}