{"completion_time": 12386.943513180384, "mean_schedule_time": 5889.941358107259, "mean_flight_time": 5661.941358107256, "mean_swap_time": 228.0, "mean_idle_time": 2.7284841053187847e-12, "mean_delivery_time": 4125.849757688762, "mean_schedule_distance": 39633.58950675082, "mean_schedule_energy": 3.3741951466998947, "mean_number_swaps": 3.8, "drone_utilization": 1.0, "execution_time": 36.92900824546814}