{"completion_time": 3981.1473418528894, "mean_schedule_time": 1861.14092488408, "mean_flight_time": 1697.6308929381048, "mean_swap_time": 36.0, "mean_idle_time": 127.51003194597524, "mean_delivery_time": 2868.5732320798143, "mean_schedule_distance": 11883.416250566737, "mean_schedule_energy": 0.8905640047210893, "mean_number_swaps": 0.6, "drone_utilization": 0.6666666666666666, "execution_time": 18.840173721313477}