{"completion_time": 6254.150127131734, "mean_schedule_time": 1912.1478111195772, "mean_flight_time": 1535.3371870513063, "mean_swap_time": 48.46153846153846, "mean_idle_time": 328.3490856067324, "mean_delivery_time": 4071.4438521467528, "mean_schedule_distance": 10747.360309359145, "mean_schedule_energy": 0.8712741005720646, "mean_number_swaps": 0.8076923076923077, "drone_utilization": 0.46153846153846156, "execution_time": 189.85001182556152}