{"completion_time": 5437.343644838012, "mean_schedule_time": 1799.0148420559512, "mean_flight_time": 1741.4148420559516, "mean_swap_time": 57.6, "mean_idle_time": -2.2737367544323206e-13, "mean_delivery_time": 2810.960690712424, "mean_schedule_distance": 12189.903894391658, "mean_schedule_energy": 1.0401842865922317, "mean_number_swaps": 0.96, "drone_utilization": 0.64, "execution_time": 24.50189518928528}