{"completion_time": 9950.203400999333, "mean_schedule_time": 5816.616332266738, "mean_flight_time": 5606.616332266737, "mean_swap_time": 210.0, "mean_idle_time": 9.094947017729282e-13, "mean_delivery_time": 5299.282553874274, "mean_schedule_distance": 39246.31432586716, "mean_schedule_energy": 3.1015686988152575, "mean_number_swaps": 3.5, "drone_utilization": 1.0, "execution_time": 0.8173985481262207}