{"completion_time": 34623.85541055988, "mean_schedule_time": 31733.907234924045, "mean_flight_time": 30353.90723492404, "mean_swap_time": 1380.0, "mean_idle_time": 3.637978807091713e-12, "mean_delivery_time": 13563.056539625928, "mean_schedule_distance": 212477.35064446824, "mean_schedule_energy": 16.90232127876968, "mean_number_swaps": 23.0, "drone_utilization": 1.0, "total_number_parcel_handover": 0, "mean_number_parcel_handover": 0.0, "execution_time": 2.0043976306915283}