{"completion_time": 7824.314722028129, "mean_schedule_time": 7322.536114168081, "mean_flight_time": 6714.646195579099, "mean_swap_time": 276.0, "mean_idle_time": 331.88991858898225, "mean_delivery_time": 5841.141923034871, "mean_schedule_distance": 47002.5233690537, "mean_schedule_energy": 3.995558869535423, "mean_number_swaps": 4.6, "drone_utilization": 1.0, "execution_time": 1587.635010957718}