{"completion_time": 23408.99754017876, "mean_schedule_time": 22736.115704160307, "mean_flight_time": 21442.209308760244, "mean_swap_time": 924.0, "mean_idle_time": 369.90639540006305, "mean_delivery_time": 11495.819892234662, "mean_schedule_distance": 150095.4651613216, "mean_schedule_energy": 12.13677508018641, "mean_number_swaps": 15.4, "drone_utilization": 1.0, "execution_time": 694.8874955177307}