{"completion_time": 22908.15618440797, "mean_schedule_time": 22588.39938528291, "mean_flight_time": 21491.205423271374, "mean_swap_time": 975.0, "mean_idle_time": 122.19396201153722, "mean_delivery_time": 10763.582026661097, "mean_schedule_distance": 150438.4379628996, "mean_schedule_energy": 12.5366905356808, "mean_number_swaps": 16.25, "drone_utilization": 1.0, "total_number_parcel_handover": 1, "mean_number_parcel_handover": 0.04, "execution_time": 656.980756521225}