{"completion_time": 11934.078092203985, "mean_delivery_time": 5606.191013330547, "total_distance": 601753.7518515984, "consumed_energy": 50.1467621427232, "execution_time": 331.2821960449219}