{"completion_time": 5715.411135411561, "mean_schedule_time": 3725.442838978891, "mean_flight_time": 3089.080676393968, "mean_swap_time": 108.0, "mean_idle_time": 528.3621625849228, "mean_delivery_time": 3981.5825526100066, "mean_schedule_distance": 21623.564734757776, "mean_schedule_energy": 1.84260525342131, "mean_number_swaps": 1.8, "drone_utilization": 0.9, "execution_time": 715.9034233093262}