{"completion_time": 3806.075232740598, "mean_schedule_time": 1670.1513884336443, "mean_flight_time": 1380.9690767646498, "mean_swap_time": 42.857142857142854, "mean_idle_time": 246.32516881185165, "mean_delivery_time": 3544.603737177988, "mean_schedule_distance": 9666.783537352549, "mean_schedule_energy": 0.9277449157861876, "mean_number_swaps": 0.7142857142857143, "drone_utilization": 0.5, "execution_time": 123.93345594406128}