{"completion_time": 9985.101532820641, "mean_schedule_time": 3376.1992139286854, "mean_flight_time": 3260.4849282144, "mean_swap_time": 115.71428571428571, "mean_idle_time": -4.547473508864641e-13, "mean_delivery_time": 4726.67889950016, "mean_schedule_distance": 22823.3944975008, "mean_schedule_energy": 1.9132130969190866, "mean_number_swaps": 1.9285714285714286, "drone_utilization": 0.7142857142857143, "execution_time": 28.522626399993896}