{"completion_time": 6817.091060617488, "mean_schedule_time": 582.4528333756163, "mean_flight_time": 561.6836026063854, "mean_swap_time": 20.76923076923077, "mean_idle_time": 1.1368683772161603e-13, "mean_delivery_time": 3028.7547335532045, "mean_schedule_distance": 3931.785218244698, "mean_schedule_energy": 0.35892429870375264, "mean_number_swaps": 0.34615384615384615, "drone_utilization": 0.19230769230769232, "execution_time": 2.8961234092712402}