{"completion_time": 3883.4535415493883, "mean_schedule_time": 675.2367981530952, "mean_flight_time": 651.2367981530952, "mean_swap_time": 24.0, "mean_idle_time": 0.0, "mean_delivery_time": 2532.137993074107, "mean_schedule_distance": 4558.657587071666, "mean_schedule_energy": 0.40976230831830535, "mean_number_swaps": 0.4, "drone_utilization": 0.26666666666666666, "execution_time": 1.3107445240020752}