{"completion_time": 17794.717986964362, "mean_schedule_time": 17692.00963739221, "mean_flight_time": 16924.009637392213, "mean_swap_time": 768.0, "mean_idle_time": -3.637978807091713e-12, "mean_delivery_time": 9992.449929732406, "mean_schedule_distance": 118468.06746174551, "mean_schedule_energy": 9.98158892573585, "mean_number_swaps": 12.8, "drone_utilization": 1.0, "execution_time": 4475.414265155792}