{"completion_time": 16036.381545731796, "mean_schedule_time": 8143.353011568093, "mean_flight_time": 7813.353011568093, "mean_swap_time": 330.0, "mean_idle_time": 0.0, "mean_delivery_time": 5489.0292311614085, "mean_schedule_distance": 54693.471080976655, "mean_schedule_energy": 4.679198423677372, "mean_number_swaps": 5.5, "drone_utilization": 1.0, "total_number_parcel_handover": 0, "mean_number_parcel_handover": 0.0, "execution_time": 9.454401016235352}