{"completion_time": 3228.8286781850534, "mean_delivery_time": 1966.5352158991016, "total_distance": 712988.9163303148, "consumed_energy": 59.94346829674429, "execution_time": 2845.870122909546}