{"completion_time": 7467.567910396114, "mean_schedule_time": 3316.238217597548, "mean_flight_time": 2680.6892151288725, "mean_swap_time": 84.0, "mean_idle_time": 551.5490024686756, "mean_delivery_time": 3472.9738890057415, "mean_schedule_distance": 18764.82450590211, "mean_schedule_energy": 1.594742627751737, "mean_number_swaps": 1.4, "drone_utilization": 0.9, "execution_time": 850.9113693237305}