{"completion_time": 3763.783955198057, "mean_delivery_time": 1780.4869445028708, "total_distance": 383079.32494915184, "consumed_energy": 32.361822644901316, "execution_time": 503.69859552383423}