{"completion_time": 4379.132716481245, "mean_schedule_time": 1701.715473556603, "mean_flight_time": 1641.715473556603, "mean_swap_time": 60.0, "mean_idle_time": 0.0, "mean_delivery_time": 4254.288683891507, "mean_schedule_distance": 11492.00831489622, "mean_schedule_energy": 1.073723241770836, "mean_number_swaps": 1.0, "drone_utilization": 0.4, "execution_time": 0.18842720985412598}