{"completion_time": 8584.310169626127, "mean_schedule_time": 6858.4493539015975, "mean_flight_time": 6255.876290515101, "mean_swap_time": 264.0, "mean_idle_time": 338.57306338649687, "mean_delivery_time": 4958.234061691503, "mean_schedule_distance": 43791.1340336057, "mean_schedule_energy": 3.865586566767606, "mean_number_swaps": 4.4, "drone_utilization": 1.0, "execution_time": 1831.977919101715}