{"completion_time": 7830.97721244573, "mean_schedule_time": 4614.880368956908, "mean_flight_time": 3704.8686483922766, "mean_swap_time": 126.0, "mean_idle_time": 784.0117205646311, "mean_delivery_time": 4852.030313638636, "mean_schedule_distance": 25934.080538745933, "mean_schedule_energy": 2.155458920350233, "mean_number_swaps": 2.1, "drone_utilization": 0.95, "execution_time": 330.71474266052246}