{"completion_time": 4777.264859515193, "mean_schedule_time": 3001.7656061068888, "mean_flight_time": 2909.7656061068888, "mean_swap_time": 92.0, "mean_idle_time": 0.0, "mean_delivery_time": 3055.598313629786, "mean_schedule_distance": 20368.359242748218, "mean_schedule_energy": 1.6756022820841823, "mean_number_swaps": 1.5333333333333334, "drone_utilization": 0.9333333333333333, "execution_time": 61.61747670173645}