{"completion_time": 2775.6300136664768, "mean_delivery_time": 2065.324484524049, "total_distance": 439505.54812747607, "consumed_energy": 35.179934235795265, "execution_time": 338.08250093460083}