{"completion_time": 5371.2600273329535, "mean_schedule_time": 4460.894900422269, "mean_flight_time": 4185.767125023583, "mean_swap_time": 140.0, "mean_idle_time": 135.12777539868603, "mean_delivery_time": 4014.249115764871, "mean_schedule_distance": 29300.36987516507, "mean_schedule_energy": 2.345328949053018, "mean_number_swaps": 2.3333333333333335, "drone_utilization": 1.0, "execution_time": 962.3497624397278}