{"completion_time": 5331.061584605673, "mean_delivery_time": 2092.0118492623205, "total_distance": 608787.3115539951, "consumed_energy": 51.2654251439213, "execution_time": 52.30283546447754}