{"completion_time": 10302.123169211345, "mean_schedule_time": 4510.48079681425, "mean_flight_time": 4348.4807968142495, "mean_swap_time": 162.0, "mean_idle_time": 9.094947017729282e-13, "mean_delivery_time": 4044.823698524641, "mean_schedule_distance": 30439.365577699755, "mean_schedule_energy": 2.5632712571960647, "mean_number_swaps": 2.7, "drone_utilization": 1.0, "execution_time": 58.98743271827698}