{"completion_time": 8988.262764986728, "mean_schedule_time": 2660.28863372091, "mean_flight_time": 1712.8717328319574, "mean_swap_time": 60.0, "mean_idle_time": 887.4169008889528, "mean_delivery_time": 4695.595757515204, "mean_schedule_distance": 11990.102129823701, "mean_schedule_energy": 1.0877729832182543, "mean_number_swaps": 1.0, "drone_utilization": 0.5416666666666666, "total_number_parcel_handover": 8, "mean_number_parcel_handover": 0.8, "execution_time": 118.61526393890381}