{"completion_time": 6707.525517323361, "mean_schedule_time": 3858.06378304663, "mean_flight_time": 3177.6339484712767, "mean_swap_time": 103.2, "mean_idle_time": 577.2298345753534, "mean_delivery_time": 4833.985449382683, "mean_schedule_distance": 22243.437639298943, "mean_schedule_energy": 1.8840639282672655, "mean_number_swaps": 1.72, "drone_utilization": 0.8, "execution_time": 426.2671015262604}