{"completion_time": 2258.4309056501047, "execution_time": 11.318479537963867}