{"completion_time": 7045.964992028101, "mean_schedule_time": 6636.168155118854, "mean_flight_time": 6342.290737754421, "mean_swap_time": 228.0, "mean_idle_time": 65.87741736443331, "mean_delivery_time": 5533.114079261506, "mean_schedule_distance": 44396.03516428096, "mean_schedule_energy": 3.3482378047515775, "mean_number_swaps": 3.8, "drone_utilization": 1.0, "execution_time": 466.48788571357727}