{"completion_time": 4373.554879559284, "mean_schedule_time": 2187.8149642215026, "mean_flight_time": 1977.118736256832, "mean_swap_time": 54.0, "mean_idle_time": 156.69622796467047, "mean_delivery_time": 3052.844706913032, "mean_schedule_distance": 13839.831153797824, "mean_schedule_energy": 1.148129798849655, "mean_number_swaps": 0.9, "drone_utilization": 0.7333333333333333, "execution_time": 374.19538259506226}