{"completion_time": 9334.212672687643, "mean_schedule_time": 5655.059590550579, "mean_flight_time": 4278.20666014642, "mean_swap_time": 146.4, "mean_idle_time": 1230.452930404159, "mean_delivery_time": 5789.541983216895, "mean_schedule_distance": 29947.446621024937, "mean_schedule_energy": 2.449009695065884, "mean_number_swaps": 2.44, "drone_utilization": 1.0, "execution_time": 8555.822077274323}