{"completion_time": 3127.70556770578, "mean_delivery_time": 1523.7784644818346, "total_distance": 199888.9850274569, "consumed_energy": 18.589551838019197, "execution_time": 11.973998785018921}