{"completion_time": 7680.45313953754, "mean_schedule_time": 5362.87681098262, "mean_flight_time": 4818.034764061749, "mean_swap_time": 167.14285714285714, "mean_idle_time": 377.69918977801353, "mean_delivery_time": 4980.4315504801625, "mean_schedule_distance": 33726.24334843226, "mean_schedule_energy": 2.67329239596544, "mean_number_swaps": 2.7857142857142856, "drone_utilization": 1.0, "execution_time": 1038.3162486553192}