{"completion_time": 3738.055178096399, "mean_schedule_time": 2198.8822370221997, "mean_flight_time": 1903.6777384338911, "mean_swap_time": 54.0, "mean_idle_time": 241.20449858830852, "mean_delivery_time": 3209.632139833633, "mean_schedule_distance": 13325.74416903724, "mean_schedule_energy": 1.0780726209887588, "mean_number_swaps": 0.9, "drone_utilization": 0.7, "execution_time": 25.30261540412903}