{"completion_time": 3425.659970564363, "mean_delivery_time": 2288.965655986144, "total_distance": 345756.05302669667, "consumed_energy": 26.980352581679078, "execution_time": 306.36781907081604}