{"completion_time": 6684.845996338504, "mean_schedule_time": 5235.101232514711, "mean_flight_time": 4939.372186095665, "mean_swap_time": 162.0, "mean_idle_time": 133.72904641904643, "mean_delivery_time": 4261.540256922311, "mean_schedule_distance": 34575.60530266966, "mean_schedule_energy": 2.698035258167908, "mean_number_swaps": 2.7, "drone_utilization": 1.0, "execution_time": 301.73902320861816}