{"completion_time": 5178.473816723311, "mean_schedule_time": 1513.2256632328358, "mean_flight_time": 1191.2032924879663, "mean_swap_time": 26.25, "mean_idle_time": 295.7723707448695, "mean_delivery_time": 2864.4600176591675, "mean_schedule_distance": 8338.423047415763, "mean_schedule_energy": 0.7139864942980948, "mean_number_swaps": 0.4375, "drone_utilization": 0.5625, "execution_time": 28.262619972229004}