{"completion_time": 6254.150127131734, "mean_schedule_time": 2910.4298429800383, "mean_flight_time": 2530.743832888731, "mean_swap_time": 81.0, "mean_idle_time": 298.68601009130725, "mean_delivery_time": 4100.599357663274, "mean_schedule_distance": 17715.20683022112, "mean_schedule_energy": 1.455111741450581, "mean_number_swaps": 1.35, "drone_utilization": 0.7, "execution_time": 101.95440888404846}