{"completion_time": 10074.76679640737, "mean_schedule_time": 9357.893151722763, "mean_flight_time": 8960.184674222137, "mean_swap_time": 360.0, "mean_idle_time": 37.70847750062603, "mean_delivery_time": 6167.0362501600175, "mean_schedule_distance": 62721.29271955501, "mean_schedule_energy": 5.200246475829803, "mean_number_swaps": 6.0, "drone_utilization": 1.0, "total_number_parcel_handover": 4, "mean_number_parcel_handover": 0.16, "execution_time": 682.4018681049347}