{"completion_time": 5020.884897146764, "mean_schedule_time": 1265.1451323785752, "mean_flight_time": 1063.7029652294311, "mean_swap_time": 34.0, "mean_idle_time": 167.4421671491441, "mean_delivery_time": 2878.37196033075, "mean_schedule_distance": 7445.92075660602, "mean_schedule_energy": 0.6382610896934228, "mean_number_swaps": 0.5666666666666667, "drone_utilization": 0.43333333333333335, "total_number_parcel_handover": 4, "mean_number_parcel_handover": 0.4, "execution_time": 713.8564472198486}