{"completion_time": 7458.417333981829, "mean_schedule_time": 3815.7171775315237, "mean_flight_time": 3675.717177531525, "mean_swap_time": 140.0, "mean_idle_time": -1.3642420526593924e-12, "mean_delivery_time": 3826.782493868364, "mean_schedule_distance": 25730.02024272067, "mean_schedule_energy": 2.265860024078174, "mean_number_swaps": 2.3333333333333335, "drone_utilization": 0.9166666666666666, "execution_time": 39.8544716835022}