{"completion_time": 8922.178888371109, "mean_schedule_time": 8313.837466981224, "mean_flight_time": 8023.837466981226, "mean_swap_time": 290.0, "mean_idle_time": -1.8189894035458565e-12, "mean_delivery_time": 6426.432231634495, "mean_schedule_distance": 56166.862268868594, "mean_schedule_energy": 4.177321776063384, "mean_number_swaps": 4.833333333333333, "drone_utilization": 1.0, "total_number_parcel_handover": 3, "mean_number_parcel_handover": 0.3, "execution_time": 55.362152338027954}