{"completion_time": 3048.8761128304463, "mean_delivery_time": 2014.1274614994916, "total_distance": 609781.4346255767, "consumed_energy": 51.33705499974247, "execution_time": 495.92843651771545}