{"completion_time": 2843.696636691346, "mean_delivery_time": 1827.6399266720277, "total_distance": 192095.67178726706, "consumed_energy": 16.760188371259503, "execution_time": 3.41471004486084}