{"completion_time": 16536.566903070932, "mean_schedule_time": 9480.237237043813, "mean_flight_time": 9078.237237043813, "mean_swap_time": 402.0, "mean_idle_time": 0.0, "mean_delivery_time": 5856.0594205723455, "mean_schedule_distance": 63547.6606593067, "mean_schedule_energy": 5.369354172323589, "mean_number_swaps": 6.7, "drone_utilization": 1.0, "execution_time": 20.24244523048401}