{"completion_time": 1216.7011578212237, "execution_time": 0.00542759895324707}