{"completion_time": 6583.485513138705, "mean_schedule_time": 5393.921745029324, "mean_flight_time": 4970.583149044628, "mean_swap_time": 192.0, "mean_idle_time": 231.33859598469553, "mean_delivery_time": 4779.092047908386, "mean_schedule_distance": 34794.082043312395, "mean_schedule_energy": 2.797936693980337, "mean_number_swaps": 3.2, "drone_utilization": 1.0, "execution_time": 2127.152221918106}