{"completion_time": 6568.676027362331, "mean_schedule_time": 3922.7279869041504, "mean_flight_time": 3264.867052390591, "mean_swap_time": 105.0, "mean_idle_time": 552.8609345135592, "mean_delivery_time": 5232.952161651386, "mean_schedule_distance": 22854.069366734144, "mean_schedule_energy": 1.7091996226157846, "mean_number_swaps": 1.75, "drone_utilization": 0.75, "total_number_parcel_handover": 2, "mean_number_parcel_handover": 0.4, "execution_time": 28.297412157058716}