{"completion_time": 17155.578340385677, "mean_schedule_time": 14905.904734482297, "mean_flight_time": 14305.904734482296, "mean_swap_time": 600.0, "mean_idle_time": 1.8189894035458565e-12, "mean_delivery_time": 9344.379925677966, "mean_schedule_distance": 100141.33314137603, "mean_schedule_energy": 7.923602000261972, "mean_number_swaps": 10.0, "drone_utilization": 1.0, "total_number_parcel_handover": 0, "mean_number_parcel_handover": 0.0, "execution_time": 0.3195013999938965}