{"completion_time": 2799.2276945470835, "mean_schedule_time": 676.7130926791839, "mean_flight_time": 528.0674752700714, "mean_swap_time": 3.0, "mean_idle_time": 145.64561740911245, "mean_delivery_time": 1770.224917566905, "mean_schedule_distance": 3696.472326890501, "mean_schedule_energy": 0.3139408406211898, "mean_number_swaps": 0.05, "drone_utilization": 0.4, "execution_time": 6.794785261154175}