{"completion_time": 5770.926472517765, "mean_schedule_time": 5232.354222085864, "mean_flight_time": 4484.207202429476, "mean_swap_time": 170.0, "mean_idle_time": 578.1470196563887, "mean_delivery_time": 4729.588938933783, "mean_schedule_distance": 31389.450417006345, "mean_schedule_energy": 2.5618215934647033, "mean_number_swaps": 2.8333333333333335, "drone_utilization": 1.0, "total_number_parcel_handover": 19, "mean_number_parcel_handover": 0.95, "execution_time": 5921.951322078705}