{"completion_time": 18989.965755492456, "mean_delivery_time": 9220.863752821799, "total_distance": 484714.4033533272, "consumed_energy": 41.43755558223914, "execution_time": 1140.8742971420288}