{"completion_time": 15066.958983629696, "mean_delivery_time": 6746.851046356095, "total_distance": 380828.6761532548, "consumed_energy": 32.20382937964797, "execution_time": 11.934179067611694}