{"completion_time": 4059.4778780906963, "mean_schedule_time": 899.9001218034203, "mean_flight_time": 744.3826898402391, "mean_swap_time": 15.0, "mean_idle_time": 140.51743196318125, "mean_delivery_time": 2496.534241996605, "mean_schedule_distance": 5210.678828881674, "mean_schedule_energy": 0.421907196678475, "mean_number_swaps": 0.25, "drone_utilization": 0.35, "total_number_parcel_handover": 2, "mean_number_parcel_handover": 0.4, "execution_time": 13.493087530136108}