{"completion_time": 19245.82355881814, "mean_schedule_time": 18578.955095527373, "mean_flight_time": 17768.955095527377, "mean_swap_time": 810.0, "mean_idle_time": -3.637978807091713e-12, "mean_delivery_time": 10144.66771988194, "mean_schedule_distance": 124382.68566869161, "mean_schedule_energy": 10.134086691760293, "mean_number_swaps": 13.5, "drone_utilization": 1.0, "execution_time": 209.45402836799622}