{"completion_time": 3529.687716849725, "mean_schedule_time": 538.9259238181027, "mean_flight_time": 525.289560181739, "mean_swap_time": 13.636363636363637, "mean_idle_time": 0.0, "mean_delivery_time": 2371.2740647996516, "mean_schedule_distance": 3677.0269212721732, "mean_schedule_energy": 0.3207321591463793, "mean_number_swaps": 0.22727272727272727, "drone_utilization": 0.22727272727272727, "total_number_parcel_handover": 0, "mean_number_parcel_handover": 0.0, "execution_time": 3.29982590675354}