{"completion_time": 5131.772153251459, "mean_schedule_time": 2447.457036590387, "mean_flight_time": 2154.217798325485, "mean_swap_time": 57.857142857142854, "mean_idle_time": 235.38209540775915, "mean_delivery_time": 2882.082739268267, "mean_schedule_distance": 15079.524588278397, "mean_schedule_energy": 1.2481998919999497, "mean_number_swaps": 0.9642857142857143, "drone_utilization": 0.8571428571428571, "execution_time": 366.63307428359985}