{"completion_time": 5530.730592784115, "mean_schedule_time": 1120.047542921382, "mean_flight_time": 1088.8475429213822, "mean_swap_time": 31.2, "mean_idle_time": -2.2737367544323206e-13, "mean_delivery_time": 3500.148571629319, "mean_schedule_distance": 7621.932800449675, "mean_schedule_energy": 0.6321658631564432, "mean_number_swaps": 0.52, "drone_utilization": 0.32, "execution_time": 8.055382251739502}