{"completion_time": 2825.3652963920576, "mean_delivery_time": 1798.8242858146596, "total_distance": 190548.32001124186, "consumed_energy": 15.804146578911078, "execution_time": 8.230134963989258}