{"completion_time": 5772.332837192851, "mean_schedule_time": 2630.80196060729, "mean_flight_time": 2551.71105151638, "mean_swap_time": 79.0909090909091, "mean_idle_time": 9.094947017729282e-13, "mean_delivery_time": 2937.9732222835837, "mean_schedule_distance": 17861.97736061466, "mean_schedule_energy": 1.4762453657830457, "mean_number_swaps": 1.3181818181818181, "drone_utilization": 0.8636363636363636, "execution_time": 24.36276364326477}