{"completion_time": 6457.091060617488, "mean_schedule_time": 1745.098289447531, "mean_flight_time": 1231.78103191663, "mean_swap_time": 34.61538461538461, "mean_idle_time": 478.70187291551656, "mean_delivery_time": 3407.3078682798287, "mean_schedule_distance": 8622.467223416412, "mean_schedule_energy": 0.7270646869858842, "mean_number_swaps": 0.5769230769230769, "drone_utilization": 0.5, "execution_time": 170.0197308063507}