{"completion_time": 5437.343644838012, "mean_schedule_time": 2743.262927147495, "mean_flight_time": 2653.2629271474957, "mean_swap_time": 90.0, "mean_idle_time": -9.094947017729282e-13, "mean_delivery_time": 3056.0913527471926, "mean_schedule_distance": 18572.840490032468, "mean_schedule_energy": 1.575046363572764, "mean_number_swaps": 1.5, "drone_utilization": 0.8636363636363636, "total_number_parcel_handover": 0, "mean_number_parcel_handover": 0.0, "execution_time": 31.66265368461609}