{"completion_time": 6862.273005293825, "mean_schedule_time": 2899.814675518789, "mean_flight_time": 2791.814675518789, "mean_swap_time": 108.0, "mean_idle_time": 0.0, "mean_delivery_time": 3624.768344398486, "mean_schedule_distance": 19542.70272863152, "mean_schedule_energy": 1.7385698506554512, "mean_number_swaps": 1.8, "drone_utilization": 0.8, "execution_time": 0.47156786918640137}