{"completion_time": 24348.447208566464, "mean_delivery_time": 10439.909193406944, "total_distance": 619617.7535485983, "consumed_energy": 51.6137882012005, "execution_time": 110.93423271179199}