{"completion_time": 46536.89441713293, "mean_schedule_time": 46448.41096775702, "mean_flight_time": 44258.410967757045, "mean_swap_time": 2190.0, "mean_idle_time": -2.1827872842550278e-11, "mean_delivery_time": 19943.81838681389, "mean_schedule_distance": 309808.87677429913, "mean_schedule_energy": 25.80689410060025, "mean_number_swaps": 36.5, "drone_utilization": 1.0, "execution_time": 138.61269092559814}