{"completion_time": 3120.268056112104, "mean_delivery_time": 2242.241816498773, "total_distance": 150171.67328272676, "consumed_energy": 12.144096394218966, "execution_time": 59.70573449134827}