{"completion_time": 4636.877338325931, "mean_schedule_time": 1712.1179332654312, "mean_flight_time": 1544.6538365696374, "mean_swap_time": 35.45454545454545, "mean_idle_time": 132.00955124124835, "mean_delivery_time": 3227.357371199835, "mean_schedule_distance": 10812.57685598746, "mean_schedule_energy": 0.8329049862877145, "mean_number_swaps": 0.5909090909090909, "drone_utilization": 0.5454545454545454, "total_number_parcel_handover": 3, "mean_number_parcel_handover": 0.3, "execution_time": 34.20929765701294}