{"completion_time": 6360.536112224208, "mean_schedule_time": 5507.694144915944, "mean_flight_time": 4656.926081346846, "mean_swap_time": 162.0, "mean_idle_time": 688.7680635690976, "mean_delivery_time": 5197.048219476455, "mean_schedule_distance": 32598.48256942792, "mean_schedule_energy": 2.666225738838871, "mean_number_swaps": 2.7, "drone_utilization": 1.0, "total_number_parcel_handover": 7, "mean_number_parcel_handover": 0.7, "execution_time": 985.1932168006897}