{"completion_time": 4213.359926509009, "mean_schedule_time": 505.2466196788911, "mean_flight_time": 445.9879206411113, "mean_swap_time": 8.0, "mean_idle_time": 51.25869903777976, "mean_delivery_time": 2563.9660814761223, "mean_schedule_distance": 3121.915444487779, "mean_schedule_energy": 0.2209017291760963, "mean_number_swaps": 0.13333333333333333, "drone_utilization": 0.2, "execution_time": 0.9497907161712646}