{"completion_time": 12968.338678002752, "mean_schedule_time": 12651.342062202613, "mean_flight_time": 11477.16301842404, "mean_swap_time": 516.0, "mean_idle_time": 658.179043778573, "mean_delivery_time": 7600.7927705217135, "mean_schedule_distance": 80340.1411289683, "mean_schedule_energy": 6.580672251537689, "mean_number_swaps": 8.6, "drone_utilization": 1.0, "execution_time": 10816.895174264908}