{"completion_time": 4643.259599105048, "mean_delivery_time": 2776.4427026228486, "total_distance": 508402.03042080946, "consumed_energy": 43.8420848982823, "execution_time": 267.58192920684814}