{"completion_time": 8741.842158349446, "mean_schedule_time": 7401.548932181472, "mean_flight_time": 7051.6505894736765, "mean_swap_time": 258.0, "mean_idle_time": 91.89834270779556, "mean_delivery_time": 5904.596346701339, "mean_schedule_distance": 49361.554126315736, "mean_schedule_energy": 3.8348298932966687, "mean_number_swaps": 4.3, "drone_utilization": 1.0, "total_number_parcel_handover": 3, "mean_number_parcel_handover": 0.2, "execution_time": 214.97557282447815}