{"completion_time": 6637.60125860987, "mean_schedule_time": 4145.406778701568, "mean_flight_time": 3579.065152445461, "mean_swap_time": 130.0, "mean_idle_time": 436.34162625610725, "mean_delivery_time": 4063.290541649551, "mean_schedule_distance": 25053.45606711824, "mean_schedule_energy": 2.2551529043034693, "mean_number_swaps": 2.1666666666666665, "drone_utilization": 1.0, "total_number_parcel_handover": 3, "mean_number_parcel_handover": 0.6, "execution_time": 15.721885204315186}