{"completion_time": 3408.800629304935, "mean_delivery_time": 2097.6452708247753, "total_distance": 150320.73640270944, "consumed_energy": 13.530917425820816, "execution_time": 11.658931255340576}