{"completion_time": 5807.2328807038975, "mean_schedule_time": 4951.956355400232, "mean_flight_time": 4484.399146992411, "mean_swap_time": 172.0, "mean_idle_time": 295.5572084078203, "mean_delivery_time": 3869.2720189889947, "mean_schedule_distance": 31390.79402894687, "mean_schedule_energy": 2.591679181098805, "mean_number_swaps": 2.8666666666666667, "drone_utilization": 1.0, "execution_time": 850.4094080924988}