{"completion_time": 4981.781136247799, "mean_schedule_time": 1939.1101814913902, "mean_flight_time": 1637.3499162710289, "mean_swap_time": 42.5, "mean_idle_time": 259.26026522036136, "mean_delivery_time": 3612.72689337312, "mean_schedule_distance": 11461.449413897202, "mean_schedule_energy": 0.9756264956140184, "mean_number_swaps": 0.7083333333333334, "drone_utilization": 0.5416666666666666, "total_number_parcel_handover": 8, "mean_number_parcel_handover": 0.8, "execution_time": 199.74282002449036}