{"completion_time": 7028.21961531993, "mean_schedule_time": 5510.206424112245, "mean_flight_time": 5274.9066806978035, "mean_swap_time": 180.0, "mean_idle_time": 55.299743414441764, "mean_delivery_time": 4764.194353220976, "mean_schedule_distance": 36924.34676488464, "mean_schedule_energy": 2.902529818849171, "mean_number_swaps": 3.0, "drone_utilization": 1.0, "execution_time": 186.9781198501587}