{"completion_time": 4581.376767658258, "mean_schedule_time": 891.5772010969853, "mean_flight_time": 675.3184198109199, "mean_swap_time": 15.0, "mean_idle_time": 201.2587812860654, "mean_delivery_time": 2789.5601730295202, "mean_schedule_distance": 4727.22893867644, "mean_schedule_energy": 0.4076509759752896, "mean_number_swaps": 0.25, "drone_utilization": 0.3, "execution_time": 10.612534761428833}