{"completion_time": 3468.800629304935, "mean_delivery_time": 2273.257080519953, "total_distance": 134953.81416553535, "consumed_energy": 11.075059997979547, "execution_time": 2.5172910690307617}