{"completion_time": 5119.682479731215, "mean_schedule_time": 1847.5850752033489, "mean_flight_time": 1678.1681290461668, "mean_swap_time": 51.42857142857143, "mean_idle_time": 117.98837472861078, "mean_delivery_time": 3226.137781318065, "mean_schedule_distance": 11747.176903323169, "mean_schedule_energy": 1.0147719457618167, "mean_number_swaps": 0.8571428571428571, "drone_utilization": 0.5714285714285714, "total_number_parcel_handover": 5, "mean_number_parcel_handover": 0.3333333333333333, "execution_time": 421.4304668903351}