{"completion_time": 4486.566732042604, "mean_schedule_time": 1323.3599082691169, "mean_flight_time": 1116.1954029979045, "mean_swap_time": 36.42857142857143, "mean_idle_time": 170.7359338426411, "mean_delivery_time": 3067.8185387079693, "mean_schedule_distance": 7813.367820985331, "mean_schedule_energy": 0.725436916188341, "mean_number_swaps": 0.6071428571428571, "drone_utilization": 0.42857142857142855, "total_number_parcel_handover": 5, "mean_number_parcel_handover": 0.5, "execution_time": 527.1778016090393}