{"completion_time": 18647.572643180676, "mean_schedule_time": 11357.20289520554, "mean_flight_time": 10913.202895205539, "mean_swap_time": 444.0, "mean_idle_time": 1.8189894035458565e-12, "mean_delivery_time": 6822.599069395686, "mean_schedule_distance": 76392.42026643881, "mean_schedule_energy": 6.119444118666879, "mean_number_swaps": 7.4, "drone_utilization": 1.0, "execution_time": 3.930445909500122}