{"completion_time": 4508.908225827743, "mean_schedule_time": 2728.4644085163172, "mean_flight_time": 2591.7385174283636, "mean_swap_time": 76.66666666666667, "mean_idle_time": 60.05922442128713, "mean_delivery_time": 3290.0974514531176, "mean_schedule_distance": 18142.169621998546, "mean_schedule_energy": 1.474136010057796, "mean_number_swaps": 1.2777777777777777, "drone_utilization": 0.8333333333333334, "execution_time": 385.27888107299805}