{"completion_time": 8988.262764986728, "mean_schedule_time": 3423.368879844086, "mean_flight_time": 2361.7703085294784, "mean_swap_time": 75.0, "mean_idle_time": 986.5985713146079, "mean_delivery_time": 4258.735124803565, "mean_schedule_distance": 16532.392159706353, "mean_schedule_energy": 1.4171386408914481, "mean_number_swaps": 1.25, "drone_utilization": 0.75, "execution_time": 1351.3020606040955}