{"completion_time": 4144.554196631011, "mean_schedule_time": 677.5561131319733, "mean_flight_time": 619.2718740119163, "mean_swap_time": 12.0, "mean_idle_time": 46.28423912005701, "mean_delivery_time": 2252.486591703636, "mean_schedule_distance": 4334.903118083414, "mean_schedule_energy": 0.3531595585736334, "mean_number_swaps": 0.2, "drone_utilization": 0.3, "execution_time": 16.64438533782959}