{"completion_time": 12168.35819966631, "mean_schedule_time": 7761.022828943725, "mean_flight_time": 7443.022828943722, "mean_swap_time": 318.0, "mean_idle_time": 2.7284841053187847e-12, "mean_delivery_time": 4854.963602888507, "mean_schedule_distance": 52101.15980260605, "mean_schedule_energy": 4.299906351169552, "mean_number_swaps": 5.3, "drone_utilization": 1.0, "execution_time": 19.338753938674927}