{"completion_time": 4890.635732839285, "mean_schedule_time": 2921.4101661424534, "mean_flight_time": 2777.3084418026506, "mean_swap_time": 81.81818181818181, "mean_idle_time": 62.2835425216208, "mean_delivery_time": 3156.7264463450033, "mean_schedule_distance": 19441.159092618545, "mean_schedule_energy": 1.6033386710725195, "mean_number_swaps": 1.3636363636363635, "drone_utilization": 0.9090909090909091, "total_number_parcel_handover": 2, "mean_number_parcel_handover": 0.1, "execution_time": 135.84244298934937}