{"completion_time": 6008.112546629164, "mean_schedule_time": 2305.454683718045, "mean_flight_time": 2041.5701561630904, "mean_swap_time": 57.0, "mean_idle_time": 206.88452755495473, "mean_delivery_time": 3416.4448852366895, "mean_schedule_distance": 14290.991093141634, "mean_schedule_energy": 1.1329038445115622, "mean_number_swaps": 0.95, "drone_utilization": 0.65, "execution_time": 32.81476283073425}