{"completion_time": 7047.387663431146, "mean_schedule_time": 6595.109980422706, "mean_flight_time": 6297.404561131248, "mean_swap_time": 248.0, "mean_idle_time": 49.705419291458384, "mean_delivery_time": 5155.595904854629, "mean_schedule_distance": 44081.831927918734, "mean_schedule_energy": 3.5279015517886347, "mean_number_swaps": 4.133333333333334, "drone_utilization": 1.0, "execution_time": 1389.1559429168701}