{"completion_time": 5332.608660385484, "mean_schedule_time": 1660.7945889210305, "mean_flight_time": 1600.7945889210303, "mean_swap_time": 60.0, "mean_idle_time": 2.2737367544323206e-13, "mean_delivery_time": 3113.989854226932, "mean_schedule_distance": 11205.562122447212, "mean_schedule_energy": 1.0674069932701051, "mean_number_swaps": 1.0, "drone_utilization": 0.5333333333333333, "execution_time": 4.567756175994873}