{"completion_time": 5242.266564016443, "mean_schedule_time": 2858.4666738122246, "mean_flight_time": 2533.88093995948, "mean_swap_time": 84.0, "mean_idle_time": 240.5857338527444, "mean_delivery_time": 3573.083342265281, "mean_schedule_distance": 17737.166579716362, "mean_schedule_energy": 1.4603083452131398, "mean_number_swaps": 1.4, "drone_utilization": 0.8, "execution_time": 239.7005705833435}