{"completion_time": 4011.105793297334, "mean_delivery_time": 2550.36905008542, "total_distance": 247896.06908667707, "consumed_energy": 21.7382397444612, "execution_time": 152.33648228645325}