{"completion_time": 7767.567910396114, "mean_schedule_time": 935.6194058102312, "mean_flight_time": 902.0194058102312, "mean_swap_time": 33.6, "mean_idle_time": 0.0, "mean_delivery_time": 2923.8106431569727, "mean_schedule_distance": 6314.135840671618, "mean_schedule_energy": 0.5909073807723786, "mean_number_swaps": 0.56, "drone_utilization": 0.32, "execution_time": 8.335496664047241}