{"completion_time": 3763.783955198057, "mean_delivery_time": 2012.8420979853715, "total_distance": 438833.91504014947, "consumed_energy": 38.694280267248566, "execution_time": 181.958270072937}