{"completion_time": 4613.345902469695, "mean_schedule_time": 1991.6574387126357, "mean_flight_time": 1821.8941978010625, "mean_swap_time": 56.666666666666664, "mean_idle_time": 113.09657424490638, "mean_delivery_time": 3171.707940816126, "mean_schedule_distance": 12753.259384607438, "mean_schedule_energy": 1.0903742132687548, "mean_number_swaps": 0.9444444444444444, "drone_utilization": 0.6666666666666666, "total_number_parcel_handover": 2, "mean_number_parcel_handover": 0.2, "execution_time": 34.60373616218567}