{"completion_time": 5425.566649791343, "mean_schedule_time": 3452.0948496217766, "mean_flight_time": 3076.3270062918755, "mean_swap_time": 113.33333333333333, "mean_idle_time": 262.4345099965676, "mean_delivery_time": 4003.679407957293, "mean_schedule_distance": 21534.28904404313, "mean_schedule_energy": 1.861383940817601, "mean_number_swaps": 1.8888888888888888, "drone_utilization": 0.7777777777777778, "execution_time": 155.85434079170227}