{"completion_time": 4650.8478926180815, "mean_schedule_time": 2888.9709201102132, "mean_flight_time": 2641.002811504065, "mean_swap_time": 67.2, "mean_idle_time": 180.76810860614842, "mean_delivery_time": 3243.808213511545, "mean_schedule_distance": 18487.019680528447, "mean_schedule_energy": 1.4517985560958533, "mean_number_swaps": 1.12, "drone_utilization": 0.96, "execution_time": 1211.1846761703491}