{"completion_time": 8988.262764986728, "mean_schedule_time": 2417.9467994050187, "mean_flight_time": 1630.5013863075706, "mean_swap_time": 50.4, "mean_idle_time": 737.0454130974481, "mean_delivery_time": 4321.080454534924, "mean_schedule_distance": 11413.509704152995, "mean_schedule_energy": 0.9777622661878589, "mean_number_swaps": 0.84, "drone_utilization": 0.52, "execution_time": 1767.3788092136383}