{"completion_time": 2522.988893610821, "mean_delivery_time": 2112.756246828512, "total_distance": 256408.7575671863, "consumed_energy": 21.143178228123507, "execution_time": 22.63018774986267}