{"completion_time": 36773.45481577064, "mean_schedule_time": 36442.05330769985, "mean_flight_time": 34792.05330769985, "mean_swap_time": 1650.0, "mean_idle_time": 0.0, "mean_delivery_time": 17686.992917753472, "mean_schedule_distance": 243544.3731538989, "mean_schedule_energy": 20.892762810806023, "mean_number_swaps": 27.5, "drone_utilization": 1.0, "total_number_parcel_handover": 1, "mean_number_parcel_handover": 0.05, "execution_time": 343.8757395744324}