{"completion_time": 19197.281072236954, "mean_delivery_time": 9185.584283504877, "total_distance": 487952.60389130487, "consumed_energy": 41.631847614517795, "execution_time": 260.0102322101593}