{"completion_time": 2920.307514895762, "mean_schedule_time": 1027.362593899143, "mean_flight_time": 927.1642543498406, "mean_swap_time": 14.4, "mean_idle_time": 85.79833954930234, "mean_delivery_time": 1961.592196562168, "mean_schedule_distance": 6490.1497804488845, "mean_schedule_energy": 0.526550575023096, "mean_number_swaps": 0.24, "drone_utilization": 0.52, "execution_time": 66.49358773231506}