{"completion_time": 7679.513833161006, "mean_schedule_time": 4311.479230470716, "mean_flight_time": 3105.229476419699, "mean_swap_time": 96.0, "mean_idle_time": 1110.2497540510171, "mean_delivery_time": 4852.967204239187, "mean_schedule_distance": 21736.606334937893, "mean_schedule_energy": 1.778622373733246, "mean_number_swaps": 1.6, "drone_utilization": 0.85, "total_number_parcel_handover": 11, "mean_number_parcel_handover": 0.7333333333333333, "execution_time": 201.49832153320312}