{"completion_time": 4665.180726101917, "mean_schedule_time": 1814.7372842389411, "mean_flight_time": 1413.8406705357759, "mean_swap_time": 36.0, "mean_idle_time": 364.89661370316526, "mean_delivery_time": 2949.0016012609963, "mean_schedule_distance": 9896.884693750433, "mean_schedule_energy": 0.8763110918918332, "mean_number_swaps": 0.6, "drone_utilization": 0.6666666666666666, "execution_time": 91.92988157272339}