{"completion_time": 5191.772153251459, "mean_schedule_time": 3420.134806453708, "mean_flight_time": 2989.747744461677, "mean_swap_time": 98.4, "mean_idle_time": 331.9870619920307, "mean_delivery_time": 3521.7706364268324, "mean_schedule_distance": 20928.234211231742, "mean_schedule_energy": 1.7157002988509864, "mean_number_swaps": 1.64, "drone_utilization": 0.88, "execution_time": 327.72583055496216}