{"completion_time": 5400.658026386143, "mean_schedule_time": 2469.5707217326026, "mean_flight_time": 2173.910588544833, "mean_swap_time": 68.0, "mean_idle_time": 227.6601331877696, "mean_delivery_time": 3288.9288948482927, "mean_schedule_distance": 15217.374119813834, "mean_schedule_energy": 1.3544782428285713, "mean_number_swaps": 1.1333333333333333, "drone_utilization": 0.7333333333333333, "execution_time": 225.65379118919373}