{"completion_time": 3763.783955198057, "mean_delivery_time": 1865.9506378974802, "total_distance": 305360.7371805605, "consumed_energy": 25.024454274821323, "execution_time": 740.3214356899261}