{"completion_time": 6870.770992095196, "mean_delivery_time": 3624.834077701186, "total_distance": 515502.5841515237, "consumed_energy": 44.54545000009661, "execution_time": 228.51012539863586}