{"completion_time": 5286.33489417477, "mean_schedule_time": 1626.8029565244924, "mean_flight_time": 1363.301985873768, "mean_swap_time": 38.57142857142857, "mean_idle_time": 224.92954207929574, "mean_delivery_time": 3824.8247664505952, "mean_schedule_distance": 9543.113901116378, "mean_schedule_energy": 0.7822072545738132, "mean_number_swaps": 0.6428571428571429, "drone_utilization": 0.4642857142857143, "total_number_parcel_handover": 4, "mean_number_parcel_handover": 0.4, "execution_time": 134.3310706615448}