{"completion_time": 2825.3652963920576, "mean_delivery_time": 1773.4332213734822, "total_distance": 234000.65099228747, "consumed_energy": 19.762892051943165, "execution_time": 12.040306091308594}