{"completion_time": 973.2194567790144, "execution_time": 0.003576040267944336}