{"completion_time": 5218.020233321958, "mean_schedule_time": 1788.5527150676194, "mean_flight_time": 1559.057553689426, "mean_swap_time": 50.4, "mean_idle_time": 179.09516137819332, "mean_delivery_time": 3845.1858863459734, "mean_schedule_distance": 10913.40287582598, "mean_schedule_energy": 0.9807947395103893, "mean_number_swaps": 0.84, "drone_utilization": 0.48, "execution_time": 62.10806751251221}