{"completion_time": 2112.052285732069, "mean_delivery_time": 1599.4808950789059, "total_distance": 131951.76220137198, "consumed_energy": 11.09078699075471, "execution_time": 38.607093811035156}