{"completion_time": 6765.80036435201, "mean_schedule_time": 6252.562766906533, "mean_flight_time": 6022.562766906532, "mean_swap_time": 230.0, "mean_idle_time": 1.8189894035458565e-12, "mean_delivery_time": 4034.869217108008, "mean_schedule_distance": 42157.93936834574, "mean_schedule_energy": 3.570315797825863, "mean_number_swaps": 3.8333333333333335, "drone_utilization": 1.0, "execution_time": 58.65379452705383}