{"completion_time": 11646.68982053689, "mean_schedule_time": 11089.440518488602, "mean_flight_time": 10316.311801419197, "mean_swap_time": 450.0, "mean_idle_time": 323.12871706940496, "mean_delivery_time": 7049.397857812218, "mean_schedule_distance": 72214.18260993437, "mean_schedule_energy": 5.962487298388478, "mean_number_swaps": 7.5, "drone_utilization": 1.0, "execution_time": 859.6509835720062}