{"completion_time": 5869.447881543187, "mean_delivery_time": 3497.3753697896805, "total_distance": 722693.948743998, "consumed_energy": 59.524851246684555, "execution_time": 479.14303040504456}