{"completion_time": 9426.8650975064, "mean_schedule_time": 8986.839559619897, "mean_flight_time": 8626.839559619895, "mean_swap_time": 360.0, "mean_idle_time": 1.8189894035458565e-12, "mean_delivery_time": 5672.374782137733, "mean_schedule_distance": 60387.87691733926, "mean_schedule_energy": 4.880009556553876, "mean_number_swaps": 6.0, "drone_utilization": 1.0, "execution_time": 782.3834109306335}