{"completion_time": 8606.802268275256, "mean_schedule_time": 7764.532742823829, "mean_flight_time": 7383.7884409266935, "mean_swap_time": 306.0, "mean_idle_time": 74.7443018971353, "mean_delivery_time": 5291.44983060617, "mean_schedule_distance": 51686.519086486864, "mean_schedule_energy": 4.181077753008798, "mean_number_swaps": 5.1, "drone_utilization": 1.0, "execution_time": 285.9772038459778}