{"completion_time": 5530.414848469326, "mean_schedule_time": 2582.669841324033, "mean_flight_time": 2412.1135777438485, "mean_swap_time": 62.72727272727273, "mean_idle_time": 107.82899085291183, "mean_delivery_time": 3494.0626178756356, "mean_schedule_distance": 16884.79504420694, "mean_schedule_energy": 1.4199591229702972, "mean_number_swaps": 1.0454545454545454, "drone_utilization": 0.7272727272727273, "execution_time": 87.18074560165405}