{"completion_time": 11113.915677697525, "mean_schedule_time": 5533.4341185197845, "mean_flight_time": 5326.434118519784, "mean_swap_time": 207.0, "mean_idle_time": 9.094947017729282e-13, "mean_delivery_time": 4702.152902441356, "mean_schedule_distance": 37285.03882963849, "mean_schedule_energy": 3.1452993317244546, "mean_number_swaps": 3.45, "drone_utilization": 1.0, "execution_time": 47.62777590751648}