{"completion_time": 2940.6107833690403, "mean_delivery_time": 1633.147621170375, "total_distance": 150729.87714335532, "consumed_energy": 11.95470554061913, "execution_time": 391.8358302116394}