{"completion_time": 4665.180726101917, "mean_schedule_time": 1366.4620092179143, "mean_flight_time": 1016.3544050183567, "mean_swap_time": 26.666666666666668, "mean_idle_time": 323.440937532891, "mean_delivery_time": 3397.726363835871, "mean_schedule_distance": 7114.4808351284955, "mean_schedule_energy": 0.6539175718746346, "mean_number_swaps": 0.4444444444444444, "drone_utilization": 0.4444444444444444, "execution_time": 47.03434181213379}