{"completion_time": 22653.549160054896, "mean_schedule_time": 22504.33266062553, "mean_flight_time": 21634.332660625525, "mean_swap_time": 870.0, "mean_idle_time": 3.637978807091713e-12, "mean_delivery_time": 12417.687660408057, "mean_schedule_distance": 151440.32862437872, "mean_schedule_energy": 10.835061627028162, "mean_number_swaps": 14.5, "drone_utilization": 1.0, "execution_time": 1.1573982238769531}