{"completion_time": 3007.4287089011755, "mean_delivery_time": 1683.2247827810747, "total_distance": 367701.72061919584, "consumed_energy": 32.90583360473845, "execution_time": 449.5411195755005}