{"completion_time": 3942.2088392035466, "mean_schedule_time": 1308.554167190562, "mean_flight_time": 1215.9085175261891, "mean_swap_time": 27.272727272727273, "mean_idle_time": 65.37292239164572, "mean_delivery_time": 2606.798511228249, "mean_schedule_distance": 8511.359622683323, "mean_schedule_energy": 0.6739111971539016, "mean_number_swaps": 0.45454545454545453, "drone_utilization": 0.5, "total_number_parcel_handover": 1, "mean_number_parcel_handover": 0.1, "execution_time": 21.332810878753662}