{"completion_time": 2001.1044196017733, "mean_delivery_time": 1330.3992556141245, "total_distance": 187249.9116990331, "consumed_energy": 14.826046337385835, "execution_time": 16.940922737121582}