{"completion_time": 6548.815538559354, "mean_schedule_time": 3410.1073487304698, "mean_flight_time": 3290.1073487304698, "mean_swap_time": 120.0, "mean_idle_time": 0.0, "mean_delivery_time": 4652.41101711105, "mean_schedule_distance": 23030.751441113287, "mean_schedule_energy": 1.9390883451570142, "mean_number_swaps": 2.0, "drone_utilization": 0.7333333333333333, "execution_time": 282.9277458190918}