{"completion_time": 6215.053119223215, "mean_schedule_time": 1343.2275846183204, "mean_flight_time": 1042.6268563032013, "mean_swap_time": 27.5, "mean_idle_time": 273.1007283151191, "mean_delivery_time": 4130.3823407952195, "mean_schedule_distance": 7298.38799412241, "mean_schedule_energy": 0.5588328869020049, "mean_number_swaps": 0.4583333333333333, "drone_utilization": 0.3333333333333333, "total_number_parcel_handover": 4, "mean_number_parcel_handover": 0.8, "execution_time": 21.005961418151855}