{"completion_time": 25178.99734877691, "mean_schedule_time": 24923.79877216242, "mean_flight_time": 23867.798772162434, "mean_swap_time": 1056.0, "mean_idle_time": -1.4551915228366852e-11, "mean_delivery_time": 11648.021280799938, "mean_schedule_distance": 167074.59140513686, "mean_schedule_energy": 13.322301627959286, "mean_number_swaps": 17.6, "drone_utilization": 1.0, "execution_time": 222.40720963478088}