{"completion_time": 5437.343644838012, "mean_schedule_time": 1355.2620117834842, "mean_flight_time": 1313.2620117834836, "mean_swap_time": 42.0, "mean_idle_time": 6.821210263296962e-13, "mean_delivery_time": 2710.5240235669685, "mean_schedule_distance": 9192.834082484387, "mean_schedule_energy": 0.7958022106721939, "mean_number_swaps": 0.7, "drone_utilization": 0.5, "total_number_parcel_handover": 0, "mean_number_parcel_handover": 0.0, "execution_time": 30.340869426727295}