{"completion_time": 7472.99073657024, "mean_schedule_time": 3356.6598645282415, "mean_flight_time": 2283.9355428120507, "mean_swap_time": 72.0, "mean_idle_time": 1000.7243217161908, "mean_delivery_time": 4407.269992917888, "mean_schedule_distance": 15987.548799684355, "mean_schedule_energy": 1.2767369997418947, "mean_number_swaps": 1.2, "drone_utilization": 0.7, "execution_time": 63.24453115463257}