{"completion_time": 3766.49536828512, "mean_delivery_time": 2251.634996458944, "total_distance": 164350.56542679062, "consumed_energy": 13.03587464321577, "execution_time": 48.135645389556885}