{"completion_time": 3016.477029221378, "mean_delivery_time": 1715.4326537306808, "total_distance": 361576.9144356725, "consumed_energy": 30.88982945403964, "execution_time": 28.40816044807434}