{"completion_time": 4725.180726101917, "mean_schedule_time": 3502.426641488304, "mean_flight_time": 2826.914968988032, "mean_swap_time": 82.5, "mean_idle_time": 593.0116725002722, "mean_delivery_time": 3881.2366486866094, "mean_schedule_distance": 19788.404782916223, "mean_schedule_energy": 1.5144043547240449, "mean_number_swaps": 1.375, "drone_utilization": 1.0, "execution_time": 21.477595329284668}