{"completion_time": 2186.777439779642, "mean_delivery_time": 1608.2562448601252, "total_distance": 435293.9335764353, "consumed_energy": 35.485865023085665, "execution_time": 1029.0748620033264}