{"completion_time": 10165.950772800896, "mean_schedule_time": 3971.380975729148, "mean_flight_time": 3828.880975729148, "mean_swap_time": 142.5, "mean_idle_time": 0.0, "mean_delivery_time": 4358.167623726052, "mean_schedule_distance": 26802.166830104037, "mean_schedule_energy": 2.2078167169348273, "mean_number_swaps": 2.375, "drone_utilization": 0.8125, "total_number_parcel_handover": 0, "mean_number_parcel_handover": 0.0, "execution_time": 13.130062341690063}