{"completion_time": 5165.407712580159, "mean_schedule_time": 2713.501113988007, "mean_flight_time": 2557.0421292826854, "mean_swap_time": 83.57142857142857, "mean_idle_time": 72.88755613389321, "mean_delivery_time": 3732.2566983343772, "mean_schedule_distance": 17899.294904978797, "mean_schedule_energy": 1.4822122633609385, "mean_number_swaps": 1.3928571428571428, "drone_utilization": 0.6785714285714286, "total_number_parcel_handover": 4, "mean_number_parcel_handover": 0.2, "execution_time": 641.7105855941772}