{"completion_time": 33164.74034487152, "mean_schedule_time": 32486.78367876836, "mean_flight_time": 31076.783678768345, "mean_swap_time": 1410.0, "mean_idle_time": 1.4551915228366852e-11, "mean_delivery_time": 14697.339365852746, "mean_schedule_distance": 217537.48575137844, "mean_schedule_energy": 17.817772200842118, "mean_number_swaps": 23.5, "drone_utilization": 1.0, "execution_time": 2.5228121280670166}