{"completion_time": 4480.139159077604, "mean_delivery_time": 2746.125746012851, "total_distance": 371593.18837152934, "consumed_energy": 31.398982445001906, "execution_time": 153.98060822486877}