{"completion_time": 4487.15606869213, "mean_delivery_time": 1979.1665670770153, "total_distance": 486491.6310527911, "consumed_energy": 39.49517556002409, "execution_time": 36.44667935371399}