{"completion_time": 25187.849892887647, "mean_schedule_time": 24763.467165518152, "mean_flight_time": 23674.329684496923, "mean_swap_time": 1044.0, "mean_idle_time": 45.13748102122918, "mean_delivery_time": 12094.98751463428, "mean_schedule_distance": 165720.30779147882, "mean_schedule_energy": 13.662075057788252, "mean_number_swaps": 17.4, "drone_utilization": 1.0, "execution_time": 1653.3207230567932}