{"completion_time": 25272.53862756528, "mean_schedule_time": 21632.489989785237, "mean_flight_time": 20720.48998978526, "mean_swap_time": 912.0, "mean_idle_time": -2.1827872842550278e-11, "mean_delivery_time": 10761.385980052639, "mean_schedule_distance": 145043.4299284966, "mean_schedule_energy": 11.97190786212698, "mean_number_swaps": 15.2, "drone_utilization": 1.0, "execution_time": 9.508157730102539}