{"completion_time": 4968.416452350199, "mean_delivery_time": 2159.8452322165863, "total_distance": 139429.16625516105, "consumed_energy": 12.35880066870172, "execution_time": 1.6652612686157227}