{"completion_time": 9516.832904700397, "mean_schedule_time": 1729.8710268471552, "mean_flight_time": 1659.8710268471552, "mean_swap_time": 70.0, "mean_idle_time": 0.0, "mean_delivery_time": 4151.690464433173, "mean_schedule_distance": 11619.097187930087, "mean_schedule_energy": 1.0299000557251434, "mean_number_swaps": 1.1666666666666667, "drone_utilization": 0.4166666666666667, "execution_time": 2.0335445404052734}