{"completion_time": 11223.958140965224, "mean_schedule_time": 8981.316469104746, "mean_flight_time": 7272.418520139367, "mean_swap_time": 285.0, "mean_idle_time": 1423.8979489653793, "mean_delivery_time": 6623.478172275945, "mean_schedule_distance": 50906.929640975584, "mean_schedule_energy": 4.150663021766944, "mean_number_swaps": 4.75, "drone_utilization": 1.0, "total_number_parcel_handover": 16, "mean_number_parcel_handover": 0.64, "execution_time": 778.3331515789032}