{"completion_time": 7277.571373710831, "mean_schedule_time": 5983.403164547845, "mean_flight_time": 5748.99899164823, "mean_swap_time": 227.14285714285714, "mean_idle_time": 7.261315756758449, "mean_delivery_time": 4400.040292766457, "mean_schedule_distance": 40242.99294153762, "mean_schedule_energy": 3.40365382693735, "mean_number_swaps": 3.7857142857142856, "drone_utilization": 1.0, "total_number_parcel_handover": 5, "mean_number_parcel_handover": 0.2, "execution_time": 527.7384259700775}