{"completion_time": 6707.525517323361, "mean_schedule_time": 3881.7129786349637, "mean_flight_time": 3391.0734923887867, "mean_swap_time": 117.5, "mean_idle_time": 373.13948624617706, "mean_delivery_time": 4469.333461135551, "mean_schedule_distance": 23737.5144467215, "mean_schedule_energy": 2.0142960710902407, "mean_number_swaps": 1.9583333333333333, "drone_utilization": 0.8333333333333334, "total_number_parcel_handover": 9, "mean_number_parcel_handover": 0.45, "execution_time": 968.3719773292542}