{"completion_time": 7236.452972410206, "mean_schedule_time": 2488.1928856898935, "mean_flight_time": 2402.478599975608, "mean_swap_time": 85.71428571428571, "mean_idle_time": -4.547473508864641e-13, "mean_delivery_time": 3564.632977963942, "mean_schedule_distance": 16817.350199829256, "mean_schedule_energy": 1.470642204811321, "mean_number_swaps": 1.4285714285714286, "drone_utilization": 0.6428571428571429, "total_number_parcel_handover": 0, "mean_number_parcel_handover": 0.0, "execution_time": 6.5598955154418945}