{"completion_time": 8896.865055897408, "mean_schedule_time": 8467.258384824916, "mean_flight_time": 7976.8830329623615, "mean_swap_time": 330.0, "mean_idle_time": 160.37535186255445, "mean_delivery_time": 6311.37249272829, "mean_schedule_distance": 55838.18123073654, "mean_schedule_energy": 4.882567163097826, "mean_number_swaps": 5.5, "drone_utilization": 1.0, "execution_time": 406.28233432769775}