{"completion_time": 4357.6457307103665, "mean_schedule_time": 1662.9977779945507, "mean_flight_time": 1458.8176114711819, "mean_swap_time": 42.0, "mean_idle_time": 162.18016652336883, "mean_delivery_time": 2927.087759201059, "mean_schedule_distance": 10211.723280298265, "mean_schedule_energy": 0.861098540064632, "mean_number_swaps": 0.7, "drone_utilization": 0.5666666666666667, "execution_time": 140.3857741355896}