{"completion_time": 4713.6606316297175, "mean_delivery_time": 2969.0041019716014, "total_distance": 679601.7775545937, "consumed_energy": 57.000389719472295, "execution_time": 1338.2011036872864}