{"completion_time": 14812.693747099482, "mean_schedule_time": 13621.421127966914, "mean_flight_time": 13057.421127966914, "mean_swap_time": 564.0, "mean_idle_time": 0.0, "mean_delivery_time": 7972.698514915631, "mean_schedule_distance": 91401.94789576832, "mean_schedule_energy": 7.522235522037742, "mean_number_swaps": 9.4, "drone_utilization": 1.0, "execution_time": 1266.8361992835999}