{"completion_time": 4486.566732042604, "mean_schedule_time": 2433.851090847674, "mean_flight_time": 2175.145449398828, "mean_swap_time": 68.57142857142857, "mean_idle_time": 190.13421287741767, "mean_delivery_time": 2970.211754017247, "mean_schedule_distance": 15226.018145791804, "mean_schedule_energy": 1.381387375999054, "mean_number_swaps": 1.1428571428571428, "drone_utilization": 0.8214285714285714, "total_number_parcel_handover": 7, "mean_number_parcel_handover": 0.35, "execution_time": 235.39023351669312}