{"completion_time": 6333.100495108763, "mean_schedule_time": 2546.7935436265793, "mean_flight_time": 2475.5435436265793, "mean_swap_time": 71.25, "mean_idle_time": 0.0, "mean_delivery_time": 2851.932190406462, "mean_schedule_distance": 17328.80480538605, "mean_schedule_energy": 1.4014868583768183, "mean_number_swaps": 1.1875, "drone_utilization": 0.8125, "execution_time": 17.439303398132324}