{"completion_time": 6674.031119796651, "mean_delivery_time": 3263.118337589069, "total_distance": 1256380.3942664, "consumed_energy": 105.14991042473376, "execution_time": 45.3248610496521}