{"completion_time": 3067.1916678938765, "mean_delivery_time": 2057.074746292486, "total_distance": 340530.54545997607, "consumed_energy": 29.721495514044808, "execution_time": 93.01813840866089}