{"completion_time": 5460.883084610019, "mean_delivery_time": 3160.2093723066464, "total_distance": 655417.4016572087, "consumed_energy": 53.72116356410361, "execution_time": 1962.4366374015808}