{"completion_time": 10681.766169220038, "mean_schedule_time": 9921.30774171447, "mean_flight_time": 9336.615075414922, "mean_swap_time": 408.0, "mean_idle_time": 176.69266629954836, "mean_delivery_time": 6100.787435315487, "mean_schedule_distance": 65356.305527904464, "mean_schedule_energy": 5.360990278141376, "mean_number_swaps": 6.8, "drone_utilization": 1.0, "execution_time": 3789.298257112503}