{"completion_time": 5202.384218813515, "mean_schedule_time": 2914.0420753695694, "mean_flight_time": 2662.0176563123005, "mean_swap_time": 86.4, "mean_idle_time": 165.62441905726882, "mean_delivery_time": 3524.2865631608533, "mean_schedule_distance": 18634.123594186098, "mean_schedule_energy": 1.5312795605391105, "mean_number_swaps": 1.44, "drone_utilization": 0.84, "execution_time": 1152.124671459198}