{"completion_time": 6404.587828831564, "mean_schedule_time": 4727.46536765093, "mean_flight_time": 4083.5098198770415, "mean_swap_time": 144.0, "mean_idle_time": 499.9555477738886, "mean_delivery_time": 4169.420346276585, "mean_schedule_distance": 28584.568739139293, "mean_schedule_energy": 2.419278285277802, "mean_number_swaps": 2.4, "drone_utilization": 1.0, "execution_time": 37.189284324645996}