{"completion_time": 557.2257429815876, "execution_time": 0.00039124488830566406}