{"completion_time": 10721.377290917142, "mean_schedule_time": 10195.020123150665, "mean_flight_time": 9492.374217184257, "mean_swap_time": 438.0, "mean_idle_time": 264.64590596640846, "mean_delivery_time": 6309.704067210491, "mean_schedule_distance": 66446.61952028984, "mean_schedule_energy": 5.657990378294698, "mean_number_swaps": 7.3, "drone_utilization": 1.0, "execution_time": 1344.3782284259796}