{"completion_time": 13845.255042633196, "mean_schedule_time": 13633.895916971533, "mean_flight_time": 12848.018190992485, "mean_swap_time": 615.0, "mean_idle_time": 170.87772597904768, "mean_delivery_time": 7379.14892912517, "mean_schedule_distance": 89936.12733694747, "mean_schedule_energy": 7.748863093432977, "mean_number_swaps": 10.25, "drone_utilization": 1.0, "total_number_parcel_handover": 3, "mean_number_parcel_handover": 0.2, "execution_time": 318.34689450263977}