{"completion_time": 9049.01859498331, "mean_delivery_time": 4452.230432701433, "total_distance": 577388.145521823, "consumed_energy": 47.451723279192244, "execution_time": 268.4041612148285}