{"completion_time": 17438.03718996662, "mean_schedule_time": 17204.804157766375, "mean_flight_time": 16496.804157766375, "mean_swap_time": 708.0, "mean_idle_time": 0.0, "mean_delivery_time": 8593.551774493775, "mean_schedule_distance": 115477.62910436459, "mean_schedule_energy": 9.490344655838449, "mean_number_swaps": 11.8, "drone_utilization": 1.0, "execution_time": 456.28581142425537}