{"completion_time": 12840.772277247805, "mean_schedule_time": 6923.103608689036, "mean_flight_time": 6643.103608689039, "mean_swap_time": 280.0, "mean_idle_time": -2.7284841053187847e-12, "mean_delivery_time": 5215.938692895032, "mean_schedule_distance": 46501.72526082322, "mean_schedule_energy": 4.040160219381537, "mean_number_swaps": 4.666666666666667, "drone_utilization": 1.0, "execution_time": 27.162688970565796}