{"completion_time": 8453.254473125313, "mean_schedule_time": 4983.709542694844, "mean_flight_time": 4784.959542694842, "mean_swap_time": 198.75, "mean_idle_time": 1.8189894035458565e-12, "mean_delivery_time": 3896.8586252103823, "mean_schedule_distance": 33494.716798863905, "mean_schedule_energy": 2.9992580433241205, "mean_number_swaps": 3.3125, "drone_utilization": 1.0, "total_number_parcel_handover": 0, "mean_number_parcel_handover": 0.0, "execution_time": 36.57012915611267}