{"completion_time": 3691.56130960206, "mean_schedule_time": 686.4666222239538, "mean_flight_time": 664.6484404057718, "mean_swap_time": 21.818181818181817, "mean_idle_time": 1.1368683772161603e-13, "mean_delivery_time": 3020.4531377853964, "mean_schedule_distance": 4652.539082840402, "mean_schedule_energy": 0.43098016449426946, "mean_number_swaps": 0.36363636363636365, "drone_utilization": 0.22727272727272727, "execution_time": 3.2376394271850586}