{"completion_time": 8645.527887102211, "mean_schedule_time": 7403.771716434831, "mean_flight_time": 7052.654528393015, "mean_swap_time": 270.0, "mean_idle_time": 81.11718804181601, "mean_delivery_time": 5569.434925183237, "mean_schedule_distance": 49368.58169875111, "mean_schedule_energy": 3.83543624533522, "mean_number_swaps": 4.5, "drone_utilization": 1.0, "execution_time": 131.2180314064026}