{"completion_time": 3763.783955198057, "mean_delivery_time": 1996.1806970962489, "total_distance": 353721.37704029307, "consumed_energy": 30.874711482366852, "execution_time": 296.405015707016}