{"completion_time": 9048.262764986728, "mean_schedule_time": 5915.732625346003, "mean_flight_time": 5069.253008343005, "mean_swap_time": 177.6, "mean_idle_time": 668.8796170029982, "mean_delivery_time": 5402.545382838193, "mean_schedule_distance": 35484.77105840105, "mean_schedule_energy": 2.916437359798065, "mean_number_swaps": 2.96, "drone_utilization": 1.0, "execution_time": 14555.077343940735}