{"completion_time": 11564.570512934912, "mean_schedule_time": 5154.771582875817, "mean_flight_time": 4965.771582875813, "mean_swap_time": 189.0, "mean_idle_time": 4.547473508864641e-12, "mean_delivery_time": 4559.121441154989, "mean_schedule_distance": 34760.40108013073, "mean_schedule_energy": 3.035388673717006, "mean_number_swaps": 3.15, "drone_utilization": 1.0, "execution_time": 37.71305537223816}