{"completion_time": 7222.68856633494, "mean_schedule_time": 6152.179810928839, "mean_flight_time": 5616.951582407401, "mean_swap_time": 213.75, "mean_idle_time": 321.4782285214387, "mean_delivery_time": 5489.0040001845355, "mean_schedule_distance": 39318.66107685182, "mean_schedule_energy": 3.189572701926608, "mean_number_swaps": 3.5625, "drone_utilization": 1.0, "total_number_parcel_handover": 5, "mean_number_parcel_handover": 0.25, "execution_time": 1741.555852651596}