{"completion_time": 14605.617001195506, "mean_schedule_time": 13527.384988798434, "mean_flight_time": 11367.666252057837, "mean_swap_time": 474.0, "mean_idle_time": 1685.7187367405968, "mean_delivery_time": 8618.90011155118, "mean_schedule_distance": 79573.66376440488, "mean_schedule_energy": 6.497997727835258, "mean_number_swaps": 7.9, "drone_utilization": 1.0, "execution_time": 4789.997261047363}