{"completion_time": 7628.359403958735, "mean_schedule_time": 6038.258452662746, "mean_flight_time": 5781.762530224314, "mean_swap_time": 219.0, "mean_idle_time": 37.49592243843199, "mean_delivery_time": 4955.160778481171, "mean_schedule_distance": 40472.33771157025, "mean_schedule_energy": 3.4381420905221547, "mean_number_swaps": 3.65, "drone_utilization": 1.0, "execution_time": 1516.7753603458405}