{"completion_time": 7851.685055999958, "mean_schedule_time": 3316.417140702188, "mean_flight_time": 3209.27428355933, "mean_swap_time": 107.14285714285714, "mean_idle_time": 9.094947017729282e-13, "mean_delivery_time": 4900.630936869903, "mean_schedule_distance": 22464.919984915312, "mean_schedule_energy": 1.7065172924814738, "mean_number_swaps": 1.7857142857142858, "drone_utilization": 0.6428571428571429, "execution_time": 6.879371881484985}