{"completion_time": 2112.052285732069, "mean_delivery_time": 1636.7163402908964, "total_distance": 240380.00418547998, "consumed_energy": 19.80207286513244, "execution_time": 62.772216796875}