{"completion_time": 5589.068627197363, "mean_schedule_time": 3471.128438968391, "mean_flight_time": 3281.6620837276996, "mean_swap_time": 114.0, "mean_idle_time": 75.46635524069143, "mean_delivery_time": 3425.6749600091225, "mean_schedule_distance": 22971.634586093896, "mean_schedule_energy": 1.955144043857628, "mean_number_swaps": 1.9, "drone_utilization": 0.95, "execution_time": 142.27630066871643}