{"completion_time": 4847.791338929941, "mean_schedule_time": 1376.553244800968, "mean_flight_time": 1105.43073153691, "mean_swap_time": 32.0, "mean_idle_time": 239.12251326405817, "mean_delivery_time": 3378.932037385134, "mean_schedule_distance": 7738.015120758372, "mean_schedule_energy": 0.7150080751981506, "mean_number_swaps": 0.5333333333333333, "drone_utilization": 0.43333333333333335, "total_number_parcel_handover": 4, "mean_number_parcel_handover": 0.4, "execution_time": 67.51250863075256}