{"completion_time": 7501.089906633217, "mean_schedule_time": 3291.1834603919374, "mean_flight_time": 2347.0335498339973, "mean_swap_time": 76.0, "mean_idle_time": 868.1499105579401, "mean_delivery_time": 4553.768642192538, "mean_schedule_distance": 16429.234848837972, "mean_schedule_energy": 1.3788737836549165, "mean_number_swaps": 1.2666666666666666, "drone_utilization": 0.7, "execution_time": 9771.24991106987}