{"completion_time": 4819.984557492024, "mean_delivery_time": 2711.4171156766906, "total_distance": 437196.8557377203, "consumed_energy": 37.63203934891431, "execution_time": 120.6543595790863}