{"completion_time": 5539.106397311531, "mean_delivery_time": 3134.100845896307, "total_distance": 340046.6112092423, "consumed_energy": 29.497213998619443, "execution_time": 225.43139028549194}