{"completion_time": 5715.411135411561, "mean_schedule_time": 4065.08753221427, "mean_flight_time": 3416.725369629347, "mean_swap_time": 120.0, "mean_idle_time": 528.3621625849232, "mean_delivery_time": 3923.0689905843856, "mean_schedule_distance": 23917.07758740543, "mean_schedule_energy": 2.0380728085545137, "mean_number_swaps": 2.0, "drone_utilization": 1.0, "execution_time": 857.3962438106537}