{"completion_time": 2485.0504616285984, "mean_delivery_time": 1761.4231665891507, "total_distance": 357255.6251900628, "consumed_energy": 30.58322853929534, "execution_time": 1409.5261800289154}