{"completion_time": 11466.626757122258, "mean_schedule_time": 10901.470743046568, "mean_flight_time": 10289.004587084566, "mean_swap_time": 480.0, "mean_idle_time": 132.46615596200172, "mean_delivery_time": 6669.1564668838255, "mean_schedule_distance": 72023.03210959198, "mean_schedule_energy": 5.937010710884447, "mean_number_swaps": 8.0, "drone_utilization": 1.0, "execution_time": 15.430243730545044}