{"completion_time": 988.2692869298478, "execution_time": 0.002284526824951172}