{"completion_time": 10672.651706095747, "mean_schedule_time": 10122.50951717051, "mean_flight_time": 9654.862783045959, "mean_swap_time": 442.5, "mean_idle_time": 25.146734124551585, "mean_delivery_time": 6097.705883559753, "mean_schedule_distance": 67584.03948132171, "mean_schedule_energy": 5.886970477392939, "mean_number_swaps": 7.375, "drone_utilization": 1.0, "total_number_parcel_handover": 4, "mean_number_parcel_handover": 0.16, "execution_time": 603.0222451686859}