{"completion_time": 6696.6318574296765, "mean_schedule_time": 5938.481082191113, "mean_flight_time": 5691.338268966034, "mean_swap_time": 212.0, "mean_idle_time": 35.14281322507941, "mean_delivery_time": 4552.111435423742, "mean_schedule_distance": 39839.367882762235, "mean_schedule_energy": 3.2753774108892073, "mean_number_swaps": 3.533333333333333, "drone_utilization": 1.0, "execution_time": 877.0608253479004}