{"completion_time": 16775.491318711684, "mean_schedule_time": 13529.65400360413, "mean_flight_time": 12977.65400360413, "mean_swap_time": 552.0, "mean_idle_time": 0.0, "mean_delivery_time": 7402.350904211069, "mean_schedule_distance": 90843.5780252289, "mean_schedule_energy": 7.143746054496146, "mean_number_swaps": 9.2, "drone_utilization": 1.0, "execution_time": 7.8534955978393555}