{"completion_time": 7677.048977257588, "mean_schedule_time": 3435.791443158633, "mean_flight_time": 3307.2200145872043, "mean_swap_time": 128.57142857142858, "mean_idle_time": 0.0, "mean_delivery_time": 3362.0786946556636, "mean_schedule_distance": 23150.540102110437, "mean_schedule_energy": 2.129311561818663, "mean_number_swaps": 2.142857142857143, "drone_utilization": 0.9285714285714286, "total_number_parcel_handover": 0, "mean_number_parcel_handover": 0.0, "execution_time": 14.86343264579773}