{"completion_time": 9032.801467835396, "mean_schedule_time": 8432.732302599545, "mean_flight_time": 7656.998403523124, "mean_swap_time": 300.0, "mean_idle_time": 475.73389907642104, "mean_delivery_time": 6161.072613943178, "mean_schedule_distance": 53598.9888246619, "mean_schedule_energy": 4.325365649203761, "mean_number_swaps": 5.0, "drone_utilization": 1.0, "total_number_parcel_handover": 6, "mean_number_parcel_handover": 0.3, "execution_time": 592.9909949302673}