{"completion_time": 3135.920655965822, "mean_delivery_time": 1744.4793258192474, "total_distance": 538622.0179074964, "consumed_energy": 46.7108379379564, "execution_time": 654.1530895233154}