{"completion_time": 12738.662286497081, "mean_schedule_time": 12277.321968800432, "mean_flight_time": 11761.321968800428, "mean_swap_time": 516.0, "mean_idle_time": 3.637978807091713e-12, "mean_delivery_time": 7132.94392692214, "mean_schedule_distance": 82329.25378160302, "mean_schedule_energy": 6.96252526780889, "mean_number_swaps": 8.6, "drone_utilization": 1.0, "execution_time": 74.40570020675659}