{"completion_time": 6860.395117532032, "mean_schedule_time": 3076.83496246543, "mean_flight_time": 2548.976130316959, "mean_swap_time": 78.0, "mean_idle_time": 449.85883214847127, "mean_delivery_time": 4079.098662222608, "mean_schedule_distance": 17842.832912218713, "mean_schedule_energy": 1.5411308444227305, "mean_number_swaps": 1.3, "drone_utilization": 0.75, "execution_time": 76.08112359046936}