{"completion_time": 5596.464405253123, "mean_delivery_time": 3365.986529409328, "total_distance": 259080.14391558096, "consumed_energy": 22.108354691974466, "execution_time": 112.4152569770813}