{"completion_time": 7676.608644184089, "mean_schedule_time": 5092.022202510161, "mean_flight_time": 4282.952486905833, "mean_swap_time": 157.5, "mean_idle_time": 651.5697156043279, "mean_delivery_time": 4824.858490362687, "mean_schedule_distance": 29980.667408340818, "mean_schedule_energy": 2.5758502329440964, "mean_number_swaps": 2.625, "drone_utilization": 0.9583333333333334, "total_number_parcel_handover": 12, "mean_number_parcel_handover": 0.48, "execution_time": 1317.0865333080292}