{"completion_time": 3135.920655965822, "mean_delivery_time": 1652.2254126096916, "total_distance": 449210.34648276033, "consumed_energy": 39.85360284954579, "execution_time": 2350.7167739868164}