{"completion_time": 5790.10458829226, "mean_schedule_time": 1227.026179132415, "mean_flight_time": 1191.026179132415, "mean_swap_time": 36.0, "mean_idle_time": 0.0, "mean_delivery_time": 3211.0881156027176, "mean_schedule_distance": 8337.183253926905, "mean_schedule_energy": 0.6720835779858694, "mean_number_swaps": 0.6, "drone_utilization": 0.3333333333333333, "execution_time": 3.423649787902832}