{"completion_time": 4373.554879559284, "mean_schedule_time": 3176.6669303640947, "mean_flight_time": 2760.913457362518, "mean_swap_time": 73.84615384615384, "mean_idle_time": 341.907319155423, "mean_delivery_time": 3388.992002493552, "mean_schedule_distance": 19326.39420153763, "mean_schedule_energy": 1.5830027122963009, "mean_number_swaps": 1.2307692307692308, "drone_utilization": 1.0, "execution_time": 5028.753837585449}