{"completion_time": 2186.777439779642, "mean_delivery_time": 1652.3425711942841, "total_distance": 459785.90689172415, "consumed_energy": 38.047480473457505, "execution_time": 2966.1633846759796}