{"completion_time": 3892.7949729525462, "mean_schedule_time": 1617.9176167548953, "mean_flight_time": 1361.2072461715748, "mean_swap_time": 38.57142857142857, "mean_idle_time": 218.1389420118919, "mean_delivery_time": 2981.4187649766086, "mean_schedule_distance": 9528.450723201024, "mean_schedule_energy": 0.7970826839630248, "mean_number_swaps": 0.6428571428571429, "drone_utilization": 0.5714285714285714, "total_number_parcel_handover": 5, "mean_number_parcel_handover": 1.0, "execution_time": 52.579965591430664}