{"completion_time": 6992.374465708873, "mean_schedule_time": 6105.430617863028, "mean_flight_time": 5845.22321393069, "mean_swap_time": 240.0, "mean_idle_time": 20.20740393233791, "mean_delivery_time": 4203.759696855883, "mean_schedule_distance": 40916.56249751484, "mean_schedule_energy": 3.447048162300136, "mean_number_swaps": 4.0, "drone_utilization": 1.0, "execution_time": 407.8614773750305}