{"completion_time": 6804.987085495268, "mean_schedule_time": 1539.7515387187493, "mean_flight_time": 1482.2515387187495, "mean_swap_time": 57.5, "mean_idle_time": -2.2737367544323206e-13, "mean_delivery_time": 3695.4036929249983, "mean_schedule_distance": 10375.760771031246, "mean_schedule_energy": 0.9949099779880987, "mean_number_swaps": 0.9583333333333334, "drone_utilization": 0.4166666666666667, "execution_time": 10.733963251113892}