{"completion_time": 6994.573248431669, "mean_schedule_time": 6473.011090217269, "mean_flight_time": 5646.428380124168, "mean_swap_time": 192.0, "mean_idle_time": 634.582710093101, "mean_delivery_time": 5739.091834100797, "mean_schedule_distance": 39524.99866086918, "mean_schedule_energy": 3.0373433765423714, "mean_number_swaps": 3.2, "drone_utilization": 1.0, "execution_time": 415.8071918487549}