{"completion_time": 5856.3749554473, "mean_schedule_time": 4737.729813044524, "mean_flight_time": 4072.6088297714346, "mean_swap_time": 150.0, "mean_idle_time": 515.1209832730901, "mean_delivery_time": 4389.61903320979, "mean_schedule_distance": 28508.26180840003, "mean_schedule_energy": 2.4822203404263337, "mean_number_swaps": 2.5, "drone_utilization": 1.0, "total_number_parcel_handover": 14, "mean_number_parcel_handover": 0.9333333333333333, "execution_time": 1145.9095923900604}