{"completion_time": 5155.756195026966, "execution_time": 0.09003353118896484}