{"completion_time": 2416.6989075955066, "execution_time": 12.102364301681519}