{"completion_time": 1586.5326429589609, "execution_time": 0.0016667842864990234}