{"completion_time": 675.5679799657756, "execution_time": 0.0007112026214599609}