{"completion_time": 4280.238340651495, "mean_schedule_time": 684.9240344419943, "mean_flight_time": 663.9240344419943, "mean_swap_time": 21.0, "mean_idle_time": 0.0, "mean_delivery_time": 3424.6201722099713, "mean_schedule_distance": 4647.4682410939595, "mean_schedule_energy": 0.37513343185053327, "mean_number_swaps": 0.35, "drone_utilization": 0.2, "execution_time": 1.7657268047332764}