{"completion_time": 12201.03464961052, "mean_schedule_time": 10009.305092501558, "mean_flight_time": 8780.07266836611, "mean_swap_time": 360.0, "mean_idle_time": 869.2324241354472, "mean_delivery_time": 6714.741381099719, "mean_schedule_distance": 61460.50867856274, "mean_schedule_energy": 4.992539425117135, "mean_number_swaps": 6.0, "drone_utilization": 1.0, "execution_time": 3714.283623933792}