{"completion_time": 1820.6385355985412, "mean_delivery_time": 1488.6172825265694, "total_distance": 137690.87095182433, "consumed_energy": 11.524718349050985, "execution_time": 46.695948362350464}