{"completion_time": 5771.17274457971, "mean_schedule_time": 1756.2884336284442, "mean_flight_time": 1704.8598621998724, "mean_swap_time": 51.42857142857143, "mean_idle_time": 4.547473508864641e-13, "mean_delivery_time": 3278.405076106429, "mean_schedule_distance": 11934.01903539911, "mean_schedule_energy": 1.016072280521796, "mean_number_swaps": 0.8571428571428571, "drone_utilization": 0.5357142857142857, "execution_time": 24.416596174240112}