{"completion_time": 3082.188525692867, "mean_schedule_time": 205.87617797393935, "mean_flight_time": 201.0761779739393, "mean_swap_time": 4.8, "mean_idle_time": 2.842170943040401e-14, "mean_delivery_time": 2573.4522246742417, "mean_schedule_distance": 1407.533245817575, "mean_schedule_energy": 0.12269084219771718, "mean_number_swaps": 0.08, "drone_utilization": 0.08, "execution_time": 0.6094136238098145}