{"completion_time": 8904.877390014235, "mean_schedule_time": 8360.14170777794, "mean_flight_time": 7848.966043706116, "mean_swap_time": 322.5, "mean_idle_time": 188.67566407182494, "mean_delivery_time": 6078.683251550974, "mean_schedule_distance": 54942.762305942786, "mean_schedule_energy": 4.477308987846318, "mean_number_swaps": 5.375, "drone_utilization": 1.0, "total_number_parcel_handover": 2, "mean_number_parcel_handover": 0.13333333333333333, "execution_time": 837.7721843719482}