{"completion_time": 2390.6611002679133, "mean_delivery_time": 1413.4704503362925, "total_distance": 291898.0919752328, "consumed_energy": 23.489998796751767, "execution_time": 59.356865644454956}