{"completion_time": 9519.969114984047, "mean_schedule_time": 6410.66585317602, "mean_flight_time": 6140.6658531760195, "mean_swap_time": 270.0, "mean_idle_time": 9.094947017729282e-13, "mean_delivery_time": 4612.333538278394, "mean_schedule_distance": 42984.66097223214, "mean_schedule_energy": 3.719102458799037, "mean_number_swaps": 4.5, "drone_utilization": 1.0, "execution_time": 14.77160358428955}