{"completion_time": 4726.566732042604, "mean_schedule_time": 375.15073985449817, "mean_flight_time": 362.29359699735534, "mean_swap_time": 12.857142857142858, "mean_idle_time": 0.0, "mean_delivery_time": 2100.8441431851898, "mean_schedule_distance": 2536.0551789814867, "mean_schedule_energy": 0.2729747836232074, "mean_number_swaps": 0.21428571428571427, "drone_utilization": 0.17857142857142858, "execution_time": 3.7200512886047363}