{"completion_time": 6997.967795139055, "mean_schedule_time": 5273.089858945141, "mean_flight_time": 4830.169508551953, "mean_swap_time": 192.0, "mean_idle_time": 250.92035039318762, "mean_delivery_time": 4420.17122518704, "mean_schedule_distance": 33811.186559863665, "mean_schedule_energy": 2.905554045990684, "mean_number_swaps": 3.2, "drone_utilization": 1.0, "execution_time": 417.41721510887146}