{"completion_time": 7022.116984301516, "mean_schedule_time": 1806.7385959372255, "mean_flight_time": 1746.738595937226, "mean_swap_time": 60.0, "mean_idle_time": -4.547473508864641e-13, "mean_delivery_time": 4516.846489843064, "mean_schedule_distance": 12227.17017156058, "mean_schedule_energy": 0.9819645358932763, "mean_number_swaps": 1.0, "drone_utilization": 0.4, "execution_time": 3.199896812438965}