{"completion_time": 9060.452929969459, "mean_schedule_time": 6338.737662775743, "mean_flight_time": 5676.2034496843235, "mean_swap_time": 224.0, "mean_idle_time": 438.5342130914196, "mean_delivery_time": 4478.5008826077465, "mean_schedule_distance": 39733.424147790225, "mean_schedule_energy": 3.336542217967087, "mean_number_swaps": 3.7333333333333334, "drone_utilization": 1.0, "execution_time": 655.7389521598816}