{"completion_time": 8200.95928686198, "mean_schedule_time": 5492.186900371878, "mean_flight_time": 4445.308760407311, "mean_swap_time": 165.0, "mean_idle_time": 881.8781399645677, "mean_delivery_time": 4948.188921325366, "mean_schedule_distance": 31117.161322851152, "mean_schedule_energy": 2.6243661604205433, "mean_number_swaps": 2.75, "drone_utilization": 1.0, "total_number_parcel_handover": 10, "mean_number_parcel_handover": 0.6666666666666666, "execution_time": 87.59353947639465}