{"completion_time": 7767.567910396114, "mean_schedule_time": 2083.9468683854766, "mean_flight_time": 2019.6611540997621, "mean_swap_time": 64.28571428571429, "mean_idle_time": 0.0, "mean_delivery_time": 2917.525615739667, "mean_schedule_distance": 14137.62807869834, "mean_schedule_energy": 1.2233066100538768, "mean_number_swaps": 1.0714285714285714, "drone_utilization": 0.7142857142857143, "execution_time": 5.27126669883728}