{"completion_time": 4063.783955198057, "mean_delivery_time": 1503.7628078698335, "total_distance": 197926.79310177677, "consumed_energy": 17.126292540754275, "execution_time": 7.362431526184082}