{"completion_time": 10843.15240616511, "mean_schedule_time": 10648.114816733088, "mean_flight_time": 9709.217778548244, "mean_swap_time": 390.0, "mean_idle_time": 548.8970381848449, "mean_delivery_time": 6419.83051093969, "mean_schedule_distance": 67964.5244498377, "mean_schedule_energy": 5.324399088350204, "mean_number_swaps": 6.5, "drone_utilization": 1.0, "execution_time": 102.98821067810059}