{"completion_time": 10772.928810506246, "mean_schedule_time": 10039.089353685607, "mean_flight_time": 9474.077357444643, "mean_swap_time": 405.0, "mean_idle_time": 160.01199624096444, "mean_delivery_time": 6503.973058818656, "mean_schedule_distance": 66318.5415021125, "mean_schedule_energy": 5.690284642142424, "mean_number_swaps": 6.75, "drone_utilization": 1.0, "total_number_parcel_handover": 4, "mean_number_parcel_handover": 0.4, "execution_time": 178.9791340827942}