{"completion_time": 7397.081883188967, "mean_schedule_time": 6587.244169807741, "mean_flight_time": 5740.261918501082, "mean_swap_time": 210.0, "mean_idle_time": 636.9822513066592, "mean_delivery_time": 5675.863004557643, "mean_schedule_distance": 40181.83342950757, "mean_schedule_energy": 3.2935009412272414, "mean_number_swaps": 3.5, "drone_utilization": 1.0, "execution_time": 198.96524119377136}