{"completion_time": 1243.016405124294, "execution_time": 0.014457941055297852}