{"completion_time": 18272.538149624997, "mean_schedule_time": 17061.94870584197, "mean_flight_time": 15723.434023284675, "mean_swap_time": 680.0, "mean_idle_time": 658.5146825572956, "mean_delivery_time": 10005.979406859422, "mean_schedule_distance": 110064.03816299267, "mean_schedule_energy": 8.74323918880913, "mean_number_swaps": 11.333333333333334, "drone_utilization": 1.0, "execution_time": 494.7111930847168}