{"completion_time": 9021.353457978646, "mean_schedule_time": 8450.045741805361, "mean_flight_time": 7969.956727993036, "mean_swap_time": 324.0, "mean_idle_time": 156.089013812325, "mean_delivery_time": 5762.57027326067, "mean_schedule_distance": 55789.69709595124, "mean_schedule_energy": 4.508998110563406, "mean_number_swaps": 5.4, "drone_utilization": 1.0, "execution_time": 664.3701047897339}