{"completion_time": 10394.112310124074, "mean_schedule_time": 3586.4702263790136, "mean_flight_time": 3456.4702263790136, "mean_swap_time": 130.0, "mean_idle_time": 0.0, "mean_delivery_time": 3676.2263770566165, "mean_schedule_distance": 24195.291584653096, "mean_schedule_energy": 2.219930586334739, "mean_number_swaps": 2.1666666666666665, "drone_utilization": 0.875, "total_number_parcel_handover": 0, "mean_number_parcel_handover": 0.0, "execution_time": 61.046693563461304}