{"completion_time": 5684.814883768512, "mean_schedule_time": 1437.78989360787, "mean_flight_time": 1224.0017226020739, "mean_swap_time": 36.0, "mean_idle_time": 177.78817100579613, "mean_delivery_time": 3566.6523193656662, "mean_schedule_distance": 8568.012058214514, "mean_schedule_energy": 0.7359203094144819, "mean_number_swaps": 0.6, "drone_utilization": 0.43333333333333335, "execution_time": 318.8913507461548}