{"completion_time": 2172.052285732069, "mean_delivery_time": 1598.8290380891353, "total_distance": 106038.03266623948, "consumed_energy": 9.531656183909185, "execution_time": 4.116508722305298}