{"completion_time": 4284.104571464138, "mean_schedule_time": 556.0103707461197, "mean_flight_time": 541.0103707461197, "mean_swap_time": 15.0, "mean_idle_time": 0.0, "mean_delivery_time": 3113.6580761782707, "mean_schedule_distance": 3787.0725952228386, "mean_schedule_energy": 0.3404162922824709, "mean_number_swaps": 0.25, "drone_utilization": 0.17857142857142858, "total_number_parcel_handover": 0, "mean_number_parcel_handover": 0.0, "execution_time": 4.144467353820801}