{"completion_time": 6130.282714826105, "mean_schedule_time": 1146.6063770980836, "mean_flight_time": 1110.6063770980834, "mean_swap_time": 36.0, "mean_idle_time": 2.2737367544323206e-13, "mean_delivery_time": 2866.515942745209, "mean_schedule_distance": 7774.2446396865835, "mean_schedule_energy": 0.6178261946436804, "mean_number_swaps": 0.6, "drone_utilization": 0.4, "execution_time": 11.164392232894897}