{"completion_time": 5814.133854157202, "mean_schedule_time": 2180.1021204638546, "mean_flight_time": 2112.9021204638543, "mean_swap_time": 67.2, "mean_idle_time": 4.547473508864641e-13, "mean_delivery_time": 3027.9196117553533, "mean_schedule_distance": 14790.314843246977, "mean_schedule_energy": 1.2603918793623277, "mean_number_swaps": 1.12, "drone_utilization": 0.72, "execution_time": 38.382033348083496}