{"completion_time": 2967.066927078601, "mean_delivery_time": 1560.6264725443434, "total_distance": 369757.8710811744, "consumed_energy": 31.50979698405819, "execution_time": 32.17942142486572}