{"completion_time": 9048.262764986728, "mean_schedule_time": 5761.5063904268245, "mean_flight_time": 4954.587534960109, "mean_swap_time": 193.33333333333334, "mean_idle_time": 613.5855221333823, "mean_delivery_time": 5333.917952176867, "mean_schedule_distance": 34682.112744720784, "mean_schedule_energy": 2.9678229835037993, "mean_number_swaps": 3.2222222222222223, "drone_utilization": 1.0, "total_number_parcel_handover": 11, "mean_number_parcel_handover": 0.55, "execution_time": 680.7148928642273}