{"completion_time": 4034.440923453489, "mean_delivery_time": 1854.2162667361754, "total_distance": 318724.84814308526, "consumed_energy": 30.10634340773512, "execution_time": 13.18221378326416}