{"completion_time": 9734.563903155225, "mean_schedule_time": 9305.253162575651, "mean_flight_time": 8712.108102595284, "mean_swap_time": 360.0, "mean_idle_time": 233.14505998036657, "mean_delivery_time": 6495.432470436996, "mean_schedule_distance": 60984.756718166966, "mean_schedule_energy": 5.1389652215520165, "mean_number_swaps": 6.0, "drone_utilization": 1.0, "total_number_parcel_handover": 11, "mean_number_parcel_handover": 0.55, "execution_time": 6763.610682725906}