{"completion_time": 5075.6759422551495, "mean_delivery_time": 3226.24977624365, "total_distance": 601342.3340710924, "consumed_energy": 50.51937226117479, "execution_time": 1924.6989176273346}