{"completion_time": 6540.081809203787, "mean_schedule_time": 683.4163027414064, "mean_flight_time": 659.4163027414064, "mean_swap_time": 24.0, "mean_idle_time": 0.0, "mean_delivery_time": 4271.35189213379, "mean_schedule_distance": 4615.914119189845, "mean_schedule_energy": 0.3937240931021088, "mean_number_swaps": 0.4, "drone_utilization": 0.16, "execution_time": 2.2352418899536133}