{"completion_time": 8988.262764986728, "mean_schedule_time": 5153.42602471332, "mean_flight_time": 4216.723777641518, "mean_swap_time": 167.5, "mean_idle_time": 769.202247071802, "mean_delivery_time": 5039.396514593725, "mean_schedule_distance": 29517.06644349064, "mean_schedule_energy": 2.50505622877056, "mean_number_swaps": 2.7916666666666665, "drone_utilization": 1.0, "total_number_parcel_handover": 14, "mean_number_parcel_handover": 0.56, "execution_time": 1573.810646057129}