{"completion_time": 2001.1044196017733, "mean_delivery_time": 1474.466985182284, "total_distance": 113084.38883556318, "consumed_energy": 8.370793520751759, "execution_time": 5.974707365036011}