{"completion_time": 3942.2088392035466, "mean_schedule_time": 782.9489280787598, "mean_flight_time": 734.3142132179427, "mean_swap_time": 13.636363636363637, "mean_idle_time": 34.99835122445347, "mean_delivery_time": 2900.933970364568, "mean_schedule_distance": 5140.199492525599, "mean_schedule_energy": 0.3804906145796254, "mean_number_swaps": 0.22727272727272727, "drone_utilization": 0.2727272727272727, "execution_time": 4.106003999710083}