{"completion_time": 2633.8474767672615, "mean_delivery_time": 1532.9399028076132, "total_distance": 202011.58639306578, "consumed_energy": 18.162552112685635, "execution_time": 14.088913202285767}