{"completion_time": 7822.228029330059, "mean_schedule_time": 6618.641934686561, "mean_flight_time": 5903.045309250553, "mean_swap_time": 234.0, "mean_idle_time": 481.59662543600825, "mean_delivery_time": 5594.449518516073, "mean_schedule_distance": 41321.31716475389, "mean_schedule_energy": 3.4198622923646504, "mean_number_swaps": 3.9, "drone_utilization": 1.0, "execution_time": 1779.351466178894}