{"completion_time": 22413.602664819795, "mean_schedule_time": 21900.67318814998, "mean_flight_time": 20635.19312567541, "mean_swap_time": 912.0, "mean_idle_time": 353.4800624745694, "mean_delivery_time": 11548.961343968673, "mean_schedule_distance": 144446.35187972785, "mean_schedule_energy": 11.591248346133217, "mean_number_swaps": 15.2, "drone_utilization": 1.0, "execution_time": 1747.8128509521484}