{"completion_time": 4825.322532247384, "mean_schedule_time": 4074.313830818731, "mean_flight_time": 3924.4409469629354, "mean_swap_time": 144.0, "mean_idle_time": 5.872883855795408, "mean_delivery_time": 3724.7621093787934, "mean_schedule_distance": 27471.086628740548, "mean_schedule_energy": 2.4030751597944033, "mean_number_swaps": 2.4, "drone_utilization": 1.0, "execution_time": 382.28731203079224}