{"completion_time": 5883.648433417783, "mean_schedule_time": 3996.3756034301405, "mean_flight_time": 3762.354820864109, "mean_swap_time": 150.0, "mean_idle_time": 84.02078256603136, "mean_delivery_time": 3982.242702477886, "mean_schedule_distance": 26336.48374604877, "mean_schedule_energy": 2.349412941441748, "mean_number_swaps": 2.5, "drone_utilization": 0.8571428571428571, "total_number_parcel_handover": 6, "mean_number_parcel_handover": 0.4, "execution_time": 2778.864828109741}