{"completion_time": 6075.4989225031895, "mean_schedule_time": 3910.7075612643166, "mean_flight_time": 3428.5863854310624, "mean_swap_time": 124.61538461538461, "mean_idle_time": 357.5057912178695, "mean_delivery_time": 4128.855741811209, "mean_schedule_distance": 24000.10469801743, "mean_schedule_energy": 2.096894657601563, "mean_number_swaps": 2.076923076923077, "drone_utilization": 0.9230769230769231, "execution_time": 2138.50879573822}