{"completion_time": 2050.1191703257473, "mean_delivery_time": 1588.5570896880856, "total_distance": 62051.3698998586, "consumed_energy": 4.5242122711073165, "execution_time": 18.629944801330566}