{"completion_time": 5705.928743419835, "mean_delivery_time": 2552.1034335921363, "total_distance": 249428.5412794446, "consumed_energy": 19.732584929855268, "execution_time": 2.725468873977661}