{"completion_time": 3398.622199072294, "mean_delivery_time": 2136.66857631921, "total_distance": 644469.8291846493, "consumed_energy": 52.50515483327414, "execution_time": 7622.456138849258}