{"completion_time": 6920.395117532032, "mean_schedule_time": 4316.942957234779, "mean_flight_time": 3600.2963915509768, "mean_swap_time": 120.0, "mean_idle_time": 596.6465656838022, "mean_delivery_time": 4784.2145815810245, "mean_schedule_distance": 25202.074740856842, "mean_schedule_energy": 2.066534377458976, "mean_number_swaps": 2.0, "drone_utilization": 0.9, "execution_time": 80.29296588897705}