{"completion_time": 3883.783955198057, "mean_delivery_time": 2332.4488568124298, "total_distance": 549197.4571237331, "consumed_energy": 47.9204513809943, "execution_time": 528.1020674705505}