{"completion_time": 7587.567910396114, "mean_schedule_time": 5793.870203486689, "mean_flight_time": 5230.451972606985, "mean_swap_time": 212.0, "mean_idle_time": 351.4182308797044, "mean_delivery_time": 4506.7158954430415, "mean_schedule_distance": 36613.16380824887, "mean_schedule_energy": 3.1946967587329533, "mean_number_swaps": 3.533333333333333, "drone_utilization": 1.0, "execution_time": 1379.3118414878845}