{"completion_time": 2788.4785876705664, "mean_delivery_time": 2059.5811634906618, "total_distance": 364324.50010285707, "consumed_energy": 29.395931507475826, "execution_time": 127.67689824104309}