{"completion_time": 7014.690800518949, "mean_schedule_time": 6540.634659089886, "mean_flight_time": 6280.634659089886, "mean_swap_time": 260.0, "mean_idle_time": 0.0, "mean_delivery_time": 4245.420807475381, "mean_schedule_distance": 43964.442613629166, "mean_schedule_energy": 3.7102527377017336, "mean_number_swaps": 4.333333333333333, "drone_utilization": 1.0, "total_number_parcel_handover": 3, "mean_number_parcel_handover": 0.12, "execution_time": 305.09224033355713}