{"completion_time": 6933.096073905476, "mean_schedule_time": 1712.909127737718, "mean_flight_time": 1657.9091277377183, "mean_swap_time": 55.0, "mean_idle_time": -2.2737367544323206e-13, "mean_delivery_time": 4110.981906570523, "mean_schedule_distance": 11605.36389416403, "mean_schedule_energy": 0.9781225717557017, "mean_number_swaps": 0.9166666666666666, "drone_utilization": 0.4166666666666667, "total_number_parcel_handover": 0, "mean_number_parcel_handover": 0.0, "execution_time": 1.9379754066467285}