{"completion_time": 3662.979424004502, "mean_schedule_time": 711.767823221291, "mean_flight_time": 577.3654031418135, "mean_swap_time": 7.2, "mean_idle_time": 127.2024200794774, "mean_delivery_time": 2636.5787121654967, "mean_schedule_distance": 4041.5578219926947, "mean_schedule_energy": 0.3152085805966782, "mean_number_swaps": 0.12, "drone_utilization": 0.32, "execution_time": 30.205121994018555}