{"completion_time": 4744.982728582742, "mean_schedule_time": 3243.64258455141, "mean_flight_time": 2836.4375098616024, "mean_swap_time": 93.6, "mean_idle_time": 313.6050746898077, "mean_delivery_time": 3295.413394841009, "mean_schedule_distance": 19855.062569031223, "mean_schedule_energy": 1.6996086860772397, "mean_number_swaps": 1.56, "drone_utilization": 0.96, "execution_time": 184.88942527770996}