{"completion_time": 1038.8724132458333, "execution_time": 1.5090692043304443}