{"completion_time": 3253.7234079032987, "mean_schedule_time": 1026.2393730652873, "mean_flight_time": 972.3255487604773, "mean_swap_time": 16.0, "mean_idle_time": 37.913824304809964, "mean_delivery_time": 2535.0010875671496, "mean_schedule_distance": 6806.27884132334, "mean_schedule_energy": 0.5052575351908479, "mean_number_swaps": 0.26666666666666666, "drone_utilization": 0.4666666666666667, "execution_time": 10.339676141738892}