{"completion_time": 4013.5163846622927, "mean_delivery_time": 1544.1110798497766, "total_distance": 286904.8038459813, "consumed_energy": 26.548353695858484, "execution_time": 31.638479709625244}