{"completion_time": 7527.567910396114, "mean_schedule_time": 4411.249877041707, "mean_flight_time": 3920.843677481639, "mean_swap_time": 147.0, "mean_idle_time": 343.40619956006776, "mean_delivery_time": 4132.659148931015, "mean_schedule_distance": 27445.905742371473, "mean_schedule_energy": 2.4759145436929666, "mean_number_swaps": 2.45, "drone_utilization": 1.0, "execution_time": 1446.291692018509}