{"completion_time": 4019.517073661902, "mean_schedule_time": 881.626313851492, "mean_flight_time": 857.626313851492, "mean_swap_time": 24.0, "mean_idle_time": 0.0, "mean_delivery_time": 3306.098676943095, "mean_schedule_distance": 6003.384196960445, "mean_schedule_energy": 0.45705095812839686, "mean_number_swaps": 0.4, "drone_utilization": 0.26666666666666666, "execution_time": 1.534790277481079}