{"completion_time": 2292.285759408184, "execution_time": 0.6483702659606934}