{"completion_time": 9544.21275802128, "mean_schedule_time": 4999.016700856626, "mean_flight_time": 4822.016700856628, "mean_swap_time": 177.0, "mean_idle_time": -1.8189894035458565e-12, "mean_delivery_time": 4050.4263586031384, "mean_schedule_distance": 33754.116905996394, "mean_schedule_energy": 2.8204087525882304, "mean_number_swaps": 2.95, "drone_utilization": 1.0, "execution_time": 89.232013463974}