{"completion_time": 9247.139163688596, "mean_schedule_time": 8304.304203551139, "mean_flight_time": 7774.8491032917955, "mean_swap_time": 288.0, "mean_idle_time": 241.45510025934345, "mean_delivery_time": 6841.486943465028, "mean_schedule_distance": 54423.94372304257, "mean_schedule_energy": 4.171761570046298, "mean_number_swaps": 4.8, "drone_utilization": 1.0, "execution_time": 19.685807466506958}