{"completion_time": 2079.8216919835404, "execution_time": 0.0038678646087646484}