{"completion_time": 4063.783955198057, "mean_delivery_time": 1590.1115928041643, "total_distance": 249498.74759109959, "consumed_energy": 22.714324216180724, "execution_time": 14.971431255340576}