{"completion_time": 7055.589022694151, "mean_schedule_time": 5923.042960686902, "mean_flight_time": 5699.042960686904, "mean_swap_time": 224.0, "mean_idle_time": -1.8189894035458565e-12, "mean_delivery_time": 4450.747635650202, "mean_schedule_distance": 39893.30072480833, "mean_schedule_energy": 3.386998176160948, "mean_number_swaps": 3.7333333333333334, "drone_utilization": 1.0, "execution_time": 318.4939959049225}