{"completion_time": 2306.6729512348475, "mean_delivery_time": 1504.7368253167886, "total_distance": 318007.6015356651, "consumed_energy": 26.744762498838675, "execution_time": 103.54085445404053}