{"completion_time": 2001.1044196017733, "mean_delivery_time": 1405.5612774069818, "total_distance": 103583.30533154444, "consumed_energy": 8.07100736638616, "execution_time": 5.478107690811157}