{"completion_time": 22248.44158955323, "mean_schedule_time": 18198.02702053148, "mean_flight_time": 17394.02702053148, "mean_swap_time": 804.0, "mean_idle_time": 0.0, "mean_delivery_time": 9322.046330978423, "mean_schedule_distance": 121758.18914372036, "mean_schedule_energy": 10.390871223376909, "mean_number_swaps": 13.4, "drone_utilization": 1.0, "execution_time": 18.195046186447144}