{"completion_time": 1159.1681260299722, "execution_time": 0.026130199432373047}