{"completion_time": 9756.315863040825, "mean_schedule_time": 4163.441939135246, "mean_flight_time": 4025.4419391352467, "mean_swap_time": 138.0, "mean_idle_time": -9.094947017729282e-13, "mean_delivery_time": 4412.034629536365, "mean_schedule_distance": 28178.093573946717, "mean_schedule_energy": 2.3113963302120912, "mean_number_swaps": 2.3, "drone_utilization": 0.9, "execution_time": 5.349977016448975}