{"completion_time": 9221.095326657296, "mean_schedule_time": 5648.660613551243, "mean_flight_time": 5440.66061355124, "mean_swap_time": 208.0, "mean_idle_time": 2.7284841053187847e-12, "mean_delivery_time": 4718.308323936456, "mean_schedule_distance": 38084.62429485867, "mean_schedule_energy": 3.1284517035831416, "mean_number_swaps": 3.466666666666667, "drone_utilization": 1.0, "execution_time": 25.051610946655273}