{"completion_time": 9048.262764986728, "mean_schedule_time": 6428.868659817992, "mean_flight_time": 4473.484054640414, "mean_swap_time": 172.0, "mean_idle_time": 1783.3846051775781, "mean_delivery_time": 6115.957585379076, "mean_schedule_distance": 31314.388382482903, "mean_schedule_energy": 2.729925125446895, "mean_number_swaps": 2.8666666666666667, "drone_utilization": 1.0, "execution_time": 324.5700089931488}