{"completion_time": 6030.635061767727, "mean_schedule_time": 2282.500838506234, "mean_flight_time": 2200.6826566880527, "mean_swap_time": 81.81818181818181, "mean_idle_time": -9.094947017729282e-13, "mean_delivery_time": 3399.853321372378, "mean_schedule_distance": 15404.778596816373, "mean_schedule_energy": 1.3848097544807354, "mean_number_swaps": 1.3636363636363635, "drone_utilization": 0.6363636363636364, "total_number_parcel_handover": 0, "mean_number_parcel_handover": 0.0, "execution_time": 19.523380041122437}