{"completion_time": 6073.0599593427605, "mean_schedule_time": 5179.065276584198, "mean_flight_time": 4823.208256912892, "mean_swap_time": 176.0, "mean_idle_time": 179.85701967130626, "mean_delivery_time": 4615.8706323279275, "mean_schedule_distance": 33762.457798390235, "mean_schedule_energy": 2.7260573334567213, "mean_number_swaps": 2.933333333333333, "drone_utilization": 1.0, "execution_time": 948.8963768482208}