{"completion_time": 9125.64420662852, "mean_schedule_time": 6625.265046297482, "mean_flight_time": 5519.47083770091, "mean_swap_time": 206.66666666666666, "mean_idle_time": 899.1275419299045, "mean_delivery_time": 6086.4879356345755, "mean_schedule_distance": 38636.29586390638, "mean_schedule_energy": 3.1806869295032167, "mean_number_swaps": 3.4444444444444446, "drone_utilization": 1.0, "execution_time": 5839.120282173157}