{"completion_time": 4613.345902469695, "mean_schedule_time": 2173.220693109974, "mean_flight_time": 1921.3278148534396, "mean_swap_time": 63.75, "mean_idle_time": 188.14287825653446, "mean_delivery_time": 3244.7672667966785, "mean_schedule_distance": 13449.294703974074, "mean_schedule_energy": 1.2198066479117027, "mean_number_swaps": 1.0625, "drone_utilization": 0.6875, "total_number_parcel_handover": 2, "mean_number_parcel_handover": 0.2, "execution_time": 119.12124991416931}