{"completion_time": 7263.52210420937, "mean_delivery_time": 3709.9932858297207, "total_distance": 845202.3166250484, "consumed_energy": 70.08644971391948, "execution_time": 1759.3363518714905}