{"completion_time": 5977.589306410375, "mean_schedule_time": 1322.488323542325, "mean_flight_time": 927.2629020085491, "mean_swap_time": 35.0, "mean_idle_time": 360.22542153377583, "mean_delivery_time": 4286.140605564952, "mean_schedule_distance": 6490.840314059843, "mean_schedule_energy": 0.5841105219897037, "mean_number_swaps": 0.5833333333333334, "drone_utilization": 0.3333333333333333, "execution_time": 435.3041112422943}