{"completion_time": 4966.841437599105, "mean_schedule_time": 4115.134977125119, "mean_flight_time": 3977.134977125119, "mean_swap_time": 138.0, "mean_idle_time": 0.0, "mean_delivery_time": 3659.145020838409, "mean_schedule_distance": 27839.944839875825, "mean_schedule_energy": 2.385477857860204, "mean_number_swaps": 2.3, "drone_utilization": 1.0, "execution_time": 100.57342886924744}