{"completion_time": 9853.908225770374, "mean_schedule_time": 6256.138346951126, "mean_flight_time": 6028.138346951127, "mean_swap_time": 228.0, "mean_idle_time": -9.094947017729282e-13, "mean_delivery_time": 4018.2692737205025, "mean_schedule_distance": 42196.96842865788, "mean_schedule_energy": 3.2964959238371008, "mean_number_swaps": 3.8, "drone_utilization": 1.0, "execution_time": 2.8563711643218994}