{"completion_time": 3453.3457190699055, "mean_delivery_time": 2193.6292921661206, "total_distance": 725900.3234197786, "consumed_energy": 59.65905751449031, "execution_time": 1284.9498872756958}