{"completion_time": 3942.2088392035466, "mean_schedule_time": 2521.249020607378, "mean_flight_time": 2380.3388059765675, "mean_swap_time": 69.0, "mean_idle_time": 71.91021463081051, "mean_delivery_time": 3180.318256415846, "mean_schedule_distance": 16662.371641835973, "mean_schedule_energy": 1.3889708183959715, "mean_number_swaps": 1.15, "drone_utilization": 0.8, "total_number_parcel_handover": 1, "mean_number_parcel_handover": 0.06666666666666667, "execution_time": 628.3861854076385}