{"completion_time": 5285.948983069744, "mean_schedule_time": 3939.3511220493874, "mean_flight_time": 3673.813417808367, "mean_swap_time": 116.66666666666667, "mean_idle_time": 148.87103757435398, "mean_delivery_time": 3880.4542592614525, "mean_schedule_distance": 25716.69392465856, "mean_schedule_energy": 2.0412740223810037, "mean_number_swaps": 1.9444444444444444, "drone_utilization": 0.8888888888888888, "execution_time": 777.1194477081299}