{"completion_time": 4486.566732042604, "mean_schedule_time": 2493.7524138003937, "mean_flight_time": 2161.064344222281, "mean_swap_time": 74.4, "mean_idle_time": 258.28806957811275, "mean_delivery_time": 3158.2526349358213, "mean_schedule_distance": 15127.450409555964, "mean_schedule_energy": 1.397799501798272, "mean_number_swaps": 1.24, "drone_utilization": 0.76, "execution_time": 728.3848819732666}