{"completion_time": 1823.3617766292912, "mean_delivery_time": 1311.4402699738375, "total_distance": 70080.65511853491, "consumed_energy": 5.288212088118216, "execution_time": 0.005639314651489258}