{"completion_time": 21718.032704686393, "mean_schedule_time": 21551.523840460897, "mean_flight_time": 20454.547716286714, "mean_swap_time": 984.0, "mean_idle_time": 112.9761241741835, "mean_delivery_time": 10538.778711906667, "mean_schedule_distance": 143181.83401400686, "mean_schedule_energy": 12.38216823467462, "mean_number_swaps": 16.4, "drone_utilization": 1.0, "execution_time": 639.5232393741608}