{"completion_time": 7326.693867246942, "mean_schedule_time": 5816.883660987728, "mean_flight_time": 5211.539891780926, "mean_swap_time": 200.0, "mean_idle_time": 405.3437692068019, "mean_delivery_time": 5105.938542241929, "mean_schedule_distance": 36480.77924246648, "mean_schedule_energy": 3.0282442346799154, "mean_number_swaps": 3.3333333333333335, "drone_utilization": 1.0, "total_number_parcel_handover": 6, "mean_number_parcel_handover": 0.4, "execution_time": 1807.1141266822815}