{"completion_time": 10837.201918173845, "mean_schedule_time": 4843.438277365024, "mean_flight_time": 4678.438277365024, "mean_swap_time": 165.0, "mean_idle_time": 0.0, "mean_delivery_time": 4231.701127727462, "mean_schedule_distance": 32749.067941555157, "mean_schedule_energy": 2.597064708349236, "mean_number_swaps": 2.75, "drone_utilization": 1.0, "total_number_parcel_handover": 0, "mean_number_parcel_handover": 0.0, "execution_time": 10.685765027999878}