{"completion_time": 8169.949821627686, "mean_schedule_time": 4480.635116169832, "mean_flight_time": 4324.635116169834, "mean_swap_time": 156.0, "mean_idle_time": -1.8189894035458565e-12, "mean_delivery_time": 4509.259597839919, "mean_schedule_distance": 30272.445813188835, "mean_schedule_energy": 2.569692029782758, "mean_number_swaps": 2.6, "drone_utilization": 0.9333333333333333, "execution_time": 15.855820178985596}