{"completion_time": 3942.2088392035466, "mean_schedule_time": 1141.1648599936104, "mean_flight_time": 993.7797065998622, "mean_swap_time": 27.857142857142858, "mean_idle_time": 119.5280105366054, "mean_delivery_time": 2923.2409513911216, "mean_schedule_distance": 6956.457946199036, "mean_schedule_energy": 0.5633943519902923, "mean_number_swaps": 0.4642857142857143, "drone_utilization": 0.39285714285714285, "execution_time": 43.723830223083496}