{"completion_time": 2001.1044196017733, "mean_delivery_time": 1494.6204756955608, "total_distance": 206224.0093919374, "consumed_energy": 16.46163306963005, "execution_time": 46.53340244293213}