{"completion_time": 2306.6729512348475, "mean_delivery_time": 1558.4916845640955, "total_distance": 327551.17667225905, "consumed_energy": 28.01931510143133, "execution_time": 74.31433057785034}