{"completion_time": 806.2460227552516, "execution_time": 0.0007660388946533203}