{"completion_time": 3300.268056112104, "mean_delivery_time": 2484.609459803511, "total_distance": 343475.57675336045, "consumed_energy": 28.56433870929758, "execution_time": 339.5677433013916}