{"completion_time": 2836.477029221378, "mean_delivery_time": 1889.212999545983, "total_distance": 477633.2858398494, "consumed_energy": 39.729053044034984, "execution_time": 280.38506293296814}