{"completion_time": 6360.536112224208, "mean_schedule_time": 3503.7600490700447, "mean_flight_time": 3340.7265001145147, "mean_swap_time": 100.0, "mean_idle_time": 63.03354895553002, "mean_delivery_time": 4068.606861622348, "mean_schedule_distance": 23385.085500801604, "mean_schedule_energy": 1.8219827705849694, "mean_number_swaps": 1.6666666666666667, "drone_utilization": 0.8333333333333334, "execution_time": 8.0593421459198}