{"completion_time": 8000.52683208412, "mean_schedule_time": 7137.770784334314, "mean_flight_time": 6643.937395252485, "mean_swap_time": 287.14285714285717, "mean_idle_time": 206.69053193897253, "mean_delivery_time": 4986.435081310057, "mean_schedule_distance": 46507.56176676741, "mean_schedule_energy": 3.9996348610112107, "mean_number_swaps": 4.785714285714286, "drone_utilization": 1.0, "total_number_parcel_handover": 9, "mean_number_parcel_handover": 0.36, "execution_time": 395.29901361465454}