{"completion_time": 17610.908456327128, "mean_schedule_time": 13077.526524187746, "mean_flight_time": 12537.526524187746, "mean_swap_time": 540.0, "mean_idle_time": 0.0, "mean_delivery_time": 7096.278498828102, "mean_schedule_distance": 87762.68566931423, "mean_schedule_energy": 6.858315333648444, "mean_number_swaps": 9.0, "drone_utilization": 1.0, "execution_time": 5.919962406158447}