{"completion_time": 3999.72802380329, "mean_delivery_time": 2711.8844574055456, "total_distance": 266241.68940101966, "consumed_energy": 20.791979882845222, "execution_time": 62.42190504074097}