{"completion_time": 3993.5471045405693, "mean_schedule_time": 1218.624842169317, "mean_flight_time": 1182.6248421693167, "mean_swap_time": 36.0, "mean_idle_time": 2.2737367544323206e-13, "mean_delivery_time": 3046.5621054232925, "mean_schedule_distance": 8278.373895185217, "mean_schedule_energy": 0.6451222969872052, "mean_number_swaps": 0.6, "drone_utilization": 0.4, "execution_time": 0.864567756652832}