{"completion_time": 6340.959666121276, "mean_schedule_time": 2292.769654755624, "mean_flight_time": 2230.0423820283518, "mean_swap_time": 62.72727272727273, "mean_idle_time": -4.547473508864641e-13, "mean_delivery_time": 3362.7288269749147, "mean_schedule_distance": 15610.296674198464, "mean_schedule_energy": 1.3277592848821433, "mean_number_swaps": 1.0454545454545454, "drone_utilization": 0.6818181818181818, "execution_time": 18.098163604736328}