{"completion_time": 8350.969725504643, "mean_delivery_time": 3937.571497694568, "total_distance": 1374872.7766877874, "consumed_energy": 108.58691010722681, "execution_time": 3050.147866487503}