{"completion_time": 18653.594217396792, "mean_schedule_time": 18484.80310325959, "mean_flight_time": 17674.80310325959, "mean_swap_time": 810.0, "mean_idle_time": 0.0, "mean_delivery_time": 9095.174146317018, "mean_schedule_distance": 123723.62172281712, "mean_schedule_energy": 10.652562212426874, "mean_number_swaps": 13.5, "drone_utilization": 1.0, "total_number_parcel_handover": 3, "mean_number_parcel_handover": 0.15, "execution_time": 699.3164539337158}