{"completion_time": 2742.6468146914267, "mean_delivery_time": 2243.5085166219533, "total_distance": 506052.7147996633, "consumed_energy": 40.15373880060071, "execution_time": 652.0952939987183}