{"completion_time": 5228.490562113875, "mean_schedule_time": 1460.27529473943, "mean_flight_time": 1417.0752947394296, "mean_swap_time": 43.2, "mean_idle_time": 2.2737367544323206e-13, "mean_delivery_time": 2607.634454891839, "mean_schedule_distance": 9919.527063176009, "mean_schedule_energy": 0.8343762100171551, "mean_number_swaps": 0.72, "drone_utilization": 0.56, "execution_time": 19.810729026794434}