{"completion_time": 3201.7453695134163, "mean_delivery_time": 1625.5462646644194, "total_distance": 319524.715579528, "consumed_energy": 28.665634539682376, "execution_time": 20.609734058380127}