{"completion_time": 21219.05382037449, "mean_schedule_time": 20821.670025318137, "mean_flight_time": 19846.90857050078, "mean_swap_time": 910.0, "mean_idle_time": 64.76145481735875, "mean_delivery_time": 10262.492187797401, "mean_schedule_distance": 138928.35999350552, "mean_schedule_energy": 11.569700031648095, "mean_number_swaps": 15.166666666666666, "drone_utilization": 1.0, "total_number_parcel_handover": 6, "mean_number_parcel_handover": 0.24, "execution_time": 845.6625528335571}