{"completion_time": 11682.01154320218, "mean_schedule_time": 11093.806600578988, "mean_flight_time": 10624.090146909946, "mean_swap_time": 442.5, "mean_idle_time": 27.216453669041584, "mean_delivery_time": 6659.47304646794, "mean_schedule_distance": 74368.63102836961, "mean_schedule_energy": 5.773914347745802, "mean_number_swaps": 7.375, "drone_utilization": 1.0, "execution_time": 1404.076239824295}