{"completion_time": 9813.601802974546, "mean_schedule_time": 9362.844122574661, "mean_flight_time": 8763.14567214227, "mean_swap_time": 365.0, "mean_idle_time": 234.69845043239184, "mean_delivery_time": 6422.405455867239, "mean_schedule_distance": 61342.01970499586, "mean_schedule_energy": 4.9090042107234, "mean_number_swaps": 6.083333333333333, "drone_utilization": 1.0, "total_number_parcel_handover": 17, "mean_number_parcel_handover": 0.68, "execution_time": 4132.624082326889}