{"completion_time": 4249.03629480203, "mean_delivery_time": 2859.8956721373875, "total_distance": 770599.9504224682, "consumed_energy": 62.851887941346874, "execution_time": 836.3034808635712}