{"completion_time": 8078.07258960406, "mean_schedule_time": 7750.412438513331, "mean_flight_time": 7339.047146880649, "mean_swap_time": 292.0, "mean_idle_time": 119.36529163268187, "mean_delivery_time": 5539.562190796893, "mean_schedule_distance": 51373.33002816454, "mean_schedule_energy": 4.190125862756458, "mean_number_swaps": 4.866666666666666, "drone_utilization": 1.0, "execution_time": 1485.193799495697}