{"completion_time": 7294.611381265884, "mean_schedule_time": 5432.329543258999, "mean_flight_time": 5233.626349582508, "mean_swap_time": 190.0, "mean_idle_time": 8.703193676491537, "mean_delivery_time": 5757.1867267208345, "mean_schedule_distance": 36635.384447077544, "mean_schedule_energy": 2.8005504871238887, "mean_number_swaps": 3.1666666666666665, "drone_utilization": 1.0, "execution_time": 12.145488262176514}