{"completion_time": 6085.636668847435, "mean_schedule_time": 2726.6534283091796, "mean_flight_time": 2197.3914385036196, "mean_swap_time": 56.0, "mean_idle_time": 473.26198980556, "mean_delivery_time": 4648.081368129083, "mean_schedule_distance": 15381.740069525336, "mean_schedule_energy": 1.1712387297711615, "mean_number_swaps": 0.9333333333333333, "drone_utilization": 0.6666666666666666, "execution_time": 213.331636428833}