{"completion_time": 2306.6729512348475, "mean_delivery_time": 1398.329226928424, "total_distance": 127800.8161725657, "consumed_energy": 9.804221615037022, "execution_time": 13.361076593399048}