{"completion_time": 8200.735765479407, "mean_schedule_time": 3258.879337811033, "mean_flight_time": 3148.8793378110336, "mean_swap_time": 110.0, "mean_idle_time": -4.547473508864641e-13, "mean_delivery_time": 3296.6949192725583, "mean_schedule_distance": 22042.155364677237, "mean_schedule_energy": 1.8650658992414815, "mean_number_swaps": 1.8333333333333333, "drone_utilization": 0.9583333333333334, "total_number_parcel_handover": 0, "mean_number_parcel_handover": 0.0, "execution_time": 34.45949339866638}