{"completion_time": 5960.659909107581, "execution_time": 0.09681844711303711}