{"completion_time": 7913.566898351504, "mean_schedule_time": 6910.926103573196, "mean_flight_time": 6670.926103573196, "mean_swap_time": 240.0, "mean_idle_time": 0.0, "mean_delivery_time": 4901.66186549781, "mean_schedule_distance": 46696.48272501238, "mean_schedule_energy": 3.6939127168849404, "mean_number_swaps": 4.0, "drone_utilization": 1.0, "execution_time": 171.54375195503235}