{"completion_time": 9235.253160686454, "mean_schedule_time": 8536.301205598511, "mean_flight_time": 7229.761283399587, "mean_swap_time": 260.0, "mean_idle_time": 1046.5399221989237, "mean_delivery_time": 6447.8764770433945, "mean_schedule_distance": 50608.3289837971, "mean_schedule_energy": 4.039622409628328, "mean_number_swaps": 4.333333333333333, "drone_utilization": 1.0, "total_number_parcel_handover": 4, "mean_number_parcel_handover": 0.4, "execution_time": 29.01779532432556}