{"completion_time": 1903.569609658172, "mean_delivery_time": 1285.2978270291362, "total_distance": 67776.67831363162, "consumed_energy": 6.43394849583306, "execution_time": 1.910628080368042}