{"completion_time": 18167.844032397334, "mean_schedule_time": 17952.70263058383, "mean_flight_time": 17007.26394999274, "mean_swap_time": 756.0, "mean_idle_time": 189.43868059109082, "mean_delivery_time": 9846.235797244464, "mean_schedule_distance": 119050.84764994917, "mean_schedule_energy": 9.560297318838124, "mean_number_swaps": 12.6, "drone_utilization": 1.0, "execution_time": 1418.7847096920013}