{"completion_time": 4444.3958982969025, "mean_schedule_time": 1449.204349272436, "mean_flight_time": 1409.2043492724358, "mean_swap_time": 40.0, "mean_idle_time": 2.2737367544323206e-13, "mean_delivery_time": 3478.0904382538465, "mean_schedule_distance": 9864.43044490705, "mean_schedule_energy": 0.783359288636403, "mean_number_swaps": 0.6666666666666666, "drone_utilization": 0.4166666666666667, "total_number_parcel_handover": 0, "mean_number_parcel_handover": 0.0, "execution_time": 1.6184751987457275}