{"completion_time": 4847.791338929941, "mean_schedule_time": 1582.7146806096944, "mean_flight_time": 1329.6269049749194, "mean_swap_time": 46.15384615384615, "mean_idle_time": 206.93392948092878, "mean_delivery_time": 3824.515512906711, "mean_schedule_distance": 9307.38833482444, "mean_schedule_energy": 0.8520973212366836, "mean_number_swaps": 0.7692307692307693, "drone_utilization": 0.4230769230769231, "execution_time": 284.78747391700745}