{"completion_time": 20368.85685077225, "mean_schedule_time": 15898.267827499896, "mean_flight_time": 15178.267827499903, "mean_swap_time": 720.0, "mean_idle_time": -7.275957614183426e-12, "mean_delivery_time": 7985.109160749753, "mean_schedule_distance": 106247.87479249923, "mean_schedule_energy": 9.262411708245638, "mean_number_swaps": 12.0, "drone_utilization": 1.0, "execution_time": 18.432941436767578}