{"completion_time": 10681.766169220038, "mean_schedule_time": 9932.934765898306, "mean_flight_time": 9336.61507541492, "mean_swap_time": 408.0, "mean_idle_time": 188.31969048338578, "mean_delivery_time": 6100.414086664812, "mean_schedule_distance": 65356.30552790446, "mean_schedule_energy": 5.360990278141377, "mean_number_swaps": 6.8, "drone_utilization": 1.0, "execution_time": 390.0746340751648}