{"completion_time": 5460.883084610019, "mean_delivery_time": 3173.7207191980647, "total_distance": 655417.4016572087, "consumed_energy": 53.72116356410362, "execution_time": 480.4848418235779}