{"completion_time": 4910.100923257197, "mean_schedule_time": 1718.826506092056, "mean_flight_time": 1499.7098196442164, "mean_swap_time": 44.0, "mean_idle_time": 175.11668644783958, "mean_delivery_time": 2980.2221596995532, "mean_schedule_distance": 10497.968737509509, "mean_schedule_energy": 0.9410136397538907, "mean_number_swaps": 0.7333333333333333, "drone_utilization": 0.5666666666666667, "execution_time": 397.19594526290894}