{"completion_time": 10840.23439623223, "mean_schedule_time": 10122.297324377962, "mean_flight_time": 9561.428345489561, "mean_swap_time": 385.0, "mean_idle_time": 175.8689788884003, "mean_delivery_time": 6655.985390969266, "mean_schedule_distance": 66929.99841842691, "mean_schedule_energy": 5.4110885165037175, "mean_number_swaps": 6.416666666666667, "drone_utilization": 1.0, "execution_time": 2176.1474232673645}