{"completion_time": 7601.275160912158, "mean_schedule_time": 2887.1922322028445, "mean_flight_time": 2800.525565536178, "mean_swap_time": 86.66666666666667, "mean_idle_time": 0.0, "mean_delivery_time": 3572.3411751022736, "mean_schedule_distance": 19603.678958753237, "mean_schedule_energy": 1.6139326496555013, "mean_number_swaps": 1.4444444444444444, "drone_utilization": 0.7777777777777778, "total_number_parcel_handover": 0, "mean_number_parcel_handover": 0.0, "execution_time": 16.907307147979736}