{"completion_time": 1240.7698782571865, "execution_time": 25.149193048477173}