{"completion_time": 4063.783955198057, "mean_delivery_time": 1693.0627821605945, "total_distance": 220228.78950248324, "consumed_energy": 20.496841858525105, "execution_time": 11.35863733291626}