{"completion_time": 7767.567910396114, "mean_schedule_time": 1306.4502257284755, "mean_flight_time": 1258.4502257284757, "mean_swap_time": 48.0, "mean_idle_time": -2.2737367544323206e-13, "mean_delivery_time": 3266.125564321189, "mean_schedule_distance": 8809.15158009933, "mean_schedule_energy": 0.8198736743410042, "mean_number_swaps": 0.8, "drone_utilization": 0.4, "execution_time": 11.942699909210205}