{"completion_time": 4487.15606869213, "mean_delivery_time": 1893.545626316463, "total_distance": 576928.6047393051, "consumed_energy": 47.62548916433968, "execution_time": 64.78720307350159}