{"completion_time": 9678.506298633465, "mean_schedule_time": 3391.934628876337, "mean_flight_time": 3279.434628876337, "mean_swap_time": 112.5, "mean_idle_time": 0.0, "mean_delivery_time": 3512.29128749337, "mean_schedule_distance": 22956.042402134353, "mean_schedule_energy": 1.9727016944298634, "mean_number_swaps": 1.875, "drone_utilization": 0.9166666666666666, "execution_time": 61.44984316825867}