{"completion_time": 4842.865206365545, "mean_schedule_time": 1618.8439000955138, "mean_flight_time": 1233.832828213414, "mean_swap_time": 30.0, "mean_idle_time": 355.01107188209994, "mean_delivery_time": 3217.4861432191065, "mean_schedule_distance": 8636.8297974939, "mean_schedule_energy": 0.6746245626299677, "mean_number_swaps": 0.5, "drone_utilization": 0.5, "execution_time": 22.310396671295166}