{"completion_time": 3883.783955198057, "mean_delivery_time": 2262.752023116197, "total_distance": 565701.7385539666, "consumed_energy": 50.56788984616155, "execution_time": 2040.0894610881805}