{"completion_time": 6647.8583668822175, "mean_schedule_time": 6085.288041350457, "mean_flight_time": 5475.07514868393, "mean_swap_time": 210.0, "mean_idle_time": 400.2128926665273, "mean_delivery_time": 5456.942211463981, "mean_schedule_distance": 38325.52604078751, "mean_schedule_energy": 3.1742782939871845, "mean_number_swaps": 3.5, "drone_utilization": 1.0, "execution_time": 514.7597341537476}