{"completion_time": 14035.268103573118, "mean_schedule_time": 13621.887000493582, "mean_flight_time": 12979.340559570579, "mean_swap_time": 555.0, "mean_idle_time": 87.54644092300259, "mean_delivery_time": 7701.2223634451, "mean_schedule_distance": 90855.38391699408, "mean_schedule_energy": 7.3656196956139635, "mean_number_swaps": 9.25, "drone_utilization": 1.0, "total_number_parcel_handover": 5, "mean_number_parcel_handover": 0.2, "execution_time": 467.12891006469727}