{"completion_time": 11444.935385193587, "mean_schedule_time": 7263.512016984957, "mean_flight_time": 6400.013550367417, "mean_swap_time": 252.85714285714286, "mean_idle_time": 610.6413237603965, "mean_delivery_time": 5882.295857895149, "mean_schedule_distance": 44800.09485257188, "mean_schedule_energy": 3.7164050492210152, "mean_number_swaps": 4.214285714285714, "drone_utilization": 1.0, "execution_time": 2393.53605055809}