{"completion_time": 10300.949488772983, "mean_schedule_time": 6913.160385393438, "mean_flight_time": 6651.7318139648705, "mean_swap_time": 261.42857142857144, "mean_idle_time": -3.637978807091713e-12, "mean_delivery_time": 5020.66889510772, "mean_schedule_distance": 46562.12269775407, "mean_schedule_energy": 3.7986917053982485, "mean_number_swaps": 4.357142857142857, "drone_utilization": 1.0, "execution_time": 31.435261964797974}