{"completion_time": 1805.2842161565627, "execution_time": 0.22388625144958496}