{"completion_time": 12421.215323150878, "mean_schedule_time": 8452.01812829717, "mean_flight_time": 8122.01812829717, "mean_swap_time": 330.0, "mean_idle_time": 0.0, "mean_delivery_time": 5769.622045497179, "mean_schedule_distance": 56854.12689808017, "mean_schedule_energy": 4.659982476046023, "mean_number_swaps": 5.5, "drone_utilization": 1.0, "execution_time": 15.524885892868042}