{"completion_time": 20366.303269920114, "mean_schedule_time": 19712.69470262187, "mean_flight_time": 18790.784366237825, "mean_swap_time": 876.0, "mean_idle_time": 45.91033638404406, "mean_delivery_time": 9422.35447761501, "mean_schedule_distance": 131535.4905636648, "mean_schedule_energy": 10.935909866102843, "mean_number_swaps": 14.6, "drone_utilization": 1.0, "execution_time": 1647.7144589424133}