{"completion_time": 8579.382100508992, "mean_schedule_time": 6640.2565163751315, "mean_flight_time": 6370.2565163751315, "mean_swap_time": 270.0, "mean_idle_time": 0.0, "mean_delivery_time": 5868.060863140476, "mean_schedule_distance": 44591.795614625924, "mean_schedule_energy": 3.6770265045992705, "mean_number_swaps": 4.5, "drone_utilization": 1.0, "total_number_parcel_handover": 0, "mean_number_parcel_handover": 0.0, "execution_time": 26.679226636886597}