{"completion_time": 4469.691050254496, "mean_delivery_time": 3054.030431570238, "total_distance": 178367.1824585037, "consumed_energy": 14.708106018397082, "execution_time": 24.68723201751709}