{"completion_time": 3537.9033809197304, "mean_schedule_time": 1056.6582062658563, "mean_flight_time": 897.5122873391131, "mean_swap_time": 16.666666666666668, "mean_idle_time": 142.47925226007658, "mean_delivery_time": 2937.960353751649, "mean_schedule_distance": 6282.586011373791, "mean_schedule_energy": 0.5110938385315189, "mean_number_swaps": 0.2777777777777778, "drone_utilization": 0.3888888888888889, "execution_time": 23.693394660949707}