{"completion_time": 4288.348884994253, "execution_time": 423.2780730724335}