{"completion_time": 1884.0233986875228, "execution_time": 0.31571531295776367}