{"completion_time": 5977.752225660893, "mean_schedule_time": 3586.1398226094093, "mean_flight_time": 3354.9749744515398, "mean_swap_time": 115.38461538461539, "mean_idle_time": 115.78023277325428, "mean_delivery_time": 3834.4916474457295, "mean_schedule_distance": 23484.82482116078, "mean_schedule_energy": 1.9667292548725581, "mean_number_swaps": 1.9230769230769231, "drone_utilization": 0.9230769230769231, "execution_time": 283.6964900493622}