{"completion_time": 1276.7011578212237, "execution_time": 0.0005502700805664062}