{"completion_time": 4100.919531004599, "mean_schedule_time": 711.784911680151, "mean_flight_time": 690.7849116801509, "mean_swap_time": 21.0, "mean_idle_time": 1.1368683772161603e-13, "mean_delivery_time": 2847.139646720604, "mean_schedule_distance": 4835.4943817610565, "mean_schedule_energy": 0.4238373659366073, "mean_number_swaps": 0.35, "drone_utilization": 0.25, "total_number_parcel_handover": 0, "mean_number_parcel_handover": 0.0, "execution_time": 3.361212968826294}