{"completion_time": 4357.6457307103665, "mean_schedule_time": 2149.161230499072, "mean_flight_time": 1980.5086354053915, "mean_swap_time": 60.0, "mean_idle_time": 108.6525950936807, "mean_delivery_time": 2997.7023841503133, "mean_schedule_distance": 13863.560447837734, "mean_schedule_energy": 1.1764168996120317, "mean_number_swaps": 1.0, "drone_utilization": 0.7, "execution_time": 857.7487087249756}