{"completion_time": 8239.615387632659, "mean_schedule_time": 7943.550839946534, "mean_flight_time": 7452.109543514462, "mean_swap_time": 324.0, "mean_idle_time": 167.4412964320727, "mean_delivery_time": 5114.088665424655, "mean_schedule_distance": 52164.76680460125, "mean_schedule_energy": 4.5258141120041255, "mean_number_swaps": 5.4, "drone_utilization": 1.0, "execution_time": 1237.9957678318024}