{"completion_time": 4214.572922600078, "mean_schedule_time": 1701.6695299654207, "mean_flight_time": 1557.4760066649676, "mean_swap_time": 32.0, "mean_idle_time": 112.19352330045308, "mean_delivery_time": 3408.506472463141, "mean_schedule_distance": 10902.332046654772, "mean_schedule_energy": 0.810074894022222, "mean_number_swaps": 0.5333333333333333, "drone_utilization": 0.5333333333333333, "execution_time": 7.9971277713775635}