{"completion_time": 4486.566732042604, "mean_schedule_time": 1832.0310877616046, "mean_flight_time": 1593.1962491385368, "mean_swap_time": 52.8, "mean_idle_time": 186.0348386230678, "mean_delivery_time": 3288.2141074207157, "mean_schedule_distance": 11152.373743969762, "mean_schedule_energy": 1.0325468717372892, "mean_number_swaps": 0.88, "drone_utilization": 0.56, "execution_time": 760.2721021175385}