{"completion_time": 7054.118143084217, "mean_schedule_time": 5939.408057983748, "mean_flight_time": 4442.6757339242895, "mean_swap_time": 153.0, "mean_idle_time": 1343.7323240594587, "mean_delivery_time": 5614.687640326489, "mean_schedule_distance": 31098.73013747005, "mean_schedule_energy": 2.655259040512907, "mean_number_swaps": 2.55, "drone_utilization": 1.0, "total_number_parcel_handover": 23, "mean_number_parcel_handover": 1.15, "execution_time": 3415.341936349869}