{"completion_time": 2081.1337401892383, "mean_delivery_time": 1318.4073218580236, "total_distance": 86918.97830584104, "consumed_energy": 7.250061930539498, "execution_time": 0.008118391036987305}