{"completion_time": 984.0512879258845, "mean_delivery_time": 935.7534356900003, "total_distance": 30994.27296251448, "consumed_energy": 2.7222042210614665, "execution_time": 7246.55491399765}