{"1": [{"x": 4, "y": 1, "a": 0, "tau": 379.4903778033893}, {"x": 1, "y": 2, "a": 2, "tau": 984.0512879258845}], "2": [], "3": [{"x": 5, "y": 1, "a": 2, "tau": 566.1983256169129}], "4": [{"x": 1, "y": 1, "a": -1, "tau": 60.0}], "5": [{"x": 7, "y": 2, "a": 0, "tau": 380.732158350842}, {"x": 2, "y": 3, "a": 1, "tau": 887.4555834541161}], "6": []}