{"completion_time": 4712.327236909406, "mean_delivery_time": 3085.9842260377177, "total_distance": 457010.25632865, "consumed_energy": 38.825800811083084, "execution_time": 1289.414656162262}