{"completion_time": 9067.43774272379, "mean_schedule_time": 8330.392510391364, "mean_flight_time": 7915.836359418409, "mean_swap_time": 322.5, "mean_idle_time": 92.05615097295595, "mean_delivery_time": 5858.940272434676, "mean_schedule_distance": 55410.85451592889, "mean_schedule_energy": 4.750299449876243, "mean_number_swaps": 5.375, "drone_utilization": 1.0, "total_number_parcel_handover": 9, "mean_number_parcel_handover": 0.6, "execution_time": 2417.8011407852173}