{"completion_time": 7905.56317551478, "mean_schedule_time": 7115.057438472248, "mean_flight_time": 6660.91411299947, "mean_swap_time": 252.0, "mean_idle_time": 202.1433254727781, "mean_delivery_time": 6687.831725715449, "mean_schedule_distance": 46626.398790996274, "mean_schedule_energy": 3.753080695450849, "mean_number_swaps": 4.2, "drone_utilization": 1.0, "execution_time": 10.988067626953125}