{"completion_time": 9450.698545210349, "mean_schedule_time": 8676.484153695541, "mean_flight_time": 8303.31167722248, "mean_swap_time": 315.0, "mean_idle_time": 58.17247647306067, "mean_delivery_time": 6042.319731057726, "mean_schedule_distance": 58123.18174055739, "mean_schedule_energy": 4.54542688109179, "mean_number_swaps": 5.25, "drone_utilization": 1.0, "execution_time": 231.93966555595398}