{"completion_time": 8806.519198210097, "mean_schedule_time": 4953.249012331997, "mean_flight_time": 3815.9525092592135, "mean_swap_time": 138.0, "mean_idle_time": 999.2965030727833, "mean_delivery_time": 5511.683293653639, "mean_schedule_distance": 26711.667564814496, "mean_schedule_energy": 2.317090994832534, "mean_number_swaps": 2.3, "drone_utilization": 0.9, "execution_time": 296.01494693756104}