{"completion_time": 5300.353427838384, "mean_schedule_time": 4269.820774893143, "mean_flight_time": 4085.0359210860124, "mean_swap_time": 154.28571428571428, "mean_idle_time": 30.4991395214156, "mean_delivery_time": 3565.720042934218, "mean_schedule_distance": 28595.25144760208, "mean_schedule_energy": 2.40716454911106, "mean_number_swaps": 2.5714285714285716, "drone_utilization": 1.0, "execution_time": 253.63443636894226}