{"completion_time": 41436.11956047945, "mean_schedule_time": 40969.825855529976, "mean_flight_time": 39139.82585552998, "mean_swap_time": 1830.0, "mean_idle_time": -7.275957614183426e-12, "mean_delivery_time": 16229.06709315316, "mean_schedule_distance": 273978.7809887098, "mean_schedule_energy": 23.0234732857619, "mean_number_swaps": 30.5, "drone_utilization": 1.0, "execution_time": 295.38766288757324}