{"completion_time": 2472.058763340063, "mean_delivery_time": 1411.8520477733987, "total_distance": 187579.28668827587, "consumed_energy": 14.911973716830474, "execution_time": 0.44619059562683105}