{"completion_time": 8398.907350675629, "mean_delivery_time": 3815.264049803838, "total_distance": 324296.83738111303, "consumed_energy": 27.471363347878857, "execution_time": 2.128267765045166}