{"completion_time": 7679.513833161006, "mean_schedule_time": 4577.530264759078, "mean_flight_time": 3318.463915058188, "mean_swap_time": 108.0, "mean_idle_time": 1151.06634970089, "mean_delivery_time": 4699.491021762827, "mean_schedule_distance": 23229.247405407314, "mean_schedule_energy": 1.890041028486153, "mean_number_swaps": 1.8, "drone_utilization": 0.9333333333333333, "execution_time": 363.97731161117554}