{"completion_time": 2397.9228920362325, "mean_delivery_time": 1713.3584852900556, "total_distance": 134682.1127643647, "consumed_energy": 11.932526359451753, "execution_time": 2.0809781551361084}