{"completion_time": 4615.845784072465, "mean_schedule_time": 1990.0301823480665, "mean_flight_time": 1924.030182348067, "mean_swap_time": 66.0, "mean_idle_time": -4.547473508864641e-13, "mean_delivery_time": 3316.716970580111, "mean_schedule_distance": 13468.211276436468, "mean_schedule_energy": 1.1932526359451754, "mean_number_swaps": 1.1, "drone_utilization": 0.6, "execution_time": 2.1037986278533936}