{"completion_time": 9274.212672687643, "mean_schedule_time": 4732.489573831174, "mean_flight_time": 3346.0411397700177, "mean_swap_time": 117.85714285714286, "mean_idle_time": 1268.591291204014, "mean_delivery_time": 5822.579243983642, "mean_schedule_distance": 23422.287978390104, "mean_schedule_energy": 1.9578006950676412, "mean_number_swaps": 1.9642857142857142, "drone_utilization": 0.7857142857142857, "execution_time": 1833.584771156311}