{"completion_time": 9984.293549952275, "mean_schedule_time": 9358.47767241111, "mean_flight_time": 8833.170445637887, "mean_swap_time": 378.0, "mean_idle_time": 147.3072267732241, "mean_delivery_time": 5961.242003563547, "mean_schedule_distance": 61832.1931194652, "mean_schedule_energy": 4.9776413752753035, "mean_number_swaps": 6.3, "drone_utilization": 1.0, "execution_time": 5891.693882703781}