{"completion_time": 5621.25665858146, "mean_schedule_time": 1279.9414071679414, "mean_flight_time": 910.9548455301286, "mean_swap_time": 22.5, "mean_idle_time": 346.48656163781277, "mean_delivery_time": 3607.007944422415, "mean_schedule_distance": 6376.6839187109, "mean_schedule_energy": 0.5285113253899527, "mean_number_swaps": 0.375, "drone_utilization": 0.375, "total_number_parcel_handover": 4, "mean_number_parcel_handover": 0.8, "execution_time": 63.474061727523804}