{"completion_time": 7236.904533847204, "mean_schedule_time": 6433.0497004891895, "mean_flight_time": 6015.777142711902, "mean_swap_time": 228.0, "mean_idle_time": 189.27255777728715, "mean_delivery_time": 4570.492298503158, "mean_schedule_distance": 42110.439998983325, "mean_schedule_energy": 3.3869372176812376, "mean_number_swaps": 3.8, "drone_utilization": 1.0, "execution_time": 1101.6420335769653}