{"completion_time": 5400.658026386143, "mean_schedule_time": 1702.7480250115798, "mean_flight_time": 1401.0875055424615, "mean_swap_time": 38.57142857142857, "mean_idle_time": 263.08909089768963, "mean_delivery_time": 2687.963493178837, "mean_schedule_distance": 9807.61253879723, "mean_schedule_energy": 0.86355127214793, "mean_number_swaps": 0.6428571428571429, "drone_utilization": 0.6071428571428571, "total_number_parcel_handover": 3, "mean_number_parcel_handover": 0.2, "execution_time": 60.2340350151062}